ECO_ID,SpeciesNumber,SizeCategory,BiomeType,GF_H,GF_W,LC_A,LC_P,PH_D,PH_E,RS_F,RS_T,PT_M,PT_U,LS_C,LS_S,LM_E,LM_L,LV_P,LV_R,SS_B,SS_U,IF_D,IF_I,OP_E,OP_H,FS_A,FS_Z,PF_C,PF_S,FT_D,FT_F,FD_D,FD_I,PC1,PC2,PC3,PC4,PC5,PC6,PC7,PC8,PC9,PC10,PC11,PC12,PC13,PC14,PC15
10101,140,"[31, 565]",Trop/Subtrop Forests,-0.835169265,0.835169265,-4.16065658,4.16065658,-1.89887433,1.89887433,0.801367601,-0.801367601,-0.975258428,0.975258428,-1.418767365,1.418767365,1.373625156,-1.373625156,-0.835169265,0.835169265,0.483051149,-0.483051149,-0.904174476,0.904174476,-1.08641492,1.08641492,1.124842858,-1.124842858,0.975258428,-0.975258428,0.187221972,-0.187221972,-0.362926038,0.362926038,3.571505835,-3.117058295,1.989622756,-0.88497633,0.78442523,1.27003802,0.356422415,0.380216609,-0.730535301,-0.364932172,0.225884558,0.378292788,0.307034687,-0.497522914,0.206877948
10103,48,"[31, 565]",Trop/Subtrop Forests,-1.067874352,1.067874352,-3.783733682,3.783733682,-2.119994033,2.119994033,0.756024939,-0.756024939,-1.91515547,1.91515547,-0.756024939,0.756024939,1.579466698,-1.579466698,-0.299496577,0.299496577,-0.213144566,0.213144566,-0.959183701,0.959183701,-1.067874352,1.067874352,1.067874352,-1.067874352,1.436389027,-1.436389027,0.475935742,-0.475935742,0.299496577,-0.299496577,2.40090312,-3.706633645,3.439311912,-3.08832246,-0.510481237,2.750973567,3.774569743,0.140631167,-1.402053894,0.265945478,1.411168953,-0.680443005,0.362793475,-0.493047528,0.170265274
10105,3073,"(1770, 12201]",Trop/Subtrop Forests,-0.429279641,0.429279641,-3.358177633,3.358177633,-1.33559312,1.33559312,0.58319981,-0.58319981,-0.980451418,0.980451418,-2.123085373,2.123085373,1.273552921,-1.273552921,-0.852841593,0.852841593,0.833039867,-0.833039867,-0.487795254,0.487795254,-0.391634928,0.391634928,0.742571552,-0.742571552,0.656464218,-0.656464218,0.577165044,-0.577165044,-0.081273554,0.081273554,2.849725677,-2.142992399,-1.04521003,-0.564029173,-0.303201417,0.290302934,0.444993032,0.522548737,0.087054578,0.661877392,0.1864043,-0.497269464,-0.074992145,0.12182873,0.007524405
10106,655,"(565, 1770]",Trop/Subtrop Forests,-1.562153975,1.562153975,-4.077623485,4.077623485,-1.878137714,1.878137714,0.084653682,-0.084653682,-0.846143227,0.846143227,-1.640693603,1.640693603,1.497905396,-1.497905396,-1.675663628,1.675663628,0.455814776,-0.455814776,-0.141239601,0.141239601,-0.976392385,0.976392385,1.406171196,-1.406171196,0.57632743,-0.57632743,-0.040740491,0.040740491,-0.383789999,0.383789999,5.288219662,-0.528727683,2.240615736,0.713682707,-0.523866742,0.275277691,-0.068285171,-0.686641123,-0.05815105,0.274359201,-0.0075258,-0.592093357,0.252545215,-0.164300937,0.098584451
10107,564,"[31, 565]",Trop/Subtrop Forests,-0.911533346,0.911533346,-3.152462786,3.152462786,-1.265517209,1.265517209,0.152662828,-0.152662828,-0.892979505,0.892979505,-1.60921852,1.60921852,1.157776863,-1.157776863,-1.392084843,1.392084843,0.612706071,-0.612706071,-0.513825333,0.513825333,-0.68025025,0.68025025,0.97767149,-0.97767149,0.802264996,-0.802264996,0.385626343,-0.385626343,-0.361963361,0.361963361,3.233219944,-0.984381485,1.126058628,0.339368909,0.501201873,0.814755612,0.198797464,0.137574166,-0.284492701,0.791749034,-0.3169976,-0.714463418,-0.221924224,0.03956493,0.161921403
10109,229,"[31, 565]",Trop/Subtrop Forests,0.044363007,-0.044363007,-1.98526708,1.98526708,-0.711667773,0.711667773,-0.133264073,0.133264073,-0.813935207,0.813935207,-1.865483343,1.865483343,0.612854626,-0.612854626,-1.125705342,1.125705342,0.731822797,-0.731822797,-0.516862574,0.516862574,-0.813935207,0.813935207,1.328123384,-1.328123384,0.204748676,-0.204748676,0.855972869,-0.855972869,-0.276758653,0.276758653,1.874338019,-0.097120023,0.499762195,2.291714345,-0.434920079,-0.599337131,0.399962651,-0.116670901,-0.847238128,0.044719379,-0.075170487,-0.183557237,0.759871606,-0.411491625,0.101674204
10110,131,"[31, 565]",Trop/Subtrop Forests,-1.325633454,1.325633454,-4.731705284,4.731705284,-2.362222934,2.362222934,0.391757929,-0.391757929,-0.588951799,0.588951799,-1.750446898,1.750446898,1.421607957,-1.421607957,-1.471773731,1.471773731,0.359706351,-0.359706351,0.077403273,-0.077403273,-0.691650548,0.691650548,1.523568094,-1.523568094,0.327836549,-0.327836549,0.327836549,-0.327836549,0.077403273,-0.077403273,6.149774527,-0.573661826,1.055262572,0.452161491,-2.397757303,0.215576501,0.403252555,0.325490455,-0.441996289,-0.663518367,0.52230183,-0.604244826,0.389649242,-0.382130075,0.223680796
10111,639,"(565, 1770]",Trop/Subtrop Forests,-1.313710597,1.313710597,-3.960108061,3.960108061,-1.631857409,1.631857409,0.187268701,-0.187268701,-0.845397622,0.845397622,-1.562877188,1.562877188,1.352708892,-1.352708892,-1.486138907,1.486138907,0.44503663,-0.44503663,-0.404633507,0.404633507,-1.095952713,1.095952713,1.15689897,-1.15689897,0.689238192,-0.689238192,0.318154849,-0.318154849,-0.351259324,0.351259324,4.262784481,-0.917664313,2.075829342,0.127758706,-0.006612075,0.641220929,0.185538113,-0.205731073,0.018443419,0.033406628,-0.466540706,-0.396341842,0.240282324,-0.182710883,0.232053989
10112,182,"[31, 565]",Trop/Subtrop Forests,-0.953301567,0.953301567,-4.932267412,4.932267412,-1.604655121,1.604655121,0.556021124,-0.556021124,-0.477044995,0.477044995,-1.793125717,1.793125717,1.561074473,-1.561074473,-0.892751349,0.892751349,0.833699453,-0.833699453,-0.049294127,0.049294127,-0.348473091,0.348473091,0.863048164,-0.863048164,0.42520804,-0.42520804,0.348473091,-0.348473091,-0.049294127,0.049294127,4.862832372,-1.237977268,-0.92193569,-0.646376895,-0.836792578,0.496106572,-0.495856327,1.261105857,0.498732981,-0.389864178,0.642182102,-1.167629276,0.736858172,0.20777555,0.134524461
10113,2815,"(1770, 12201]",Trop/Subtrop Forests,-1.048008179,1.048008179,-3.657179507,3.657179507,-2.028492467,2.028492467,0.314644672,-0.314644672,-0.732906526,0.732906526,-2.201562061,2.201562061,2.044004763,-2.044004763,-1.249557952,1.249557952,0.941499574,-0.941499574,0.028516332,-0.028516332,-0.612507125,0.612507125,1.177790318,-1.177790318,0.416196016,-0.416196016,0.300048063,-0.300048063,-0.141222106,0.141222106,5.087265684,-0.936697967,-0.330943992,-0.381729814,-1.050701757,-1.06960797,-0.564022455,-0.620346381,-0.168043125,0.321754063,0.415964955,-0.99627756,0.243935799,0.007746075,-0.160567437
10115,1976,"(1770, 12201]",Trop/Subtrop Forests,-0.984968469,0.984968469,-2.993806528,2.993806528,-1.32090918,1.32090918,0.236717423,-0.236717423,-0.974507494,0.974507494,-1.610252729,1.610252729,1.417221181,-1.417221181,-1.397510332,1.397510332,0.496776401,-0.496776401,-0.428908537,0.428908537,-1.065092058,1.065092058,1.076011065,-1.076011065,0.649919436,-0.649919436,0.353427981,-0.353427981,-0.327786963,0.327786963,3.520087588,-0.873316595,1.662426273,0.104848425,0.35073239,0.094978373,0.686367494,-0.362491406,-0.138854858,0.168425211,-0.262760839,-0.400626094,0.026011165,0.046032591,0.029709542
10116,295,"[31, 565]",Trop/Subtrop Forests,-1.021392733,1.021392733,-3.625366048,3.625366048,-1.785949842,1.785949842,0.243569465,-0.243569465,-1.13428926,1.13428926,-1.213325324,1.213325324,1.404932894,-1.404932894,-0.949360734,0.949360734,0.449386248,-0.449386248,-0.434421555,0.434421555,-0.914195864,0.914195864,0.761960825,-0.761960825,0.649195727,-0.649195727,0.419504601,-0.419504601,-0.014257441,0.014257441,3.202027971,-0.806941806,1.051381802,-1.32031261,0.045958271,1.252127879,1.503114035,0.165830089,0.194243103,-0.040141925,0.409602963,-0.944513454,0.522403037,-0.536427399,0.141598041
10117,3618,"(1770, 12201]",Trop/Subtrop Forests,-0.347314153,0.347314153,-2.417601387,2.417601387,-1.035456736,1.035456736,0.302891389,-0.302891389,-1.050229617,1.050229617,-1.66582138,1.66582138,1.33909897,-1.33909897,-1.038402974,1.038402974,1.105832059,-1.105832059,-0.592924779,0.592924779,-0.924971091,0.924971091,0.770380188,-0.770380188,0.648005246,-0.648005246,0.733773352,-0.733773352,-0.082026894,0.082026894,1.732669307,-0.679386073,-0.011213514,-1.028944634,0.397646183,-0.079602196,0.210969483,-0.036743464,-0.318319202,0.409286813,0.251581194,-0.079552137,0.017226864,0.042995182,-0.038899628
10118,95,"[31, 565]",Trop/Subtrop Forests,-0.774130756,0.774130756,-4.423859107,4.423859107,-1.798610375,1.798610375,0.486690818,-0.486690818,-1.095952713,1.095952713,-1.890631897,1.890631897,1.798610375,-1.798610375,-1.215080991,1.215080991,0.440921966,-0.440921966,-0.774130756,0.774130756,-0.57980399,0.57980399,0.350682014,-0.350682014,0.929418957,-0.929418957,1.095952713,-1.095952713,0.395603202,-0.395603202,3.03592168,-1.927397653,-0.67894693,-2.995388331,-1.077620145,2.013151036,1.532589858,0.397325661,0.105272666,0.263984206,-1.312484161,-0.905414332,-0.471680389,0.216565734,-0.364981881
10119,720,"(565, 1770]",Trop/Subtrop Forests,-0.412826918,0.412826918,-3.612943861,3.612943861,-1.851050548,1.851050548,0.787940454,-0.787940454,-1.13178625,1.13178625,-2.205536899,2.205536899,1.393093179,-1.393093179,-0.537550586,0.537550586,0.768415098,-0.768415098,-0.501536997,0.501536997,-0.331458675,0.331458675,0.495566172,-0.495566172,0.928967893,-0.928967893,0.704303959,-0.704303959,0.166012396,-0.166012396,2.710143681,-3.023129904,-1.461625331,-2.104315607,-0.700336092,0.593192939,1.071106302,0.983206947,0.207976044,1.047601384,0.240971914,-0.729936803,-0.307423022,-0.210382452,0.085357818
10120,3428,"(1770, 12201]",Trop/Subtrop Forests,-0.714211857,0.714211857,-3.104720756,3.104720756,-1.387141289,1.387141289,0.403104252,-0.403104252,-0.915694147,0.915694147,-1.808525173,1.808525173,1.347438603,-1.347438603,-1.114781231,1.114781231,0.739279261,-0.739279261,-0.400556526,0.400556526,-0.689357951,0.689357951,0.981066248,-0.981066248,0.656533779,-0.656533779,0.44790687,-0.44790687,-0.198907845,0.198907845,3.303911104,-1.339826968,0.330558847,-0.172809632,-0.027283868,0.074213519,0.348629135,0.180480954,-0.248021829,0.428969598,0.215076363,-0.497697526,-0.025104892,0.046220529,0.083760194
10121,375,"[31, 565]",Trop/Subtrop Forests,-1.17481866,1.17481866,-3.185848386,3.185848386,-1.511652556,1.511652556,0.306477533,-0.306477533,-0.957128908,0.957128908,-1.530439029,1.530439029,1.511652556,-1.511652556,-1.253109558,1.253109558,0.621977616,-0.621977616,-0.746033168,0.746033168,-1.26917933,1.26917933,1.285395348,-1.285395348,0.875839262,-0.875839262,0.386239517,-0.386239517,-0.32915739,0.32915739,3.344080027,-1.524351245,2.390158986,-0.403557205,0.445221935,0.32883709,0.130755726,-0.522395827,-1.098835145,0.144579597,-0.282094799,0.204197078,0.321849772,-0.105478127,0.21783595
10122,433,"[31, 565]",Trop/Subtrop Forests,-1.258796492,1.258796492,-3.485849666,3.485849666,-1.545697616,1.545697616,0.235627056,-0.235627056,-0.939439809,0.939439809,-1.449566412,1.449566412,1.315260167,-1.315260167,-1.480964942,1.480964942,0.303872022,-0.303872022,-0.483051149,0.483051149,-1.073767511,1.073767511,1.373625156,-1.373625156,0.767995235,-0.767995235,0.303872022,-0.303872022,-0.27454725,0.27454725,4.111092907,-1.065330241,2.625503863,0.374796823,-0.236915027,0.657854059,0.729712706,-0.248438116,-0.783012413,0.080129099,-0.161759333,-0.260759958,0.111115018,-0.034997392,0.19710715
10123,820,"(565, 1770]",Trop/Subtrop Forests,-0.918540553,0.918540553,-2.956958853,2.956958853,-1.381008606,1.381008606,0.184231502,-0.184231502,-0.918540553,0.918540553,-1.659089849,1.659089849,1.190772389,-1.190772389,-1.518076172,1.518076172,0.533659994,-0.533659994,-0.387081714,0.387081714,-1.011758337,1.011758337,1.136023435,-1.136023435,0.454534733,-0.454534733,-0.024827245,0.024827245,-0.459763892,0.459763892,3.811014214,-0.552849255,1.467391408,1.006070128,0.545404188,0.01675753,0.482887876,-0.468302469,0.103283529,0.171316647,-0.156923439,-0.11374697,0.101342889,-0.213013374,-0.076376039
10124,913,"(565, 1770]",Trop/Subtrop Forests,-0.547007299,0.547007299,-3.682336855,3.682336855,-1.521144151,1.521144151,0.503786708,-0.503786708,-1.045810033,1.045810033,-2.059128079,2.059128079,1.159683511,-1.159683511,-0.845397622,0.845397622,0.910277928,-0.910277928,-0.630064031,0.630064031,-0.362759324,0.362759324,0.576098161,-0.576098161,0.36739586,-0.36739586,0.216137235,-0.216137235,-0.198002457,0.198002457,2.865144795,-1.866650899,-1.67496083,-0.285843557,0.291084937,0.865697187,0.397622716,0.057923894,0.705698835,0.410690912,0.197872111,-0.184850939,0.371824448,-0.319275262,-0.088097303
10125,210,"[31, 565]",Trop/Subtrop Forests,-1.298002733,1.298002733,-5.116167319,5.116167319,-1.774459444,1.774459444,0.475488811,-0.475488811,-0.782389023,0.782389023,-1.900136308,1.900136308,1.268777828,-1.268777828,-1.129288067,1.129288067,0.412914341,-0.412914341,-0.371643676,0.371643676,-0.691650548,0.691650548,1.240024429,-1.240024429,0.603572547,-0.603572547,0.149232157,-0.149232157,-0.189240109,0.189240109,4.968464062,-2.107613391,0.974744108,0.238842221,-1.138661223,1.014579082,0.081684524,0.369981263,0.104845406,-0.056820714,-0.010374462,-0.296063281,0.738356622,-0.075562639,0.210231863
10126,831,"(565, 1770]",Trop/Subtrop Forests,-0.525598548,0.525598548,-2.861115036,2.861115036,-1.387183909,1.387183909,0.359548147,-0.359548147,-0.865460859,0.865460859,-1.790261618,1.790261618,0.993296459,-0.993296459,-1.142547588,1.142547588,0.778111788,-0.778111788,-0.431463972,0.431463972,-0.699066947,0.699066947,0.889276931,-0.889276931,0.573508465,-0.573508465,0.46261405,-0.46261405,-0.26336431,0.26336431,2.918516275,-1.042136041,0.098774092,0.271986722,0.271660177,0.121751563,0.348206258,0.437057517,0.011592965,0.428439508,0.086665423,-0.283778093,-0.119641027,-0.312489237,0.216006421
10127,509,"[31, 565]",Trop/Subtrop Forests,-1.160271245,1.160271245,-3.810361112,3.810361112,-1.65748355,1.65748355,0.502056612,-0.502056612,-1.183154514,1.183154514,-1.736415655,1.736415655,1.148931719,-1.148931719,-1.115305809,1.115305809,0.502056612,-0.502056612,-0.537400772,0.537400772,-0.934515678,0.934515678,1.104223864,-1.104223864,0.449603488,-0.449603488,0.245037537,-0.245037537,-0.095119653,0.095119653,3.627964176,-1.557651269,0.8412292,-0.100917193,-0.645674061,0.744463739,1.174051115,-0.379455947,0.09774647,-0.112250722,0.375406379,0.388945205,0.494807926,-0.2526551,0.214187887
10128,757,"(565, 1770]",Trop/Subtrop Forests,-1.190933869,1.190933869,-4.417539866,4.417539866,-1.824547389,1.824547389,0.299853038,-0.299853038,-1.183311991,1.183311991,-1.37575886,1.37575886,1.418704761,-1.418704761,-1.086883578,1.086883578,0.401222086,-0.401222086,-0.469917994,0.469917994,-1.001794856,1.001794856,1.101413942,-1.101413942,0.783146177,-0.783146177,0.260868517,-0.260868517,-0.112068345,0.112068345,3.841193431,-1.547329646,1.995305309,-0.873407088,-0.53555648,1.372647352,0.877469943,-0.186627232,0.003553368,0.089271725,0.397002666,-0.521189856,0.566735782,-0.351092778,0.086153858
10201,325,"[31, 565]",Trop/Subtrop Forests,-0.433034097,0.433034097,-2.424376008,2.424376008,-0.933725972,0.933725972,-0.105149827,0.105149827,-1.158652229,1.158652229,-1.514951425,1.514951425,0.800224173,-0.800224173,-1.692192017,1.692192017,0.485124134,-0.485124134,-0.167237659,0.167237659,-1.318282951,1.318282951,0.785817846,-0.785817846,0.771488696,-0.771488696,0.485124134,-0.485124134,0.006179611,-0.006179611,2.16146575,0.712182531,1.99863995,-0.335340871,-0.478085297,0.074546569,1.521010038,0.366700316,0.75078359,0.974977836,-0.611271056,-0.396845441,-0.549615361,-0.154485458,-0.23086341
10202,929,"(565, 1770]",Trop/Subtrop Forests,-1.044826352,1.044826352,-3.010562657,3.010562657,-1.556111648,1.556111648,0.068366914,-0.068366914,-0.768621831,0.768621831,-1.795565579,1.795565579,1.785949842,-1.785949842,-1.531733803,1.531733803,0.954932023,-0.954932023,0.134526547,-0.134526547,-1.113286295,1.113286295,1.230752935,-1.230752935,0.448023799,-0.448023799,0.418396931,-0.418396931,-0.282290653,0.282290653,4.383242623,0.327280184,1.210103958,-0.026728699,-0.442248602,-1.411404015,-0.596429219,-0.692555701,0.113599312,0.198752162,0.3561146,-0.807452735,0.11262183,0.042948046,0.019287536
10204,341,"[31, 565]",Trop/Subtrop Forests,0.217428193,-0.217428193,-1.53955565,1.53955565,-0.495741145,0.495741145,0.029269069,-0.029269069,-1.147274637,1.147274637,-1.386210221,1.386210221,0.64808299,-0.64808299,-1.179545992,1.179545992,0.86356768,-0.86356768,-0.446266404,0.446266404,-1.499813942,1.499813942,0.596571583,-0.596571583,0.635129464,-0.635129464,1.212378677,-1.212378677,-0.09958996,0.09958996,0.222482105,0.520517487,1.248859605,-0.562841335,0.616969493,-0.476338119,1.175756065,0.518193073,0.617305906,0.203280274,-0.296597815,-0.032942863,-0.22092718,-0.36930134,0.155912665
10401,216,"[31, 565]",Temp Forests,1.458209507,-1.458209507,-1.996482464,1.996482464,-0.339176351,0.339176351,0.318874034,-0.318874034,-1.558099763,1.558099763,-2.51076125,2.51076125,0.654837009,-0.654837009,-0.48350307,0.48350307,0.907295376,-0.907295376,-0.812697086,0.812697086,-0.379994028,0.379994028,1.426260931,-1.426260931,0.48350307,-0.48350307,1.996482464,-1.996482464,-0.098892794,0.098892794,-0.297912207,-3.057943833,-0.565712024,1.852476439,-1.853284172,-0.70885269,0.598324096,-0.755747796,-1.245167456,0.488713672,0.878801474,-0.15504243,0.053883818,0.036762234,-0.206203613
10402,7169,"(1770, 12201]",Temp Forests,0.047062423,-0.047062423,-2.084171293,2.084171293,-0.684256702,0.684256702,0.171789797,-0.171789797,-1.246299082,1.246299082,-1.864566271,1.864566271,1.057641728,-1.057641728,-0.82996581,0.82996581,1.428841014,-1.428841014,-0.854813431,0.854813431,-0.797207288,0.797207288,0.486905082,-0.486905082,0.513479794,-0.513479794,1.62600012,-1.62600012,0.251692711,-0.251692711,-0.226347536,-0.364085451,-1.596113669,-1.652315162,-0.332642802,0.217166166,0.397412174,-0.172975652,-0.311770572,0.48648483,0.01345985,0.184789927,0.138671101,0.029376014,0.150024081
10403,601,"(565, 1770]",Temp Forests,1.049125658,-1.049125658,-3.32564839,3.32564839,-0.871370733,0.871370733,1.049125658,-1.049125658,-1.354763868,1.354763868,-2.802841185,2.802841185,1.020087705,-1.020087705,-0.282732646,0.282732646,0.774224986,-0.774224986,-1.010496251,1.010496251,-0.298030134,0.298030134,1.254370631,-1.254370631,0.328731122,-0.328731122,2.397221388,-2.397221388,-0.00374486,0.00374486,0.928511849,-4.730631069,-1.859588667,0.848760036,-2.103163537,-0.330463401,0.697393377,-0.42431343,-0.937660002,-0.956182457,0.47881532,0.421598881,0.040053915,0.232627834,0.174765577
10404,1240,"(565, 1770]",Temp Forests,1.170520378,-1.170520378,-2.420086832,2.420086832,-0.564013409,0.564013409,0.65729506,-0.65729506,-1.29215018,1.29215018,-2.654700919,2.654700919,0.983418482,-0.983418482,-0.31455527,0.31455527,1.056218434,-1.056218434,-0.912956447,0.912956447,-0.525861635,0.525861635,1.098314505,-1.098314505,0.380321499,-0.380321499,2.136658132,-2.136658132,0.014181467,-0.014181467,0.071131776,-3.363172262,-1.719462268,0.501439922,-1.509782736,-0.915294572,0.404847885,-0.332487248,-0.891216371,-0.291776718,0.354131367,0.263533338,0.286359792,0.095614904,-0.026892893
10405,2684,"(1770, 12201]",Temp Forests,0.54305635,-0.54305635,-1.978549343,1.978549343,-0.262659654,0.262659654,0.176114937,-0.176114937,-1.226511826,1.226511826,-2.008009695,2.008009695,0.622508115,-0.622508115,-0.719750586,0.719750586,1.106329331,-1.106329331,-0.898484241,0.898484241,-0.660348383,0.660348383,0.917459715,-0.917459715,0.455413975,-0.455413975,1.741942624,-1.741942624,-0.06686941,0.06686941,-0.303227398,-1.333142707,-0.78598113,0.624334366,-0.421863999,-0.001867383,0.399503838,-0.108842956,-0.672223961,0.289228355,0.12836878,0.106555091,0.291873933,0.064833709,0.232690404
10406,2360,"(1770, 12201]",Temp Forests,0.52993699,-0.52993699,-1.729475235,1.729475235,-0.272012492,0.272012492,0.140671832,-0.140671832,-1.139676308,1.139676308,-1.873825715,1.873825715,0.586817917,-0.586817917,-0.814677873,0.814677873,1.197912538,-1.197912538,-0.820875071,0.820875071,-0.767645213,0.767645213,0.900729292,-0.900729292,0.383832878,-0.383832878,1.588987597,-1.588987597,-0.089590578,0.089590578,-0.238661983,-0.702976966,-0.703724313,0.653632407,-0.131713134,-0.232120687,0.267776103,-0.013804703,-0.605628559,0.171722405,0.246786964,0.243404894,0.273792846,-0.037919888,0.225352928
10407,414,"[31, 565]",Temp Forests,1.003875293,-1.003875293,-3.042822368,3.042822368,-0.715307518,0.715307518,0.7753174,-0.7753174,-1.259671887,1.259671887,-2.72967294,2.72967294,0.951128604,-0.951128604,-0.430893629,0.430893629,0.861653784,-0.861653784,-0.836687919,0.836687919,-0.205031024,0.205031024,1.156156274,-1.156156274,0.497210806,-0.497210806,1.954059757,-1.954059757,-0.078623468,0.078623468,0.96003725,-4.013421006,-1.665754463,0.952464052,-1.669805178,-0.365792446,0.33911683,-0.074099849,-0.763312131,-0.023029036,0.375429715,-0.084238516,-0.099306059,0.284870049,-0.009868752
10408,1378,"(565, 1770]",Temp Forests,0.997695525,-0.997695525,-1.717728433,1.717728433,-0.355386059,0.355386059,0.304666944,-0.304666944,-1.310986112,1.310986112,-2.046835852,2.046835852,0.644604244,-0.644604244,-0.550270613,0.550270613,1.106248934,-1.106248934,-0.85348438,0.85348438,-0.654870947,0.654870947,0.951168887,-0.951168887,0.425885271,-0.425885271,1.965655484,-1.965655484,-0.043196997,0.043196997,-0.597058411,-1.69981754,-0.934711983,0.599617426,-0.584930472,-0.400702349,0.616123483,-0.100994192,-0.741309219,0.045040221,0.519714285,0.033641541,0.129806995,-0.119724499,0.16421934
10409,5504,"(1770, 12201]",Temp Forests,0.436946835,-0.436946835,-1.917499011,1.917499011,-0.520383581,0.520383581,0.241814166,-0.241814166,-1.467918231,1.467918231,-2.158840443,2.158840443,0.965654313,-0.965654313,-0.584129658,0.584129658,1.494280561,-1.494280561,-1.029187287,1.029187287,-0.595690925,0.595690925,0.36280772,-0.36280772,0.5750724,-0.5750724,2.19194371,-2.19194371,0.360458776,-0.360458776,-1.313806658,-1.197125411,-2.464757378,-1.890606853,-0.74603767,0.311983076,0.645073338,-0.300946246,-0.347026373,0.765529207,-0.074804518,0.129813832,-0.048024678,0.108709256,0.215583692
10410,681,"(565, 1770]",Temp Forests,0.883713206,-0.883713206,-2.13259811,2.13259811,-0.482286942,0.482286942,0.422942837,-0.422942837,-1.02421158,1.02421158,-2.32918406,2.32918406,0.624269641,-0.624269641,-0.708138432,0.708138432,1.140254191,-1.140254191,-0.779892494,0.779892494,-0.449221535,0.449221535,1.123259692,-1.123259692,0.383789999,-0.383789999,1.864583934,-1.864583934,0.003133453,-0.003133453,0.358603323,-1.85727096,-1.407330437,1.074141771,-1.258439301,-0.585533923,0.048979111,0.271426006,-1.08813619,0.028818156,0.31732428,0.253326997,0.01033615,0.073789007,0.1768516
10411,1847,"(1770, 12201]",Temp Forests,1.134025627,-1.134025627,-1.539669882,1.539669882,-0.236723396,0.236723396,0.354847679,-0.354847679,-1.559271207,1.559271207,-2.128587463,2.128587463,0.801577261,-0.801577261,-0.32221092,0.32221092,1.383969478,-1.383969478,-1.076438291,1.076438291,-0.746507778,0.746507778,0.523677656,-0.523677656,0.651996973,-0.651996973,2.656849955,-2.656849955,0.163487549,-0.163487549,-2.136500868,-2.049793842,-1.704807551,-1.233687104,-0.466871571,-0.183618013,0.691668636,-0.201659357,-0.479370203,0.363039255,0.189241894,0.040137648,-0.137904146,-0.010813329,0.315348552
10412,1724,"(565, 1770]",Temp Forests,1.008396409,-1.008396409,-1.754657703,1.754657703,-0.505568355,0.505568355,0.416245157,-0.416245157,-1.599595979,1.599595979,-2.235330017,2.235330017,1.005308383,-1.005308383,-0.2248734,0.2248734,1.393157284,-1.393157284,-1.036391616,1.036391616,-0.61812233,0.61812233,0.43396856,-0.43396856,0.65826104,-0.65826104,2.634244873,-2.634244873,0.306189221,-0.306189221,-1.846423907,-2.261914359,-2.277139595,-1.866931583,-0.830504097,-0.111867293,0.890460957,-0.238137865,-0.447376913,0.481657353,0.268095658,-0.1559036,-0.110306194,-0.033579528,0.254616989
10413,1651,"(565, 1770]",Temp Forests,1.002057208,-1.002057208,-1.906805457,1.906805457,-0.477545424,0.477545424,0.521012049,-0.521012049,-1.561734309,1.561734309,-2.2046934,2.2046934,0.979420574,-0.979420574,-0.185702118,0.185702118,1.36512707,-1.36512707,-1.115604454,1.115604454,-0.598280866,0.598280866,0.458669375,-0.458669375,0.623479803,-0.623479803,2.700662543,-2.700662543,0.325945612,-0.325945612,-1.810806382,-2.459321255,-2.361489034,-1.838791828,-0.862732529,0.067300224,0.931874564,-0.114991701,-0.580911967,0.175604978,0.293555548,0.023357484,-0.048985761,0.035185228,0.316050216
10414,562,"[31, 565]",Temp Forests,0.808422825,-0.808422825,-2.988176259,2.988176259,-0.762927386,0.762927386,0.9114603,-0.9114603,-1.208583044,1.208583044,-2.756793541,2.756793541,1.009220633,-1.009220633,-0.307676223,0.307676223,0.9114603,-0.9114603,-0.817616649,0.817616649,-0.364031712,0.364031712,1.132771707,-1.132771707,0.486871261,-0.486871261,1.799658133,-1.799658133,-0.070476497,0.070476497,1.109600175,-4.146415161,-1.683200061,0.59681942,-1.483345249,-0.731994644,0.356835506,0.067631478,-0.682366734,-0.144704634,0.454545854,0.245327221,0.112888941,0.274737405,0.116434461
10701,2656,"(1770, 12201]",Grasslands,0.393742018,-0.393742018,-1.460201746,1.460201746,-0.36342962,0.36342962,0.406557977,-0.406557977,-1.119149601,1.119149601,-1.667180832,1.667180832,1.33196015,-1.33196015,-0.661219962,0.661219962,1.493259623,-1.493259623,-0.633913209,0.633913209,-1.348344664,1.348344664,0.46465581,-0.46465581,0.64753742,-0.64753742,1.488128819,-1.488128819,0.053126472,-0.053126472,-0.367087726,-0.432331433,-0.531599413,-2.198766211,0.778085854,-1.198396507,0.176924658,0.313258628,0.004873334,-0.0109679,0.325812291,0.246932931,0.090794889,0.208295692,0.034740177
10702,3463,"(1770, 12201]",Grasslands,0.168463416,-0.168463416,-1.786294877,1.786294877,-0.432421616,0.432421616,0.239278312,-0.239278312,-1.291002457,1.291002457,-1.825488513,1.825488513,1.093186892,-1.093186892,-0.778871853,0.778871853,1.344475155,-1.344475155,-0.816318071,0.816318071,-1.083732844,1.083732844,0.490018813,-0.490018813,0.59606971,-0.59606971,1.526092597,-1.526092597,0.038606556,-0.038606556,-0.415480671,-0.682165907,-0.788227861,-1.500067965,0.401620226,-0.317410657,0.444281962,-0.201734566,0.033156847,0.402239895,-0.041014491,0.238712692,0.111850158,0.120482569,0.11615734
10703,2598,"(1770, 12201]",Grasslands,-0.025068917,0.025068917,-1.944439134,1.944439134,-0.692237834,0.692237834,0.383789999,-0.383789999,-1.077263971,1.077263971,-1.696455525,1.696455525,1.35493967,-1.35493967,-0.790818407,0.790818407,1.142388971,-1.142388971,-0.578028301,0.578028301,-1.087625227,1.087625227,0.651977232,-0.651977232,0.697528598,-0.697528598,1.046491731,-1.046491731,-0.032904199,0.032904199,0.90939527,-0.860293797,-0.097364209,-1.46564432,0.557185012,-0.65976212,0.472754487,0.277351297,-0.200999693,0.272872198,0.251008185,-0.132383361,0.081654796,0.191584931,0.004579464
10704,1885,"(1770, 12201]",Grasslands,0.546244432,-0.546244432,-1.333774874,1.333774874,-0.123499513,0.123499513,0.452681692,-0.452681692,-1.403420378,1.403420378,-1.755136355,1.755136355,1.346821213,-1.346821213,-0.42343571,0.42343571,1.563523517,-1.563523517,-0.823294502,0.823294502,-1.448046709,1.448046709,0.327887788,-0.327887788,0.775669476,-0.775669476,1.811731608,-1.811731608,-0.022524417,0.022524417,-1.437002412,-1.220925188,-0.517185347,-2.625880755,1.166804834,-1.141583915,0.252955224,-0.086082481,0.287805915,0.195290956,0.282510926,0.31980827,0.098827263,0.28683653,0.133963589
10705,3024,"(1770, 12201]",Grasslands,-0.036740476,0.036740476,-1.963281707,1.963281707,-0.601174289,0.601174289,0.322508873,-0.322508873,-1.118729036,1.118729036,-1.690068305,1.690068305,1.287278591,-1.287278591,-0.839254697,0.839254697,1.285273202,-1.285273202,-0.714688276,0.714688276,-1.131599438,1.131599438,0.611601233,-0.611601233,0.650618882,-0.650618882,1.146413178,-1.146413178,-0.01088495,0.01088495,0.479758851,-0.643800967,-0.289967705,-1.554714844,0.598278869,-0.44395541,0.246172919,0.041152911,-0.218756525,0.248652932,0.13087532,0.188739182,0.160019043,0.185212525,0.026827269
10706,2710,"(1770, 12201]",Grasslands,0.39805328,-0.39805328,-1.462864016,1.462864016,-0.219139099,0.219139099,0.297204402,-0.297204402,-1.29653658,1.29653658,-1.670929495,1.670929495,1.230818965,-1.230818965,-0.679825501,0.679825501,1.51294167,-1.51294167,-0.717148632,0.717148632,-1.445701954,1.445701954,0.341983608,-0.341983608,0.691650548,-0.691650548,1.670929495,-1.670929495,0.106977144,-0.106977144,-1.034133774,-0.322597528,-0.466603449,-2.50411656,0.703180346,-0.922541135,0.373416295,0.085843923,0.313962711,0.204552532,0.093515018,0.329132039,0.081468989,0.204013657,0.057063463
10707,1751,"(565, 1770]",Grasslands,0.513536962,-0.513536962,-1.518255314,1.518255314,-0.129946662,0.129946662,0.31398833,-0.31398833,-1.530304991,1.530304991,-1.858388684,1.858388684,1.189246461,-1.189246461,-0.528676079,0.528676079,1.44019396,-1.44019396,-0.86399056,0.86399056,-1.256383996,1.256383996,0.297084357,-0.297084357,0.665236131,-0.665236131,1.991057276,-1.991057276,0.00943746,-0.00943746,-1.534135344,-1.150014707,-0.861602828,-2.144766825,0.740423033,-0.639324277,0.591958993,-0.424780266,0.513323643,0.31583919,0.047261269,0.131421973,0.048271659,0.240815932,0.154044282
10708,373,"[31, 565]",Grasslands,0.082526475,-0.082526475,-1.499813942,1.499813942,-0.546581592,0.546581592,0.606266815,-0.606266815,-1.121745321,1.121745321,-2.10903697,2.10903697,1.575343367,-1.575343367,-0.546581592,0.546581592,1.121745321,-1.121745321,-0.818073391,0.818073391,-1.077730942,1.077730942,0.594248789,-0.594248789,0.951020908,-0.951020908,1.092295153,-1.092295153,-0.406924753,0.406924753,0.589242706,-2.660476731,-0.13348026,-1.288079836,1.776454118,-1.260667991,0.130952734,-0.025872544,-0.272832645,0.721823996,-0.300406275,-0.152549246,-0.172035853,0.398894219,0.077912495
10709,1323,"(565, 1770]",Grasslands,0.421788617,-0.421788617,-1.412252458,1.412252458,-0.102096629,0.102096629,0.299099081,-0.299099081,-1.441510787,1.441510787,-1.680305094,1.680305094,1.31371795,-1.31371795,-0.541139991,0.541139991,1.486416386,-1.486416386,-0.89774914,0.89774914,-1.451381807,1.451381807,0.255642041,-0.255642041,0.729555819,-0.729555819,1.870739324,-1.870739324,0.041113506,-0.041113506,-1.56164596,-0.811582555,-0.512517487,-2.674248823,1.08312268,-0.689039444,0.523586431,-0.260395104,0.349202376,0.181350516,-0.051755373,0.243824736,0.178023782,0.262692378,0.095595754
10801,2300,"(1770, 12201]",Grasslands,0.93604012,-0.93604012,-1.734321043,1.734321043,-0.097912713,0.097912713,0.11992228,-0.11992228,-1.358777652,1.358777652,-1.922039279,1.922039279,0.501238659,-0.501238659,-0.711594168,0.711594168,1.184995709,-1.184995709,-0.90908572,0.90908572,-0.776501481,0.776501481,1.025943742,-1.025943742,0.497348576,-0.497348576,1.989407133,-1.989407133,-0.096079725,0.096079725,-0.981423339,-1.273137159,-0.292585167,0.823260003,-0.51971076,-0.165378576,0.255425396,-0.287606997,-0.791530987,0.261124084,0.422740765,0.192213639,0.153590244,-0.012994314,0.195933056
10802,1254,"(565, 1770]",Grasslands,0.758720956,-0.758720956,-1.182269255,1.182269255,0.050077552,-0.050077552,0.160558722,-0.160558722,-1.686732871,1.686732871,-2.157466791,2.157466791,0.84857609,-0.84857609,-0.630949045,0.630949045,1.172999013,-1.172999013,-0.904876927,0.904876927,-0.88865665,0.88865665,0.497322568,-0.497322568,0.469030685,-0.469030685,2.104685516,-2.104685516,-0.133711099,0.133711099,-1.642605728,-1.491326365,-1.135913686,-0.244747965,0.334464343,-0.552874829,1.095179632,-0.987054423,0.419762779,0.597863656,-0.085142113,-0.108026763,-0.096352865,0.235893667,0.10939451
10803,3156,"(1770, 12201]",Grasslands,0.674556774,-0.674556774,-1.33238111,1.33238111,-0.127577522,0.127577522,0.123641891,-0.123641891,-1.561130727,1.561130727,-2.096316091,2.096316091,0.87904554,-0.87904554,-0.645471128,0.645471128,1.32252101,-1.32252101,-0.980488649,0.980488649,-0.832219505,0.832219505,0.460759071,-0.460759071,0.548446117,-0.548446117,2.137180506,-2.137180506,0.088260549,-0.088260549,-1.663970724,-1.136477641,-1.477333245,-0.955742955,-0.065877076,-0.22460742,0.868103186,-0.643361102,-0.082098585,0.707333899,-0.17345069,0.01320947,-0.052457604,0.162401893,0.110253257
11001,1390,"(565, 1770]",Grasslands,0.918498372,-0.918498372,-2.074185978,2.074185978,-0.400154577,0.400154577,0.396957767,-0.396957767,-1.362553499,1.362553499,-2.29358318,2.29358318,0.782921602,-0.782921602,-0.435456809,0.435456809,1.36729446,-1.36729446,-1.066500939,1.066500939,-0.503621258,0.503621258,0.448359391,-0.448359391,0.497082185,-0.497082185,2.790289115,-2.790289115,0.220620429,-0.220620429,-1.502133372,-1.978992865,-2.609674788,-1.053942844,-0.843571775,0.146320528,0.502578399,-0.004616021,-0.321022437,0.103748213,-0.195677437,-0.033146227,-0.154970997,0.045577427,0.455121721
11002,1097,"(565, 1770]",Grasslands,0.226562502,-0.226562502,-2.91352404,2.91352404,-0.838761158,0.838761158,0.813396705,-0.813396705,-1.197233587,1.197233587,-2.67639993,2.67639993,0.953598787,-0.953598787,-0.54370252,0.54370252,1.179230711,-1.179230711,-0.728928648,0.728928648,-0.393903914,0.393903914,0.670784481,-0.670784481,0.534468618,-0.534468618,0.927003466,-0.927003466,-0.174474247,0.174474247,1.304789946,-3.230083761,-2.233289414,-0.121317122,-0.236139747,-0.433023237,0.056986553,0.196048766,0.433148258,0.792112312,0.242724534,0.467072148,-0.08031854,0.215413238,0.042630631
11003,1449,"(565, 1770]",Grasslands,1.168956618,-1.168956618,-2.368907207,2.368907207,-0.565088969,0.565088969,0.659543353,-0.659543353,-1.419402132,1.419402132,-2.33978374,2.33978374,0.785375128,-0.785375128,-0.382898632,0.382898632,1.00974435,-1.00974435,-1.053402704,1.053402704,-0.578424151,0.578424151,1.126906674,-1.126906674,0.395672712,-0.395672712,2.292744548,-2.292744548,-0.009226605,0.009226605,-0.34434977,-3.199979727,-1.204596209,0.604688113,-1.265307398,-0.281068493,0.640371755,-0.435316456,-1.035767112,-0.536854007,0.585746332,0.470420146,0.110859486,-0.041284029,0.156294682
11101,170,"[31, 565]",Tundra,2.231469169,-2.231469169,-2.565831556,2.565831556,-0.523428995,0.523428995,0.809128888,-0.809128888,-1.55942296,1.55942296,-3.037041572,3.037041572,1.27436065,-1.27436065,0.102448897,-0.102448897,1.130322766,-1.130322766,-0.932161941,0.932161941,-0.578595438,0.578595438,0.900811459,-0.900811459,0.809128888,-0.809128888,3.600353237,-3.600353237,-0.025591243,0.025591243,-1.41583215,-5.224181665,-1.779011085,-0.651477829,-1.86936315,-1.489988818,-0.01866808,-0.389099692,-0.509178639,-0.216013717,0.027589669,-0.700864365,-0.474850051,0.055975387,0.072261525
11201,1567,"(565, 1770]",Mediterranean Scrub,-0.378986454,0.378986454,-1.693680994,1.693680994,-0.989488406,0.989488406,-0.065949666,0.065949666,-1.18283097,1.18283097,-2.410795075,2.410795075,1.376444252,-1.376444252,-1.194587058,1.194587058,1.677729303,-1.677729303,-0.933404396,0.933404396,-0.461062031,0.461062031,0.373175007,-0.373175007,0.235326925,-0.235326925,2.093753869,-2.093753869,0.627135578,-0.627135578,-0.044325383,0.609434935,-3.650751562,-2.073716111,-1.543013535,-0.007308875,0.386522446,-1.132179515,-0.868614585,0.8385669,-0.892853588,0.218598068,-0.09651915,0.231165979,0.121436023
11202,3518,"(1770, 12201]",Mediterranean Scrub,-0.502770011,0.502770011,-2.420627247,2.420627247,-1.44773728,1.44773728,0.214543246,-0.214543246,-1.378274789,1.378274789,-2.332245299,2.332245299,1.580922085,-1.580922085,-0.997653812,0.997653812,2.006867531,-2.006867531,-1.044194058,1.044194058,-0.524114916,0.524114916,0.223397493,-0.223397493,0.430213532,-0.430213532,2.221217568,-2.221217568,0.961441934,-0.961441934,-0.300158732,0.155235247,-4.107520579,-4.130176751,-2.165702724,0.558613114,0.151261824,-1.050757399,-0.919199738,0.865882727,-0.299414393,0.769851884,-0.205136093,0.115569613,0.183124334
11203,1669,"(565, 1770]",Mediterranean Scrub,0.719032383,-0.719032383,-1.156987861,1.156987861,-0.231725764,0.231725764,0.097872413,-0.097872413,-1.63342494,1.63342494,-2.477114269,2.477114269,0.935336308,-0.935336308,-0.618274356,0.618274356,1.364669204,-1.364669204,-0.938435555,0.938435555,-0.640387595,0.640387595,0.419803981,-0.419803981,0.550078498,-0.550078498,2.21777644,-2.21777644,0.213954006,-0.213954006,-1.705736601,-1.384206452,-2.277804925,-1.05715005,-0.687119717,-0.542570126,1.016497041,-0.840238692,-0.115987509,1.24979387,-0.360199644,-0.106556755,-0.204533289,0.198012889,0.019600744
11204,1706,"(565, 1770]",Mediterranean Scrub,0.465710276,-0.465710276,-2.081647252,2.081647252,-0.905721089,0.905721089,0.511805773,-0.511805773,-1.643365703,1.643365703,-2.182758024,2.182758024,1.298606549,-1.298606549,-0.372262189,0.372262189,1.710779543,-1.710779543,-1.174053126,1.174053126,-0.600083278,0.600083278,0.215509722,-0.215509722,0.722463293,-0.722463293,2.292744548,-2.292744548,0.742863509,-0.742863509,-1.6299606,-1.662094662,-3.18319982,-3.812902158,-1.338387847,0.532774592,0.907108373,-0.300792833,-0.75937646,0.797982064,0.30775113,0.535738235,-0.190809209,0.096301274,0.050980757
11205,2534,"(1770, 12201]",Mediterranean Scrub,0.307534081,-0.307534081,-1.776676935,1.776676935,-0.759408906,0.759408906,0.375221059,-0.375221059,-1.640367707,1.640367707,-2.229989008,2.229989008,1.267223978,-1.267223978,-0.5133583,0.5133583,1.713412799,-1.713412799,-1.194940683,1.194940683,-0.692282481,0.692282481,0.333476658,-0.333476658,0.549512567,-0.549512567,2.173592781,-2.173592781,0.565895674,-0.565895674,-1.545248702,-1.316495953,-2.96058508,-2.965349058,-0.988616586,0.213224065,0.754414912,-0.894982109,-0.73316394,0.720936378,0.157519863,0.727797349,0.006589893,0.119074072,0.077884382
11206,2613,"(1770, 12201]",Mediterranean Scrub,0.749005506,-0.749005506,-1.406849253,1.406849253,-0.206726796,0.206726796,0.163739168,-0.163739168,-1.515282261,1.515282261,-2.183604644,2.183604644,0.856123731,-0.856123731,-0.53911745,0.53911745,1.447299625,-1.447299625,-0.905655774,0.905655774,-0.695202495,0.695202495,0.438617892,-0.438617892,0.573192797,-0.573192797,2.103776109,-2.103776109,0.181232199,-0.181232199,-1.637864473,-1.189416055,-1.973792188,-1.175778985,-0.3840015,-0.323994539,0.672892759,-0.341179117,-0.133841038,0.932725072,0.072989067,-0.045547909,-0.045179961,0.128735752,0.115225425
11207,2534,"(1770, 12201]",Mediterranean Scrub,0.840905054,-0.840905054,-1.241927904,1.241927904,-0.145705322,0.145705322,0.172167814,-0.172167814,-1.664318996,1.664318996,-2.306722528,2.306722528,0.85460326,-0.85460326,-0.521828505,0.521828505,1.324136001,-1.324136001,-1.004468809,1.004468809,-0.647009101,0.647009101,0.446924714,-0.446924714,0.569590721,-0.569590721,2.30174429,-2.30174429,0.12259266,-0.12259266,-1.912129272,-1.658449024,-1.98044973,-0.882248522,-0.358752914,-0.285174445,1.010095031,-0.729315084,-0.129941457,0.971262095,-0.108055035,-0.116365532,-0.182495024,0.173976268,0.115959434
11208,1866,"(1770, 12201]",Mediterranean Scrub,1.052973916,-1.052973916,-1.507922218,1.507922218,-0.31780733,0.31780733,0.3610521,-0.3610521,-1.584290444,1.584290444,-2.33385174,2.33385174,0.954372567,-0.954372567,-0.245613916,0.245613916,1.47839339,-1.47839339,-1.052973916,1.052973916,-0.523641389,0.523641389,0.292907428,-0.292907428,0.64394368,-0.64394368,2.471887715,-2.471887715,0.236638115,-0.236638115,-2.09012201,-2.151452819,-2.747329284,-1.721663275,-0.401179177,-0.174817486,0.776292749,-0.20762717,-0.200625019,0.833220084,0.08569994,-0.200710333,-0.165409783,0.069553291,0.153024728
11209,4084,"(1770, 12201]",Mediterranean Scrub,-0.425180409,0.425180409,-2.114178279,2.114178279,-1.248185258,1.248185258,0.218602995,-0.218602995,-1.331947039,1.331947039,-2.359327646,2.359327646,1.507658601,-1.507658601,-0.939211231,0.939211231,2.01770976,-2.01770976,-1.003671399,1.003671399,-0.601133629,0.601133629,0.24571441,-0.24571441,0.410654659,-0.410654659,1.913478358,-1.913478358,0.690046837,-0.690046837,-0.302720122,-0.019652374,-3.833510656,-3.460836448,-1.329641345,0.094834249,-0.112117691,-1.05191659,-0.643819535,0.973421459,-0.241486285,0.802076177,-0.091759653,0.09654955,0.166944345
11210,2995,"(1770, 12201]",Mediterranean Scrub,0.121340073,-0.121340073,-2.198087979,2.198087979,-1.01307757,1.01307757,0.454465919,-0.454465919,-1.684483822,1.684483822,-2.206231953,2.206231953,1.355011737,-1.355011737,-0.54298908,0.54298908,1.892582956,-1.892582956,-1.267686181,1.267686181,-0.619167254,0.619167254,0.166841621,-0.166841621,0.560303916,-0.560303916,2.299534805,-2.299534805,0.800974565,-0.800974565,-1.585456014,-1.147334089,-3.659250843,-4.018219787,-1.409961824,0.752274128,0.686328852,-0.86813116,-0.694506173,0.703175216,0.206474876,0.960172726,-0.112785622,0.108385729,0.122355591
11301,875,"(565, 1770]",Deserts & Drylands,0.148122672,-0.148122672,-1.337075369,1.337075369,-0.394378099,0.394378099,-0.044363007,0.044363007,-1.337075369,1.337075369,-2.109353538,2.109353538,1.105820773,-1.105820773,-1.021844888,1.021844888,1.26384643,-1.26384643,-0.73632096,0.73632096,-0.833699453,0.833699453,0.51896912,-0.51896912,0.353554882,-0.353554882,1.714764505,-1.714764505,0.039432427,-0.039432427,-0.316485058,-0.100392401,-1.468089419,-0.566734451,-0.046269975,-0.576470467,0.727615095,-0.935028178,0.051622611,0.666063094,-0.458456483,-0.20900714,-0.018763271,0.183214143,0.011419947
11302,1438,"(565, 1770]",Deserts & Drylands,0.526510549,-0.526510549,-1.263175908,1.263175908,-0.045205832,0.045205832,0.094841311,-0.094841311,-1.584730923,1.584730923,-1.913631812,1.913631812,1.054636419,-1.054636419,-0.686190705,0.686190705,1.437088754,-1.437088754,-0.830525767,0.830525767,-1.085303146,1.085303146,0.310100249,-0.310100249,0.535890353,-0.535890353,2.072421576,-2.072421576,-0.007290054,0.007290054,-1.689269141,-0.618375701,-1.158267203,-1.474503828,0.570520499,-0.546151353,0.672986865,-0.780309057,0.556890775,0.565851879,-0.042579972,-0.104678894,-0.035516393,0.222931196,0.141128866
11303,314,"[31, 565]",Deserts & Drylands,-0.247336417,0.247336417,-1.923629162,1.923629162,-0.822731471,0.822731471,0.109479519,-0.109479519,-1.479119926,1.479119926,-2.650850318,2.650850318,1.348795776,-1.348795776,-0.90465398,0.90465398,1.805946833,-1.805946833,-0.972292696,0.972292696,-0.743344341,0.743344341,0.09577215,-0.09577215,0.317069509,-0.317069509,1.778030293,-1.778030293,0.261229947,-0.261229947,-0.646292559,-0.593136472,-3.587105089,-2.320855559,-0.332614014,-0.37795454,0.057807426,-1.52135185,0.631154609,1.191037809,-0.868749628,0.575569191,0.038338502,0.086927558,0.076872148
11304,1508,"(565, 1770]",Deserts & Drylands,0.427786016,-0.427786016,-1.421916725,1.421916725,-0.203067986,0.203067986,0.136048892,-0.136048892,-1.517655269,1.517655269,-1.889574699,1.889574699,1.237589517,-1.237589517,-0.673004761,0.673004761,1.555713546,-1.555713546,-0.82241808,0.82241808,-1.159726361,1.159726361,0.211474342,-0.211474342,0.52457012,-0.52457012,2.003672044,-2.003672044,0.088769713,-0.088769713,-1.521969071,-0.41325748,-1.444817849,-2.188712257,0.568968377,-0.589972332,0.516395444,-0.717406483,0.601411405,0.430479241,-0.071532044,-0.003317968,0.06215522,0.185105619,0.067486001
11305,1063,"(565, 1770]",Deserts & Drylands,0.002072699,-0.002072699,-1.500445679,1.500445679,-0.590737405,0.590737405,0.018654821,-0.018654821,-1.322874302,1.322874302,-2.390422946,2.390422946,1.156201094,-1.156201094,-1.018770436,1.018770436,1.310440273,-1.310440273,-0.830156958,0.830156958,-0.554778519,0.554778519,0.401180772,-0.401180772,0.155766523,-0.155766523,1.896178392,-1.896178392,0.168284548,-0.168284548,-0.146595487,-0.239004792,-2.825207257,-0.624277443,-0.478640634,-0.369267085,0.875767324,-1.172038881,0.070823984,0.570341536,-0.71632932,-0.127826714,-0.013743537,0.196609939,0.075553577
11306,445,"[31, 565]",Deserts & Drylands,0.219343741,-0.219343741,-1.211719608,1.211719608,-0.259638894,0.259638894,-0.099385606,0.099385606,-1.404372575,1.404372575,-2.470413449,2.470413449,0.912460248,-0.912460248,-1.183841867,1.183841867,1.050192738,-1.050192738,-0.88829477,0.88829477,-0.614452555,0.614452555,0.748019402,-0.748019402,0.109343079,-0.109343079,1.815095331,-1.815095331,0.029793368,-0.029793368,-0.204722446,-0.398920851,-1.86295379,0.855180091,-0.737299189,-0.533234071,1.153411618,-1.55028685,-0.306222301,0.591804999,-0.864242553,0.088711429,0.012718494,0.31767607,-0.099391228
11307,1158,"(565, 1770]",Deserts & Drylands,0.321366323,-0.321366323,-1.582908211,1.582908211,-0.265236901,0.265236901,0.157809893,-0.157809893,-1.544530746,1.544530746,-1.829163092,1.829163092,1.261347573,-1.261347573,-0.668403566,0.668403566,1.531948317,-1.531948317,-0.772380407,0.772380407,-1.320889137,1.320889137,0.235475669,-0.235475669,0.664319335,-0.664319335,1.983543522,-1.983543522,0.098965494,-0.098965494,-1.440660663,-0.513850788,-0.866304127,-2.558760641,0.504713154,-0.625201968,0.476553993,-0.606676077,0.678773392,0.527415757,-0.054762104,0.036853857,0.030193634,0.160103386,0.14199849
11308,1187,"(565, 1770]",Deserts & Drylands,0.763071883,-0.763071883,-1.081814919,1.081814919,0.014206701,-0.014206701,0.060395818,-0.060395818,-1.665351721,1.665351721,-2.009574506,2.009574506,0.880286611,-0.880286611,-0.714367299,0.714367299,1.24841875,-1.24841875,-0.750816523,0.750816523,-1.01709642,1.01709642,0.440273829,-0.440273829,0.440273829,-0.440273829,2.144111537,-2.144111537,0.014206701,-0.014206701,-1.697368795,-0.661396735,-1.049246899,-0.732275577,0.055193094,-0.712797576,1.177340631,-0.853167316,0.547320077,0.537208887,0.038947577,-0.196233728,-0.10824461,0.167894484,0.060637269
11309,1926,"(1770, 12201]",Deserts & Drylands,0.711534762,-0.711534762,-1.137453793,1.137453793,-0.026438732,0.026438732,0.044069117,-0.044069117,-1.569490928,1.569490928,-2.177494237,2.177494237,0.860117187,-0.860117187,-0.736581834,0.736581834,1.242150913,-1.242150913,-0.841731258,0.841731258,-0.754246886,0.754246886,0.536871759,-0.536871759,0.42256322,-0.42256322,2.177494237,-2.177494237,0.019828544,-0.019828544,-1.463865768,-0.916876157,-1.506036686,-0.269117346,-0.200944546,-0.545613536,0.984013901,-0.869667653,0.064451618,0.695115031,-0.131809414,-0.253596883,-0.111132859,0.255936955,0.089791422
11310,1509,"(565, 1770]",Deserts & Drylands,-0.056005761,0.056005761,-1.458845671,1.458845671,-0.643254929,0.643254929,0.016646395,-0.016646395,-1.215407285,1.215407285,-2.238635679,2.238635679,1.232643162,-1.232643162,-0.988960962,0.988960962,1.534786877,-1.534786877,-0.826387872,0.826387872,-0.66342208,0.66342208,0.350071503,-0.350071503,0.281805896,-0.281805896,1.794768441,-1.794768441,0.21112579,-0.21112579,-0.257169845,0.085955994,-2.724478506,-1.313894862,-0.207948615,-0.435793148,0.37373014,-0.866449514,-0.124687837,0.692580177,-0.574403498,-0.00880152,0.013374023,0.149211917,0.111303443
11401,143,"[31, 565]",Trop/Subtrop Forests,-1.021392733,1.021392733,-3.269258199,3.269258199,-1.521688576,1.521688576,0.20026747,-0.20026747,-0.811702596,0.811702596,-1.971907006,1.971907006,1.521688576,-1.521688576,-1.473959057,1.473959057,0.649195727,-0.649195727,-0.229112186,0.229112186,-0.845397622,0.845397622,1.021392733,-1.021392733,0.778439062,-0.778439062,0.555641198,-0.555641198,-0.316268543,0.316268543,3.98756827,-1.034799945,1.02730115,-0.065037106,-0.139134822,-0.287151893,-0.078304812,-0.129721664,0.028180964,0.75072787,-0.589518815,-0.87889865,-0.352100063,0.107459329,0.139365087
21103,40,"[31, 565]",Tundra,2.92568843,-2.92568843,-2.92568843,2.92568843,-0.301668314,0.301668314,0.509761228,-0.509761228,-1.939084184,1.939084184,-2.188384741,2.188384741,1.233617521,-1.233617521,0.20026747,-0.20026747,1.546110778,-1.546110778,-0.845397622,0.845397622,-1.939084184,1.939084184,0.617723419,-0.617723419,1.382556039,-1.382556039,2.92568843,-2.92568843,-0.967149149,0.967149149,-2.983025239,-5.177499048,2.087571373,-1.579232953,1.641214472,-1.806572082,-2.03450694,-0.867696578,1.84392517,0.10594209,0.467048903,-0.593999801,-0.346654202,-1.022739087,-0.242071888
21104,31,"[31, 565]",Tundra,6.908754779,-6.908754779,-1.865483343,1.865483343,-0.691650548,0.691650548,1.009220633,-1.009220633,-1.604655121,1.604655121,-2.625239572,2.625239572,1.382556039,-1.382556039,0.133264073,-0.133264073,0.845397622,-0.845397622,-0.545397848,0.545397848,-1.865483343,1.865483343,1.009220633,-1.009220633,1.186611008,-1.186611008,6.908754779,-6.908754779,-0.545397848,0.545397848,-4.289228667,-6.350541876,1.724702526,-0.600637164,-1.647950665,-4.092614005,-0.890212022,0.203838547,0.38150976,-3.499104916,-0.322165461,-2.42178027,-3.047569313,-1.740622714,-0.709763605
30101,2638,"(1770, 12201]",Trop/Subtrop Forests,0.434877776,-0.434877776,-1.811857094,1.811857094,-0.34938438,0.34938438,0.123574302,-0.123574302,-0.930235229,0.930235229,-1.482957097,1.482957097,0.818354973,-0.818354973,-1.026150366,1.026150366,1.333396671,-1.333396671,-0.830939086,0.830939086,-0.768615597,0.768615597,0.4157542,-0.4157542,0.279105839,-0.279105839,1.331090817,-1.331090817,-0.007618388,0.007618388,-0.087823535,0.51983384,-1.496181582,-0.486779935,0.880184863,0.395409896,0.275789941,0.440561742,-0.066863125,-0.269551465,-0.05511273,0.04197767,0.105960046,-0.023329907,-0.069888312
30102,4666,"(1770, 12201]",Trop/Subtrop Forests,-0.792386304,0.792386304,-2.959817543,2.959817543,-1.334643422,1.334643422,0.178860402,-0.178860402,-0.667082913,0.667082913,-1.572881054,1.572881054,1.437457799,-1.437457799,-1.569841165,1.569841165,1.26770928,-1.26770928,-0.045903253,0.045903253,-0.643986178,0.643986178,0.875452176,-0.875452176,0.430857929,-0.430857929,0.452671411,-0.452671411,-0.064102024,0.064102024,3.566308222,0.921795123,-0.399623288,-0.509215828,-0.197224651,-0.278270552,-0.724600621,0.264778481,0.008409635,0.342307062,0.629423168,-0.60228367,-0.352384341,0.233803055,0.00664421
30103,2485,"(1770, 12201]",Trop/Subtrop Forests,-0.056068632,0.056068632,-2.22799476,2.22799476,-0.807224076,0.807224076,0.249054123,-0.249054123,-0.722872263,0.722872263,-1.734059892,1.734059892,1.049435101,-1.049435101,-1.200947989,1.200947989,1.203233865,-1.203233865,-0.462173039,0.462173039,-0.626569629,0.626569629,0.619419351,-0.619419351,0.280469186,-0.280469186,0.750703714,-0.750703714,-0.153841777,0.153841777,1.875603686,0.230192037,-1.330547891,0.050508042,0.642473657,-0.227601093,-0.086697728,0.501594598,0.114320935,0.011106186,0.077047837,-0.234885129,-0.070997861,0.050089798,-0.061708036
30104,398,"[31, 565]",Trop/Subtrop Forests,-1.493650977,1.493650977,-3.958773402,3.958773402,-1.476825596,1.476825596,0.091251449,-0.091251449,-0.507060982,0.507060982,-1.65393878,1.65393878,1.711430176,-1.711430176,-2.091586918,2.091586918,1.272459957,-1.272459957,0.060810854,-0.060810854,-0.650159095,0.650159095,1.062502498,-1.062502498,0.131907191,-0.131907191,0.193106233,-0.193106233,-0.193106233,0.193106233,5.196001606,1.559181251,-0.298904937,0.165637923,-0.502317787,-0.081779153,-1.517343756,-0.583028857,0.361714814,-0.185910384,0.300394238,-0.386453523,-0.174073887,0.586718082,-0.071000745
30105,744,"(565, 1770]",Trop/Subtrop Forests,-0.228309716,0.228309716,-2.15816564,2.15816564,-0.825688187,0.825688187,0.183480411,-0.183480411,-1.110773198,1.110773198,-1.444198777,1.444198777,0.932688054,-0.932688054,-1.281869259,1.281869259,0.995106469,-0.995106469,-0.4335916,0.4335916,-0.981083389,0.981083389,0.716693397,-0.716693397,0.67920736,-0.67920736,0.623819414,-0.623819414,-0.022178776,0.022178776,1.444331483,0.184322698,0.510371519,-0.712003095,0.270644208,0.16033801,0.706504891,0.414736019,0.074382503,0.674104026,0.328596023,-0.076184498,-0.379729412,0.017186425,-0.062402499
30106,47,"[31, 565]",Trop/Subtrop Forests,0.756024939,-0.756024939,-1.579466698,1.579466698,-0.475935742,0.475935742,0.566788587,-0.566788587,-1.067874352,1.067874352,-2.671099746,2.671099746,1.304913294,-1.304913294,-0.213144566,0.213144566,1.436389027,-1.436389027,-0.855521941,0.855521941,-1.436389027,1.436389027,0.475935742,-0.475935742,0.855521941,-0.855521941,1.73745177,-1.73745177,-0.475935742,0.475935742,-0.576058694,-3.200084837,-0.785091106,-1.294247291,1.454764944,-2.389969346,-0.750894039,-0.011066412,0.487013876,0.571109867,-0.940050291,0.338061098,0.254683151,-0.224392766,0.279535088
30107,2476,"(1770, 12201]",Trop/Subtrop Forests,-0.919909938,0.919909938,-2.936722995,2.936722995,-1.377982411,1.377982411,0.066939398,-0.066939398,-0.673962481,0.673962481,-1.56325401,1.56325401,1.281789278,-1.281789278,-1.834669572,1.834669572,0.98902984,-0.98902984,-0.127472924,0.127472924,-0.745981371,0.745981371,1.032831971,-1.032831971,0.315957812,-0.315957812,0.275923249,-0.275923249,-0.237762315,0.237762315,3.977257453,1.025955085,0.320179906,0.565752151,-0.009524886,-0.093041688,-0.423632112,-0.176214345,0.018256806,0.147507636,0.16735136,-0.396598371,-0.350476473,0.068127555,-0.038624776
30108,1614,"(565, 1770]",Trop/Subtrop Forests,0.587900558,-0.587900558,-2.035226724,2.035226724,-0.171003828,0.171003828,0.04358786,-0.04358786,-0.972849585,0.972849585,-1.539781671,1.539781671,0.418138995,-0.418138995,-1.142081194,1.142081194,1.18325505,-1.18325505,-0.706622618,0.706622618,-0.92335764,0.92335764,0.620596993,-0.620596993,0.165987709,-0.165987709,1.424229422,-1.424229422,-0.196117923,0.196117923,-0.046106358,0.528359879,-0.697125566,0.794090217,0.603961812,0.194865632,0.174344814,0.334466651,0.455020704,-0.464161614,-0.065093869,0.221582992,0.161790244,-0.186978359,0.091516988
30109,2536,"(1770, 12201]",Trop/Subtrop Forests,-0.127713756,0.127713756,-2.575275688,2.575275688,-0.782085156,0.782085156,0.108515741,-0.108515741,-0.549059967,0.549059967,-1.522075703,1.522075703,0.802521246,-0.802521246,-1.463553223,1.463553223,1.259817711,-1.259817711,-0.432274051,0.432274051,-0.574912468,0.574912468,0.634226102,-0.634226102,0.035077219,-0.035077219,0.804386932,-0.804386932,-0.062196009,0.062196009,2.087627565,1.373928476,-1.570061073,0.486753882,0.294428535,0.300971303,-0.298137288,0.704004628,0.184580235,-0.495033124,0.043675134,-0.055570621,0.050769782,-0.03515498,-0.003011597
30110,832,"(565, 1770]",Trop/Subtrop Forests,-0.804337223,0.804337223,-2.552122796,2.552122796,-1.138230129,1.138230129,0.164691511,-0.164691511,-0.591809565,0.591809565,-1.542360363,1.542360363,1.17808865,-1.17808865,-1.71878551,1.71878551,1.281632425,-1.281632425,-0.386545177,0.386545177,-0.844248057,0.844248057,0.890653672,-0.890653672,0.442024636,-0.442024636,0.513628429,-0.513628429,-0.193923416,0.193923416,2.983405025,0.9548395,-0.061595629,-0.061024964,0.50124549,-0.095735941,-0.855193842,0.182051927,-0.355783962,0.19353472,-0.043237615,0.163097149,-0.420696148,0.156031194,0.158894149
30111,3373,"(1770, 12201]",Trop/Subtrop Forests,-0.303352141,0.303352141,-2.034662422,2.034662422,-0.73458357,0.73458357,0.072450555,-0.072450555,-0.869004194,0.869004194,-1.435650751,1.435650751,1.225711238,-1.225711238,-1.347468298,1.347468298,1.22230286,-1.22230286,-0.342665341,0.342665341,-1.012790257,1.012790257,0.746903267,-0.746903267,0.474966088,-0.474966088,0.755146555,-0.755146555,-0.115639801,0.115639801,1.740293855,0.878742513,0.130127008,-0.556929357,0.586563927,-0.441253582,-0.090675191,0.138574891,-0.026739117,0.208824962,0.284435591,-0.293853062,-0.095881235,0.167622027,-0.047610382
30112,1764,"(565, 1770]",Trop/Subtrop Forests,0.385155768,-0.385155768,-1.685392653,1.685392653,-0.170650591,0.170650591,-0.166047993,0.166047993,-0.94557075,0.94557075,-1.280246218,1.280246218,0.618853144,-0.618853144,-1.317560948,1.317560948,1.331330893,-1.331330893,-0.57147559,0.57147559,-1.276892916,1.276892916,0.53205943,-0.53205943,0.209850563,-0.209850563,1.46810282,-1.46810282,0.053712037,-0.053712037,-0.264992377,1.92175144,-0.247094163,-0.363706874,0.373335744,-0.110527871,0.279148986,0.321666697,0.369492709,-0.449108473,-0.15329465,0.234347677,0.216798368,-0.164731048,0.010880631
30113,288,"[31, 565]",Trop/Subtrop Forests,-0.404633507,0.404633507,-3.190693302,3.190693302,-1.236125141,1.236125141,0.522852553,-0.522852553,-0.991407447,0.991407447,-1.592140997,1.592140997,1.256312008,-1.256312008,-0.938816454,0.938816454,1.027182842,-1.027182842,-0.522852553,0.522852553,-0.804079166,0.804079166,0.938816454,-0.938816454,0.492991967,-0.492991967,0.303459577,-0.303459577,-0.217968539,0.217968539,2.672826691,-1.201058371,0.042554923,-0.361531713,0.40174484,0.20495032,-0.006919682,0.129899945,-0.085930248,-0.086554607,0.924821602,0.129155083,0.321665185,-0.084043214,-0.050734399
30114,1804,"(1770, 12201]",Trop/Subtrop Forests,-0.19158406,0.19158406,-2.144190926,2.144190926,-0.777477315,0.777477315,0.236778681,-0.236778681,-0.79305557,0.79305557,-1.560545647,1.560545647,1.233857328,-1.233857328,-1.152528751,1.152528751,1.237057785,-1.237057785,-0.418146272,0.418146272,-0.688303198,0.688303198,0.65089516,-0.65089516,0.346327397,-0.346327397,0.795660819,-0.795660819,-0.166812824,0.166812824,1.845165454,0.314627887,-0.94024403,-0.292414871,0.824069112,-0.273655491,-0.110000702,0.31917069,-0.002057762,-0.011525684,0.409205572,-0.449999798,-0.034318321,0.184783159,0.001793432
30115,1091,"(565, 1770]",Trop/Subtrop Forests,0.118861407,-0.118861407,-2.536421436,2.536421436,-0.648843043,0.648843043,0.171078433,-0.171078433,-1.145981346,1.145981346,-1.633783054,1.633783054,0.805115534,-0.805115534,-1.004173011,1.004173011,1.156142904,-1.156142904,-0.813818964,0.813818964,-0.723807631,0.723807631,0.774877678,-0.774877678,0.234806178,-0.234806178,1.613557273,-1.613557273,0.314204064,-0.314204064,0.404340857,0.100943333,-1.186147214,-0.526482069,-1.058745905,0.719603214,0.786920036,-0.012875229,-0.573891591,-0.410904863,0.30048279,0.336384516,0.367259786,0.016937352,0.097764567
30116,2719,"(1770, 12201]",Trop/Subtrop Forests,0.535106667,-0.535106667,-2.409680282,2.409680282,-0.363773665,0.363773665,0.275665365,-0.275665365,-1.058833628,1.058833628,-1.759533815,1.759533815,0.738078947,-0.738078947,-0.992144554,0.992144554,1.168243983,-1.168243983,-0.722894179,0.722894179,-0.811801929,0.811801929,0.711138871,-0.711138871,0.18114129,-0.18114129,1.487901781,-1.487901781,0.085934494,-0.085934494,0.337036253,-0.1604586,-1.212194079,0.019637746,-0.440317689,0.123712033,0.485772505,0.222018349,0.026244621,-0.58497958,0.197062105,0.377797069,0.245035839,0.092416384,-0.092821166
30117,5064,"(1770, 12201]",Trop/Subtrop Forests,-0.631966215,0.631966215,-3.241446941,3.241446941,-1.674641952,1.674641952,0.558850885,-0.558850885,-0.580624884,0.580624884,-1.739062969,1.739062969,1.440210742,-1.440210742,-1.151074606,1.151074606,1.073497752,-1.073497752,-0.122837325,0.122837325,-0.538104683,0.538104683,0.935819741,-0.935819741,0.502289136,-0.502289136,0.504072261,-0.504072261,0.050675194,-0.050675194,3.915479591,-0.439345794,-0.755481007,-0.800321607,-0.616930777,-0.340903876,-0.243724121,0.960925484,-0.398952053,-0.008310296,0.796681921,-0.476138848,-0.188113331,0.010336858,0.136645663
30118,4713,"(1770, 12201]",Trop/Subtrop Forests,-0.211527129,0.211527129,-2.670156234,2.670156234,-1.179009824,1.179009824,0.457487907,-0.457487907,-0.748547762,0.748547762,-1.72590223,1.72590223,1.253869992,-1.253869992,-1.060810492,1.060810492,1.127480224,-1.127480224,-0.349378395,0.349378395,-0.705771052,0.705771052,0.784700508,-0.784700508,0.452777816,-0.452777816,1.035204308,-1.035204308,0.230550016,-0.230550016,2.323679721,-0.132688284,-1.011884484,-1.121698957,-0.76589399,-0.298447228,0.302635455,0.869479707,-0.46864084,-0.178413898,0.458836243,-0.173100035,-0.093878522,0.106844619,0.079035801
30119,1863,"(1770, 12201]",Trop/Subtrop Forests,0.274531441,-0.274531441,-2.243726788,2.243726788,-0.20887581,0.20887581,0.152339925,-0.152339925,-0.99713671,0.99713671,-1.560795974,1.560795974,0.848735034,-0.848735034,-1.058255318,1.058255318,1.18631011,-1.18631011,-0.523872829,0.523872829,-1.222769274,1.222769274,0.752913723,-0.752913723,0.380879439,-0.380879439,1.219703421,-1.219703421,-0.091723182,0.091723182,0.517257037,0.253419536,0.160521657,-0.215983514,0.217310185,-0.462472379,0.098197256,0.315294367,0.325225086,-0.329838238,0.166017008,0.238074723,0.352852233,0.160731976,-0.008712214
30120,1612,"(565, 1770]",Trop/Subtrop Forests,0.255136985,-0.255136985,-1.816347763,1.816347763,-0.666204493,0.666204493,0.250006027,-0.250006027,-1.225414559,1.225414559,-1.734815448,1.734815448,0.807534824,-0.807534824,-0.731669285,0.731669285,1.168728063,-1.168728063,-0.577329996,0.577329996,-0.837300792,0.837300792,0.610381358,-0.610381358,0.580072358,-0.580072358,1.073384758,-1.073384758,-0.034090724,0.034090724,0.264698473,-0.6850743,-0.630586206,-0.63296388,0.302728234,-0.245305254,0.696334854,0.369726471,0.116007553,0.676080437,0.557097421,-0.123791524,0.042280206,-0.215628153,0.127126926
30121,602,"(565, 1770]",Trop/Subtrop Forests,0.175181339,-0.175181339,-2.253059068,2.253059068,-0.729678445,0.729678445,0.215892767,-0.215892767,-0.594915357,0.594915357,-2.123360914,2.123360914,0.684103129,-0.684103129,-1.380461876,1.380461876,1.038601523,-1.038601523,-0.332333022,0.332333022,-0.529518865,0.529518865,0.661572023,-0.661572023,0.121118026,-0.121118026,0.807310629,-0.807310629,-0.339244824,0.339244824,2.209198656,0.073559176,-1.60464313,1.484870104,0.433337235,-0.652406743,-0.169823816,0.638801523,0.709466524,0.061262635,-0.510590464,-0.23447105,-0.313746058,-0.086412931,-0.007310929
30122,282,"[31, 565]",Trop/Subtrop Forests,-0.989955882,0.989955882,-2.316221373,2.316221373,-1.11974017,1.11974017,-0.149445378,0.149445378,-0.816830135,0.816830135,-0.989955882,0.989955882,1.063116546,-1.063116546,-1.879835389,1.879835389,0.867464785,-0.867464785,-0.576617913,0.576617913,-1.197877459,1.197877459,1.178040872,-1.178040872,0.545907528,-0.545907528,0.56123048,-0.56123048,-0.278818358,0.278818358,2.685565563,1.378248655,2.175265902,0.46318789,0.731289809,0.64626174,-0.037054725,-0.445625011,-0.979926459,-0.057218274,-0.13257398,0.077312491,-0.186894858,-0.1294457,0.222337196
30123,1275,"(565, 1770]",Trop/Subtrop Forests,-0.365342843,0.365342843,-1.870021407,1.870021407,-0.711826554,0.711826554,-0.061556435,0.061556435,-1.006535739,1.006535739,-1.319779568,1.319779568,0.990496083,-0.990496083,-1.38748312,1.38748312,1.135207564,-1.135207564,-0.39478306,0.39478306,-1.2319246,1.2319246,0.821113785,-0.821113785,0.548229162,-0.548229162,0.733342132,-0.733342132,-0.108980897,0.108980897,1.33519552,1.082298761,0.956839885,-0.433271795,0.509836241,-0.296790433,0.220613777,0.00296254,-0.050016369,0.414161453,0.219063704,-0.039149691,-0.013941929,-0.071896744,0.06009497
30124,1823,"(1770, 12201]",Trop/Subtrop Forests,-0.93083702,0.93083702,-2.919995997,2.919995997,-1.169252593,1.169252593,-0.052945173,0.052945173,-0.621359463,0.621359463,-1.537566481,1.537566481,1.12703078,-1.12703078,-1.986306113,1.986306113,1.130016301,-1.130016301,-0.214758387,0.214758387,-0.780631557,0.780631557,1.036621715,-1.036621715,0.250527477,-0.250527477,0.418435005,-0.418435005,-0.143605977,0.143605977,3.589545607,1.645972259,0.160856694,0.630313183,-0.261494755,0.096637097,-0.680835485,-0.18457666,-0.136410643,0.108211833,-0.049377103,-0.057750817,-0.293150322,0.174764473,-0.01207992
30125,1971,"(1770, 12201]",Trop/Subtrop Forests,-0.479150364,0.479150364,-2.181091681,2.181091681,-0.604194275,0.604194275,-0.107195446,0.107195446,-0.750341676,0.750341676,-1.41596354,1.41596354,0.995890176,-0.995890176,-1.608931296,1.608931296,1.160137585,-1.160137585,-0.176908275,0.176908275,-1.151735745,1.151735745,0.942183383,-0.942183383,0.385125481,-0.385125481,0.662734668,-0.662734668,-0.139958776,0.139958776,2.159583796,1.627629451,0.792527567,0.228117632,0.124053247,-0.625394077,-0.303744113,0.188404253,0.084273363,0.177688857,0.129042566,-0.13974511,0.037686065,0.190141597,0.041069685
30126,3552,"(1770, 12201]",Trop/Subtrop Forests,-0.937431513,0.937431513,-3.012150354,3.012150354,-1.320445813,1.320445813,0.082120691,-0.082120691,-0.664004668,0.664004668,-1.583666747,1.583666747,1.349822137,-1.349822137,-1.720917411,1.720917411,1.172560715,-1.172560715,-0.033060825,0.033060825,-0.750341676,0.750341676,0.982984173,-0.982984173,0.379526099,-0.379526099,0.377163685,-0.377163685,-0.130134748,0.130134748,3.794875178,1.127537298,0.072058033,-0.017729366,-0.27468042,-0.299427136,-0.709860539,0.031186035,0.069868262,0.312548056,0.415416512,-0.463204862,-0.276129006,0.189158521,0.03659764
30127,473,"[31, 565]",Trop/Subtrop Forests,-0.615849969,0.615849969,-2.943487624,2.943487624,-0.953301567,0.953301567,0.128124214,-0.128124214,-0.819152133,0.819152133,-1.732468488,1.732468488,0.89045346,-0.89045346,-1.377245199,1.377245199,0.974641296,-0.974641296,-0.239983733,0.239983733,-0.415305627,0.415305627,0.779286802,-0.779286802,0.478047836,-0.478047836,0.300795822,-0.300795822,-0.025591243,0.025591243,2.818149163,0.264892766,-0.669530253,0.222598579,-0.370158531,0.460557491,0.200303291,0.733582538,0.206175564,0.911863731,0.282438469,-0.539726044,-0.129421427,0.234924383,-0.025955415
30128,927,"(565, 1770]",Trop/Subtrop Forests,-1.100276682,1.100276682,-2.998532121,2.998532121,-0.912683944,0.912683944,-0.158193196,0.158193196,-0.704647434,0.704647434,-1.106056578,1.106056578,1.141095795,-1.141095795,-1.942777556,1.942777556,1.333384172,-1.333384172,-0.188697352,0.188697352,-1.094513462,1.094513462,0.829498543,-0.829498543,0.419068943,-0.419068943,0.487338926,-0.487338926,-0.067063311,0.067063311,2.834710489,2.397650442,0.790693878,-0.569615278,0.190344055,0.422098574,-0.866394026,0.066946958,0.252488167,0.160515101,0.186544578,-0.058909113,-0.1426043,0.278191532,0.129434702
30129,238,"[31, 565]",Trop/Subtrop Forests,-0.949809343,0.949809343,-2.752389778,2.752389778,-1.101567779,1.101567779,0.279735147,-0.279735147,-0.654003277,0.654003277,-1.781065855,1.781065855,1.217417065,-1.217417065,-1.366873836,1.366873836,1.290558129,-1.290558129,-0.143418896,0.143418896,-0.654003277,0.654003277,1.035189665,-1.035189665,0.279735147,-0.279735147,0.296931713,-0.296931713,-0.296931713,0.296931713,3.501002657,0.299530747,-0.504684004,0.564827391,0.220110515,-0.720989506,-0.920256106,0.050882214,0.006531647,0.284199948,0.766447157,-0.083090389,0.116246028,0.267109781,0.320536736
30130,2410,"(1770, 12201]",Trop/Subtrop Forests,-0.565016448,0.565016448,-2.317642853,2.317642853,-1.057336336,1.057336336,0.179502102,-0.179502102,-0.803550102,0.803550102,-1.527589968,1.527589968,1.367495441,-1.367495441,-1.346940599,1.346940599,1.22132694,-1.22132694,-0.247196789,0.247196789,-0.913610877,0.913610877,0.883100783,-0.883100783,0.457900327,-0.457900327,0.555976537,-0.555976537,-0.160964218,0.160964218,2.60768561,0.564741234,0.084244165,-0.42626912,0.414170344,-0.599515225,-0.346695038,0.035324163,-0.158974428,0.216627631,0.543879511,-0.305323322,-0.083756704,0.129238099,0.036161004
30201,360,"[31, 565]",Trop/Subtrop Forests,1.484382078,-1.484382078,-0.700139964,0.700139964,0.478226839,-0.478226839,-0.371760134,0.371760134,-1.208301308,1.208301308,-1.306706354,1.306706354,0.550675603,-0.550675603,-1.114865116,1.114865116,1.224334572,-1.224334572,-0.637034373,0.637034373,-1.522375163,1.522375163,0.674743037,-0.674743037,0.430613907,-0.430613907,2.330337262,-2.330337262,0.221422371,-0.221422371,-2.213515139,1.741199439,0.662605402,-0.410447465,-0.352421531,-0.802276622,0.894837608,0.262360721,-0.292375853,-0.344211777,-0.263414889,-0.161065972,0.068155415,-0.028901191,-0.315450747
30202,3228,"(1770, 12201]",Trop/Subtrop Forests,-0.71523759,0.71523759,-2.608767408,2.608767408,-1.070466583,1.070466583,0.021547534,-0.021547534,-0.759989232,0.759989232,-1.449871577,1.449871577,1.296037329,-1.296037329,-1.610524259,1.610524259,1.03809775,-1.03809775,-0.029383978,0.029383978,-1.065321839,1.065321839,0.981385198,-0.981385198,0.550882929,-0.550882929,0.825437727,-0.825437727,0.222253765,-0.222253765,2.887115601,1.456461934,0.753993606,-0.939169655,-1.101549111,-0.492563667,0.1717047,0.463923933,-0.313992818,0.244076199,0.251623423,-0.439344347,-0.214776394,0.282109715,0.034647548
30701,618,"(565, 1770]",Grasslands,-0.055732214,0.055732214,-2.907185057,2.907185057,-0.408731404,0.408731404,-0.08198382,0.08198382,-0.898204957,0.898204957,-0.819795341,0.819795341,1.233852078,-1.233852078,-1.350168473,1.350168473,1.854236846,-1.854236846,-0.866541019,0.866541019,-1.072091258,1.072091258,0.042614171,-0.042614171,0.43613917,-0.43613917,1.300763061,-1.300763061,0.253721217,-0.253721217,-0.258537158,2.23306523,-1.267137419,-3.005608705,1.1408571,1.660672995,-0.837532203,0.44223367,0.381634056,-0.470497134,0.001398954,0.127312207,0.19006391,0.202866431,-0.254283346
30702,507,"[31, 565]",Grasslands,0.520375509,-0.520375509,-1.028261103,1.028261103,0.369965181,-0.369965181,-0.223589086,0.223589086,-1.111899577,1.111899577,-1.210433164,1.210433164,0.92814147,-0.92814147,-0.967647272,0.967647272,1.221706028,-1.221706028,-0.615103867,0.615103867,-1.516869104,1.516869104,0.411263667,-0.411263667,0.537418454,-0.537418454,1.6286267,-1.6286267,-0.143385169,0.143385169,-1.218925139,1.172387079,0.670236705,-0.899434717,1.458025905,-0.647361245,0.550185575,0.231579845,0.447600477,-0.063185352,-0.321685087,-0.469667769,0.385265634,0.216575169,-0.015396532
30704,5476,"(1770, 12201]",Grasslands,0.713781017,-0.713781017,-1.555119261,1.555119261,-0.161753028,0.161753028,0.155093591,-0.155093591,-0.924245529,0.924245529,-1.372042669,1.372042669,0.987483225,-0.987483225,-0.932394505,0.932394505,1.508577082,-1.508577082,-0.834661659,0.834661659,-0.846885069,0.846885069,0.286885482,-0.286885482,0.357822992,-0.357822992,1.660895294,-1.660895294,0.150655882,-0.150655882,-0.753142056,0.78304902,-1.723250423,-1.401802901,0.855354611,0.202700777,0.210427609,0.681260405,-0.232538395,-0.423000198,0.057917083,-0.074433946,-0.003313841,0.171544459,-0.160302748
30705,1514,"(565, 1770]",Grasslands,0.58178581,-0.58178581,-1.066907243,1.066907243,0.169512825,-0.169512825,0.102620058,-0.102620058,-1.308631131,1.308631131,-1.163589701,1.163589701,1.070405874,-1.070405874,-0.828663053,0.828663053,1.365208566,-1.365208566,-0.812975798,0.812975798,-1.520234415,1.520234415,0.299148932,-0.299148932,0.800494019,-0.800494019,1.511216601,-1.511216601,-0.091942333,0.091942333,-1.561809959,0.252010849,0.59223319,-2.029360539,1.828740304,-0.305692765,0.560130528,0.268427921,0.252594585,0.184155391,0.05858996,-0.01011855,-0.061966244,0.256644849,-0.088199486
30706,1913,"(1770, 12201]",Grasslands,-0.283122308,0.283122308,-1.986453676,1.986453676,-0.492452354,0.492452354,-0.037783825,0.037783825,-0.705844407,0.705844407,-1.31331531,1.31331531,1.031312355,-1.031312355,-1.4506948,1.4506948,1.191889789,-1.191889789,-0.406382565,0.406382565,-0.892279993,0.892279993,0.58719773,-0.58719773,0.283122308,-0.283122308,0.826989138,-0.826989138,-0.071391265,0.071391265,1.541462456,1.624287607,-0.46960879,-0.217476776,0.784018238,0.004829344,0.085678653,0.488221629,0.109675307,-0.125606526,-0.071009757,-0.364568446,0.037723891,0.233673419,-0.037377713
30707,3761,"(1770, 12201]",Grasslands,0.076621618,-0.076621618,-1.595394676,1.595394676,-0.395494268,0.395494268,0.089497128,-0.089497128,-1.006304651,1.006304651,-1.33708741,1.33708741,1.175633435,-1.175633435,-1.124322358,1.124322358,1.293746135,-1.293746135,-0.512760654,0.512760654,-1.271688836,1.271688836,0.620607278,-0.620607278,0.533389857,-0.533389857,1.044898614,-1.044898614,-0.092717123,0.092717123,0.494581677,0.736817541,0.308220555,-1.056908908,0.993250059,-0.595092071,0.153521822,0.15582034,0.009249569,0.018757055,0.245851802,-0.067726595,0.050410606,0.145181703,-0.076857671
30708,37,"[31, 565]",Grasslands,-0.05395925,0.05395925,-1.637272841,1.637272841,0.162193115,-0.162193115,-0.732369491,0.732369491,-0.858265339,0.858265339,-1.132197806,1.132197806,0.732369491,-0.732369491,-2.102126304,2.102126304,0.732369491,-0.732369491,-0.495404918,0.495404918,-1.284515,1.284515,1.132197806,-1.132197806,0.382209028,-0.382209028,1.132197806,-1.132197806,0.27138424,-0.27138424,0.884782625,3.172151274,1.941576018,0.796942654,-1.14224336,0.372132301,0.989825302,-0.066877802,-1.099783761,0.089547446,-1.031304277,-0.240154489,0.15188612,0.583596185,-0.599569731
30709,1326,"(565, 1770]",Grasslands,0.698474987,-0.698474987,-1.548598681,1.548598681,0.19001614,-0.19001614,-0.028797853,0.028797853,-1.009994921,1.009994921,-1.491982184,1.491982184,0.774626555,-0.774626555,-1.017753241,1.017753241,1.389184979,-1.389184979,-0.574546067,0.574546067,-1.365629826,1.365629826,0.564694829,-0.564694829,0.269882463,-0.269882463,1.674240119,-1.674240119,0.040926149,-0.040926149,-0.772317604,1.14065928,-0.318578793,-0.560577501,0.296188112,-0.797225134,0.190409307,0.327552518,0.3632655,-0.510775653,-0.024228145,0.234453783,0.43431274,0.167034511,-0.077707765
30710,364,"[31, 565]",Grasslands,0.397728005,-0.397728005,-0.849347104,0.849347104,0.127341284,-0.127341284,-0.071909375,0.071909375,-1.17481866,1.17481866,-1.12936257,1.12936257,0.720806661,-0.720806661,-1.237182016,1.237182016,1.12936257,-1.12936257,-0.746033168,0.746033168,-1.190214697,1.190214697,0.443950208,-0.443950208,0.597740004,-0.597740004,1.47474069,-1.47474069,-0.27260197,0.27260197,-0.891249502,0.885806367,0.582962021,-0.25539363,1.903298087,0.075418225,0.718830088,0.16544281,0.157186298,0.200130855,-0.187309329,-0.295316278,-0.46710894,0.192986873,0.117388246
30711,1956,"(1770, 12201]",Grasslands,0.183083916,-0.183083916,-1.968564128,1.968564128,-0.222463693,0.222463693,-0.152095807,0.152095807,-0.926783357,0.926783357,-1.373625156,1.373625156,0.714032302,-0.714032302,-1.33587661,1.33587661,1.317310766,-1.317310766,-0.414043073,0.414043073,-1.351503224,1.351503224,0.702434422,-0.702434422,0.310172384,-0.310172384,1.295899091,-1.295899091,0.086211976,-0.086211976,0.287273695,1.777034771,0.251733642,-0.436495357,-0.141463596,-0.43457988,0.061341805,0.352540916,0.304231448,-0.208741887,-0.003906867,0.248873634,0.312386644,-0.01619832,0.004713749
30712,2207,"(1770, 12201]",Grasslands,0.061056174,-0.061056174,-1.699718447,1.699718447,-0.341255825,0.341255825,0.08842488,-0.08842488,-0.872200972,0.872200972,-1.470657786,1.470657786,1.049779695,-1.049779695,-1.197404226,1.197404226,1.308092308,-1.308092308,-0.559871154,0.559871154,-0.982091639,0.982091639,0.587536695,-0.587536695,0.401598252,-0.401598252,1.042676392,-1.042676392,-0.16710133,0.16710133,0.714121573,0.717355903,-0.457401427,-0.371915125,1.09076008,-0.357174423,-0.081538329,0.255951144,0.034505493,0.004678392,0.042591785,-0.134106296,-0.005825304,0.227430636,-0.021886429
30713,1256,"(565, 1770]",Grasslands,0.977449579,-0.977449579,-0.690456643,0.690456643,0.42858253,-0.42858253,0.046204732,-0.046204732,-1.360842762,1.360842762,-1.293539904,1.293539904,1.188241692,-1.188241692,-0.669046188,0.669046188,1.400533715,-1.400533715,-0.669046188,0.669046188,-1.852282852,1.852282852,0.362333977,-0.362333977,0.803673556,-0.803673556,2.049530669,-2.049530669,-0.036642714,0.036642714,-2.216537335,0.279768756,0.992419635,-2.275785825,1.381765634,-1.380981873,0.58415576,0.138675796,0.353977315,-0.077571107,0.003636904,-0.162065829,0.094995003,0.300750742,-0.081021194
30714,323,"[31, 565]",Grasslands,0.268988247,-0.268988247,-1.942623941,1.942623941,-0.093339108,0.093339108,-0.068425713,0.068425713,-1.002877634,1.002877634,-1.329125025,1.329125025,0.705667118,-0.705667118,-1.067179508,1.067179508,1.184876583,-1.184876583,-0.776791879,0.776791879,-1.367116988,1.367116988,0.345388199,-0.345388199,0.319821259,-0.319821259,1.507411586,-1.507411586,-0.168284548,0.168284548,-0.49947263,0.866873303,-0.103596538,-0.567054536,1.320468277,0.171631399,0.378730429,0.26451261,0.819130953,-0.534262666,-0.628870733,0.10307253,0.468336146,-0.182953691,0.157880584
30715,1879,"(1770, 12201]",Grasslands,0.1342696,-0.1342696,-2.017582105,2.017582105,-0.259937356,0.259937356,-0.207745313,0.207745313,-1.148779843,1.148779843,-1.205361359,1.205361359,0.841063406,-0.841063406,-1.266847565,1.266847565,1.125447623,-1.125447623,-0.387682668,0.387682668,-1.704827633,1.704827633,0.670818003,-0.670818003,0.425678926,-0.425678926,1.483232725,-1.483232725,0.240327828,-0.240327828,-0.042812485,1.827319984,1.179184237,-1.305105429,-0.48992572,-0.395249736,0.82733464,0.167345476,0.484326278,-0.350344599,-0.066086302,0.154780343,0.454524005,-0.102557455,-0.034015949
30716,1307,"(565, 1770]",Grasslands,0.043130314,-0.043130314,-1.550371277,1.550371277,-0.123366595,0.123366595,-0.200889739,0.200889739,-0.859360584,0.859360584,-1.209964953,1.209964953,0.811909239,-0.811909239,-1.322181173,1.322181173,1.290039733,-1.290039733,-0.529518865,0.529518865,-1.254010906,1.254010906,0.549378028,-0.549378028,0.367553341,-0.367553341,1.162694832,-1.162694832,-0.080129587,0.080129587,0.165174774,1.828321624,0.176901576,-0.402130942,0.9875988,-0.198598644,0.102790388,0.38645856,0.195950175,-0.076963637,-0.208838676,-0.10190677,0.248666826,0.064181174,0.04860829
30717,2933,"(1770, 12201]",Grasslands,0.451372214,-0.451372214,-2.033494838,2.033494838,-0.126202056,0.126202056,0.082242948,-0.082242948,-0.943846441,0.943846441,-1.55786376,1.55786376,0.740317242,-0.740317242,-1.089578262,1.089578262,1.292711621,-1.292711621,-0.554944289,0.554944289,-1.106010892,1.106010892,0.635679622,-0.635679622,0.211759106,-0.211759106,1.541269527,-1.541269527,0.072638939,-0.072638939,0.054715791,0.878929869,-0.684235615,-0.277061475,-0.093360835,-0.360784107,0.226386852,0.429896492,0.265011488,-0.561128624,0.076172132,0.235487658,0.330477235,0.133435798,0.015817433
30718,637,"(565, 1770]",Grasslands,-0.333094565,0.333094565,-2.197084882,2.197084882,-0.760796835,0.760796835,0.2944376,-0.2944376,-0.591925725,0.591925725,-1.462891188,1.462891188,1.452629693,-1.452629693,-1.196872778,1.196872778,1.412222014,-1.412222014,-0.564617366,0.564617366,-0.696366884,0.696366884,0.530766791,-0.530766791,0.166982866,-0.166982866,0.797245737,-0.797245737,-0.249610232,0.249610232,2.002949778,0.63032291,-1.553706438,-0.470625804,1.581422398,-0.18948102,-0.607631418,0.189996546,-0.061222709,-0.643372034,0.208894046,-0.263826206,0.160001713,0.2847957,0.007419157
30719,1740,"(565, 1770]",Grasslands,0.281705738,-0.281705738,-2.0645137,2.0645137,-0.15062075,0.15062075,0.125057785,-0.125057785,-0.989424649,0.989424649,-1.34053694,1.34053694,1.01296502,-1.01296502,-0.948826989,0.948826989,1.401412469,-1.401412469,-0.776983887,0.776983887,-1.007055812,1.007055812,0.310072563,-0.310072563,0.446729614,-0.446729614,1.274968508,-1.274968508,-0.020816594,0.020816594,-0.257626604,0.503963965,-0.93171092,-1.331352237,1.194826282,0.368395509,0.077365362,0.511292389,0.314528776,-0.192129253,-0.004323492,-0.058646058,0.271256356,0.22790758,-0.093581823
30721,1786,"(1770, 12201]",Grasslands,0.169365996,-0.169365996,-1.957136519,1.957136519,-0.281189213,0.281189213,-0.054081114,0.054081114,-1.092955167,1.092955167,-1.27174097,1.27174097,0.83363359,-0.83363359,-1.265166514,1.265166514,1.200704345,-1.200704345,-0.723912358,0.723912358,-1.120096735,1.120096735,0.515771701,-0.515771701,0.378422087,-0.378422087,1.188078493,-1.188078493,-0.069866157,0.069866157,0.048297891,0.996934264,-0.054547326,-0.524513451,0.872151443,0.462339777,0.413899904,0.019236705,0.276351306,-0.148411609,-0.113946105,0.064866688,0.100143165,0.011348457,-0.111533086
30722,3227,"(1770, 12201]",Grasslands,0.512422749,-0.512422749,-1.249758098,1.249758098,-0.04741407,0.04741407,0.071137769,-0.071137769,-1.13114639,1.13114639,-1.317691676,1.317691676,1.099277735,-1.099277735,-0.928416868,0.928416868,1.398188085,-1.398188085,-0.64110186,0.64110186,-1.370927353,1.370927353,0.504443472,-0.504443472,0.608144692,-0.608144692,1.382556039,-1.382556039,-0.073636049,0.073636049,-0.692807255,0.549288444,0.245064118,-1.371724748,1.213418914,-0.682402545,0.204575303,0.207793643,0.042612403,0.036712754,0.235287236,-0.043902229,0.078831133,0.182675649,-0.118833666
30723,2706,"(1770, 12201]",Grasslands,-0.716392217,0.716392217,-2.579494456,2.579494456,-1.058503261,1.058503261,0.068751895,-0.068751895,-0.72147881,0.72147881,-1.406957667,1.406957667,1.385820078,-1.385820078,-1.646334752,1.646334752,1.292738925,-1.292738925,-0.199362082,0.199362082,-0.907674479,0.907674479,0.864308065,-0.864308065,0.466968024,-0.466968024,0.569163631,-0.569163631,-0.12566261,0.12566261,2.870428745,1.255034789,0.214362991,-0.531084769,0.296982064,-0.267715918,-0.710554084,0.036630106,-0.103725301,0.221104368,0.363919257,-0.342644007,-0.315267031,0.263524154,-0.005947551
30725,3650,"(1770, 12201]",Grasslands,0.447827905,-0.447827905,-1.979871318,1.979871318,-0.134890541,0.134890541,0.091695091,-0.091695091,-0.959418264,0.959418264,-1.446066183,1.446066183,0.779024199,-0.779024199,-1.065315681,1.065315681,1.244075838,-1.244075838,-0.605135003,0.605135003,-1.127065431,1.127065431,0.555947573,-0.555947573,0.266523386,-0.266523386,1.511802326,-1.511802326,0.079528935,-0.079528935,-0.054345712,0.868627459,-0.586393948,-0.550193313,0.17860096,-0.152006259,0.428077263,0.527479532,0.25754774,-0.582817789,0.02192768,0.146982709,0.296111302,0.11549867,-0.017761126
30726,610,"(565, 1770]",Grasslands,0.198271541,-0.198271541,-1.581198973,1.581198973,0.151803001,-0.151803001,-0.006587509,0.006587509,-0.820445081,0.820445081,-1.333967906,1.333967906,0.931537014,-0.931537014,-1.065482947,1.065482947,1.374360228,-1.374360228,-0.53973041,0.53973041,-1.394925726,1.394925726,0.561027782,-0.561027782,0.568154328,-0.568154328,1.19029123,-1.19029123,-0.165060867,0.165060867,-0.089657495,0.961018564,0.434866474,-0.774042477,1.279476341,-0.732617549,-0.303759704,0.732171075,0.200129098,-0.006284263,-0.154157856,0.000732208,0.348081514,0.358556563,0.070142331
30801,105,"[31, 565]",Grasslands,0.509761228,-0.509761228,-1.55942296,1.55942296,-0.115281811,0.115281811,-0.231334794,0.231334794,-0.996188911,0.996188911,-1.699450247,1.699450247,0.854546657,-0.854546657,-1.255726519,1.255726519,1.37063024,-1.37063024,-0.428678719,0.428678719,-1.774844617,1.774844617,0.809128888,-0.809128888,0.192516244,-0.192516244,1.699450247,-1.699450247,0.076807275,-0.076807275,-0.26638829,1.665483625,0.489492143,-0.399954776,-0.494612565,-1.624326863,-0.003491999,-0.334475134,0.350875933,-0.538108162,-0.447791013,0.581261689,0.620778285,-0.17380026,-0.091152409
30803,35,"[31, 565]",Grasslands,2.787071787,-2.787071787,-3.49298798,3.49298798,0.171505557,-0.171505557,2.787071787,-2.787071787,-2.356617631,2.356617631,-2.787071787,2.787071787,2.040109298,-2.040109298,0.914195864,-0.914195864,1.058335863,-1.058335863,-1.785949842,1.785949842,-1.382556039,1.382556039,0.914195864,-0.914195864,1.570926144,-1.570926144,2.356617631,-2.356617631,-1.785949842,1.785949842,-1.617396831,-12.42777602,1.402324049,-0.808499238,4.390358775,-1.574208211,-1.370322589,-1.473886713,1.1320398,-1.55541374,1.727810597,1.447344799,-1.472733039,1.173928682,-0.231261365
30902,78,"[31, 565]",Grasslands,0.153841777,-0.153841777,-1.431135328,1.431135328,0.309525914,-0.309525914,0.415305627,-0.415305627,-1.130322766,1.130322766,-1.604655121,1.604655121,1.27436065,-1.27436065,-0.257308777,0.257308777,1.515487796,-1.515487796,-1.431135328,1.431135328,-1.910299276,1.910299276,0.102448897,-0.102448897,0.932161941,-0.932161941,1.699450247,-1.699450247,-0.809128888,0.809128888,-2.01247613,-2.289230572,0.54237543,-1.983690069,4.35846792,-0.705883411,-0.841113441,-0.200502997,0.710493233,-0.226734079,-1.226160715,0.700941558,0.783397368,0.127025564,0.648035632
30903,49,"[31, 565]",Grasslands,0.631174431,-0.631174431,-1.357344141,1.357344141,0.631174431,-0.631174431,0.370804782,-0.370804782,-1.48744945,1.48744945,-1.123259692,1.123259692,1.785949842,-1.785949842,-0.122356995,0.122356995,1.236534877,-1.236534877,-1.962446033,1.962446033,-1.629218615,1.629218615,0.370804782,-0.370804782,1.016167622,-1.016167622,2.166112447,-2.166112447,-0.914195864,0.914195864,-2.780241677,-3.275012515,1.374206692,-1.682156009,4.868330641,0.60350672,-0.340375435,-1.358465748,-0.778436286,-0.956753878,-0.759464241,-0.027023585,0.843137073,0.620577578,0.143362206
30904,68,"[31, 565]",Grasslands,0.478578848,-0.478578848,-2.007571634,2.007571634,-0.058722986,0.058722986,0.73598997,-0.73598997,-1.640185477,1.640185477,-1.17572084,1.17572084,1.75225266,-1.75225266,-0.235912551,0.235912551,1.25900082,-1.25900082,-1.17572084,1.17572084,-2.756793541,2.756793541,0.604850738,-0.604850738,1.17572084,-1.17572084,2.007571634,-2.007571634,-0.478578848,0.478578848,-1.742029524,-2.745936553,3.407009359,-3.573221708,2.690185305,-1.265733987,0.019281388,-0.799199967,0.428939933,-1.271686216,0.05389891,1.196729206,0.588826606,0.100847982,0.292306484
30907,940,"(565, 1770]",Grasslands,0.675740824,-0.675740824,-1.386541753,1.386541753,0.243785434,-0.243785434,0.32631188,-0.32631188,-1.150535498,1.150535498,-1.584428189,1.584428189,1.16809566,-1.16809566,-0.549675226,0.549675226,1.413360618,-1.413360618,-0.748019402,0.748019402,-1.373292833,1.373292833,0.595822324,-0.595822324,0.64259417,-0.64259417,1.525309372,-1.525309372,-0.343817792,0.343817792,-0.893748345,-0.954556721,0.203382855,-0.907780623,1.71002907,-1.186533914,-0.235823745,0.122094856,0.142470955,-0.168206488,0.36135142,0.061367845,0.3772083,0.429590021,0.056329369
30908,89,"[31, 565]",Grasslands,-0.157313015,0.157313015,-2.305042203,2.305042203,0.527738814,-0.527738814,-0.247960326,0.247960326,-1.368628594,1.368628594,-1.172064095,1.172064095,0.527738814,-0.527738814,-1.172064095,1.172064095,1.30065361,-1.30065361,-0.432743147,0.432743147,-1.591301072,1.591301072,1.110940349,-1.110940349,0.527738814,-0.527738814,1.30065361,-1.30065361,-0.432743147,0.432743147,-0.305928072,0.78497857,2.477787882,0.796603889,0.539133023,-0.324809612,-0.642039189,-0.607721338,0.665560594,0.199678014,0.874430182,0.285350682,0.744330381,0.511571907,0.479895262
31001,158,"[31, 565]",Grasslands,0.333522569,-0.333522569,-2.531191233,2.531191233,-0.306402567,0.306402567,0.145661555,-0.145661555,-0.555844994,0.555844994,-1.349902938,1.349902938,1.052420213,-1.052420213,-1.390819611,1.390819611,2.438148204,-2.438148204,-0.671897005,0.671897005,-0.584490029,0.584490029,-0.092596275,0.092596275,-0.039660986,0.039660986,2.124410705,-2.124410705,0.119107976,-0.119107976,-0.377283178,2.522733409,-3.988683751,-1.980659091,1.100826411,0.521523211,-2.231779348,0.574640006,0.831115713,-0.992833548,0.205547564,0.213111277,-0.403873267,0.346893759,0.299084957
31002,63,"[31, 565]",Grasslands,-1.139290866,1.139290866,-3.371700976,3.371700976,-0.667612651,0.667612651,-0.324761365,0.324761365,-1.423202222,1.423202222,-0.324761365,0.324761365,0.891787449,-0.891787449,-1.529524769,1.529524769,1.22901572,-1.22901572,-0.258987393,0.258987393,-2.422376734,2.422376734,0.740317242,-0.740317242,0.971185551,-0.971185551,0.971185551,-0.971185551,0.258987393,-0.258987393,0.538341797,2.588229577,4.223975422,-3.266157211,-0.264724973,0.911543449,0.244336667,0.072963373,1.033920571,0.111136003,0.624685009,0.605848383,0.560713081,-0.247126664,0.481052579
31003,1038,"(565, 1770]",Grasslands,1.482007738,-1.482007738,-2.884882307,2.884882307,-0.052899688,0.052899688,0.468712464,-0.468712464,-1.443520786,1.443520786,-2.373370295,2.373370295,0.953572535,-0.953572535,-0.456319859,0.456319859,1.18533599,-1.18533599,-1.369173131,1.369173131,-0.382648226,0.382648226,0.506107452,-0.506107452,-0.052899688,0.052899688,2.965943102,-2.965943102,0.119628712,-0.119628712,-1.490848822,-2.419931568,-3.361780747,0.017705489,-0.943607549,0.766351734,0.671506696,-0.918724319,-0.01843632,-1.466092066,-0.383764397,0.185604317,0.449894116,0.29918942,-0.217149177
31004,6103,"(1770, 12201]",Grasslands,0.646559135,-0.646559135,-2.535397506,2.535397506,-0.252033623,0.252033623,0.215580883,-0.215580883,-1.035458454,1.035458454,-1.783823892,1.783823892,0.72579011,-0.72579011,-1.011489397,1.011489397,1.263284181,-1.263284181,-0.794810518,0.794810518,-0.718980641,0.718980641,0.54695091,-0.54695091,-0.001664728,0.001664728,1.893492845,-1.893492845,0.200099324,-0.200099324,-0.078705429,0.243061742,-2.070602174,-0.150960743,-0.662390282,0.39079365,0.481517049,0.147516401,0.219475378,-0.970724644,-0.038638265,0.316269999,0.322796163,0.145918036,-0.069866132
31005,347,"[31, 565]",Grasslands,0.91217946,-0.91217946,-2.628297294,2.628297294,-0.255203739,0.255203739,0.15027118,-0.15027118,-0.940569848,0.940569848,-1.893937136,1.893937136,0.278692772,-0.278692772,-1.073038848,1.073038848,1.247707936,-1.247707936,-0.91217946,0.91217946,-0.606336407,0.606336407,0.5437426,-0.5437426,-0.290465597,0.290465597,1.919549544,-1.919549544,-0.080807272,0.080807272,-0.190157228,0.218184196,-2.537702184,1.350396565,-0.170728156,0.597608296,0.141585148,0.028908063,0.668659901,-1.324778807,-0.321754684,0.568298816,0.424867388,-0.333473901,0.066073281
31006,607,"(565, 1770]",Grasslands,0.109343079,-0.109343079,-2.684562425,2.684562425,-0.517711345,0.517711345,0.249546699,-0.249546699,-0.860405755,0.860405755,-1.646819429,1.646819429,0.900346701,-0.900346701,-1.174640669,1.174640669,1.518076172,-1.518076172,-0.714066991,0.714066991,-0.767060349,0.767060349,0.510643791,-0.510643791,0.222694461,-0.222694461,0.974001318,-0.974001318,-0.202608145,0.202608145,0.903796522,0.228662024,-1.515490623,-0.21871197,0.925031845,0.321297578,-0.790139461,0.17374468,0.49284051,-0.273219181,0.141013772,0.407614402,0.129729619,0.080336357,-0.037798476
31007,2074,"(1770, 12201]",Grasslands,0.858391084,-0.858391084,-1.639975212,1.639975212,-0.025291898,0.025291898,-0.009727211,0.009727211,-0.997328907,0.997328907,-1.439325382,1.439325382,0.485973341,-0.485973341,-1.116784847,1.116784847,1.347737309,-1.347737309,-0.821443591,0.821443591,-0.926815342,0.926815342,0.53577899,-0.53577899,0.214819274,-0.214819274,1.739812092,-1.739812092,-0.023346183,0.023346183,-0.850130029,0.902094351,-1.0030424,0.168510358,0.514710578,0.248002375,0.192703536,0.381618146,0.008765499,-0.487913123,-0.063671383,0.22439682,0.039074478,-0.098005333,-0.014250894
31008,400,"[31, 565]",Grasslands,1.610666111,-1.610666111,-1.845470577,1.845470577,0.140654101,-0.140654101,-0.030092843,0.030092843,-0.874200166,0.874200166,-1.574954404,1.574954404,0.181036263,-0.181036263,-1.143258576,1.143258576,1.439830289,-1.439830289,-0.99814847,0.99814847,-0.850174838,0.850174838,0.555486565,-0.555486565,0.030092843,-0.030092843,2.425623482,-2.425623482,-0.040126147,0.040126147,-1.583246727,0.836008656,-1.61398804,0.907615003,0.144030679,0.392649307,-0.31707665,0.513072529,-0.050078374,-1.186440185,-0.451244868,0.423054184,-0.047671568,-0.323185091,-0.030859343
31009,2600,"(1770, 12201]",Grasslands,0.912838327,-0.912838327,-2.05050297,2.05050297,0.045053714,-0.045053714,0.147833444,-0.147833444,-1.109442345,1.109442345,-1.715543495,1.715543495,0.72266895,-0.72266895,-0.907145241,0.907145241,1.311424003,-1.311424003,-0.826987209,0.826987209,-0.90335749,0.90335749,0.611756808,-0.611756808,0.144710169,-0.144710169,1.905079054,-1.905079054,0.040391644,-0.040391644,-0.726430415,0.058956989,-1.340417417,0.004413636,-0.095232849,-0.030533371,0.279152237,0.04487006,0.092181661,-0.753794391,0.058543462,0.261734219,0.347505663,0.182106319,-0.125619438
31010,52,"[31, 565]",Grasslands,0.309525914,-0.309525914,-1.55942296,1.55942296,0,0,0.153841777,-0.153841777,-1.095952713,1.095952713,-1.431135328,1.431135328,1.200947989,-1.200947989,-0.309525914,0.309525914,1.55942296,-1.55942296,-0.634632286,0.634632286,-1.095952713,1.095952713,-0.153841777,0.153841777,0.996188911,-0.996188911,1.095952713,-1.095952713,0,0,-1.254555029,-0.336040795,-1.071158617,-3.204402652,2.082176924,-0.228785171,0.195259021,1.422322859,0.889863171,1.19985332,0.066778892,-0.860130792,0.384549108,0.233264184,0.018763436
31011,417,"[31, 565]",Grasslands,0.077805772,-0.077805772,-3.115473178,3.115473178,-1.113286295,1.113286295,0.614877162,-0.614877162,-0.649195727,0.649195727,-2.356617631,2.356617631,1.099407394,-1.099407394,-1.198706402,1.198706402,0.978543348,-0.978543348,-0.480838803,0.480838803,-0.458934966,0.458934966,0.863968525,-0.863968525,0.067423202,-0.067423202,1.113286295,-1.113286295,-0.119383626,0.119383626,2.918150094,-1.195413255,-2.030851381,0.800630379,-0.681232912,-0.535078837,-0.080875206,0.29398236,0.125528877,-0.727721933,-0.27994272,0.171464031,-0.150899181,0.130013076,-0.04320685
31012,1806,"(1770, 12201]",Grasslands,0.465948591,-0.465948591,-2.566479569,2.566479569,-0.414409427,0.414409427,0.170091903,-0.170091903,-0.927506324,0.927506324,-1.674364458,1.674364458,0.649266479,-0.649266479,-1.11387059,1.11387059,1.231382087,-1.231382087,-0.689141091,0.689141091,-0.822659355,0.822659355,0.68663372,-0.68663372,0.064770097,-0.064770097,1.500154158,-1.500154158,0.080419474,-0.080419474,0.49788054,0.450970799,-1.339851799,0.201157294,-0.427846274,0.260747391,0.205161093,0.305522189,0.152794892,-0.796478997,0.073939108,0.394520406,0.3472599,-0.051401085,-0.025165131
31013,258,"[31, 565]",Grasslands,1.019825887,-1.019825887,-2.263435614,2.263435614,-0.385257246,0.385257246,0.163460925,-0.163460925,-0.810530592,0.810530592,-1.715543495,1.715543495,0.179108347,-0.179108347,-1.185888699,1.185888699,1.185888699,-1.185888699,-0.847246084,0.847246084,-0.703317323,0.703317323,0.865806699,-0.865806699,0.007766607,-0.007766607,2.054353326,-2.054353326,-0.194777669,0.194777669,0.015898534,0.091728717,-1.181595711,1.763857516,-0.126621497,0.290052012,-0.249501535,0.396580161,-0.198776638,-1.149143053,-0.146202664,0.472837156,-0.086557299,-0.454316467,0.318889579
31014,536,"[31, 565]",Grasslands,0.242204512,-0.242204512,-2.467029689,2.467029689,-0.365558277,0.365558277,0.173673653,-0.173673653,-0.91815002,0.91815002,-1.517123346,1.517123346,0.757315123,-0.757315123,-0.872424222,0.872424222,1.517123346,-1.517123346,-0.783433379,0.783433379,-0.342246775,0.342246775,0.067814928,-0.067814928,0.219305816,-0.219305816,1.347692465,-1.347692465,0.295892218,-0.295892218,-0.16575512,0.742151192,-3.161437796,-1.40853424,0.317081273,1.243612036,0.346213034,1.056169836,0.408974972,-0.002637042,0.186353499,-0.219929548,0.234971515,0.170588188,-0.005384816
31015,2124,"(1770, 12201]",Grasslands,0.644391618,-0.644391618,-2.201530596,2.201530596,-0.268043882,0.268043882,0.21608334,-0.21608334,-0.898992469,0.898992469,-1.550619579,1.550619579,0.784098407,-0.784098407,-0.943224459,0.943224459,1.400390606,-1.400390606,-0.837514151,0.837514151,-0.476277182,0.476277182,0.326206,-0.326206,0.145333284,-0.145333284,1.505313601,-1.505313601,0.084441926,-0.084441926,-0.136763911,0.385951448,-2.484223689,-0.450269758,0.523377473,0.74821631,0.195405782,0.671253463,0.08343466,-0.53087642,0.14438122,-0.097799795,0.124273247,0.132244239,-0.138958505
31201,1650,"(565, 1770]",Mediterranean Scrub,-0.019886165,0.019886165,-2.729134062,2.729134062,-0.734821716,0.734821716,0.262494219,-0.262494219,-0.92595987,0.92595987,-1.932037052,1.932037052,0.895581679,-0.895581679,-1.224214252,1.224214252,1.274453962,-1.274453962,-0.481365267,0.481365267,-0.795039285,0.795039285,0.70378684,-0.70378684,0.03728965,-0.03728965,1.915273616,-1.915273616,0.481365267,-0.481365267,1.085200775,0.764554502,-1.955454741,-0.797190191,-1.930315233,-0.145405647,0.532253017,0.222410054,-0.006730645,-0.766658574,0.007212109,0.432613902,0.119940909,0.217331381,0.242585681
31202,5796,"(1770, 12201]",Mediterranean Scrub,0.149350481,-0.149350481,-2.335115545,2.335115545,-0.642616158,0.642616158,0.277700262,-0.277700262,-1.205371672,1.205371672,-1.669486083,1.669486083,1.07648335,-1.07648335,-0.89709078,0.89709078,1.285913094,-1.285913094,-0.97051835,0.97051835,-0.694606915,0.694606915,0.589889934,-0.589889934,0.123428768,-0.123428768,2.387444494,-2.387444494,0.508805996,-0.508805996,-0.239914637,0.10171446,-2.151928804,-1.447656443,-1.241290179,0.717841142,1.023407521,-0.334876553,-0.772627141,-1.004592317,0.14699854,0.298574689,0.265999266,0.206109832,0.295021946
31203,8210,"(1770, 12201]",Mediterranean Scrub,0.062170549,-0.062170549,-2.567820426,2.567820426,-0.774053212,0.774053212,0.342306643,-0.342306643,-1.156371017,1.156371017,-1.725925343,1.725925343,1.147925309,-1.147925309,-0.91896047,0.91896047,1.298510888,-1.298510888,-1.043960237,1.043960237,-0.657573036,0.657573036,0.63764377,-0.63764377,-0.004109132,0.004109132,2.681941283,-2.681941283,0.583032341,-0.583032341,-0.0613612,0.059139048,-2.513922903,-1.476493744,-1.616136421,0.816436987,0.97122624,-0.52224019,-0.974970308,-1.479514802,0.051086517,0.452622591,0.330705628,0.21393393,0.427507645
31302,688,"(565, 1770]",Deserts & Drylands,0.362793756,-0.362793756,-1.574797084,1.574797084,-0.24139822,0.24139822,-0.139620689,0.139620689,-1.137858929,1.137858929,-1.513429388,1.513429388,1.058778973,-1.058778973,-1.11380373,1.11380373,1.31547334,-1.31547334,-0.461809058,0.461809058,-1.728553092,1.728553092,0.608288852,-0.608288852,0.277591703,-0.277591703,1.927333128,-1.927333128,0.127704242,-0.127704242,-0.465506027,1.433207621,0.358218853,-1.268087879,-0.165185467,-1.228034728,0.461648973,-0.374451503,0.509884049,-0.645205322,-0.27014054,0.175866493,0.471305529,-0.133048454,0.062353559
31303,101,"[31, 565]",Deserts & Drylands,1.820822648,-1.820822648,-1.333967906,1.333967906,0.812697086,-0.812697086,-0.019763099,0.019763099,-0.907295376,0.907295376,-1.740760059,1.740760059,0.956036884,-0.956036884,-0.46261405,0.46261405,1.109153719,-1.109153719,-1.394925726,1.394925726,-0.76668202,0.76668202,-0.019763099,0.019763099,0.218249218,-0.218249218,3.85372611,-3.85372611,-0.676872238,0.676872238,-2.980906041,-1.391907403,-2.068658599,0.601054331,2.865632141,0.190055141,-0.166050974,-0.085236361,0.569082814,-1.826156365,-1.959127719,-1.678077632,0.14145185,0.225344854,0.463638282
31305,251,"[31, 565]",Deserts & Drylands,0.327448942,-0.327448942,-1.362438033,1.362438033,-0.146309806,0.146309806,-0.228172716,0.228172716,-1.195689985,1.195689985,-1.241764618,1.241764618,0.841539783,-0.841539783,-1.265246545,1.265246545,1.362438033,-1.362438033,-0.496803311,0.496803311,-2.00528754,2.00528754,0.784358143,-0.784358143,0.462444632,-0.462444632,1.790671284,-1.790671284,0.1626346,-0.1626346,-0.812263201,1.906212065,1.581400758,-1.329636337,-0.216770142,-1.114824464,0.361774179,-0.271424818,0.098654178,-0.405012365,-0.07591001,0.660657127,0.360027729,-0.201675341,0.109696815
31306,300,"[31, 565]",Deserts & Drylands,0.606593317,-0.606593317,-1.146135951,1.146135951,0.020299083,-0.020299083,-0.432902428,0.432902428,-0.969269056,0.969269056,-1.320422581,1.320422581,0.952365832,-0.952365832,-1.340882732,1.340882732,1.469184847,-1.469184847,-0.461342713,0.461342713,-1.514313474,1.514313474,0.696726909,-0.696726909,0.432902428,-0.432902428,2.133607563,-2.133607563,0.224216893,-0.224216893,-0.913887544,2.382563425,0.481934561,-1.042842194,-0.373238021,-0.974891213,-0.054529669,0.003676754,-0.364820039,-0.182769107,-0.333679347,-0.267929028,0.129976372,0.069352668,-0.028902415
31307,156,"[31, 565]",Deserts & Drylands,0.382940326,-0.382940326,-2.285647431,2.285647431,-0.222694461,0.222694461,0.117547397,-0.117547397,-1.139863766,1.139863766,-1.28763272,1.28763272,0.905089693,-0.905089693,-0.969601774,0.969601774,1.139863766,-1.139863766,-0.065252162,0.065252162,-1.72658632,1.72658632,0.548206947,-0.548206947,0.382940326,-0.382940326,1.888145682,-1.888145682,0.437351986,-0.437351986,-0.006208421,1.495380699,0.620838202,-2.076813512,-1.206700147,-1.028225715,1.141262395,0.901917039,1.120851349,-0.855256702,0.509644958,-0.073756308,0.373150765,0.077009227,0.144050487
31309,1429,"(565, 1770]",Deserts & Drylands,0.641131225,-0.641131225,-1.473292293,1.473292293,0.090660991,-0.090660991,-0.110529853,0.110529853,-1.190565578,1.190565578,-1.544889193,1.544889193,0.714019115,-0.714019115,-1.031024269,1.031024269,1.309135904,-1.309135904,-0.554550136,0.554550136,-1.210465047,1.210465047,0.61616878,-0.61616878,0.201697422,-0.201697422,1.927864281,-1.927864281,0.045307221,-0.045307221,-0.874220099,1.080777976,-0.439519519,-0.187287825,-0.056488789,-0.631908489,0.51505095,-0.146093122,0.38628964,-0.384004616,0.132248618,-0.029414665,0.315002976,0.086183082,0.080417537
31310,130,"[31, 565]",Deserts & Drylands,0.576858865,-0.576858865,-1.46224792,1.46224792,-0.156255273,0.156255273,0.031190153,-0.031190153,-1.095952713,1.095952713,-1.014537396,1.014537396,1.269683846,-1.269683846,-1.014537396,1.014537396,1.014537396,-1.014537396,-0.411134087,0.411134087,-1.46224792,1.46224792,0.715121959,-0.715121959,0.509761228,-0.509761228,1.804185621,-1.804185621,0,0,-0.044986768,0.926256008,1.210558549,-1.111649012,0.553804552,-0.708123924,0.86496055,0.224207872,-0.117786639,-0.892494506,0.449304917,-0.758469461,0.078362876,0.200585459,-0.080592803
31311,1330,"(565, 1770]",Deserts & Drylands,-0.669046188,0.669046188,-2.644798653,2.644798653,-0.910299797,0.910299797,-0.228789396,0.228789396,-0.755635252,0.755635252,-1.331675728,1.331675728,1.224180356,-1.224180356,-1.785949842,1.785949842,1.046707884,-1.046707884,-0.142013703,0.142013703,-1.575405151,1.575405151,0.902526993,-0.902526993,0.451982889,-0.451982889,1.256214803,-1.256214803,0.398664353,-0.398664353,2.161656749,2.468525315,1.287537056,-1.474612169,-1.480995007,-0.473431699,0.329609409,0.236895582,-0.128634405,-0.311700741,-0.543750966,-0.011552764,0.123800658,0.093990335,0.013576854
31312,1166,"(565, 1770]",Deserts & Drylands,-0.508324598,0.508324598,-2.325527211,2.325527211,-0.713277202,0.713277202,-0.059304741,0.059304741,-0.938192708,0.938192708,-1.238638485,1.238638485,1.259384343,-1.259384343,-1.429139495,1.429139495,1.094756935,-1.094756935,-0.280291715,0.280291715,-1.434911925,1.434911925,0.872473143,-0.872473143,0.609248115,-0.609248115,1.259384343,-1.259384343,0.254686566,-0.254686566,1.503014863,1.505888556,1.278721743,-1.562962379,-0.710204134,-0.358721299,0.398312009,0.237818003,-0.32395883,-0.088069726,0.067091132,-0.171257669,0.103018491,0.241729833,0.115241255
31313,59,"[31, 565]",Deserts & Drylands,-0.640483235,0.640483235,-2.589367303,2.589367303,-0.640483235,0.640483235,-1.050638633,1.050638633,-0.878366399,0.878366399,-0.640483235,0.640483235,0.418991052,-0.418991052,-2.589367303,2.589367303,0.878366399,-0.878366399,-0.418991052,0.418991052,-1.689354926,1.689354926,0.878366399,-0.878366399,0.347597372,-0.347597372,1.340173132,-1.340173132,0.71756076,-0.71756076,0.995286547,5.31639845,2.359206899,-0.831941237,-2.189295219,1.675703891,1.065134018,0.076729188,-0.444937119,-0.115716385,-1.387829177,0.273436919,0.03600971,-0.333789642,-0.256563234
31314,2612,"(1770, 12201]",Deserts & Drylands,0.395496892,-0.395496892,-1.915229995,1.915229995,-0.308167291,0.308167291,0.042341136,-0.042341136,-0.916938937,0.916938937,-1.801060214,1.801060214,0.733674381,-0.733674381,-1.262686089,1.262686089,1.199930752,-1.199930752,-0.402021361,0.402021361,-0.832003902,0.832003902,0.846890225,-0.846890225,0.042341136,-0.042341136,2.248634065,-2.248634065,0.300144783,-0.300144783,0.428059173,1.16901608,-1.254515699,0.233552048,-1.575813451,-0.638263727,0.530828735,0.170756172,-0.256029133,-0.758816589,0.051207997,-0.074952411,-0.029055707,0.266040643,0.305875978
31315,432,"[31, 565]",Deserts & Drylands,0.340608657,-0.340608657,-1.400180165,1.400180165,0.103171644,-0.103171644,-0.159644,0.159644,-1.040563413,1.040563413,-1.475725922,1.475725922,0.649789694,-0.649789694,-1.327934759,1.327934759,1.016412646,-1.016412646,-0.379320872,0.379320872,-1.064996199,1.064996199,0.91092127,-0.91092127,0.046863222,-0.046863222,1.902300854,-1.902300854,-0.140796072,0.140796072,0.197811654,1.394609193,0.158365453,1.297060857,-0.1146499,-0.741193806,0.64095208,-0.293039377,0.162914981,-0.704796938,0.153705894,-0.368504764,0.129082061,0.288383874,0.293601618
31316,1109,"(565, 1770]",Deserts & Drylands,0.381693473,-0.381693473,-1.435002532,1.435002532,-0.053362181,0.053362181,-0.234705643,0.234705643,-1.024939633,1.024939633,-1.399853597,1.399853597,0.821439365,-0.821439365,-1.213325324,1.213325324,1.131793267,-1.131793267,-0.355054519,0.355054519,-1.23427587,1.23427587,0.72353943,-0.72353943,0.104955646,-0.104955646,1.643669364,-1.643669364,0.016557126,-0.016557126,0.045598067,1.771023094,0.010067899,0.214210898,-0.059684643,-0.801616736,0.695296327,-0.09718054,0.320389925,-0.557365833,0.100376052,-0.386912737,0.428550221,0.049040852,0.015050538
31318,411,"[31, 565]",Deserts & Drylands,0.212256703,-0.212256703,-2.071606168,2.071606168,-0.691650548,0.691650548,-0.170614905,0.170614905,-0.634194267,0.634194267,-1.541220786,1.541220786,1.234725113,-1.234725113,-1.454877903,1.454877903,1.279595857,-1.279595857,-0.181010132,0.181010132,-1.405223987,1.405223987,0.726653439,-0.726653439,0.118765201,-0.118765201,1.730140089,-1.730140089,0.424009456,-0.424009456,1.231168902,2.483209591,-0.399383034,-1.234241872,-1.333476278,-1.211955428,0.193505502,0.385670241,-0.073381949,-0.973682635,-0.429584722,-0.1862406,0.34338614,-0.079752714,-0.179790115
31319,311,"[31, 565]",Deserts & Drylands,-0.219711036,0.219711036,-3.696591728,3.696591728,-0.681724952,0.681724952,-0.424009456,0.424009456,-1.065282008,1.065282008,-1.584953948,1.584953948,0.818718432,-0.818718432,-1.813178823,1.813178823,1.047960263,-1.047960263,-0.424009456,0.424009456,-1.325633454,1.325633454,0.881952881,-0.881952881,-0.152815576,0.152815576,2.155886107,-2.155886107,0.287099928,-0.287099928,1.269621616,2.260219519,0.088840569,0.070231514,-2.248609814,0.581080334,0.152362989,-1.056476561,0.848390388,-1.330496054,-0.784025622,0.151729794,0.601276276,-0.15983929,0.090559832
31320,645,"(565, 1770]",Deserts & Drylands,0.2162813,-0.2162813,-1.879197569,1.879197569,-0.391451762,0.391451762,-0.229112186,0.229112186,-0.793171304,0.793171304,-1.735334293,1.735334293,0.684533904,-0.684533904,-1.650839882,1.650839882,1.186611008,-1.186611008,-0.345571213,0.345571213,-1.305315007,1.305315007,0.860518943,-0.860518943,-0.069730106,0.069730106,1.811957287,-1.811957287,0.088769713,-0.088769713,0.845155661,2.173409214,-0.302457797,0.67824585,-0.962924642,-0.992334003,0.141952689,-0.2486218,0.291660206,-0.861291873,-0.658688244,0.319925346,0.148923392,-0.119802067,0.116502286
31321,123,"[31, 565]",Deserts & Drylands,0.845397622,-0.845397622,-1.865483343,1.865483343,0.370102307,-0.370102307,-0.233928557,0.233928557,-0.885291257,0.885291257,-1.939084184,1.939084184,0.439404388,-0.439404388,-1.233617521,1.233617521,1.052133077,-1.052133077,-1.140752096,1.140752096,-0.806129439,0.806129439,0.404633507,-0.404633507,-0.509761228,0.509761228,2.283702905,-2.283702905,-0.509761228,0.509761228,-0.825681126,0.6095436,-2.260962607,2.495518788,1.376209411,0.286633336,0.203390159,-0.975303045,1.001702603,-1.72944066,-1.67363876,0.05271338,0.770540038,-0.098866309,0.083319702
31322,4380,"(1770, 12201]",Deserts & Drylands,0.27891165,-0.27891165,-2.097691133,2.097691133,-0.542392722,0.542392722,0.207387898,-0.207387898,-0.924374684,0.924374684,-1.883927417,1.883927417,0.964526333,-0.964526333,-1.136950727,1.136950727,1.301957915,-1.301957915,-0.366884677,0.366884677,-0.639974766,0.639974766,0.751508925,-0.751508925,-0.044765287,0.044765287,2.351551535,-2.351551535,0.74168741,-0.74168741,0.614415984,1.315938796,-2.443154465,-0.935112548,-2.643850411,-0.532508107,1.0097577,0.389340599,-0.588097541,-0.911494398,0.381251002,0.013475712,0.051737149,0.442375432,0.207545136
31401,1295,"(565, 1770]",Trop/Subtrop Forests,-0.593827043,0.593827043,-2.445792827,2.445792827,-1.180817777,1.180817777,0.206569748,-0.206569748,-0.73997217,0.73997217,-1.436923557,1.436923557,1.421916725,-1.421916725,-1.387425296,1.387425296,1.220275485,-1.220275485,-0.320837908,0.320837908,-0.939967358,0.939967358,0.916923927,-0.916923927,0.476637657,-0.476637657,0.516418368,-0.516418368,-0.212876117,0.212876117,2.800312136,0.508094303,0.272047522,-0.441422727,0.645996653,-0.419156389,-0.541747473,0.021677444,-0.344147869,0.023970396,0.494891397,-0.233879065,-0.098133837,0.040483707,0.032499348
31402,326,"[31, 565]",Trop/Subtrop Forests,-0.519689005,0.519689005,-2.161322415,2.161322415,-0.682371284,0.682371284,-0.099261942,0.099261942,-0.899071251,0.899071251,-1.137658493,1.137658493,1.25953015,-1.25953015,-1.575283265,1.575283265,1.104223864,-1.104223864,-0.312456625,0.312456625,-1.25953015,1.25953015,0.839505422,-0.839505422,0.519689005,-0.519689005,0.573075848,-0.573075848,-0.186502196,0.186502196,1.968871599,1.468787444,1.304032494,-0.472172192,0.80985014,-0.178274754,-0.060833006,-0.102965963,0.026327703,0.103660415,0.201153229,-0.321460852,-0.017485819,0.178229388,-0.128975644
31403,470,"[31, 565]",Trop/Subtrop Forests,-0.153841777,0.153841777,-1.544638731,1.544638731,-0.578595438,0.578595438,0.214062398,-0.214062398,-0.89045346,0.89045346,-1.237283671,1.237283671,1.667168519,-1.667168519,-1.028918006,1.028918006,1.364041212,-1.364041212,-0.433144763,0.433144763,-1.501114138,1.501114138,0.829214522,-0.829214522,0.625227774,-0.625227774,0.849459716,-0.849459716,-0.231334794,0.231334794,1.225825841,0.43654382,1.084659345,-1.427531049,1.461317613,-1.332489378,-0.386631564,-0.094731346,-0.4641393,-0.280067991,0.603134372,-0.109636218,0.261129866,0.249861621,-0.072525102
31404,102,"[31, 565]",Trop/Subtrop Forests,-1.56662809,1.56662809,-3.08040257,3.08040257,-1.423202222,1.423202222,0.064409613,-0.064409613,-0.891787449,0.891787449,-0.998285495,0.998285495,1.811110723,-1.811110723,-1.423202222,1.423202222,0.891787449,-0.891787449,0.107415419,-0.107415419,-1.493287253,1.493287253,0.944412638,-0.944412638,0.691650548,-0.691650548,0.643759356,-0.643759356,0.064409613,-0.064409613,3.649018834,1.298342736,2.202973787,-2.100992174,-0.234441547,-0.427529037,0.356998236,0.020982642,0.180750328,-0.125065589,0.666432405,-0.879006877,0.278189081,0.192965844,0.411840372
31405,657,"(565, 1770]",Trop/Subtrop Forests,-0.027511799,0.027511799,-2.499595928,2.499595928,-0.450694836,0.450694836,0.15620722,-0.15620722,-1.081757387,1.081757387,-1.426987807,1.426987807,0.62141889,-0.62141889,-1.097988824,1.097988824,0.971556798,-0.971556798,-0.594634628,0.594634628,-1.181216433,1.181216433,0.896094804,-0.896094804,0.336311894,-0.336311894,0.837410835,-0.837410835,-0.279971875,0.279971875,1.033826278,-0.048129565,0.770034051,0.626042939,0.550894274,0.112897936,0.34580077,0.082274344,0.387559092,-0.321305044,0.364158426,0.417339341,0.480187056,-0.161713862,0.15607416
40101,98,"[31, 565]",Trop/Subtrop Forests,-1.123259692,1.123259692,-6.908754779,6.908754779,-1.016167622,1.016167622,0.204382787,-0.204382787,-1.069012845,1.069012845,-0.964599283,0.964599283,1.357344141,-1.357344141,-1.421103972,1.421103972,1.179047894,-1.179047894,-0.370804782,0.370804782,-0.769010729,0.769010729,0.81648912,-0.81648912,0.769010729,-0.769010729,0.245636826,-0.245636826,-0.08151482,0.08151482,3.636090185,-0.414476372,1.296142573,-1.726348189,-0.757392799,3.187398871,-1.767947907,0.359944792,1.435568176,-0.161793288,1.059892662,-0.448604491,0.717891408,0.646641872,-0.253746245
40102,5888,"(1770, 12201]",Trop/Subtrop Forests,-1.201620991,1.201620991,-4.173229796,4.173229796,-1.98039322,1.98039322,0.308300735,-0.308300735,-0.993389725,0.993389725,-1.887997299,1.887997299,1.788763623,-1.788763623,-1.295386949,1.295386949,0.799356328,-0.799356328,-0.165936039,0.165936039,-0.76006969,0.76006969,1.147000361,-1.147000361,0.615635927,-0.615635927,0.170809224,-0.170809224,-0.320344811,0.320344811,4.72016035,-1.384554872,0.829375359,-0.355042495,-0.441344902,0.036096615,-0.453352721,-0.776199501,0.25060889,0.459475133,0.469446512,-0.770294831,0.153194533,-0.127144945,-0.025617577
40103,1952,"(1770, 12201]",Trop/Subtrop Forests,-0.8723002,0.8723002,-5.360454035,5.360454035,-1.945673526,1.945673526,0.494378702,-0.494378702,-0.996907417,0.996907417,-2.009646282,2.009646282,1.60654224,-1.60654224,-0.957230575,0.957230575,0.797585879,-0.797585879,-0.377556726,0.377556726,-0.308283962,0.308283962,0.778021316,-0.778021316,0.521266639,-0.521266639,0.276073028,-0.276073028,-0.057825712,0.057825712,4.350000712,-2.150196995,-0.964773535,-0.996720025,-1.014795091,1.406128941,-0.194473056,0.028954721,0.792380316,0.199276626,0.394426593,-0.840104853,0.507500724,-0.118098755,-0.234487652
40104,850,"(565, 1770]",Trop/Subtrop Forests,-1.693123371,1.693123371,-4.538996036,4.538996036,-2.220479379,2.220479379,0.153471401,-0.153471401,-1.073767511,1.073767511,-1.816876331,1.816876331,1.888351203,-1.888351203,-1.648226662,1.648226662,0.427619055,-0.427619055,-0.086211976,0.086211976,-1.036286492,1.036286492,1.613268244,-1.613268244,0.611944699,-0.611944699,0.192051727,-0.192051727,-0.30877178,0.30877178,5.751173702,-1.175564989,2.572307787,0.278693322,-1.39751788,0.054574686,-0.10187987,-1.545237353,-0.213054148,0.186194719,0.27010927,-0.662818945,0.248259376,-0.112626166,0.041039474
40105,229,"[31, 565]",Trop/Subtrop Forests,-0.1309296,0.1309296,-1.37712943,1.37712943,-0.563578041,0.563578041,0.165987709,-0.165987709,-0.839184192,0.839184192,-1.518517414,1.518517414,0.601486049,-0.601486049,-1.323800925,1.323800925,1.055733303,-1.055733303,-0.48890159,0.48890159,-1.101764224,1.101764224,0.659154822,-0.659154822,0.343262779,-0.343262779,0.902035689,-0.902035689,-0.148447272,0.148447272,1.033136306,0.862466754,-0.094488982,0.267181535,0.858834723,-0.51633441,0.679280173,0.614693493,0.157847459,0.029133316,-0.155538714,0.364823547,-0.233246605,-0.152045111,0.311531491
40106,555,"[31, 565]",Trop/Subtrop Forests,-0.368343952,0.368343952,-2.556008934,2.556008934,-1.289740874,1.289740874,0.482662491,-0.482662491,-0.919296151,0.919296151,-1.8051238,1.8051238,1.459269712,-1.459269712,-1.010461325,1.010461325,0.901493494,-0.901493494,-0.505878963,0.505878963,-0.730125518,0.730125518,0.705333841,-0.705333841,0.390995339,-0.390995339,0.552722334,-0.552722334,-0.007284733,0.007284733,2.602598908,-0.806893671,-0.906676483,-0.827515092,0.181260239,-0.180046576,0.828643912,0.154050101,-0.144509975,-0.115615459,0.19814211,-0.199494989,0.09122713,0.00261354,-0.199120843
40107,360,"[31, 565]",Trop/Subtrop Forests,-0.106330185,0.106330185,-1.555308859,1.555308859,-0.496368466,0.496368466,-0.117547397,0.117547397,-0.969601774,0.969601774,-1.304204615,1.304204615,0.820249467,-0.820249467,-1.614720698,1.614720698,0.997827245,-0.997827245,-0.402304827,0.402304827,-1.516944589,1.516944589,0.76808814,-0.76808814,0.379076035,-0.379076035,0.716904747,-0.716904747,-0.061521043,0.061521043,1.088610655,1.759035571,1.190953784,-0.140110236,0.484396522,-0.54566065,0.741371925,0.047252513,0.259403189,-0.034095088,-0.310725228,0.384937636,-0.061821858,-0.130294021,-0.199577475
40108,732,"(565, 1770]",Trop/Subtrop Forests,-0.268656409,0.268656409,-2.341783173,2.341783173,-0.771153612,0.771153612,0.129577379,-0.129577379,-0.96973717,0.96973717,-1.348565272,1.348565272,1.025690542,-1.025690542,-1.391162438,1.391162438,0.908426617,-0.908426617,-0.35327439,0.35327439,-1.142315319,1.142315319,0.58611684,-0.58611684,0.439163714,-0.439163714,0.616211657,-0.616211657,-0.035794309,0.035794309,1.76866603,0.847839654,0.381660022,-0.694863012,0.484842571,0.075713505,0.863176821,0.434055187,0.625884911,-0.035387189,-0.022095787,-0.160896252,-0.109932283,-0.005133005,-0.177126192
40109,83,"[31, 565]",Trop/Subtrop Forests,-0.765569484,0.765569484,-4.316649808,4.316649808,-0.939873216,0.939873216,0.294202584,-0.294202584,-1.265246545,1.265246545,-1.664056965,1.664056965,0.244628292,-0.244628292,-1.413195761,1.413195761,0.939873216,-0.939873216,-0.822338373,0.822338373,-0.496803311,0.496803311,0.709953683,-0.709953683,0.294202584,-0.294202584,0.244628292,-0.244628292,-0.244628292,0.244628292,2.096920313,-0.793158576,-0.557722962,0.90184088,-0.005122834,2.44859962,0.166897101,-0.086647531,1.19060629,0.411184227,0.218712206,0.931793596,0.147282609,-0.140615136,0.20041308
40111,424,"[31, 565]",Trop/Subtrop Forests,0.113101997,-0.113101997,-1.17265008,1.17265008,-0.246026952,0.246026952,-0.179366855,0.179366855,-0.927402618,0.927402618,-1.280024577,1.280024577,0.642638609,-0.642638609,-1.517123346,1.517123346,1.21218338,-1.21218338,-0.400712717,0.400712717,-1.239015556,1.239015556,0.611523826,-0.611523826,0.274754311,-0.274754311,1.13392408,-1.13392408,0.169879749,-0.169879749,0.261069217,2.393144492,0.000395907,-0.342372594,0.094627469,-0.418002559,0.821307952,0.46001352,0.060745597,0.020448089,-0.087404188,0.202710993,-0.117819731,0.011944447,-0.056123994
40112,307,"[31, 565]",Trop/Subtrop Forests,0.264158054,-0.264158054,-1.880649236,1.880649236,-0.880004703,0.880004703,0.210884183,-0.210884183,-0.864213811,0.864213811,-1.74460579,1.74460579,0.481850225,-0.481850225,-1.358167507,1.358167507,0.771488696,-0.771488696,-0.31780733,0.31780733,-0.59472239,0.59472239,0.637979892,-0.637979892,0.224171817,-0.224171817,0.771488696,-0.771488696,-0.237479188,0.237479188,1.817457358,0.248614822,-0.814387121,1.271354415,0.443201574,-0.129883931,1.013253944,0.758585221,0.680634121,0.13488407,-0.054278351,-0.379512747,-0.610819174,-0.398146438,0.019305877
40113,355,"[31, 565]",Trop/Subtrop Forests,-0.107537371,0.107537371,-1.561317907,1.561317907,-0.80403272,0.80403272,0.073540502,-0.073540502,-0.982430152,0.982430152,-1.358053191,1.358053191,0.649554113,-0.649554113,-1.581166006,1.581166006,0.857534505,-0.857534505,-0.301957522,0.301957522,-1.114865116,1.114865116,0.884721609,-0.884721609,0.395219833,-0.395219833,0.662123237,-0.662123237,-0.175737714,0.175737714,1.70070928,1.089521174,0.934353219,0.661263904,0.434874734,-0.366202285,0.906766617,0.267136359,0.128104845,0.154668611,0.224917736,0.091697097,-0.557270414,-0.253632579,0.049844931
40114,449,"[31, 565]",Trop/Subtrop Forests,-0.688274879,0.688274879,-2.608663575,2.608663575,-1.092955167,1.092955167,0.267416318,-0.267416318,-0.718794703,0.718794703,-2.123003282,2.123003282,0.88756219,-0.88756219,-1.554300802,1.554300802,0.638078181,-0.638078181,-0.304203719,0.304203719,-0.688274879,0.688274879,0.942731074,-0.942731074,0.267416318,-0.267416318,0.239944666,-0.239944666,-0.212562836,0.212562836,3.520244075,-0.251405162,-0.358264764,1.271402709,-0.252282242,-0.408680212,0.695190724,0.261953802,0.273556364,0.360498407,-0.614229203,0.060829441,-0.164590369,0.083973305,-0.02635359
40115,386,"[31, 565]",Trop/Subtrop Forests,0.766445027,-0.766445027,-1.350533048,1.350533048,-0.057044263,0.057044263,0.057044263,-0.057044263,-0.802589066,0.802589066,-1.517289121,1.517289121,0.448023799,-0.448023799,-1.184201266,1.184201266,1.272998857,-1.272998857,-0.480838803,0.480838803,-1.058335863,1.058335863,0.524994051,-0.524994051,0.29769203,-0.29769203,1.785949842,-1.785949842,-0.025923633,0.025923633,-0.349856721,1.179115006,-0.702401391,0.134864145,0.394119373,-0.629389671,0.250787096,1.039323872,0.314231943,-0.375199353,-0.18606475,-0.022027219,-0.291158667,-0.053186569,0.234591975
40117,37,"[31, 565]",Trop/Subtrop Forests,0.778439062,-0.778439062,-2.040109298,2.040109298,0.057044263,-0.057044263,0.057044263,-0.057044263,-1.058335863,1.058335863,-1.058335863,1.058335863,1.058335863,-1.058335863,-1.382556039,1.382556039,2.356617631,-2.356617631,0.057044263,-0.057044263,-1.570926144,1.570926144,-0.524994051,0.524994051,-0.057044263,0.057044263,1.213325324,-1.213325324,0.778439062,-0.778439062,-1.170329056,4.572805255,-2.977532559,-4.479778595,-0.039824835,-0.730247364,-0.05672705,1.182640787,2.913431194,-0.651246241,0.960160526,0.633975692,-0.135134758,0.295968721,-0.809622785
40118,6946,"(1770, 12201]",Trop/Subtrop Forests,-0.160161102,0.160161102,-2.275023199,2.275023199,-0.424333326,0.424333326,-0.044015404,0.044015404,-0.9310634,0.9310634,-1.760118537,1.760118537,0.291576616,-0.291576616,-1.641469124,1.641469124,0.91895919,-0.91895919,-0.413446331,0.413446331,-0.984516773,0.984516773,0.918249142,-0.918249142,0.356967387,-0.356967387,0.803180336,-0.803180336,-0.24030005,0.24030005,1.493609596,0.706801367,0.519432284,1.496236776,-0.119840961,-0.037754609,0.225816738,0.280784679,0.515088185,0.494649037,-0.428192189,0.399150956,-0.272046688,-0.021590282,0.176082248
40119,2470,"(1770, 12201]",Trop/Subtrop Forests,-0.009897641,0.009897641,-2.297704627,2.297704627,-0.715238814,0.715238814,0.175304472,-0.175304472,-0.949653617,0.949653617,-1.623518871,1.623518871,0.839517582,-0.839517582,-1.165249937,1.165249937,0.974393216,-0.974393216,-0.590651533,0.590651533,-0.68177409,0.68177409,0.360155362,-0.360155362,0.322795062,-0.322795062,0.882965493,-0.882965493,0.023095334,-0.023095334,1.144332487,0.297735621,-1.326936728,-0.472997759,0.48427175,0.570683587,0.98830835,0.63856162,0.572258756,0.099953607,-0.298456516,-0.279117105,-0.072877813,-0.066959764,-0.117706341
40120,399,"[31, 565]",Trop/Subtrop Forests,0.065055776,-0.065055776,-1.216159862,1.216159862,-0.348664055,0.348664055,-0.226071633,0.226071633,-1.014337279,1.014337279,-1.202030422,1.202030422,0.591994434,-0.591994434,-1.595705874,1.595705874,1.160271245,-1.160271245,-0.338360917,0.338360917,-1.216159862,1.216159862,0.691650548,-0.691650548,0.226071633,-0.226071633,0.806422466,-0.806422466,0.045030344,-0.045030344,0.575330076,2.466047436,0.338817678,0.146732278,0.302944569,-0.317134055,0.839149471,0.176982907,0.244307729,0.138118686,0.215730937,0.183811023,-0.127864961,-0.132938924,-0.157161993
40121,663,"(565, 1770]",Trop/Subtrop Forests,0.260486922,-0.260486922,-2.378848806,2.378848806,-0.687085276,0.687085276,0.586071094,-0.586071094,-1.185194221,1.185194221,-1.883096197,1.883096197,0.960478941,-0.960478941,-0.735376099,0.735376099,0.930235229,-0.930235229,-0.756323162,0.756323162,-0.653060766,0.653060766,0.36668774,-0.36668774,0.398289933,-0.398289933,0.99113662,-0.99113662,0.021332192,-0.021332192,0.760971154,-1.412942386,-1.680722247,-0.849552868,0.443514955,0.354063656,1.368087168,0.531590832,0.550049805,-0.045111318,0.0821702,0.069883053,-0.033140274,0.076705837,-0.150749865
40122,86,"[31, 565]",Trop/Subtrop Forests,-0.834378097,0.834378097,-6.908754779,6.908754779,-1.397092691,1.397092691,0.77997702,-0.77997702,-0.62282628,0.62282628,-2.769018653,2.769018653,0.889972786,-0.889972786,-1.325633454,1.325633454,1.005272502,-1.005272502,0.13948207,-0.13948207,-0.092904346,0.092904346,0.726653439,-0.726653439,0.472803008,-0.472803008,0.233144314,-0.233144314,-0.18621137,0.18621137,5.366837702,-2.477332881,-1.901630279,0.257625124,-2.204122226,0.899760804,-1.802255064,1.437606153,2.730336754,0.620751938,-0.048189353,-0.274433706,-0.092348772,0.590775571,0.060509974
40123,1432,"(565, 1770]",Trop/Subtrop Forests,-0.876489236,0.876489236,-2.823818503,2.823818503,-1.222137905,1.222137905,0.281338708,-0.281338708,-0.708629578,0.708629578,-1.803277238,1.803277238,1.020305267,-1.020305267,-1.592881516,1.592881516,0.683196997,-0.683196997,-0.264082455,0.264082455,-0.756922973,0.756922973,0.956036884,-0.956036884,0.385849972,-0.385849972,0.295750669,-0.295750669,-0.223964931,0.223964931,3.705041715,-0.029864042,0.211235873,0.762865134,-0.015904895,-0.094547927,0.459947096,0.337824006,0.162342915,0.203369931,-0.290359517,-0.128922015,-0.27700034,0.096392652,0.122288829
40124,1112,"(565, 1770]",Trop/Subtrop Forests,-0.087153655,0.087153655,-1.606827229,1.606827229,-0.496238812,0.496238812,-0.065347142,0.065347142,-0.862726119,0.862726119,-1.542981015,1.542981015,0.785661115,-0.785661115,-1.587390116,1.587390116,1.1748326,-1.1748326,-0.266490696,0.266490696,-1.149836424,1.149836424,0.694372254,-0.694372254,0.24435876,-0.24435876,0.836778255,-0.836778255,0.181955628,-0.181955628,1.231304283,2.044500814,-0.24463653,-0.264620021,-0.369076662,-0.666947644,0.660280879,0.412019105,0.204131415,0.145126677,-0.10479724,0.277399764,-0.142561241,0.091989097,-0.179257856
40125,63,"[31, 565]",Trop/Subtrop Forests,0.552223613,-0.552223613,-0.993097648,0.993097648,-0.352102483,0.352102483,0.222694461,-0.222694461,-0.552223613,0.552223613,-1.785949842,1.785949842,0.621205475,-0.621205475,-1.662614556,1.662614556,1.160271245,-1.160271245,-0.287099928,0.287099928,-0.763786837,0.763786837,1.160271245,-1.160271245,-0.031685317,0.031685317,1.074968639,-1.074968639,-0.287099928,0.287099928,1.803735228,1.206668526,-0.596990523,2.372312008,0.171392157,-1.584265848,-0.183599815,0.332930886,-0.636377313,-0.642019573,0.282767734,0.379267271,-0.664564143,0.21470257,-0.039479286
40126,147,"[31, 565]",Trop/Subtrop Forests,-0.427312406,0.427312406,-2.322742618,2.322742618,-0.661266603,0.661266603,0.095119653,-0.095119653,-1.236534877,1.236534877,-1.679601165,1.679601165,0.631174431,-0.631174431,-1.275890439,1.275890439,1.198013124,-1.198013124,-0.631174431,0.631174431,-0.947673905,0.947673905,0.484500336,-0.484500336,0.259432801,-0.259432801,0.54247632,-0.54247632,0.040740491,-0.040740491,0.846093714,0.642123695,-0.916031471,-0.441494942,0.209076645,0.513731557,0.813473938,-0.146608697,0.841761334,0.554411973,0.051376616,0.7310692,0.192892777,-0.113517696,-0.011658531
40128,308,"[31, 565]",Trop/Subtrop Forests,-0.736883731,0.736883731,-3.693321628,3.693321628,-1.341568958,1.341568958,0.545397848,-0.545397848,-0.767442513,0.767442513,-2.52411299,2.52411299,0.559746481,-0.559746481,-1.445994626,1.445994626,0.829617842,-0.829617842,-0.20026747,0.20026747,-0.079882772,0.079882772,0.829617842,-0.829617842,0.294865872,-0.294865872,0.160021236,-0.160021236,-0.254187508,0.254187508,4.006510524,-1.363495793,-1.830644211,1.580082413,-0.819151791,0.231426578,-0.016648598,0.710483652,1.053313094,1.00727198,-0.115399412,0.07833366,-0.576328289,0.104597517,0.24728506
40129,900,"(565, 1770]",Trop/Subtrop Forests,-0.706802667,0.706802667,-2.668739245,2.668739245,-1.275622502,1.275622502,0.313939482,-0.313939482,-0.879204719,0.879204719,-2.082927939,2.082927939,1.059005289,-1.059005289,-1.405059322,1.405059322,0.651610283,-0.651610283,-0.177438983,0.177438983,-0.747597749,0.747597749,1.024148265,-1.024148265,0.392515693,-0.392515693,0.35078244,-0.35078244,-0.168411058,0.168411058,3.555754891,-0.573165161,0.057815549,0.774340548,-0.567750296,-0.641871643,0.754825195,0.081892039,0.235809521,0.499755234,-0.093443295,-0.189092062,-0.203387852,0.029086503,0.050186415
40130,237,"[31, 565]",Trop/Subtrop Forests,-1.694415465,1.694415465,-4.640079887,4.640079887,-1.510290674,1.510290674,0.111480565,-0.111480565,-0.763159743,0.763159743,-1.905419061,1.905419061,0.968759366,-0.968759366,-2.155733123,2.155733123,0.462077461,-0.462077461,-0.025701088,0.025701088,-0.947384447,0.947384447,1.319637131,-1.319637131,0.267140727,-0.267140727,-0.111480565,0.111480565,-0.426093025,0.426093025,5.613104653,0.125387965,1.652039894,1.815362405,-0.983704099,0.468515678,-0.274232935,-0.543376626,1.128110516,0.098574858,-0.542914341,0.156729675,-0.038729472,0.146840371,0.166431284
40131,165,"[31, 565]",Trop/Subtrop Forests,0.329570512,-0.329570512,-1.865483343,1.865483343,-0.774435159,0.774435159,0.611085904,-0.611085904,-1.071934427,1.071934427,-1.71736616,1.71736616,0.611085904,-0.611085904,-0.746570716,0.746570716,1.203566591,-1.203566591,-0.746570716,0.746570716,-0.354479328,0.354479328,0.206378711,-0.206378711,0.404633507,-0.404633507,0.948287152,-0.948287152,0.304762616,-0.304762616,0.273963862,-0.52574442,-2.761938654,-1.276959848,0.228151025,0.712482056,1.458543277,1.394929508,0.112504231,0.361709365,0.537478799,0.284712804,-0.401528791,-0.069283836,0.023124712
40132,37,"[31, 565]",Trop/Subtrop Forests,0.162193115,-0.162193115,-2.844926509,2.844926509,-0.27138424,0.27138424,0.382209028,-0.382209028,-0.990928033,0.990928033,-1.284515,1.284515,0.990928033,-0.990928033,-0.495404918,0.495404918,0.732369491,-0.732369491,-0.611802841,0.611802841,-0.495404918,0.495404918,0.27138424,-0.27138424,0.162193115,-0.162193115,0.611802841,-0.611802841,0.382209028,-0.382209028,0.964487442,-0.0802292,-1.917666293,-1.222698752,0.003974166,1.242866421,2.249401025,1.537773829,0.452357339,-0.723678665,0.654424598,-0.651837178,1.160855151,0.378642207,-0.491055845
40134,865,"(565, 1770]",Trop/Subtrop Forests,0.260595671,-0.260595671,-1.29738245,1.29738245,-0.31780733,0.31780733,0.01634195,-0.01634195,-0.910117684,0.910117684,-1.551157393,1.551157393,0.853742763,-0.853742763,-1.202969041,1.202969041,1.242829093,-1.242829093,-0.394917343,0.394917343,-1.29738245,1.29738245,0.25584838,-0.25584838,0.399773097,-0.399773097,1.18987119,-1.18987119,0.251103954,-0.251103954,0.025007319,1.613825831,-0.800164934,-1.543480028,0.295630938,-0.763866856,1.006567025,0.924402218,0.66161756,0.154880162,-0.490298619,0.047661918,-0.079127025,-0.01110603,-0.14713972
40135,824,"(565, 1770]",Trop/Subtrop Forests,-0.113475148,0.113475148,-1.876138015,1.876138015,-0.70275454,0.70275454,0.148122672,-0.148122672,-0.675070903,0.675070903,-1.897701047,1.897701047,1.092674146,-1.092674146,-1.337075369,1.337075369,1.242456001,-1.242456001,-0.192803222,0.192803222,-0.977979292,0.977979292,0.42520804,-0.42520804,0.252685115,-0.252685115,0.70275454,-0.70275454,0.098648217,-0.098648217,1.784414297,1.209465117,-1.432211572,-0.797311548,0.090272739,-1.115143938,0.335743706,0.773621847,0.728332002,0.222855943,-0.412781794,-0.085754507,-0.079909676,0.114060055,-0.220599846
40136,521,"[31, 565]",Trop/Subtrop Forests,-0.849067334,0.849067334,-4.093244325,4.093244325,-1.65147395,1.65147395,0.536561216,-0.536561216,-1.10109021,1.10109021,-1.463825505,1.463825505,1.153214483,-1.153214483,-1.070459953,1.070459953,0.876765011,-0.876765011,-0.59494367,0.59494367,-0.536561216,0.536561216,0.723595947,-0.723595947,0.662901357,-0.662901357,0.27138424,-0.27138424,-0.100269654,0.100269654,3.087227801,-1.406465919,-0.139947503,-1.010884378,0.149710359,1.69752286,0.314010132,0.358754657,0.282535395,0.293661834,0.728970967,-0.136208291,-0.041660129,-0.206303267,0.124260674
40137,6373,"(1770, 12201]",Trop/Subtrop Forests,-0.36548666,0.36548666,-2.698922862,2.698922862,-0.816793036,0.816793036,0.113437513,-0.113437513,-0.953827031,0.953827031,-1.688774335,1.688774335,0.543490676,-0.543490676,-1.501454519,1.501454519,0.964890271,-0.964890271,-0.45660377,0.45660377,-0.720261066,0.720261066,0.70520596,-0.70520596,0.377934933,-0.377934933,0.622664318,-0.622664318,-0.105183238,0.105183238,1.896925012,0.416381079,-0.363846058,0.524361303,-0.041596743,0.601307346,0.408275622,0.42936273,0.559730654,0.511584074,-0.142868642,0.16167347,-0.294111331,-0.070661242,0.101493033
40138,122,"[31, 565]",Trop/Subtrop Forests,-1.186611008,1.186611008,-3.338770976,3.338770976,-0.967149149,0.967149149,-0.06655816,0.06655816,-0.967149149,0.967149149,-1.186611008,1.186611008,1.435249284,-1.435249284,-1.281869259,1.281869259,0.617723419,-0.617723419,-0.545397848,0.545397848,-1.331474911,1.331474911,0.767442513,-0.767442513,0.33578793,-0.33578793,0.474438706,-0.474438706,-0.133264073,0.133264073,2.719151431,0.563364494,1.300671015,-0.713126325,0.564052072,0.788114122,0.934724791,-0.447444477,0.433289624,-0.630629361,-0.424823433,-0.382457155,1.139640929,-0.003984148,-0.008294053
40139,164,"[31, 565]",Trop/Subtrop Forests,-0.012397724,0.012397724,-2.421041609,2.421041609,-0.600065931,0.600065931,0.012397724,-0.012397724,-1.071341304,1.071341304,-1.206319286,1.206319286,1.007110792,-1.007110792,-1.55362088,1.55362088,0.682371284,-0.682371284,-0.627269943,0.627269943,-1.137658493,1.137658493,0.519689005,-0.519689005,0.49326916,-0.49326916,0.884042453,-0.884042453,0.261834573,-0.261834573,1.156235286,1.110939749,0.508236992,-1.150636374,-0.125692901,1.028073853,1.706847616,0.460014488,0.132727843,-0.244934649,-0.628228228,-0.125199755,-0.214320888,0.154471875,-0.577857156
40140,51,"[31, 565]",Trop/Subtrop Forests,-0.722344766,0.722344766,-3.824383994,3.824383994,-1.785949842,1.785949842,0.455814776,-0.455814776,-0.81648912,0.81648912,-1.016167622,1.016167622,0.81648912,-0.81648912,-0.631174431,0.631174431,0.54247632,-0.54247632,-1.016167622,1.016167622,-0.287099928,0.287099928,1.123259692,-1.123259692,0.287099928,-0.287099928,-0.54247632,0.54247632,-0.914195864,0.914195864,3.658101828,-2.292434916,0.53719855,2.144937453,2.652109297,2.302587238,0.013852508,0.116614424,-0.559286236,-0.67833104,1.250230505,-0.296048015,1.250343174,-1.164054576,0.301357376
40141,328,"[31, 565]",Trop/Subtrop Forests,-0.761106868,0.761106868,-3.014434737,3.014434737,-1.352377188,1.352377188,0.351502977,-0.351502977,-0.920608121,0.920608121,-1.509141872,1.509141872,0.861423595,-0.861423595,-1.509141872,1.509141872,0.491900329,-0.491900329,-0.466056669,0.466056669,-1.043797119,1.043797119,1.279179036,-1.279179036,0.40209124,-0.40209124,0.239189885,-0.239189885,-0.116106256,0.116106256,3.482543146,-0.320754016,1.481824987,0.837762407,-0.527979458,0.369549003,1.043722042,0.093317206,-0.485413784,-0.325234172,0.19428698,0.571929326,0.058297112,-0.215757315,0.057670637
40142,154,"[31, 565]",Trop/Subtrop Forests,-0.502856409,0.502856409,-1.635988561,1.635988561,-0.420858765,0.420858765,-0.20812548,0.20812548,-0.730772301,0.730772301,-1.044826352,1.044826352,0.730772301,-0.730772301,-2.014895676,2.014895676,1.044826352,-1.044826352,-0.313611513,0.313611513,-1.589230523,1.589230523,0.946141514,-0.946141514,0.260688179,-0.260688179,0.760467716,-0.760467716,-0.05185598,0.05185598,1.693247217,2.922112124,1.677875935,0.329989224,0.335583899,-0.425031491,0.31767515,0.140963229,-0.058393178,-0.466498164,-0.340341588,0.623974939,-0.165613359,0.094771082,0.048329232
40143,525,"[31, 565]",Trop/Subtrop Forests,-1.731379046,1.731379046,-6.908754779,6.908754779,-1.60236551,1.60236551,-0.095851052,0.095851052,-0.758462892,0.758462892,-1.421228745,1.421228745,1.280555479,-1.280555479,-1.873205306,1.873205306,0.415818307,-0.415818307,0.149692163,-0.149692163,-1.008568426,1.008568426,1.129391314,-1.129391314,0.56220318,-0.56220318,-0.141989119,0.141989119,-0.399847694,0.399847694,6.050406905,-0.096699496,2.611813354,0.368257855,-1.224453016,1.929534185,-1.102911872,0.078803363,2.152817603,-0.103088394,-0.267078186,-1.115770066,0.796883674,0.066207557,-0.064274109
40144,833,"(565, 1770]",Trop/Subtrop Forests,-0.737795286,0.737795286,-3.749622235,3.749622235,-1.843908186,1.843908186,0.580092506,-0.580092506,-0.904817163,0.904817163,-2.118907983,2.118907983,1.303674812,-1.303674812,-1.130407643,1.130407643,0.771488696,-0.771488696,-0.388374983,0.388374983,-0.601392747,0.601392747,0.788492186,-0.788492186,0.459911191,-0.459911191,0.193606944,-0.193606944,-0.213354862,0.213354862,3.914768969,-1.741882029,-0.732409676,-0.253218068,-0.139983815,0.195718887,0.282325586,0.11054468,0.605526265,0.281386241,0.001708721,-0.122490088,-0.05320724,-0.342803989,-0.023502543
40146,3100,"(1770, 12201]",Trop/Subtrop Forests,-1.058872932,1.058872932,-3.06000923,3.06000923,-1.679198414,1.679198414,0.276243502,-0.276243502,-1.018253392,1.018253392,-1.602311573,1.602311573,1.331969304,-1.331969304,-1.459308684,1.459308684,0.693120711,-0.693120711,-0.261603329,0.261603329,-1.156933723,1.156933723,1.24139798,-1.24139798,0.619015938,-0.619015938,0.220489035,-0.220489035,-0.355313092,0.355313092,3.867119304,-0.655827785,1.912783373,0.193952487,0.059446229,-0.282111813,0.200303274,-0.571301747,-0.07864953,0.272199962,0.363064775,-0.043784038,-0.107221703,-0.303052919,0.193425167
40149,5171,"(1770, 12201]",Trop/Subtrop Forests,-0.446545016,0.446545016,-2.483781678,2.483781678,-0.74650575,0.74650575,0.081506853,-0.081506853,-0.959618494,0.959618494,-1.690300166,1.690300166,0.6351951,-0.6351951,-1.592812814,1.592812814,0.85869365,-0.85869365,-0.391174129,0.391174129,-0.883995645,0.883995645,0.912424674,-0.912424674,0.40008901,-0.40008901,0.577162984,-0.577162984,-0.219538038,0.219538038,2.183840589,0.384342124,0.458739013,0.972026843,0.006262609,0.134138636,0.395283052,0.11641515,0.359716223,0.45432329,-0.152746527,0.168113766,-0.293955816,0.042232212,0.100912658
40150,793,"(565, 1770]",Trop/Subtrop Forests,-0.583338325,0.583338325,-2.329885188,2.329885188,-0.78596635,0.78596635,-0.118765201,0.118765201,-0.804015617,0.804015617,-1.541220786,1.541220786,0.797985494,-0.797985494,-2.179878118,2.179878118,1.092521785,-1.092521785,-0.056749302,0.056749302,-1.106280943,1.106280943,0.927761991,-0.927761991,0.18621137,-0.18621137,0.402485306,-0.402485306,-0.201830451,0.201830451,2.854851238,2.263651321,0.650520756,0.983264807,-0.08688661,-0.462489746,-0.209942029,-0.23550285,0.763488688,0.221202279,-0.148930954,0.27297415,-0.659113084,0.148300477,-0.14556346
40151,1399,"(565, 1770]",Trop/Subtrop Forests,-0.548816575,0.548816575,-2.549819137,2.549819137,-0.957497872,0.957497872,0.122830032,-0.122830032,-0.800809166,0.800809166,-1.726034645,1.726034645,0.872673132,-0.872673132,-1.819036426,1.819036426,1.110418275,-1.110418275,-0.183807887,0.183807887,-0.98284275,0.98284275,0.897098965,-0.897098965,0.268603712,-0.268603712,0.265665419,-0.265665419,-0.122830032,0.122830032,2.890899903,1.209066412,0.062886664,0.497050218,-0.193381153,-0.428478957,-0.118156169,0.08074127,0.512880034,0.309742435,0.013999887,0.462223251,-0.398402333,0.083880347,-0.149805424
40152,833,"(565, 1770]",Trop/Subtrop Forests,-0.341589622,0.341589622,-3.43550989,3.43550989,-1.295899091,1.295899091,0.597082188,-0.597082188,-1.164709982,1.164709982,-1.672667542,1.672667542,1.041975401,-1.041975401,-0.759455898,0.759455898,0.908288264,-0.908288264,-0.618254345,0.618254345,-0.169558288,0.169558288,0.63422184,-0.63422184,0.406647307,-0.406647307,0.45218171,-0.45218171,0.028999727,-0.028999727,2.319925716,-1.554706256,-1.64161664,-0.53544584,-0.108512265,1.37779316,0.948428706,0.485490484,0.147733364,0.217642749,1.104125759,-0.332358252,0.145503418,-0.032095676,-0.0350052
40153,103,"[31, 565]",Trop/Subtrop Forests,-1.763613185,1.763613185,-4.527948367,4.527948367,-2.604903303,2.604903303,0.706212788,-0.706212788,-0.453317168,0.453317168,-1.763613185,1.763613185,2.462726151,-2.462726151,-1.843405463,1.843405463,0.887244571,-0.887244571,-0.135859616,0.135859616,-0.750341676,0.750341676,1.135041107,-1.135041107,0.662734668,-0.662734668,0.292753877,-0.292753877,-0.058152537,0.058152537,6.574240052,-0.776034218,0.396599857,-1.786910382,-0.666090024,0.025117898,-0.951828966,-0.266603644,-0.689976676,-0.492541242,-0.052404305,-0.464887147,-0.756209296,0.362249383,-0.018766713
40154,663,"(565, 1770]",Trop/Subtrop Forests,-0.527812738,0.527812738,-2.370571169,2.370571169,-1.392158353,1.392158353,0.246909307,-0.246909307,-0.738052921,0.738052921,-1.901216721,1.901216721,1.019703218,-1.019703218,-1.641846,1.641846,1.253503398,-1.253503398,-0.153841777,0.153841777,-0.934688381,0.934688381,0.972926572,-0.972926572,0.385480405,-0.385480405,0.417442833,-0.417442833,-0.129152049,0.129152049,3.085401153,0.641537321,-0.182628973,0.155455599,-0.290553138,-0.97371567,-0.518810067,0.099636822,0.072383426,0.504991246,0.208921374,0.414316297,-0.562867194,-0.215951824,0.078246608
40155,373,"[31, 565]",Trop/Subtrop Forests,0.097708486,-0.097708486,-2.605314221,2.605314221,-1.05307578,1.05307578,0.712049854,-0.712049854,-0.663321289,0.663321289,-2.648440057,2.648440057,1.125053757,-1.125053757,-1.011068446,1.011068446,1.375804944,-1.375804944,-0.384337625,0.384337625,-0.603454477,0.603454477,0.418209669,-0.418209669,0.184939099,-0.184939099,0.761603703,-0.761603703,0.097708486,-0.097708486,2.219735213,-0.950937969,-3.230589478,-0.767798788,-0.472130258,-1.301333898,-0.112117153,0.828372296,0.797221612,0.146838788,-0.407735548,0.624311619,-0.205968295,0.127489884,-0.190608631
40158,1735,"(565, 1770]",Trop/Subtrop Forests,-1.124095041,1.124095041,-3.207364809,3.207364809,-1.67900249,1.67900249,0.051310525,-0.051310525,-1.171918996,1.171918996,-1.540484682,1.540484682,1.24432834,-1.24432834,-1.723677082,1.723677082,0.48744342,-0.48744342,-0.300714287,0.300714287,-1.037798589,1.037798589,1.133565793,-1.133565793,0.643953693,-0.643953693,0.279283699,-0.279283699,-0.215352661,0.215352661,3.749023726,-0.180409676,1.982169619,0.157382707,-0.381195095,0.541992235,0.84651681,-0.773812702,0.084741188,0.589012314,-0.083380932,-0.362970919,-0.363516921,-0.269004925,-0.008254949
40159,1054,"(565, 1770]",Trop/Subtrop Forests,-0.603593805,0.603593805,-3.176522992,3.176522992,-1.397235558,1.397235558,0.279130161,-0.279130161,-1.047133397,1.047133397,-1.762323597,1.762323597,0.928582219,-0.928582219,-1.466248934,1.466248934,0.774818838,-0.774818838,-0.3070646,0.3070646,-0.556906037,0.556906037,0.721077,-0.721077,0.494171115,-0.494171115,0.481741352,-0.481741352,-0.0312512,0.0312512,2.958849787,-0.273280175,-0.36340002,-0.106389473,-0.471966828,0.727161198,0.785156087,0.284399777,0.587487485,0.638516579,0.109117388,-0.343147476,-0.56542169,-0.116203286,-0.001554304
40160,65,"[31, 565]",Trop/Subtrop Forests,-0.738052921,0.738052921,-2.473073171,2.473073171,-1.956657257,1.956657257,1.035524679,-1.035524679,-1.116502957,1.116502957,-2.27610399,2.27610399,1.822090888,-1.822090888,-0.882199249,0.882199249,0.882199249,-0.882199249,0.092188681,-0.092188681,-1.481208878,1.481208878,1.200947989,-1.200947989,0.95755326,-0.95755326,0.215788165,-0.215788165,-0.215788165,0.215788165,4.035955043,-2.644098131,1.51750538,-1.604575441,-0.371554936,-2.746721354,0.358461564,-0.01528245,0.177936735,0.662621036,1.009214461,0.42030521,-0.627687578,-0.096881346,0.216243775
40161,778,"(565, 1770]",Trop/Subtrop Forests,-1.952431368,1.952431368,-4.464420585,4.464420585,-2.260598062,2.260598062,-0.059716288,0.059716288,-1.430173874,1.430173874,-1.430173874,1.430173874,1.795026151,-1.795026151,-1.917130741,1.917130741,0.435004446,-0.435004446,-0.132568854,0.132568854,-1.430173874,1.430173874,1.463841925,-1.463841925,0.687761616,-0.687761616,0.258391432,-0.258391432,-0.190047959,0.190047959,5.037159167,-0.182019874,3.553717571,-0.598682244,-1.336759143,0.68599681,0.445197492,-2.131543409,0.27467852,0.334522365,0.246226264,-0.358961998,0.036386107,-0.309040764,0.068857689
40162,176,"[31, 565]",Trop/Subtrop Forests,-0.250807522,0.250807522,-1.577764469,1.577764469,-0.534023228,0.534023228,-0.090789948,0.090789948,-0.786715958,0.786715958,-1.188722071,1.188722071,0.583019647,-0.583019647,-1.659930205,1.659930205,1.007290527,-1.007290527,-0.273882187,0.273882187,-1.46224792,1.46224792,0.922140933,-0.922140933,0.136302083,-0.136302083,0.632706437,-0.632706437,-0.022682881,0.022682881,1.568972825,2.391385489,1.031435342,0.553594611,0.166187078,-0.650668132,0.716785478,0.370295967,0.127501186,-0.496899908,0.09111877,0.629383945,0.173453692,-0.228490683,0.045016377
40163,2079,"(1770, 12201]",Trop/Subtrop Forests,-0.687265881,0.687265881,-2.949158406,2.949158406,-1.401522985,1.401522985,0.342815338,-0.342815338,-0.762715715,0.762715715,-1.643669364,1.643669364,1.157971323,-1.157971323,-1.302935531,1.302935531,0.749255049,-0.749255049,-0.270900863,0.270900863,-0.910786927,0.910786927,0.89889441,-0.89889441,0.41969387,-0.41969387,0.328768726,-0.328768726,-0.235214319,0.235214319,3.460194322,-0.303502816,0.378292114,0.130779082,0.268779452,-0.171387617,0.404620688,0.385175497,0.270970154,-0.094356541,0.100046411,-0.236740863,0.025576236,-0.239040936,0.108262836
40164,31,"[31, 565]",Trop/Subtrop Forests,-0.324761365,0.324761365,-2.224418443,2.224418443,-1.643669364,1.643669364,0.596571583,-0.596571583,-1.423202222,1.423202222,-0.596571583,0.596571583,0.891787449,-0.891787449,-1.423202222,1.423202222,0.324761365,-0.324761365,-0.740317242,0.740317242,-1.423202222,1.423202222,1.22901572,-1.22901572,0.596571583,-0.596571583,-0.064409613,0.064409613,-0.740317242,0.740317242,2.680307142,-1.073779565,3.592878236,0.943302097,2.390516599,1.014594901,1.567603183,-0.712961646,-0.224504991,-0.902842453,1.338007033,0.647750288,-0.689642624,-0.950793283,0.030629229
40166,487,"[31, 565]",Trop/Subtrop Forests,0.123366595,-0.123366595,-1.079612992,1.079612992,-0.057514021,0.057514021,-0.399503212,0.399503212,-1.015523433,1.015523433,-1.28549591,1.28549591,0.408056621,-0.408056621,-1.727528745,1.727528745,1.179746908,-1.179746908,-0.408056621,0.408056621,-1.504828018,1.504828018,0.738197299,-0.738197299,0.222694461,-0.222694461,1.047321491,-1.047321491,-0.008214071,0.008214071,0.026349707,2.771654149,0.876359454,0.475084163,0.2414676,-0.567002911,0.627205346,-0.037656685,0.374003307,0.13273029,-0.365696549,0.517279255,-0.018244571,-0.138739792,-0.074351195
40167,733,"(565, 1770]",Trop/Subtrop Forests,0.27350074,-0.27350074,-2.0278404,2.0278404,-0.859152783,0.859152783,0.397775466,-0.397775466,-1.065114527,1.065114527,-1.666685517,1.666685517,0.749852328,-0.749852328,-0.987360473,0.987360473,0.852593216,-0.852593216,-0.602377423,0.602377423,-0.490046554,0.490046554,0.531044926,-0.531044926,0.495878049,-0.495878049,0.794309497,-0.794309497,-0.118195653,0.118195653,1.19356578,-0.814129084,-1.013035273,0.037975154,0.668188165,0.468660835,1.169051193,0.773564975,0.177794479,0.38564337,0.269946364,-0.382001154,-0.487094422,-0.172047093,-0.070700004
40168,710,"(565, 1770]",Trop/Subtrop Forests,-0.313536259,0.313536259,-1.942302669,1.942302669,-1.062352125,1.062352125,0.039586064,-0.039586064,-1.232404022,1.232404022,-1.465722451,1.465722451,0.933056255,-0.933056255,-1.366763293,1.366763293,0.681072351,-0.681072351,-0.44840972,0.44840972,-1.29829494,1.29829494,0.830642997,-0.830642997,0.681072351,-0.681072351,0.668426721,-0.668426721,-0.204266182,0.204266182,1.604299479,0.008956051,1.63764415,-0.20551995,0.500022952,-0.111225134,1.199169013,-0.220331049,0.240103458,0.577789341,-0.166047725,-0.15219744,-0.331633376,-0.430269484,0.006990698
40169,680,"(565, 1770]",Trop/Subtrop Forests,-0.905938111,0.905938111,-2.858864911,2.858864911,-1.241038949,1.241038949,0.337308717,-0.337308717,-0.913162053,0.913162053,-1.755363956,1.755363956,0.979220406,-0.979220406,-1.50703929,1.50703929,0.711667773,-0.711667773,-0.349489091,0.349489091,-0.994168788,0.994168788,0.979220406,-0.979220406,0.554957428,-0.554957428,0.319084236,-0.319084236,-0.472875692,0.472875692,3.330913609,-0.711796253,1.076630056,0.741475566,0.664423739,-0.124123694,0.184366869,-0.062230888,0.488053827,0.37021345,-0.170019954,0.079929603,-0.374803355,-0.07738458,0.326046178
40170,1524,"(565, 1770]",Trop/Subtrop Forests,0.382135034,-0.382135034,-1.74886516,1.74886516,-0.314103473,0.314103473,0.212008327,-0.212008327,-1.085433428,1.085433428,-1.791328299,1.791328299,0.526690238,-0.526690238,-0.930409102,0.930409102,0.917429474,-0.917429474,-0.532349563,0.532349563,-0.936926402,0.936926402,0.828494466,-0.828494466,0.498514955,-0.498514955,1.026824969,-1.026824969,-0.297888334,0.297888334,0.567037028,-0.741397524,0.196036156,0.909153585,0.518544785,-0.537538234,0.624796031,0.473056261,0.239780808,0.393561842,0.166500237,-0.019503245,0.009605203,-0.083087308,0.161683301
40171,1559,"(565, 1770]",Trop/Subtrop Forests,0.014192926,-0.014192926,-1.97702952,1.97702952,-0.673329215,0.673329215,0.107192802,-0.107192802,-1.017584937,1.017584937,-1.65089295,1.65089295,0.627517149,-0.627517149,-1.332613794,1.332613794,0.882822528,-0.882822528,-0.471756571,0.471756571,-1.007683394,1.007683394,0.845704609,-0.845704609,0.46358403,-0.46358403,0.755204367,-0.755204367,-0.295006513,0.295006513,1.392925031,0.022274327,0.562031566,0.827754023,0.530650886,-0.227452652,0.518467326,0.196097379,0.292582951,0.367998646,-0.075695769,0.065915985,-0.251828599,-0.220546001,0.06512653
40172,4298,"(1770, 12201]",Trop/Subtrop Forests,0.52064092,-0.52064092,-1.791129759,1.791129759,-0.257650695,0.257650695,0.131821215,-0.131821215,-1.066539746,1.066539746,-1.757129644,1.757129644,0.443230811,-0.443230811,-1.050617597,1.050617597,1.045743017,-1.045743017,-0.623233793,0.623233793,-0.747306063,0.747306063,0.665775663,-0.665775663,0.480766653,-0.480766653,1.078872193,-1.078872193,-0.191234333,0.191234333,0.21462559,-0.313101722,-0.486419945,0.699032731,0.473004895,0.000606474,0.508099853,0.609416714,0.231946619,0.554408243,0.009942515,-0.042405586,-0.198279327,-0.044326762,0.008512946
40201,551,"[31, 565]",Trop/Subtrop Forests,-0.010907256,0.010907256,-1.16743169,1.16743169,-0.230059458,0.230059458,-0.454877441,0.454877441,-0.94877988,0.94877988,-1.059965911,1.059965911,0.691650548,-0.691650548,-1.792300386,1.792300386,1.218331308,-1.218331308,-0.237430672,0.237430672,-1.509816854,1.509816854,0.555585146,-0.555585146,0.371419042,-0.371419042,1.050475371,-1.050475371,0.193292514,-0.193292514,0.27036097,3.417194126,0.876503115,-0.74027217,0.119906318,-0.414406702,0.737650462,0.357305468,0.410124341,0.262720821,-0.318562802,-0.037666939,-0.225579591,-0.05168974,-0.184350997
40202,2377,"(1770, 12201]",Trop/Subtrop Forests,-0.121690746,0.121690746,-2.07208479,2.07208479,-0.65022658,0.65022658,0.197501348,-0.197501348,-0.991513951,0.991513951,-1.488379252,1.488379252,1.008929185,-1.008929185,-1.123495524,1.123495524,1.089126055,-1.089126055,-0.571404432,0.571404432,-1.055333221,1.055333221,0.454454056,-0.454454056,0.447252782,-0.447252782,0.848657922,-0.848657922,-0.022254867,0.022254867,0.969641122,0.368812723,-0.427365597,-0.988046694,0.788861946,0.048819359,0.723216238,0.441707219,0.425788606,0.043091399,-0.103283296,0.007719822,0.047382709,-0.016184054,-0.051388102
40203,220,"[31, 565]",Trop/Subtrop Forests,0.191985551,-0.191985551,-1.089893806,1.089893806,-0.191985551,0.191985551,-0.210399148,0.210399148,-0.860622833,0.860622833,-1.214800293,1.214800293,0.454248381,-0.454248381,-1.723801399,1.723801399,1.214800293,-1.214800293,-0.359268591,0.359268591,-1.293970569,1.293970569,0.531690174,-0.531690174,0.173604346,-0.173604346,1.293970569,-1.293970569,0.284442345,-0.284442345,0.126302224,3.110983543,-0.171431588,-0.330481729,-0.162993224,-0.330277656,1.005585619,0.705903887,0.241190501,-0.220876704,-0.306356477,0.401680997,-0.356838446,-0.017431848,-0.032347278
40204,610,"(565, 1770]",Trop/Subtrop Forests,-0.155373597,0.155373597,-1.362107516,1.362107516,-0.377218341,0.377218341,-0.289024558,0.289024558,-0.888950582,0.888950582,-1.244272853,1.244272853,0.825850449,-0.825850449,-1.663005416,1.663005416,1.244272853,-1.244272853,-0.148737004,0.148737004,-1.590905566,1.590905566,0.794881129,-0.794881129,0.432199527,-0.432199527,0.818073391,-0.818073391,-0.016496308,0.016496308,0.969008763,2.579007562,1.341879679,-0.35763758,0.256082205,-1.083539343,0.152762985,0.212176551,0.324060626,0.297649403,-0.030376568,0.128347638,-0.066841691,-0.05383834,-0.0572979
40206,1022,"(565, 1770]",Trop/Subtrop Forests,0.39480247,-0.39480247,-0.966409538,0.966409538,-0.019685133,0.019685133,-0.130100879,0.130100879,-0.893635742,0.893635742,-1.549172608,1.549172608,0.643337538,-0.643337538,-1.29173659,1.29173659,1.332964372,-1.332964372,-0.157802624,0.157802624,-1.707002921,1.707002921,0.647698999,-0.647698999,0.321633153,-0.321633153,1.327014257,-1.327014257,0.149882135,-0.149882135,-0.120923541,2.204956273,0.445196898,-0.628173862,-0.185114885,-1.889894891,0.505662809,0.682577754,0.598359443,-0.015972694,-0.138816548,0.423974254,0.162081932,-0.040216433,0.031948857
40207,627,"(565, 1770]",Trop/Subtrop Forests,0.19606142,-0.19606142,-1.198870022,1.198870022,-0.202532995,0.202532995,-0.209008799,0.209008799,-0.898563117,0.898563117,-1.449840935,1.449840935,0.646354224,-0.646354224,-1.481372176,1.481372176,1.281712253,-1.281712253,-0.150867168,0.150867168,-1.492022754,1.492022754,0.527738814,-0.527738814,0.112253004,-0.112253004,1.051646005,-1.051646005,0.176670681,-0.176670681,0.356949401,2.783004971,-0.155073225,-0.435020753,-0.103774074,-1.257170314,0.769100438,0.469845051,0.892145557,-0.123067222,-0.132233174,0.298135891,0.15448856,-0.120429126,-0.134834033
40208,99,"[31, 565]",Trop/Subtrop Forests,-0.02016238,0.02016238,-1.308751607,1.308751607,-0.141366838,0.141366838,-0.100893985,0.100893985,-1.029917687,1.029917687,-0.928339283,0.928339283,0.141366838,-0.141366838,-2.071606168,2.071606168,0.783786864,-0.783786864,-0.515139871,0.515139871,-1.433627392,1.433627392,0.879204719,-0.879204719,0.558439757,-0.558439757,0.691650548,-0.691650548,-0.141366838,0.141366838,0.706182537,2.146739815,2.289833512,0.908675122,0.718117203,0.495154774,1.115414494,0.603656216,0.030015292,0.198661662,-0.310958497,0.79984264,-1.010283611,0.074932861,-0.023012812
40209,880,"(565, 1770]",Trop/Subtrop Forests,-0.380930544,0.380930544,-1.653187295,1.653187295,-0.529881078,0.529881078,-0.343221749,0.343221749,-0.903054732,0.903054732,-1.13738874,1.13738874,0.78903808,-0.78903808,-1.881957063,1.881957063,1.226286419,-1.226286419,-0.259211876,0.259211876,-1.354343889,1.354343889,0.864465664,-0.864465664,0.24067603,-0.24067603,0.752121183,-0.752121183,0.066177549,-0.066177549,1.35217049,3.021999188,0.934930931,0.007792103,-0.069231614,-0.303483228,0.251159907,-0.148829096,0.028027671,0.059375141,0.071534035,0.27984068,-0.071610576,-0.026379833,-0.107049142
40210,1006,"(565, 1770]",Trop/Subtrop Forests,-0.614419698,0.614419698,-2.509118356,2.509118356,-1.078664589,1.078664589,0.317590795,-0.317590795,-0.905793134,0.905793134,-1.6251917,1.6251917,1.267671199,-1.267671199,-1.273532501,1.273532501,0.985442757,-0.985442757,-0.346456935,0.346456935,-0.955244812,0.955244812,0.847785089,-0.847785089,0.421376033,-0.421376033,0.425570686,-0.425570686,-0.118494707,0.118494707,2.680999364,0.004389115,0.085023699,-0.381573397,0.269859441,-0.351840955,0.371298869,0.071750619,0.066125031,0.072807326,0.340245231,0.0005601,0.032971431,0.101225319,-0.018179574
40211,361,"[31, 565]",Trop/Subtrop Forests,-0.6874505,0.6874505,-2.271516217,2.271516217,-1.081076337,1.081076337,0.056082335,-0.056082335,-0.910277928,0.910277928,-1.066308359,1.066308359,1.008266206,-1.008266206,-1.284068811,1.284068811,0.61279996,-0.61279996,-0.351184724,0.351184724,-1.351379757,1.351379757,1.037086587,-1.037086587,0.674885125,-0.674885125,0.385981641,-0.385981641,-0.225217733,0.225217733,2.474120903,0.410966546,2.362609607,-0.081572705,0.689281669,0.018089892,0.910963413,0.424204356,-0.302810546,0.037306306,0.249000083,-0.312044664,0.24472645,-0.355179454,0.213859889
40212,407,"[31, 565]",Trop/Subtrop Forests,-0.252685115,0.252685115,-1.763230213,1.763230213,-0.680587422,0.680587422,0.083832113,-0.083832113,-0.92282882,0.92282882,-1.595838068,1.595838068,0.827870582,-0.827870582,-1.445196225,1.445196225,1.125705342,-1.125705342,-0.272741044,0.272741044,-1.397994197,1.397994197,0.81625254,-0.81625254,0.604216317,-0.604216317,0.691650548,-0.691650548,-0.093708394,0.093708394,1.449934354,0.868807689,0.993260116,-0.392414285,0.234691811,-0.98230161,0.203586492,0.422980719,0.271649998,0.566836101,-0.088965225,0.382164088,-0.288321488,-0.067882723,0.096738989
40301,966,"(565, 1770]",Trop/Subtrop Forests,0.947849375,-0.947849375,-1.390345562,1.390345562,-0.085208987,0.085208987,0.097697171,-0.097697171,-0.927306146,0.927306146,-1.706191534,1.706191534,0.316238124,-0.316238124,-1.010635673,1.010635673,1.449970903,-1.449970903,-0.822278657,0.822278657,-0.64682714,0.64682714,0.214753744,-0.214753744,0.354687132,-0.354687132,1.714199314,-1.714199314,0.202155764,-0.202155764,-1.207972499,0.732623049,-2.322069223,-0.550279428,0.291301242,0.31977695,0.474827356,1.223221403,0.119924659,0.259830649,-0.366547934,0.201046328,-0.352443133,-0.092853028,0.011922471
40302,282,"[31, 565]",Trop/Subtrop Forests,-0.795018573,0.795018573,-3.375289951,3.375289951,-1.003160406,1.003160406,0.316268543,-0.316268543,-0.68098184,0.68098184,-2.149663166,2.149663166,0.449386248,-0.449386248,-1.621807079,1.621807079,1.115028004,-1.115028004,-0.243569465,0.243569465,-0.434421555,0.434421555,1.13428926,-1.13428926,0.214678707,-0.214678707,0.15715183,-0.15715183,-0.555641198,0.555641198,3.653730004,-0.43258427,-0.556511505,2.452109499,-0.015761569,-0.097863899,-1.17986058,0.184043947,0.687929647,0.641522304,0.257400312,0.513402655,-0.253980293,0.075229874,0.462236064
40401,858,"(565, 1770]",Temp Forests,0.44584729,-0.44584729,-1.890631897,1.890631897,-0.436001899,0.436001899,0.148035325,-0.148035325,-0.90355763,0.90355763,-1.801018559,1.801018559,0.295313296,-0.295313296,-1.132197806,1.132197806,1.391355098,-1.391355098,-0.63244175,0.63244175,-0.711054188,0.711054188,0.396822576,-0.396822576,0.195293623,-0.195293623,1.177252669,-1.177252669,0.190558864,-0.190558864,-0.002116809,0.87439685,-2.111912294,-0.169094071,-0.180565004,0.145060145,0.442602327,0.994035329,0.422197556,0.235754883,-0.086343603,0.604639259,-0.071835354,-0.243111161,0.058872411
40402,31,"[31, 565]",Temp Forests,-1.22901572,1.22901572,-3.371700976,3.371700976,-1.053532081,1.053532081,0.324761365,-0.324761365,-1.423202222,1.423202222,-2.224418443,2.224418443,0.064409613,-0.064409613,-2.224418443,2.224418443,0.458582576,-0.458582576,-0.891787449,0.891787449,-0.064409613,0.064409613,0.891787449,-0.891787449,-0.064409613,0.064409613,-0.891787449,0.891787449,-0.891787449,0.891787449,3.720940265,-1.226823488,-0.790339592,4.151363729,1.30720232,2.250416674,0.895231484,-1.690039992,1.620339343,1.157947909,-0.532734148,1.38132912,-0.912819963,0.064825747,-0.193578093
40403,637,"(565, 1770]",Temp Forests,1.188671859,-1.188671859,-1.171080123,1.171080123,0.367866344,-0.367866344,-0.341755206,0.341755206,-0.931961867,0.931961867,-1.41442148,1.41442148,-0.098139306,0.098139306,-1.4969248,1.4969248,1.374684181,-1.374684181,-0.78809574,0.78809574,-0.99526254,0.99526254,0.630604866,-0.630604866,0.168046367,-0.168046367,1.74966921,-1.74966921,-0.148947304,0.148947304,-1.446577369,1.926879451,-0.471217635,1.5259369,0.535861546,0.207266486,-0.117816214,0.492276142,0.128366148,-0.113258938,-0.471616684,0.44339738,-0.253265912,-0.242342502,-0.04230593
40501,543,"[31, 565]",Temp Forests,0.803066141,-0.803066141,-2.528474908,2.528474908,-0.02990497,0.02990497,-0.044861634,0.044861634,-1.110940349,1.110940349,-1.631725223,1.631725223,0.127258114,-0.127258114,-1.120995374,1.120995374,1.52623287,-1.52623287,-0.666536698,0.666536698,-1.041928451,1.041928451,0.742523945,-0.742523945,0.149793168,-0.149793168,1.564941153,-1.564941153,0.331944954,-0.331944954,-0.80010594,1.22126415,-0.998209181,-0.020020289,-1.391250768,0.313789988,-0.037296934,0.556286061,0.24532798,-0.2163664,0.408356909,1.072470375,0.513805106,-0.159457494,-0.075603098
40502,432,"[31, 565]",Temp Forests,1.382556039,-1.382556039,-1.065282008,1.065282008,0.375708297,-0.375708297,-0.233144314,0.233144314,-0.845397622,0.845397622,-1.257020296,1.257020296,-0.055716958,0.055716958,-1.487134414,1.487134414,1.397092691,-1.397092691,-0.790767485,0.790767485,-1.190933869,1.190933869,0.674301944,-0.674301944,0.261423984,-0.261423984,1.933816635,-1.933816635,-0.037139301,0.037139301,-1.607034888,2.045966906,-0.052030154,1.006333911,0.403233321,0.021042605,-0.111585621,0.895077665,-0.22327122,-0.486864821,-0.404413447,0.637658351,-0.38591662,-0.231105975,-0.045058086
40701,270,"[31, 565]",Grasslands,0.432743147,-0.432743147,-0.975123199,0.975123199,0.022427996,-0.022427996,0.022427996,-0.022427996,-0.937843239,0.937843239,-1.278575053,1.278575053,0.385981641,-0.385981641,-1.323014519,1.323014519,1.391905898,-1.391905898,-0.51175471,0.51175471,-1.513542068,1.513542068,0.479975308,-0.479975308,0.217650025,-0.217650025,1.391905898,-1.391905898,-0.127258114,0.127258114,-0.604529065,1.899174051,0.022701506,-0.07981719,1.188316504,-0.83865176,0.333536562,0.560480165,0.738068612,-0.461233653,-0.046633523,0.755129998,-0.131387229,-0.175848481,0.286042765
41001,1566,"(565, 1770]",Grasslands,-0.911025392,0.911025392,-4.587996532,4.587996532,-1.694118502,1.694118502,0.486332297,-0.486332297,-0.933309978,0.933309978,-2.21731671,2.21731671,1.250389876,-1.250389876,-1.162650739,1.162650739,0.787469672,-0.787469672,-0.366974196,0.366974196,-0.434421555,0.434421555,0.933309978,-0.933309978,0.445300125,-0.445300125,0.213367698,-0.213367698,-0.276523797,0.276523797,4.231942448,-2.01071724,-0.645695387,0.277920607,-0.653811187,0.648130377,-0.297182001,-0.106744426,0.775928177,0.412302161,0.085335829,-0.263868042,0.231322239,-0.09044447,0.022401069
41301,683,"(565, 1770]",Deserts & Drylands,0.123439348,-0.123439348,-1.17572084,1.17572084,-0.241867323,0.241867323,-0.349892552,0.349892552,-0.873490168,0.873490168,-1.293415094,1.293415094,0.682861828,-0.682861828,-1.71771085,1.71771085,1.293415094,-1.293415094,-0.158839637,0.158839637,-1.467059769,1.467059769,0.696054544,-0.696054544,0.212133975,-0.212133975,1.080378964,-1.080378964,0.247826365,-0.247826365,0.507365874,3.270666162,0.399608695,-0.389181524,-0.44221311,-0.990735123,0.572914354,0.356635675,0.281141301,0.034118708,-0.109391186,0.229903662,-0.060211479,-0.024059183,-0.205319939
41303,659,"(565, 1770]",Deserts & Drylands,0.362971276,-0.362971276,-0.808031129,0.808031129,0.08524705,-0.08524705,-0.509761228,0.509761228,-1.136887575,1.136887575,-1.422888593,1.422888593,0.516255866,-0.516255866,-1.554539261,1.554539261,1.403559767,-1.403559767,-0.263180406,0.263180406,-1.698554833,1.698554833,0.779648724,-0.779648724,0.375561725,-0.375561725,1.544010846,-1.544010846,0.226117975,-0.226117975,-0.790175726,2.936340915,1.002700746,-0.398010442,-0.675963639,-1.339556314,0.44210387,-0.08414504,0.208466485,0.491195591,-0.171960278,0.382897472,0.046819551,-0.061678428,-0.024530169
41304,97,"[31, 565]",Deserts & Drylands,0.526253006,-0.526253006,-1.055264117,1.055264117,0.353450057,-0.353450057,-0.526253006,0.526253006,-0.660954917,0.660954917,-1.344493819,1.344493819,0.707115897,-0.707115897,-1.61701305,1.61701305,1.282877992,-1.282877992,-0.061751821,0.061751821,-1.544335391,1.544335391,0.707115897,-0.707115897,0.39606829,-0.39606829,1.61701305,-1.61701305,0.227325342,-0.227325342,-0.088592991,3.320814008,0.811665883,-0.311231197,-0.572242487,-1.499191541,0.107387567,0.982166423,0.147781987,0.067973522,-0.616426585,-0.473729203,0.05686464,0.367080172,-0.189168215
41401,48,"[31, 565]",Trop/Subtrop Forests,-0.250807522,0.250807522,-2.387057016,2.387057016,-0.786715958,0.786715958,-0.166719095,0.166719095,-0.509761228,0.509761228,-1.209964953,1.209964953,0.885291257,-0.885291257,-2.143323647,2.143323647,1.604655121,-1.604655121,0.250807522,-0.250807522,-1.939084184,1.939084184,0.786715958,-0.786715958,0.166719095,-0.166719095,1.095952713,-1.095952713,0.083214986,-0.083214986,2.141750497,3.946833761,1.164414327,-0.886580195,-0.534449878,-1.650767125,-1.18673373,0.529183343,1.206855059,-0.805598013,-0.051154005,0.694873424,-0.394466778,-0.22703807,0.108519878
41402,239,"[31, 565]",Trop/Subtrop Forests,0.025482332,-0.025482332,-1.579466698,1.579466698,-0.815266187,0.815266187,0.144643724,-0.144643724,-0.756024939,0.756024939,-1.182664745,1.182664745,0.815266187,-0.815266187,-1.463986707,1.463986707,1.002001878,-1.002001878,-0.530193226,0.530193226,-1.330404564,1.330404564,0.775627191,-0.775627191,0.603757447,-0.603757447,0.896442379,-0.896442379,-0.282147448,0.282147448,1.321118723,0.803430934,1.247218965,-0.08285199,1.361558688,-0.305734039,0.196745941,0.671937875,-0.247061305,-0.201262486,-0.21596734,0.156331752,-0.530930289,-0.366689073,0.166973389
41403,124,"[31, 565]",Trop/Subtrop Forests,-0.458582576,0.458582576,-1.423202222,1.423202222,-0.324761365,0.324761365,-0.128953108,0.128953108,-1.275569568,1.275569568,-1.011963121,1.011963121,0.631899162,-0.631899162,-1.475476447,1.475476447,1.053532081,-1.053532081,-0.596571583,0.596571583,-1.833506054,1.833506054,0.931144001,-0.931144001,0.814944113,-0.814944113,0.853068731,-0.853068731,-0.193766045,0.193766045,0.178546757,1.150056602,2.928032073,-0.527145705,0.961923056,-0.165890548,0.552547952,-0.187099174,-0.1069884,0.570573859,0.062925498,0.767426215,-0.103207823,-0.10027112,0.351806545
41404,85,"[31, 565]",Trop/Subtrop Forests,-0.259757703,0.259757703,-1.706379442,1.706379442,-0.817616649,0.817616649,0.604850738,-0.604850738,-0.604850738,0.604850738,-1.89962024,1.89962024,1.049584378,-1.049584378,-0.873490168,0.873490168,1.049584378,-1.049584378,-0.404633507,0.404633507,-1.17572084,1.17572084,1.17572084,-1.17572084,0.762927386,-0.762927386,0.709305759,-0.709305759,-0.307676223,0.307676223,2.22985192,-1.340020387,0.860466427,0.149153382,0.573151753,-1.794260299,-0.300542504,1.029308255,-0.973628795,0.23686575,0.273732577,0.445241367,0.00179776,0.119098412,0.512182156
41405,1088,"(565, 1770]",Trop/Subtrop Forests,-2.141660618,2.141660618,-4.314890887,4.314890887,-2.484191505,2.484191505,-0.033770261,0.033770261,-1.209081659,1.209081659,-1.540937153,1.540937153,1.864406489,-1.864406489,-1.864406489,1.864406489,0.627629373,-0.627629373,-0.007503825,0.007503825,-1.26284899,1.26284899,1.627264633,-1.627264633,0.828494466,-0.828494466,0.131505506,-0.131505506,-0.38357617,0.38357617,5.637124909,-0.465848701,3.553896612,-0.226777124,-1.003944094,0.144121838,-0.54556504,-1.94076584,-0.172633835,0.810951131,0.510337459,-0.603502832,-0.101904361,-0.374100304,0.381597919
41406,41,"[31, 565]",Trop/Subtrop Forests,-1.1286322,1.1286322,-2.215533221,2.215533221,-1.265246545,1.265246545,-0.244628292,0.244628292,-1.000947499,1.000947499,-0.655372612,0.655372612,1.1286322,-1.1286322,-2.215533221,2.215533221,1.1286322,-1.1286322,0.04869274,-0.04869274,-2.215533221,2.215533221,1.413195761,-1.413195761,0.548892413,-0.548892413,0.548892413,-0.548892413,-0.244628292,0.244628292,2.905414647,3.027296703,4.435647889,-0.350034281,0.142366715,-0.944362381,-0.503723988,-0.935463601,0.00347995,-0.380201859,0.742142073,0.705555146,-0.34932038,-0.421000623,0.358963468
50201,1020,"(565, 1770]",Trop/Subtrop Forests,0.202896617,-0.202896617,-1.140433961,1.140433961,-0.086139827,0.086139827,-0.462530445,0.462530445,-1.070785222,1.070785222,-1.488264979,1.488264979,0.569463933,-0.569463933,-1.679549754,1.679549754,1.049829654,-1.049829654,-0.316942971,0.316942971,-1.081343948,1.081343948,0.963015077,-0.963015077,0.094164176,-0.094164176,1.474996875,-1.474996875,0.058074724,-0.058074724,0.373649081,2.448796946,0.359947654,1.204680069,-0.722559553,-0.62386127,0.801895,-0.480270867,-0.134328588,0.072245481,-0.090309757,-0.212425772,-0.027957915,0.111608844,-0.056685027
50302,5290,"(1770, 12201]",Trop/Subtrop Forests,0.794787594,-0.794787594,-1.743645759,1.743645759,0.014631492,-0.014631492,0.024643321,-0.024643321,-1.081648242,1.081648242,-1.796276766,1.796276766,0.54026301,-0.54026301,-1.140542315,1.140542315,1.083685539,-1.083685539,-0.852001886,0.852001886,-0.576023039,0.576023039,0.699453723,-0.699453723,0.087843832,-0.087843832,1.928618229,-1.928618229,-0.172924142,0.172924142,-0.360534769,0.011021084,-1.37466367,1.369580393,0.197914957,0.252882364,0.46437651,-0.217933243,-0.068785971,-0.474275607,-0.267964671,-0.154593997,-0.061144114,0.177222562,0.028459552
50303,5283,"(1770, 12201]",Trop/Subtrop Forests,0.529396076,-0.529396076,-2.076588015,2.076588015,-0.180679722,0.180679722,0.083570053,-0.083570053,-1.072915261,1.072915261,-2.006264939,2.006264939,0.558515688,-0.558515688,-1.266510765,1.266510765,1.132849878,-1.132849878,-0.620868038,0.620868038,-0.521943953,0.521943953,0.902730698,-0.902730698,-0.013920466,0.013920466,1.613469061,-1.613469061,-0.216606695,0.216606695,0.589214042,-0.012634393,-1.377043202,1.872138699,-0.353625973,-0.182885476,0.103383536,-0.482427889,0.145154738,-0.304820093,0.102883995,0.047763087,-0.066597943,0.23239115,0.045739563
50401,1823,"(1770, 12201]",Temp Forests,1.317239469,-1.317239469,-1.822232264,1.822232264,0.525937014,-0.525937014,-0.078206724,0.078206724,-1.102560496,1.102560496,-1.589586072,1.589586072,0.025323021,-0.025323021,-0.832074514,0.832074514,1.021816953,-1.021816953,-0.839903109,0.839903109,-0.914195864,0.914195864,0.982579645,-0.982579645,0.623896821,-0.623896821,1.682374456,-1.682374456,-0.379926237,0.379926237,-1.262327881,-0.771946441,0.845537061,1.852677631,0.433111298,0.152884327,-0.104435392,0.78577601,-0.289182753,0.285191102,0.046883767,-0.095637447,0.233883991,0.014147258,0.070161638
50402,2836,"(1770, 12201]",Temp Forests,1.299191895,-1.299191895,-1.592035163,1.592035163,0.412584425,-0.412584425,-0.026841068,0.026841068,-1.076298739,1.076298739,-1.742716918,1.742716918,0.0692452,-0.0692452,-0.908029389,0.908029389,1.080027655,-1.080027655,-0.764019537,0.764019537,-0.904583219,0.904583219,0.923600197,-0.923600197,0.501860507,-0.501860507,1.751098394,-1.751098394,-0.288748021,0.288748021,-1.135418137,-0.503728725,0.266677735,1.725528039,0.178788981,-0.240527116,0.043094575,0.701394909,-0.180590412,0.214467208,-0.035012273,0.048915382,0.062530422,0.000945867,0.07116613
50403,3309,"(1770, 12201]",Temp Forests,1.297439215,-1.297439215,-1.622152761,1.622152761,0.38774824,-0.38774824,-0.008483388,0.008483388,-1.096759739,1.096759739,-1.799745959,1.799745959,0.099458137,-0.099458137,-0.870318616,0.870318616,1.112969209,-1.112969209,-0.791476583,0.791476583,-0.911442871,0.911442871,0.969959396,-0.969959396,0.488171736,-0.488171736,1.76533313,-1.76533313,-0.323958744,0.323958744,-1.129238163,-0.693044443,0.253701779,1.805923185,0.177343887,-0.331618812,-0.091526485,0.533946904,-0.2324522,0.196390724,0.01324128,0.128747589,0.129158244,-0.017849228,0.090384978
50404,2890,"(1770, 12201]",Temp Forests,1.519585864,-1.519585864,-1.35426129,1.35426129,0.476809558,-0.476809558,0.036748985,-0.036748985,-1.144076066,1.144076066,-1.720625997,1.720625997,0.199637243,-0.199637243,-0.799140598,0.799140598,1.084446071,-1.084446071,-0.778163508,0.778163508,-0.966671547,0.966671547,0.918563815,-0.918563815,0.512164747,-0.512164747,1.957739101,-1.957739101,-0.313842194,0.313842194,-1.448240753,-0.741969364,0.332929465,1.55922687,0.344974927,-0.514745338,0.144834359,0.561671654,-0.240866859,-0.000617268,0.108211254,-0.065963571,0.001678294,0.03875779,0.032974721
50405,1875,"(1770, 12201]",Temp Forests,1.425853648,-1.425853648,-0.974135204,0.974135204,0.453054624,-0.453054624,0.004283285,-0.004283285,-1.244069017,1.244069017,-1.727459963,1.727459963,0.39037835,-0.39037835,-0.805460504,0.805460504,1.084578049,-1.084578049,-0.805460504,0.805460504,-1.02037137,1.02037137,0.802953519,-0.802953519,0.399283144,-0.399283144,2.088479386,-2.088479386,-0.247544939,0.247544939,-1.6593806,-0.457271402,-0.01396234,1.191028189,0.463402233,-0.689307973,0.591710944,0.109045058,-0.174779951,-0.145500208,0.004729537,-0.124876818,0.0144616,0.072314516,-0.003512339
50406,1742,"(565, 1770]",Temp Forests,1.539961956,-1.539961956,-1.775291231,1.775291231,0.449438114,-0.449438114,0.089846217,-0.089846217,-1.277474551,1.277474551,-1.79399727,1.79399727,0.161504185,-0.161504185,-0.587260984,0.587260984,0.978279843,-0.978279843,-0.972490687,0.972490687,-0.972490687,0.972490687,0.915403747,-0.915403747,0.696832392,-0.696832392,1.866475247,-1.866475247,-0.377372091,0.377372091,-1.672309782,-1.776328872,0.652588989,1.407072853,0.460237379,-0.036733587,0.197662878,0.544009405,-0.227285663,0.262148627,-0.032440521,0.001683536,0.216120886,-0.059719464,0.005206364
50407,2431,"(1770, 12201]",Temp Forests,1.43859817,-1.43859817,-1.53750851,1.53750851,0.577951579,-0.577951579,-0.078493217,0.078493217,-1.281100472,1.281100472,-1.763581095,1.763581095,0.103319366,-0.103319366,-0.735934512,0.735934512,1.010345798,-1.010345798,-0.903247881,0.903247881,-0.976842516,0.976842516,1.016685885,-1.016685885,0.665146901,-0.665146901,1.814055077,-1.814055077,-0.404289484,0.404289484,-1.669715556,-1.242713566,0.918771683,1.834313823,0.376780438,-0.174121026,0.07711163,0.321863155,-0.343541654,0.486399636,0.00085767,-0.051616654,0.217059304,0.027597366,0.015669395
50408,1245,"(565, 1770]",Temp Forests,1.471526391,-1.471526391,-1.598871129,1.598871129,0.42620903,-0.42620903,0.016149283,-0.016149283,-1.304810931,1.304810931,-1.750744778,1.750744778,0.161841652,-0.161841652,-0.567011756,0.567011756,0.962703214,-0.962703214,-1.028277683,1.028277683,-0.966744607,0.966744607,0.962703214,-0.962703214,0.776407215,-0.776407215,1.796307393,-1.796307393,-0.480590076,0.480590076,-1.744926653,-1.899350677,0.97311004,1.595721326,0.802592958,0.012771628,0.112339648,0.385260976,-0.423834904,0.503799704,-0.044336495,-0.110032954,0.233292436,-0.141846053,0.064303614
50409,1959,"(1770, 12201]",Temp Forests,1.471461148,-1.471461148,-1.074328379,1.074328379,0.418256005,-0.418256005,0.091905494,-0.091905494,-1.21068599,1.21068599,-1.796063895,1.796063895,0.325302084,-0.325302084,-0.689356545,0.689356545,0.990020231,-0.990020231,-0.84006212,0.84006212,-0.946536264,0.946536264,0.888995516,-0.888995516,0.439618494,-0.439618494,2.068187578,-2.068187578,-0.33578793,0.33578793,-1.498150795,-1.055834786,0.089542512,1.571943641,0.522664777,-0.686354291,0.570705894,0.259658942,-0.306143012,-0.160634982,0.041509442,-0.15619818,0.064242571,0.022067891,0.088845069
50410,2395,"(1770, 12201]",Temp Forests,1.383603665,-1.383603665,-1.724383536,1.724383536,0.451738973,-0.451738973,0.01763452,-0.01763452,-1.238009448,1.238009448,-1.770908561,1.770908561,0.137088208,-0.137088208,-0.690391863,0.690391863,1.008934702,-1.008934702,-0.916546146,0.916546146,-1.032653776,1.032653776,0.983354491,-0.983354491,0.673450555,-0.673450555,1.781080213,-1.781080213,-0.400786915,0.400786915,-1.489851612,-1.434155653,0.881167951,1.589173199,0.435257333,-0.167833996,0.039140574,0.452582913,-0.255140134,0.326802429,-0.037052102,0.080945322,0.25504869,-0.053933747,0.063402591
50411,3432,"(1770, 12201]",Temp Forests,1.163725308,-1.163725308,-1.513964549,1.513964549,0.483791612,-0.483791612,-0.143612476,0.143612476,-1.181555589,1.181555589,-1.721494528,1.721494528,0.113057692,-0.113057692,-0.859778686,0.859778686,1.094005688,-1.094005688,-0.766294163,0.766294163,-0.999676961,0.999676961,0.948207858,-0.948207858,0.586817917,-0.586817917,1.721494528,-1.721494528,-0.280958845,0.280958845,-1.365112267,-0.462857363,0.645427393,1.531162576,0.155791754,-0.277891575,0.074403751,0.469457317,-0.210484909,0.525076665,-0.015971704,-0.022528378,0.242905709,0.028711824,0.093527978
50412,1787,"(1770, 12201]",Temp Forests,1.54099153,-1.54099153,-1.22633389,1.22633389,0.471398328,-0.471398328,0.010086594,-0.010086594,-1.141999237,1.141999237,-1.734176123,1.734176123,0.20128632,-0.20128632,-0.814391743,0.814391743,1.023388172,-1.023388172,-0.862252621,0.862252621,-0.864938611,0.864938611,0.859569558,-0.859569558,0.426626406,-0.426626406,2.122738286,-2.122738286,-0.264908346,0.264908346,-1.577731891,-0.656899844,-0.064084451,1.634311588,0.315225471,-0.318346324,0.442665826,0.472938112,-0.358896992,-0.156262386,-0.094766565,-0.161951185,-0.018171221,0.03384082,0.038215481
50413,4119,"(1770, 12201]",Temp Forests,1.188058573,-1.188058573,-1.531991045,1.531991045,0.341623551,-0.341623551,0.04083974,-0.04083974,-1.13715758,1.13715758,-1.819097901,1.819097901,0.213730394,-0.213730394,-0.868403469,0.868403469,1.10828941,-1.10828941,-0.778954364,0.778954364,-0.925100665,0.925100665,0.903680125,-0.903680125,0.43042069,-0.43042069,1.781157289,-1.781157289,-0.282848015,0.282848015,-1.065500486,-0.642779287,0.014263812,1.545988698,0.207253677,-0.423751123,0.143507451,0.377243964,-0.124937904,0.093278766,0.020477384,0.145250553,0.108092788,0.045402839,0.091955063
50414,2967,"(1770, 12201]",Temp Forests,1.320422581,-1.320422581,-1.549034089,1.549034089,0.54491242,-0.54491242,-0.108363977,0.108363977,-1.191021895,1.191021895,-1.741076711,1.741076711,0.067687118,-0.067687118,-0.794398499,0.794398499,1.093251674,-1.093251674,-0.81977179,0.81977179,-0.943961588,0.943961588,0.974365106,-0.974365106,0.636356723,-0.636356723,1.757160012,-1.757160012,-0.36112567,0.36112567,-1.510444998,-0.833858096,0.694231817,1.74451733,0.318201018,-0.21232233,-0.081721797,0.520587412,-0.266492783,0.557734893,0.030841589,-0.063663893,0.200378405,0.028182576,0.088411027
50415,2482,"(1770, 12201]",Temp Forests,1.588298108,-1.588298108,-1.515417588,1.515417588,0.552251296,-0.552251296,-0.029117246,0.029117246,-1.248260943,1.248260943,-1.761728808,1.761728808,0.145833859,-0.145833859,-0.735012515,0.735012515,1.066022193,-1.066022193,-0.884965331,0.884965331,-1.001248637,1.001248637,0.918441881,-0.918441881,0.633396116,-0.633396116,1.855303754,-1.855303754,-0.415089188,0.415089188,-1.735647319,-1.185379193,0.673635359,1.642599198,0.56512912,-0.28083473,-0.002351839,0.408940951,-0.13776945,0.325563218,-0.027868755,-0.059539756,0.109497111,-0.026250552,-0.05271661
50416,2070,"(1770, 12201]",Temp Forests,1.605235027,-1.605235027,-1.713501386,1.713501386,0.470921015,-0.470921015,0.119378572,-0.119378572,-1.30805005,1.30805005,-1.766932032,1.766932032,0.185688355,-0.185688355,-0.616978099,0.616978099,0.989667719,-0.989667719,-0.997040945,0.997040945,-0.992122688,0.992122688,0.960419792,-0.960419792,0.672815175,-0.672815175,1.851085412,-1.851085412,-0.472969806,0.472969806,-1.672923806,-1.876320978,0.799193946,1.635959149,0.706994023,-0.092575899,0.082868091,0.34163458,-0.230245736,0.147779699,0.0705924,0.065079165,0.140988028,-0.051240452,-0.025780588
50417,1492,"(565, 1770]",Temp Forests,1.450418078,-1.450418078,-1.062978116,1.062978116,0.590114331,-0.590114331,-0.311546292,0.311546292,-1.252157934,1.252157934,-1.513029399,1.513029399,0.112131313,-0.112131313,-0.956103505,0.956103505,1.340173132,-1.340173132,-0.863766875,0.863766875,-1.052396914,1.052396914,0.828437513,-0.828437513,0.598948606,-0.598948606,1.9140014,-1.9140014,-0.114839145,0.114839145,-2.292987297,0.429486675,0.429749095,0.909032403,0.181656629,-0.088144456,-0.004558202,0.356128329,-0.499770517,0.60651194,0.060219413,0.060104772,0.071033846,-0.037444292,-0.101042048
50501,752,"(565, 1770]",Temp Forests,1.815757873,-1.815757873,-2.731870725,2.731870725,0.62624624,-0.62624624,0.098945835,-0.098945835,-1.750693332,1.750693332,-1.658347766,1.658347766,0.331667243,-0.331667243,-0.746236702,0.746236702,0.917000665,-0.917000665,-1.249557952,1.249557952,-0.990196602,0.990196602,0.752366639,-0.752366639,0.734016796,-0.734016796,2.62100407,-2.62100407,-0.131117095,0.131117095,-2.604233076,-2.069862898,0.692614615,0.349128236,-0.376105417,1.372625291,0.635326864,-0.258970101,0.156057289,-0.242581416,-0.191818838,0.02584148,-0.124473352,0.318703177,-0.323391055
50502,584,"(565, 1770]",Temp Forests,1.608791594,-1.608791594,-2.390796225,2.390796225,0.530067212,-0.530067212,0.103691838,-0.103691838,-1.571965294,1.571965294,-1.524205954,1.524205954,0.152238596,-0.152238596,-0.807883024,0.807883024,0.898549638,-0.898549638,-1.082204947,1.082204947,-0.923876513,0.923876513,0.791740396,-0.791740396,0.689062975,-0.689062975,2.075473352,-2.075473352,-0.214928227,0.214928227,-2.011183114,-1.555482365,0.773381164,0.87272418,0.066591948,1.167566784,0.668644887,0.232682652,0.135900322,-0.031563777,0.116232962,0.050612089,-0.137559958,0.171733951,-0.230386307
50503,3079,"(1770, 12201]",Temp Forests,1.424281624,-1.424281624,-1.270460163,1.270460163,0.543567678,-0.543567678,-0.192274985,0.192274985,-1.313018776,1.313018776,-1.767074806,1.767074806,0.458627042,-0.458627042,-1.023638453,1.023638453,1.199250571,-1.199250571,-0.807240927,0.807240927,-0.861481084,0.861481084,0.831892622,-0.831892622,0.2372784,-0.2372784,2.409545552,-2.409545552,-0.210779734,0.210779734,-1.729610977,0.071158826,-0.414935199,1.471527969,-0.027320817,-0.364488911,0.223823483,-0.525971165,-0.102772211,-0.249121882,-0.051968112,-0.332068787,-0.024602344,0.255900274,-0.084983992
50504,1344,"(565, 1770]",Temp Forests,1.119897335,-1.119897335,-1.523135885,1.523135885,0.5786784,-0.5786784,-0.062581861,0.062581861,-1.091989748,1.091989748,-1.776463498,1.776463498,0.173220584,-0.173220584,-0.806711152,0.806711152,1.0334517,-1.0334517,-0.935650667,0.935650667,-0.902764438,0.902764438,0.924636779,-0.924636779,0.473388858,-0.473388858,1.819224804,-1.819224804,-0.349079637,0.349079637,-1.318801633,-0.784513844,0.215917364,1.824075225,0.490953096,-0.129459706,0.119032439,0.397812659,-0.384148835,0.123130916,-0.291107946,0.036983336,0.40074533,0.167755542,0.142141659
50505,1658,"(565, 1770]",Temp Forests,1.877732031,-1.877732031,-1.601030933,1.601030933,0.548446117,-0.548446117,-0.142204465,0.142204465,-1.31943373,1.31943373,-1.588055537,1.588055537,0.344321381,-0.344321381,-0.935080266,0.935080266,1.213325324,-1.213325324,-1.014391777,1.014391777,-0.986613684,0.986613684,0.789716042,-0.789716042,0.445242192,-0.445242192,2.671099746,-2.671099746,-0.010920517,0.010920517,-2.445930789,-0.146916974,-0.077783573,0.665696851,-0.384141584,0.25393418,0.23980824,0.034889314,-0.481743743,-0.455129917,-0.183292799,-0.087020477,-0.085008201,0.087038106,-0.248060489
50506,1214,"(565, 1770]",Temp Forests,1.650976258,-1.650976258,-1.973453582,1.973453582,0.344888132,-0.344888132,0.079617099,-0.079617099,-1.335659572,1.335659572,-1.638752635,1.638752635,0.219711036,-0.219711036,-0.696625635,0.696625635,1.204896879,-1.204896879,-0.988433123,0.988433123,-1.06093792,1.06093792,0.922326025,-0.922326025,0.70410386,-0.70410386,2.078110592,-2.078110592,-0.056380604,0.056380604,-1.994116116,-1.103319345,0.529702832,0.444646413,-0.369366518,0.221152561,0.068983304,0.541356257,-0.546499498,0.080581024,0.266880165,0.361457884,0.103360346,-0.053834927,-0.1348796
50507,1339,"(565, 1770]",Temp Forests,1.730307112,-1.730307112,-1.980744944,1.980744944,0.535489642,-0.535489642,-0.063147734,0.063147734,-1.390071215,1.390071215,-1.684046618,1.684046618,0.305974634,-0.305974634,-0.843253001,0.843253001,1.169353625,-1.169353625,-1.048479891,1.048479891,-0.97167236,0.97167236,0.934254427,-0.934254427,0.610466804,-0.610466804,2.317596553,-2.317596553,-0.102294337,0.102294337,-2.148859973,-0.934897689,0.416140928,0.840196489,-0.423718592,0.387750513,0.022671476,0.038658585,-0.54391443,-0.032791774,-0.008737407,0.107394117,0.052784466,0.159251361,-0.269627045
50508,1609,"(565, 1770]",Temp Forests,1.731087914,-1.731087914,-1.791044707,1.791044707,0.312679482,-0.312679482,0.030017411,-0.030017411,-1.205552691,1.205552691,-1.726203858,1.726203858,0.353822469,-0.353822469,-0.800568139,0.800568139,1.352412328,-1.352412328,-0.963705283,0.963705283,-0.97625409,0.97625409,0.794726814,-0.794726814,0.479201773,-0.479201773,2.178763109,-2.178763109,-0.057544927,0.057544927,-1.915227904,-0.547447884,-0.378812654,0.496354966,-0.192622704,-0.042901293,-0.177483345,0.347135946,-0.400126453,-0.216942455,0.058784002,0.276768127,0.075308806,-0.065339764,-0.240394258
50509,418,"[31, 565]",Temp Forests,1.326643057,-1.326643057,-3.194247538,3.194247538,0.540581346,-0.540581346,0.144192195,-0.144192195,-1.576227554,1.576227554,-1.593219855,1.593219855,0.153841777,-0.153841777,-0.820407776,0.820407776,1.033044748,-1.033044748,-1.008403838,1.008403838,-1.16090015,1.16090015,0.720565174,-0.720565174,0.959948378,-0.959948378,2.052963656,-2.052963656,-0.086419474,0.086419474,-1.94518278,-1.723293569,1.231928687,-0.205401074,-0.453348311,1.306597848,0.14535464,0.62205898,0.577809959,0.363853798,-0.087056352,0.343719278,-0.093011505,0.334608474,-0.120157182
50510,1964,"(1770, 12201]",Temp Forests,1.730337372,-1.730337372,-1.435966371,1.435966371,0.344603246,-0.344603246,0.034949114,-0.034949114,-1.272124268,1.272124268,-1.694617349,1.694617349,0.291897628,-0.291897628,-0.724967586,0.724967586,1.287216599,-1.287216599,-0.934048052,0.934048052,-1.0620242,1.0620242,0.891305149,-0.891305149,0.603527799,-0.603527799,2.112474182,-2.112474182,-0.055516021,0.055516021,-2.075858485,-0.701375481,0.159026171,0.525061248,-0.205877748,-0.294689402,0.082737731,0.430356267,-0.648990333,0.059057465,0.231881831,0.30334346,0.040012236,-0.094231823,-0.168408795
50511,2625,"(1770, 12201]",Temp Forests,1.882759257,-1.882759257,-1.836735188,1.836735188,0.608306318,-0.608306318,-0.07054873,0.07054873,-1.462875375,1.462875375,-1.666433051,1.666433051,0.411983487,-0.411983487,-0.902965098,0.902965098,1.065562587,-1.065562587,-0.950122939,0.950122939,-0.895507497,0.895507497,0.807746225,-0.807746225,0.396018993,-0.396018993,2.659835942,-2.659835942,-0.192218694,0.192218694,-2.185779418,-0.739360485,0.026378506,1.159609011,-0.187974294,0.272899555,0.373492438,-0.328074863,0.010447122,-0.529156596,-0.020519223,-0.381001768,-0.152921985,0.229314627,-0.272091728
50512,1854,"(1770, 12201]",Temp Forests,1.867041602,-1.867041602,-1.312977271,1.312977271,0.491294565,-0.491294565,-0.152163088,0.152163088,-1.157572034,1.157572034,-1.695623312,1.695623312,0.359636878,-0.359636878,-0.980779534,0.980779534,1.359045012,-1.359045012,-0.953601695,0.953601695,-0.980779534,0.980779534,0.809520375,-0.809520375,0.341741047,-0.341741047,2.410744638,-2.410744638,-0.054252651,0.054252651,-2.173029692,0.188497401,-0.47048479,0.910257124,-0.183858317,-0.260813253,-0.11646685,0.081213802,-0.567956092,-0.389479032,-0.192343748,0.108716381,-0.014472222,0.00446255,-0.314502292
50513,1144,"(565, 1770]",Temp Forests,0.885643489,-0.885643489,-1.588021597,1.588021597,-0.12250021,0.12250021,0.313658036,-0.313658036,-1.1170095,1.1170095,-1.830306997,1.830306997,0.814811572,-0.814811572,-0.710050147,0.710050147,1.159813188,-1.159813188,-0.806607229,0.806607229,-1.043117311,1.043117311,0.831298913,-0.831298913,0.433113462,-0.433113462,1.563408718,-1.563408718,-0.196384334,0.196384334,-0.368376137,-1.088268755,-0.30664345,0.275015305,0.480518838,-0.781285924,0.291440785,0.1128255,-0.348792263,-0.288712296,0.197997502,0.277283198,0.234959998,0.050674613,-0.0370141
50514,839,"(565, 1770]",Temp Forests,1.723546829,-1.723546829,-2.082329564,2.082329564,0.605158126,-0.605158126,0.16271276,-0.16271276,-1.581978728,1.581978728,-1.742250504,1.742250504,0.337425157,-0.337425157,-0.58951633,0.58951633,0.990601221,-0.990601221,-1.083275966,1.083275966,-1.173773489,1.173773489,0.695232254,-0.695232254,0.907526165,-0.907526165,2.278498571,-2.278498571,-0.327608433,0.327608433,-2.472400294,-2.242581707,1.003006333,0.276196943,0.528258024,0.350978936,0.359204913,0.237621427,0.312503167,0.256272615,-0.230437772,-0.030109961,-0.161993053,0.168233332,-0.122362705
50515,897,"(565, 1770]",Temp Forests,1.771723082,-1.771723082,-2.42141266,2.42141266,0.441126162,-0.441126162,-0.058196024,0.058196024,-1.33712568,1.33712568,-1.667526492,1.667526492,0.555365222,-0.555365222,-1.07815398,1.07815398,1.296846832,-1.296846832,-0.95763914,0.95763914,-0.94095418,0.94095418,0.94095418,-0.94095418,0.361928067,-0.361928067,3.037698483,-3.037698483,-0.076117752,0.076117752,-1.873892055,-0.424059806,-0.042371206,0.790871512,-0.887269721,0.354745818,-0.487792966,-0.496663027,-0.31874315,-0.952540194,-0.023791238,-0.116614814,-0.205399373,0.31947252,-0.146377097
50516,2523,"(1770, 12201]",Temp Forests,1.737585383,-1.737585383,-1.275380771,1.275380771,0.32566111,-0.32566111,-0.105571544,0.105571544,-1.161947442,1.161947442,-1.756551485,1.756551485,0.418300375,-0.418300375,-0.921471967,0.921471967,1.414248411,-1.414248411,-0.983121202,0.983121202,-0.977080442,0.977080442,0.821557392,-0.821557392,0.42163956,-0.42163956,2.362262294,-2.362262294,0.043154987,-0.043154987,-2.118031055,0.039630212,-0.584642643,0.486416437,-0.390715975,-0.310996352,-0.100908795,0.124703451,-0.84210637,-0.17256367,-0.157192074,0.252512173,-0.011157215,-0.042948087,-0.262739427
50517,3002,"(1770, 12201]",Temp Forests,1.396336743,-1.396336743,-1.390058633,1.390058633,0.330417684,-0.330417684,0.157041591,-0.157041591,-1.187293511,1.187293511,-1.848546462,1.848546462,0.427188987,-0.427188987,-0.662792365,0.662792365,1.119625037,-1.119625037,-0.903028737,0.903028737,-1.004343574,1.004343574,0.859558807,-0.859558807,0.491844032,-0.491844032,2.033762105,-2.033762105,-0.288072465,0.288072465,-1.444057416,-1.231678262,-0.045849107,1.057886372,0.444336582,-0.617595236,0.214503159,0.258721047,-0.323265902,-0.163847019,-0.013793867,0.100146729,0.144350173,0.040755168,0.058851654
50518,2330,"(1770, 12201]",Temp Forests,1.914744854,-1.914744854,-1.778939971,1.778939971,0.50469654,-0.50469654,0,0,-1.385252399,1.385252399,-1.684268367,1.684268367,0.334899336,-0.334899336,-0.711146126,0.711146126,1.141340694,-1.141340694,-1.01806618,1.01806618,-1.060596048,1.060596048,0.855697617,-0.855697617,0.626276814,-0.626276814,2.459252643,-2.459252643,-0.135000003,0.135000003,-2.359336898,-1.125476596,0.411669155,0.65220124,-0.178791983,0.080182035,0.175362926,0.188374198,-0.381435772,-0.194617242,-0.023490278,-0.022948925,0.015306984,0.012869276,-0.219067639
50519,1822,"(1770, 12201]",Temp Forests,1.448722078,-1.448722078,-0.937136246,0.937136246,0.321391319,-0.321391319,-0.217717117,0.217717117,-1.274942222,1.274942222,-1.693275024,1.693275024,0.373843133,-0.373843133,-1.020743241,1.020743241,1.466781974,-1.466781974,-0.928944892,0.928944892,-0.981331355,0.981331355,0.725014237,-0.725014237,0.389904912,-0.389904912,2.062974839,-2.062974839,-0.01327741,0.01327741,-2.162216632,0.529170802,-0.607680732,0.516766724,0.03919571,-0.291528217,0.069477432,-0.181256898,-0.525412612,0.269452776,-0.047129174,0.264615488,-0.068719595,-0.079612223,-0.226644097
50520,619,"(565, 1770]",Temp Forests,1.701371694,-1.701371694,-2.700131921,2.700131921,0.150309098,-0.150309098,0.295665805,-0.295665805,-1.240164265,1.240164265,-1.765261712,1.765261712,0.262411581,-0.262411581,-0.576416344,0.576416344,1.268493682,-1.268493682,-0.937118368,0.937118368,-1.095952713,1.095952713,0.865654493,-0.865654493,0.72113499,-0.72113499,2.228607184,-2.228607184,-0.006522925,0.006522925,-1.659369186,-1.637958113,0.211640774,-0.05799507,-0.728290383,0.198987467,-0.308146302,0.931027582,-0.18652944,-0.266745885,0.268780327,0.51191636,0.137568304,-0.1233786,-0.03156456
50521,243,"[31, 565]",Temp Forests,1.435249284,-1.435249284,-3.625366048,3.625366048,0.509761228,-0.509761228,0.083214986,-0.083214986,-1.306495574,1.306495574,-1.729132292,1.729132292,0.016633783,-0.016633783,-1.11822513,1.11822513,1.306495574,-1.306495574,-0.636045299,0.636045299,-0.946409608,0.946409608,1.356822882,-1.356822882,0.845397622,-0.845397622,1.977457293,-1.977457293,0.06655816,-0.06655816,-0.846213055,-0.96612665,1.428444796,0.93811852,-2.312377149,0.65213905,-1.136650104,0.821180113,-0.336424116,0.405827701,0.815384678,0.607215149,-0.139324065,0.591561213,-0.180924028
50522,1467,"(565, 1770]",Temp Forests,1.695827789,-1.695827789,-1.342902665,1.342902665,0.725711659,-0.725711659,-0.178442524,0.178442524,-1.305781308,1.305781308,-1.727528745,1.727528745,0.208844407,-0.208844407,-0.836943507,0.836943507,1.183557207,-1.183557207,-1.012019588,1.012019588,-1.040213589,1.040213589,0.886119011,-0.886119011,0.576765986,-0.576765986,2.078513179,-2.078513179,-0.233789776,0.233789776,-2.325378424,-0.602512448,0.428118083,1.283898621,0.212519838,-0.112154036,0.048252451,0.10451375,-0.452513524,0.262561248,-0.224070739,0.087649962,0.176274003,0.112743497,-0.245731727
50523,2379,"(1770, 12201]",Temp Forests,1.565458401,-1.565458401,-1.210608256,1.210608256,0.409888053,-0.409888053,0.138892883,-0.138892883,-1.217749109,1.217749109,-1.860665633,1.860665633,0.409888053,-0.409888053,-0.674061583,0.674061583,1.08869185,-1.08869185,-0.884698586,0.884698586,-0.948540245,0.948540245,0.816569811,-0.816569811,0.434484463,-0.434484463,2.209423427,-2.209423427,-0.259456057,0.259456057,-1.662798173,-1.117142671,-0.269782395,1.158450296,0.365534985,-0.664842959,0.432494523,0.233652574,-0.267188612,-0.258925021,-0.033518748,-0.059249966,0.024068368,0.075618433,0.016870452
50524,1946,"(1770, 12201]",Temp Forests,1.248892689,-1.248892689,-1.248892689,1.248892689,0.430620058,-0.430620058,-0.274410432,0.274410432,-1.213325324,1.213325324,-1.622748321,1.622748321,0.179864839,-0.179864839,-0.906593917,0.906593917,1.279076632,-1.279076632,-0.805016234,0.805016234,-1.074665015,1.074665015,0.983771769,-0.983771769,0.68854304,-0.68854304,1.696096575,-1.696096575,-0.138125191,0.138125191,-1.74334556,0.031464111,0.796431586,0.990440201,-0.054665078,-0.305336949,-0.126785106,0.375743375,-0.69976272,0.827503032,0.110217702,0.09205041,0.21528853,-0.055262806,-0.062930705
50525,333,"[31, 565]",Temp Forests,1.622908592,-1.622908592,-2.253652718,2.253652718,0.066760614,-0.066760614,0.412221643,-0.412221643,-1.397758498,1.397758498,-1.942537757,1.942537757,0.48878916,-0.48878916,-0.386972066,0.386972066,1.416960025,-1.416960025,-1.116251823,1.116251823,-1.199636094,1.199636094,0.646505304,-0.646505304,0.812414923,-0.812414923,2.088678526,-2.088678526,-0.164173884,0.164173884,-2.128869522,-2.360033786,-0.174727467,-0.682879259,0.312624922,-0.138985897,-0.355408881,0.429668681,0.056726526,0.097343782,0.094039238,0.731883665,0.083662597,-0.210462999,-0.035488422
50526,853,"(565, 1770]",Temp Forests,1.145197761,-1.145197761,-1.081881453,1.081881453,0.320860574,-0.320860574,-0.148737004,0.148737004,-1.292410177,1.292410177,-2.003593895,2.003593895,0.672280598,-0.672280598,-1.113286295,1.113286295,1.27162044,-1.27162044,-0.785003761,0.785003761,-0.868491677,0.868491677,0.851572506,-0.851572506,0.068366914,-0.068366914,2.33592815,-2.33592815,-0.272681769,0.272681769,-1.226076106,0.083967354,-0.908586204,1.599107475,0.064100779,-0.895669901,0.102515889,-1.139632867,-0.053393833,-0.323170483,-0.199519256,-0.128903987,-0.031343238,0.245105506,-0.04146661
50527,2954,"(1770, 12201]",Temp Forests,1.82602614,-1.82602614,-1.124684215,1.124684215,0.369340099,-0.369340099,-0.113694147,0.113694147,-1.161786969,1.161786969,-1.811867847,1.811867847,0.493296077,-0.493296077,-0.972479852,0.972479852,1.380436919,-1.380436919,-0.888651143,0.888651143,-1.038367314,1.038367314,0.854312446,-0.854312446,0.344070169,-0.344070169,2.724824557,-2.724824557,-0.036047659,0.036047659,-2.114531658,0.088427627,-0.492449426,0.755931836,-0.408832425,-0.74126816,-0.141806124,-0.128395698,-0.672081124,-0.477576953,-0.236819207,0.025834976,-0.169167188,0.002808505,-0.137161299
50528,2475,"(1770, 12201]",Temp Forests,1.996635217,-1.996635217,-1.899957824,1.899957824,0.497224401,-0.497224401,0.021113969,-0.021113969,-1.510490616,1.510490616,-1.681395642,1.681395642,0.433813762,-0.433813762,-0.771884089,0.771884089,1.073372584,-1.073372584,-1.064836219,1.064836219,-0.977242427,0.977242427,0.846170531,-0.846170531,0.509328275,-0.509328275,2.797947862,-2.797947862,-0.121957773,0.121957773,-2.438518855,-1.211066841,0.195252507,0.742368705,-0.369801159,0.320074311,0.410118208,-0.267029112,-0.295150494,-0.578082175,-0.004830229,-0.17529351,-0.139003135,0.109955958,-0.243901392
50529,4111,"(1770, 12201]",Temp Forests,1.040678856,-1.040678856,-1.613116672,1.613116672,0.040382934,-0.040382934,0.269670318,-0.269670318,-1.146802829,1.146802829,-1.832499429,1.832499429,0.624195673,-0.624195673,-0.709940259,0.709940259,1.180331465,-1.180331465,-0.823387598,0.823387598,-1.040678856,1.040678856,0.771133441,-0.771133441,0.396735786,-0.396735786,1.701743353,-1.701743353,-0.206509825,0.206509825,-0.772881659,-0.983448788,-0.418383314,0.471668211,0.461966864,-0.652903607,0.282389132,0.208611027,-0.086110684,-0.304206433,0.129852825,0.317400448,0.225718288,0.019465913,0.007010541
50530,1879,"(1770, 12201]",Temp Forests,1.792180942,-1.792180942,-1.920353929,1.920353929,0.531218552,-0.531218552,-0.172737776,0.172737776,-1.471691766,1.471691766,-1.581155294,1.581155294,0.389052303,-0.389052303,-0.988365667,0.988365667,1.068352869,-1.068352869,-0.969496512,0.969496512,-0.885183426,0.885183426,0.916442444,-0.916442444,0.364660704,-0.364660704,2.725819677,-2.725819677,-0.078167704,0.078167704,-2.132617773,-0.358009448,0.178813647,1.172288639,-0.660097401,0.506676069,0.406349752,-0.463885477,-0.339216966,-0.57807741,0.050489916,-0.326558647,-0.062140771,0.184259515,-0.26209264
50601,446,"[31, 565]",Boreal Taiga,2.007571634,-2.007571634,-2.978330549,2.978330549,0.144759627,-0.144759627,0.281833833,-0.281833833,-1.490210476,1.490210476,-1.92376823,1.92376823,0.355947873,-0.355947873,-0.421594216,0.421594216,1.226521854,-1.226521854,-0.950804314,0.950804314,-1.431135328,1.431135328,0.939600611,-0.939600611,0.962063844,-0.962063844,2.642095012,-2.642095012,0.063243043,-0.063243043,-2.270070939,-2.396153699,1.089419335,-0.737179292,-1.401262693,-0.106485934,-0.290921196,0.633390608,-0.045742309,-0.121085745,0.111713457,0.540038672,0.158081438,-0.236240021,-0.103575366
50602,1003,"(565, 1770]",Boreal Taiga,1.64224267,-1.64224267,-2.163237203,2.163237203,0.28009693,-0.28009693,0.333386266,-0.333386266,-1.397605323,1.397605323,-1.882256322,1.882256322,0.28009693,-0.28009693,-0.37055112,0.37055112,0.789336353,-0.789336353,-1.118741903,1.118741903,-0.983131314,0.983131314,0.874623984,-0.874623984,0.884282894,-0.884282894,2.049412123,-2.049412123,-0.395467462,0.395467462,-1.695679881,-3.0854332,0.849581343,0.920128963,0.481855873,0.250370658,0.522626733,0.622612766,-0.20923506,0.133405633,-0.16410331,-0.042959896,0.088139971,-0.092123011,0.036063811
50603,469,"[31, 565]",Boreal Taiga,1.473755974,-1.473755974,-2.348078167,2.348078167,0.397454763,-0.397454763,0.133841444,-0.133841444,-1.48803478,1.48803478,-1.531664153,1.531664153,0.238227081,-0.238227081,-0.543233302,0.543233302,0.992403886,-0.992403886,-1.139480164,1.139480164,-1.3114842,1.3114842,0.854645642,-0.854645642,1.116146064,-1.116146064,1.917205991,-1.917205991,-0.264504378,0.264504378,-2.194620935,-2.218893057,1.864341719,-0.035136624,0.424259381,0.688580954,0.144797737,0.664870531,-0.243106862,0.499323407,-0.078778538,0.270955518,0.121139668,-0.067908115,-0.035426249
50604,79,"[31, 565]",Boreal Taiga,0.86987058,-0.86987058,-2.666609881,2.666609881,0.691650548,-0.691650548,-0.102448897,0.102448897,-1.910299276,1.910299276,-1.200947989,1.200947989,0.205438273,-0.205438273,-0.932161941,0.932161941,0.415305627,-0.415305627,-1.27436065,1.27436065,-1.200947989,1.200947989,0.415305627,-0.415305627,1.130322766,-1.130322766,1.699450247,-1.699450247,-0.102448897,0.102448897,-2.352612397,-1.586604924,2.146777876,-0.517145744,0.617457048,2.603042495,2.136437253,0.261162575,0.742517138,0.825606622,-0.863766204,-0.264495606,-0.136042543,0.425014421,-0.341457005
50605,1322,"(565, 1770]",Boreal Taiga,1.598304059,-1.598304059,-2.078423513,2.078423513,0.329797693,-0.329797693,0.150783731,-0.150783731,-1.338579903,1.338579903,-1.892372877,1.892372877,0.28621328,-0.28621328,-0.507735359,0.507735359,0.881465098,-0.881465098,-1.092918667,1.092918667,-1.013625361,1.013625361,0.948470271,-0.948470271,0.812697086,-0.812697086,2.025685681,-2.025685681,-0.357978515,0.357978515,-1.676336337,-2.472263365,0.868112665,1.110418087,0.248576356,0.126263249,0.251931613,0.412048118,-0.388383009,0.209706011,-0.281779252,-0.008128935,0.229412472,-0.089459741,-0.047505064
50606,595,"(565, 1770]",Boreal Taiga,1.651690536,-1.651690536,-2.846679847,2.846679847,0.090943262,-0.090943262,0.434169614,-0.434169614,-1.57870864,1.57870864,-2.193967592,2.193967592,0.599654734,-0.599654734,-0.246961884,0.246961884,0.644079965,-0.644079965,-1.116224298,1.116224298,-1.48653586,1.48653586,0.959362489,-0.959362489,1.199492351,-1.199492351,2.311248223,-2.311248223,-0.364127207,0.364127207,-1.606911873,-4.323947886,2.037490398,-0.115005896,-0.193660783,-0.25983698,0.459870944,0.269852241,0.107372967,0.196128469,-0.732171882,0.122695036,0.18180329,-0.135369177,-0.049053638
50607,771,"(565, 1770]",Boreal Taiga,1.829163092,-1.829163092,-2.330429001,2.330429001,0.416636019,-0.416636019,0.149389208,-0.149389208,-1.723522475,1.723522475,-1.587541991,1.587541991,0.367711991,-0.367711991,-0.600811745,0.600811745,0.869789995,-0.869789995,-1.059704119,1.059704119,-1.437285848,1.437285848,0.972562674,-0.972562674,0.999000391,-0.999000391,2.622473359,-2.622473359,-0.138870747,0.138870747,-2.51724255,-2.256448819,2.121710178,-0.061059403,-0.503505228,0.371954051,0.636955835,0.042635501,-0.173428079,-0.099838221,0.048794368,0.122290929,-0.127058725,0.002869499,-0.095950235
50608,734,"(565, 1770]",Boreal Taiga,1.722196511,-1.722196511,-2.004489515,2.004489515,0.482842459,-0.482842459,0.250459868,-0.250459868,-1.424049192,1.424049192,-1.649537377,1.649537377,0.21715196,-0.21715196,-0.588674379,0.588674379,0.779164683,-0.779164683,-1.149536671,1.149536671,-0.977290085,0.977290085,0.836943507,-0.836943507,0.779164683,-0.779164683,2.071606168,-2.071606168,-0.3909642,0.3909642,-1.909338637,-2.379663951,0.938609698,1.140267136,0.693342877,0.604298354,0.684692444,0.504912556,-0.171810373,-0.128912338,-0.132216098,-0.023426192,-0.088059644,0.051032122,-0.101695572
50609,547,"[31, 565]",Boreal Taiga,1.46224792,-1.46224792,-2.348028397,2.348028397,0.318203401,-0.318203401,0.409221268,-0.409221268,-1.511034791,1.511034791,-1.737758559,1.737758559,0.250807522,-0.250807522,-0.355947873,0.355947873,0.710966352,-0.710966352,-1.196191948,1.196191948,-1.095952713,1.095952713,0.864676796,-0.864676796,1.0765042,-1.0765042,1.87393759,-1.87393759,-0.432224937,0.432224937,-1.757288639,-3.451437578,1.536635398,0.583544358,0.768278735,0.649743596,0.671666418,0.706205651,-0.148137575,0.324865313,-0.103522829,0.128580886,0.018941818,-0.003403723,0.082392355
50610,451,"[31, 565]",Boreal Taiga,1.471431014,-1.471431014,-2.107122205,2.107122205,0.579592599,-0.579592599,0.116490764,-0.116490764,-1.710028281,1.710028281,-1.642606144,1.642606144,0.23377733,-0.23377733,-0.599094052,0.599094052,0.832652932,-0.832652932,-1.413542497,1.413542497,-1.212601499,1.212601499,0.58932971,-0.58932971,0.98572683,-0.98572683,2.154288579,-2.154288579,-0.251944128,0.251944128,-2.85839548,-2.419733999,1.155607219,-0.040696794,0.766246409,1.250800671,0.997725752,0.097997289,0.08832442,0.40603036,-0.713213197,0.309773919,-0.02018551,0.079576747,-0.132668871
50611,110,"[31, 565]",Boreal Taiga,0.845397622,-0.845397622,-4.587996532,4.587996532,0.072613998,-0.072613998,0.329570512,-0.329570512,-1.499813942,1.499813942,-1.918609603,1.918609603,0.218612839,-0.218612839,-0.760467716,0.760467716,0.718980641,-0.718980641,-0.637716016,0.637716016,-0.760467716,0.760467716,1.071934427,-1.071934427,0.678078681,-0.678078681,1.326906264,-1.326906264,-0.292393943,0.292393943,0.474610529,-2.711221347,1.050236189,1.306831083,-1.262814894,1.294287652,-0.017099365,0.443416415,1.198730024,0.188760903,0.60113362,0.006975683,0.428595973,0.325227124,-0.142213717
50612,351,"[31, 565]",Boreal Taiga,1.418505873,-1.418505873,-2.252947493,2.252947493,0.310424525,-0.310424525,0.310424525,-0.310424525,-1.762948521,1.762948521,-1.809334614,1.809334614,0.416526773,-0.416526773,-0.440401597,0.440401597,0.700212835,-0.700212835,-1.455262113,1.455262113,-1.473959057,1.473959057,0.928197421,-0.928197421,1.058335863,-1.058335863,2.252947493,-2.252947493,-0.275467038,0.275467038,-2.422981818,-3.426364235,2.015377441,-0.019923931,0.272617396,0.646346083,1.029344229,-0.265941558,-0.441328243,0.067944079,-0.598530763,0.713035444,0.189298077,-0.042110335,-0.024045299
50613,870,"(565, 1770]",Boreal Taiga,1.82417621,-1.82417621,-2.6895873,2.6895873,0.489417162,-0.489417162,0.178981047,-0.178981047,-1.677102958,1.677102958,-1.617186008,1.617186008,0.411398519,-0.411398519,-0.599184907,0.599184907,0.983324955,-0.983324955,-1.085177545,1.085177545,-1.384002325,1.384002325,0.874803126,-0.874803126,1.018714855,-1.018714855,2.578342701,-2.578342701,-0.141649246,0.141649246,-2.507593478,-2.325252078,1.797052798,-0.324735282,-0.415519051,0.58499628,0.250706988,0.173040509,0.046962793,-0.075504438,-0.020094065,0.147202098,-0.090540679,0.138797051,-0.16621687
50614,386,"[31, 565]",Boreal Taiga,1.366257796,-1.366257796,-2.557731145,2.557731145,0.393704124,-0.393704124,0.253475812,-0.253475812,-1.729132292,1.729132292,-1.813685432,1.813685432,0.3610521,-0.3610521,-0.606203452,0.606203452,0.687715593,-0.687715593,-1.399014915,1.399014915,-1.302584127,1.302584127,0.735284568,-0.735284568,1.027182842,-1.027182842,2.310061438,-2.310061438,-0.126231012,0.126231012,-2.367885379,-2.956160027,1.430032427,-0.291223168,-0.071883268,1.145157565,1.185638311,0.024637183,-0.072852665,0.172675353,-0.866602228,0.499315351,-0.014278964,0.164187589,-0.121874094
50615,40,"[31, 565]",Boreal Taiga,0.809128888,-0.809128888,-2.89951192,2.89951192,-0.257308777,0.257308777,-0.051190868,0.051190868,-0.809128888,0.809128888,-1.200947989,1.200947989,0.362165176,-0.362165176,-1.200947989,1.200947989,1.350939781,-1.350939781,-0.362165176,0.362165176,-0.691650548,0.691650548,1.062162246,-1.062162246,0.257308777,-0.257308777,1.200947989,-1.200947989,-0.051190868,0.051190868,0.783537896,1.128276915,0.028223042,1.1153049,-0.648556669,0.482553042,-0.83775417,0.974021034,-0.204382622,-0.434742451,1.244968021,-0.178145838,0.294374553,-0.111486044,-0.100002937
50616,846,"(565, 1770]",Boreal Taiga,1.702947769,-1.702947769,-2.342970053,2.342970053,0.264984289,-0.264984289,0.476363054,-0.476363054,-1.467598497,1.467598497,-1.995589916,1.995589916,0.431402449,-0.431402449,-0.332940877,0.332940877,0.76369996,-0.76369996,-1.208149459,1.208149459,-1.214861702,1.214861702,0.741893375,-0.741893375,0.956915753,-0.956915753,2.299236225,-2.299236225,-0.377023265,0.377023265,-1.92721424,-3.586345197,0.923049071,0.212835339,0.550829902,0.125809306,0.626356514,0.514510588,0.123275405,-0.12512645,-0.585671253,0.183369567,-0.028247424,-0.047066605,0.019452293
50617,540,"[31, 565]",Boreal Taiga,1.734963268,-1.734963268,-2.428007623,2.428007623,0.501826849,-0.501826849,0.126781995,-0.126781995,-1.622579697,1.622579697,-1.456164041,1.456164041,0.307765934,-0.307765934,-0.722517472,0.722517472,0.906395688,-0.906395688,-1.17693677,1.17693677,-1.384879881,1.384879881,0.861396326,-0.861396326,0.906395688,-0.906395688,2.588379195,-2.588379195,-0.111833274,0.111833274,-2.557213016,-1.809391143,1.777687667,-0.084380955,-0.231603351,0.863479546,0.596602202,0.176706434,-0.174053211,-0.353047078,-0.178570198,0.281732605,-0.097741547,0.07778696,-0.112154041
50701,2215,"(1770, 12201]",Grasslands,1.277390259,-1.277390259,-1.097763207,1.097763207,0.369274313,-0.369274313,0.091574065,-0.091574065,-1.251012087,1.251012087,-1.795986109,1.795986109,0.502280234,-0.502280234,-0.758286777,0.758286777,1.076144009,-1.076144009,-0.81305531,0.81305531,-1.045315404,1.045315404,0.834428009,-0.834428009,0.401237567,-0.401237567,2.008337691,-2.008337691,-0.278121459,0.278121459,-1.384775847,-0.780053558,-0.005142548,1.097668844,0.503661333,-0.802469666,0.547466155,-0.021143872,-0.169426312,-0.194302881,0.039127555,-0.024166446,0.094008701,0.119861353,0.029834193
50801,2054,"(1770, 12201]",Grasslands,1.443970485,-1.443970485,-0.36330353,0.36330353,0.54637887,-0.54637887,-0.345168841,0.345168841,-1.20835598,1.20835598,-1.893242216,1.893242216,0.371382226,-0.371382226,-0.99199771,0.99199771,1.230545364,-1.230545364,-0.8621817,0.8621817,-1.098555,1.098555,0.871555747,-0.871555747,0.30306693,-0.30306693,2.297549016,-2.297549016,-0.221595997,0.221595997,-2.123891493,0.364948844,-0.142891885,1.572363673,0.250127284,-1.140806001,0.311533615,-0.486058056,-0.560004381,0.157776862,-0.540522543,-0.074693722,0.12237173,-0.039934926,-0.036787541
50802,1259,"(565, 1770]",Grasslands,1.70840187,-1.70840187,-1.702271089,1.702271089,0.724121184,-0.724121184,-0.011168826,0.011168826,-1.523820672,1.523820672,-1.613268244,1.613268244,0.209780386,-0.209780386,-0.731386303,0.731386303,0.971250141,-0.971250141,-1.111950772,1.111950772,-1.028048165,1.028048165,0.738669954,-0.738669954,0.684482765,-0.684482765,2.189265215,-2.189265215,-0.399318766,0.399318766,-2.48427096,-1.510394562,0.769730983,1.151507454,0.820262428,0.514020579,0.462743043,0.008890946,0.132120399,0.105960784,-0.192013333,-0.129643497,-0.060199429,0.130461553,-0.14874123
50803,1807,"(1770, 12201]",Grasslands,1.541615581,-1.541615581,-0.969165312,0.969165312,0.774326186,-0.774326186,-0.219449887,0.219449887,-1.351026838,1.351026838,-1.669068706,1.669068706,0.275783639,-0.275783639,-0.925084716,0.925084716,1.086372607,-1.086372607,-0.884508856,0.884508856,-0.983120081,0.983120081,0.820967044,-0.820967044,0.355409063,-0.355409063,2.175597026,-2.175597026,-0.309788141,0.309788141,-2.152250528,-0.127721003,0.173715604,1.698658956,0.508410503,-0.328296276,0.500806217,-0.264134737,-0.093160356,-0.020895956,-0.128788543,-0.246056664,0.091413891,0.200495011,-0.13441438
50804,4035,"(1770, 12201]",Grasslands,1.320169311,-1.320169311,-1.311227335,1.311227335,0.482945051,-0.482945051,-0.092035391,0.092035391,-1.224214252,1.224214252,-1.679971438,1.679971438,0.242290176,-0.242290176,-0.896185421,0.896185421,1.060193368,-1.060193368,-0.813078636,0.813078636,-0.954883762,0.954883762,0.899811098,-0.899811098,0.510423957,-0.510423957,1.879111747,-1.879111747,-0.259460314,0.259460314,-1.47665409,-0.427664371,0.395913471,1.452513852,0.268168208,-0.259959416,0.342626834,0.270338804,-0.293155861,0.21484125,-0.005413969,-0.114396031,0.052052631,0.09784152,-0.030871621
50805,2053,"(1770, 12201]",Grasslands,1.185973704,-1.185973704,-1.479363956,1.479363956,0.467440595,-0.467440595,-0.020557942,0.020557942,-1.292793122,1.292793122,-1.360722532,1.360722532,0.235036773,-0.235036773,-0.735266927,0.735266927,0.908383757,-0.908383757,-0.946946285,0.946946285,-1.097908899,1.097908899,0.898842049,-0.898842049,0.642873719,-0.642873719,1.654058596,-1.654058596,-0.465374346,0.465374346,-1.502238006,-0.954263813,1.318401929,1.42074887,1.218137204,0.231999555,0.478786562,0.329989992,-0.229992428,0.035946681,0.18350838,-0.140535279,0.264920387,-0.049350857,0.087910316
50806,1830,"(1770, 12201]",Grasslands,1.227499516,-1.227499516,-1.008659895,1.008659895,0.46724734,-0.46724734,-0.158430197,0.158430197,-1.126892945,1.126892945,-1.762546998,1.762546998,0.289661984,-0.289661984,-1.05973047,1.05973047,1.150798326,-1.150798326,-0.671961988,0.671961988,-1.0058584,1.0058584,0.820445081,-0.820445081,0.269510645,-0.269510645,1.97066459,-1.97066459,-0.125325997,0.125325997,-1.329417827,0.509102116,-0.24470792,1.377731878,-0.0498781,-0.751740062,0.480166636,0.160811344,-0.095587959,-0.032465539,-0.16956528,-0.013689897,0.048378421,0.123286503,-0.038271458
50807,866,"(565, 1770]",Grasslands,1.780591928,-1.780591928,-0.863048164,0.863048164,0.97642888,-0.97642888,-0.250807522,0.250807522,-1.216504634,1.216504634,-1.672499426,1.672499426,0.157417488,-0.157417488,-0.868589928,0.868589928,1.029376135,-1.029376135,-0.982248555,0.982248555,-1.017496874,1.017496874,0.717741493,-0.717741493,0.50483714,-0.50483714,2.272741723,-2.272741723,-0.369146306,0.369146306,-2.559428588,-0.335840898,0.308402943,1.708003028,0.909805558,-0.252788074,0.407325074,0.280929625,-0.134124227,0.079144236,-0.652650926,-0.387576064,0.045048314,0.188813021,-0.144777694
50808,1511,"(565, 1770]",Grasslands,1.850692384,-1.850692384,-1.602274181,1.602274181,0.703620664,-0.703620664,-0.126329257,0.126329257,-1.518950265,1.518950265,-1.588066998,1.588066998,0.290199061,-0.290199061,-0.86410909,0.86410909,1.159749197,-1.159749197,-1.084491264,1.084491264,-0.945050202,0.945050202,0.819934018,-0.819934018,0.460839713,-0.460839713,2.389212545,-2.389212545,-0.228074274,0.228074274,-2.58280349,-0.691482511,0.215397462,1.185542929,0.187454047,0.435160009,0.285062065,-0.379170521,-0.201413552,-0.198969888,0.074169851,-0.05077976,-0.009186015,0.154755267,-0.311295936
50809,578,"(565, 1770]",Grasslands,2.184580533,-2.184580533,-1.284240171,1.284240171,0.848686144,-0.848686144,0.041445544,-0.041445544,-1.455197795,1.455197795,-1.685287773,1.685287773,0.355947873,-0.355947873,-0.612416949,0.612416949,1.037036384,-1.037036384,-1.156654157,1.156654157,-1.147191591,1.147191591,0.696832392,-0.696832392,0.456705264,-0.456705264,2.436601039,-2.436601039,-0.681313518,0.681313518,-2.800837821,-1.724897638,0.476086708,1.724209496,1.73189214,-0.235196493,0.138925689,-0.38895501,0.398024507,-0.63338241,-0.282853061,-0.215928287,0.043750424,-0.031365319,-0.23112309
50810,975,"(565, 1770]",Grasslands,1.690977117,-1.690977117,-1.472405542,1.472405542,0.978543348,-0.978543348,-0.248713205,0.248713205,-1.432154347,1.432154347,-1.45215425,1.45215425,0.128018037,-0.128018037,-0.922140933,0.922140933,1.079545746,-1.079545746,-1.106965691,1.106965691,-1.036427198,1.036427198,0.741534362,-0.741534362,0.594248789,-0.594248789,2.186111831,-2.186111831,-0.392621493,0.392621493,-2.725981914,-0.509936229,0.808677762,1.452141583,0.944255309,0.616522901,0.203840349,-0.04058778,0.007117323,0.109857267,-0.303151152,-0.18151923,0.038215617,0.234812343,-0.206922762
50811,1408,"(565, 1770]",Grasslands,1.769493794,-1.769493794,-1.330936216,1.330936216,0.873691845,-0.873691845,-0.230390791,0.230390791,-1.50329096,1.50329096,-1.561810625,1.561810625,0.335055354,-0.335055354,-0.901278299,0.901278299,1.055570867,-1.055570867,-1.085545764,1.085545764,-0.993269637,0.993269637,0.769581823,-0.769581823,0.523077195,-0.523077195,2.451120704,-2.451120704,-0.426643144,0.426643144,-2.671565852,-0.733837662,0.611073833,1.508465225,0.868551434,0.315673444,0.280669075,-0.513328294,-0.030144966,-0.074897135,-0.282997312,-0.434614456,-0.073942156,0.24340119,-0.213812789
50812,924,"(565, 1770]",Grasslands,1.810236944,-1.810236944,-1.509816854,1.509816854,0.801661234,-0.801661234,0.045818033,-0.045818033,-1.524604339,1.524604339,-1.656425931,1.656425931,0.177157678,-0.177157678,-0.662357237,0.662357237,0.932575921,-0.932575921,-1.094500883,1.094500883,-1.014799218,1.014799218,0.77627228,-0.77627228,0.599799434,-0.599799434,2.194416114,-2.194416114,-0.557154909,0.557154909,-2.478790235,-1.768963511,0.756178373,1.699825117,1.190100069,0.22157136,0.457979053,-0.103507488,0.264573132,-0.067870321,-0.075349747,-0.16726628,-0.037478121,0.110004254,-0.085337976
50813,1528,"(565, 1770]",Grasslands,1.652602412,-1.652602412,-1.198389873,1.198389873,0.736343202,-0.736343202,-0.342553298,0.342553298,-1.324527426,1.324527426,-1.513092511,1.513092511,0.195221868,-0.195221868,-0.978543348,0.978543348,1.273768438,-1.273768438,-0.916495996,0.916495996,-1.045802355,1.045802355,0.837277124,-0.837277124,0.510462379,-0.510462379,2.137214703,-2.137214703,-0.129038293,0.129038293,-2.475060322,0.355305076,0.417603715,1.079838687,0.078039432,0.038067648,0.09334479,0.043787651,-0.415170358,0.256462343,-0.027662371,-0.080632569,0.116294712,0.085264475,-0.263503199
50814,2052,"(1770, 12201]",Grasslands,1.372840954,-1.372840954,-0.907035822,0.907035822,0.550586162,-0.550586162,-0.184104112,0.184104112,-1.200103238,1.200103238,-1.628201154,1.628201154,0.235446601,-0.235446601,-1.034476054,1.034476054,1.162063739,-1.162063739,-0.768043914,0.768043914,-0.99199771,0.99199771,0.765789343,-0.765789343,0.283113928,-0.283113928,2.107031597,-2.107031597,-0.14085136,0.14085136,-1.787433041,0.541862871,-0.208186565,1.334802802,0.195012885,-0.449223388,0.567564685,0.112837141,-0.13014962,-0.114395438,-0.104814951,-0.063025451,-0.017307326,0.083549786,-0.038625342
50815,2456,"(1770, 12201]",Grasslands,1.541308244,-1.541308244,-1.189814932,1.189814932,0.783383103,-0.783383103,-0.275400237,0.275400237,-1.388186152,1.388186152,-1.717654811,1.717654811,0.317276672,-0.317276672,-1.008383724,1.008383724,1.098136013,-1.098136013,-0.794827417,0.794827417,-0.900197906,0.900197906,0.866541019,-0.866541019,0.300494989,-0.300494989,2.30487478,-2.30487478,-0.295468768,0.295468768,-1.988950709,-0.001283074,0.088760817,1.865407978,0.127755166,-0.304546238,0.365260488,-0.477662395,0.040513488,-0.035153666,-0.041434008,-0.445125964,0.030710984,0.30596298,-0.159314401
51101,748,"(565, 1770]",Tundra,1.814481709,-1.814481709,-3.173845958,3.173845958,0.263507156,-0.263507156,0.197812452,-0.197812452,-1.549144959,1.549144959,-1.727550432,1.727550432,0.458949749,-0.458949749,-0.645431951,0.645431951,0.961911105,-0.961911105,-0.961911105,0.961911105,-1.423480677,1.423480677,1.07271,-1.07271,0.961911105,-0.961911105,2.60961842,-2.60961842,0.062142024,-0.062142024,-1.863853025,-2.187758937,1.849087231,-0.41520434,-1.555065021,0.384114696,0.122999937,0.353137692,-0.243925528,-0.336519415,0.02023404,0.303223481,0.108816975,0.077177856,-0.244744951
51102,249,"[31, 565]",Tundra,2.157060231,-2.157060231,-3.351254667,3.351254667,0.073959917,-0.073959917,0.442421299,-0.442421299,-1.225992046,1.225992046,-1.953167608,1.953167608,0.239342768,-0.239342768,-0.494461416,0.494461416,1.29763896,-1.29763896,-0.804686487,0.804686487,-1.068792593,1.068792593,0.747597749,-0.747597749,0.691650548,-0.691650548,2.938514761,-2.938514761,0.123366595,-0.123366595,-1.826288708,-2.015097694,-0.351622653,-0.490219315,-1.595389645,0.10475339,-0.487443532,1.292983482,0.407451642,-0.764350365,0.17866277,0.276522316,-0.134822365,-0.179245775,0.053701094
51103,391,"[31, 565]",Tundra,1.947909867,-1.947909867,-3.498145516,3.498145516,0.413235583,-0.413235583,0.212256703,-0.212256703,-1.813178823,1.813178823,-1.771048241,1.771048241,0.634194267,-0.634194267,-0.555402659,0.555402659,1.025086402,-1.025086402,-0.92142127,0.92142127,-1.750446898,1.750446898,0.908791433,-0.908791433,0.998708308,-0.998708308,3.411309958,-3.411309958,-0.087736174,0.087736174,-2.607003032,-2.630637633,2.255660615,-0.99513814,-1.351824033,0.113520215,-0.136190289,-0.305423014,0.774451423,-0.742289364,-0.136755938,0.042353526,-0.023038737,0.123400359,0.030739201
51104,508,"[31, 565]",Tundra,2.105459722,-2.105459722,-3.446334419,3.446334419,0.301057036,-0.301057036,0.292911938,-0.292911938,-1.76299406,1.76299406,-1.670422213,1.670422213,0.525725251,-0.525725251,-0.577264336,0.577264336,0.995022229,-0.995022229,-0.905851731,0.905851731,-1.569329046,1.569329046,0.974898105,-0.974898105,0.925367942,-0.925367942,3.208517247,-3.208517247,-0.027890143,0.027890143,-2.36272284,-2.507686942,2.008310363,-0.69498362,-1.491609509,0.326292309,0.050617246,-0.021600936,0.48424065,-0.866607548,0.255057786,0.114156796,-0.13977585,0.034698194,-0.098611138
51106,376,"[31, 565]",Tundra,1.701034868,-1.701034868,-2.900907496,2.900907496,0.123899993,-0.123899993,0.232383392,-0.232383392,-1.437126753,1.437126753,-1.721794882,1.721794882,0.287099928,-0.287099928,-0.639662519,0.639662519,0.994613567,-0.994613567,-0.954045893,0.954045893,-1.508032694,1.508032694,1.022083802,-1.022083802,0.862093436,-0.862093436,2.613903665,-2.613903665,0.048430143,-0.048430143,-1.846783636,-1.892894245,1.63435976,-0.297532193,-1.332272809,0.155941528,0.193983886,0.560445074,-0.167383249,-0.502135541,-0.082503472,0.589197836,0.136712747,-0.211479841,0.029891424
51107,530,"[31, 565]",Tundra,2.015134889,-2.015134889,-3.148571807,3.148571807,0.261496347,-0.261496347,0.292678027,-0.292678027,-1.646398126,1.646398126,-1.718713693,1.718713693,0.347597372,-0.347597372,-0.581791356,0.581791356,1.173849555,-1.173849555,-0.850861972,0.850861972,-1.511509467,1.511509467,1.030814356,-1.030814356,0.924917451,-0.924917451,3.055715488,-3.055715488,0.099500031,-0.099500031,-2.371193625,-2.083869144,1.657557838,-0.704206805,-1.806838994,0.068799095,-0.138001999,0.353365413,0.119850757,-0.536578331,0.463962683,0.4545755,-0.136688428,-0.020746002,0.033128484
51108,536,"[31, 565]",Tundra,1.960668488,-1.960668488,-4.115093037,4.115093037,0.265166577,-0.265166577,0.280512953,-0.280512953,-1.781581097,1.781581097,-1.650397393,1.650397393,0.539997551,-0.539997551,-0.646809767,0.646809767,1.022083802,-1.022083802,-0.854373722,0.854373722,-1.529939857,1.529939857,1.002817883,-1.002817883,1.061150812,-1.061150812,3.164041421,-3.164041421,0.015064496,-0.015064496,-2.075640775,-2.625655671,2.280764991,-0.982628988,-1.890051191,0.750380035,-0.310638667,0.09946953,0.629011318,-0.643432151,0.310572514,0.038370257,-0.183173428,0.173507042,-0.110192503
51109,91,"[31, 565]",Tundra,1.785949842,-1.785949842,-3.752015899,3.752015899,-0.021935033,0.021935033,0.06582622,-0.06582622,-1.466742058,1.466742058,-3.752015899,3.752015899,1.140254191,-1.140254191,-0.109780891,0.109780891,0.914195864,-0.914195864,-0.708138432,0.708138432,-2.32918406,2.32918406,1.200947989,-1.200947989,1.540440602,-1.540440602,3.349875708,-3.349875708,-0.06582622,0.06582622,-1.557386029,-5.297106635,2.490966661,-1.479617259,-3.340707854,-3.250386236,-1.181196014,-0.401663333,0.678101802,1.208332828,-2.807543671,0.137030725,0.900297014,-0.168482612,-0.104463901
51110,207,"[31, 565]",Tundra,2.956189345,-2.956189345,-3.872774902,3.872774902,0.453317168,-0.453317168,0.312579953,-0.312579953,-1.843405463,1.843405463,-2.115692174,2.115692174,0.910810078,-0.910810078,-0.272984768,0.272984768,1.419211745,-1.419211745,-0.81788492,0.81788492,-2.220873998,2.220873998,1.007571502,-1.007571502,1.616290367,-1.616290367,4.527948367,-4.527948367,-0.096969504,0.096969504,-3.759519051,-3.983226391,3.29493336,-2.444641711,-2.089718106,-1.157204367,-1.821319355,-0.012956236,0.706392556,-0.464076918,-0.324286354,-0.19070594,-0.562297617,0.04529655,0.063247754
51111,813,"(565, 1770]",Tundra,1.958941743,-1.958941743,-2.581505342,2.581505342,0.401539429,-0.401539429,0.178778095,-0.178778095,-1.699450247,1.699450247,-1.589916111,1.589916111,0.401539429,-0.401539429,-0.689794718,0.689794718,0.977409783,-0.977409783,-0.977409783,0.977409783,-1.479568931,1.479568931,1.066490931,-1.066490931,0.964978731,-0.964978731,2.811276843,-2.811276843,0.024765633,-0.024765633,-2.447269417,-1.957304271,2.094584694,-0.317916315,-1.257419215,0.263485031,0.405319992,0.096822179,-0.307809793,-0.339438726,0.246609579,0.296136708,-0.206176852,0.101187016,-0.174027377
51112,173,"[31, 565]",Tundra,2.485659283,-2.485659283,-4.355722147,4.355722147,0.222694461,-0.222694461,0.035021263,-0.035021263,-1.806441609,1.806441609,-2.76292538,2.76292538,0.997328907,-0.997328907,-0.105149827,0.105149827,1.088196336,-1.088196336,-0.798619593,0.798619593,-2.26130822,2.26130822,1.318282951,-1.318282951,1.668849867,-1.668849867,3.970934323,-3.970934323,-0.152035477,0.152035477,-2.735591967,-4.948414418,3.771978248,-1.622806742,-3.004696098,-1.667994579,-1.732570691,-0.505344887,0.519399855,0.407720282,-1.188610766,-0.32880714,0.484759376,-0.181821159,-0.095431452
51113,371,"[31, 565]",Tundra,2.307631079,-2.307631079,-2.375386058,2.375386058,-0.032546481,0.032546481,0.295013679,-0.295013679,-1.572558605,1.572558605,-2.152983406,2.152983406,0.74913342,-0.74913342,-0.130358724,0.130358724,1.095952713,-1.095952713,-0.956304648,0.956304648,-1.630834712,1.630834712,1.110449837,-1.110449837,1.125053757,-1.125053757,3.135222581,-3.135222581,-0.119468457,0.119468457,-2.485756902,-3.492660864,1.775808725,-0.741895619,-1.180284819,-1.230635695,-0.257361513,0.044683942,-0.513381838,-0.169738188,-0.071750424,-0.010770747,0.147867617,-0.453478512,-0.014835814
51114,382,"[31, 565]",Tundra,1.997225637,-1.997225637,-3.477342748,3.477342748,0.238111712,-0.238111712,0.411219904,-0.411219904,-1.789012607,1.789012607,-1.900715248,1.900715248,0.792080119,-0.792080119,-0.422216883,0.422216883,1.010117525,-1.010117525,-0.917882025,0.917882025,-1.832612774,1.832612774,0.930829847,-0.930829847,1.134902222,-1.134902222,3.235166362,-3.235166362,-0.05794784,0.05794784,-2.35433908,-3.279874922,2.334663025,-1.480653837,-1.362317824,-0.273868202,-0.090235208,-0.094285139,0.603987881,-0.650215048,-0.104721403,0.225174792,-0.087355306,0.101073123,-0.070924941
51115,355,"[31, 565]",Tundra,2.259176202,-2.259176202,-3.49865971,3.49865971,0.320256169,-0.320256169,0.297029543,-0.297029543,-1.792553561,1.792553561,-1.815915556,1.815915556,0.826580759,-0.826580759,-0.390479454,0.390479454,1.204631453,-1.204631453,-0.880724915,0.880724915,-1.991691492,1.991691492,0.867077295,-0.867077295,1.320075927,-1.320075927,3.719163359,-3.719163359,-0.0453716,0.0453716,-3.0354336,-3.095990022,2.684419426,-2.090419178,-1.391142935,-0.415208158,-0.684533911,0.021838055,0.664019931,-0.556517343,-0.171676894,-0.044971433,-0.255422484,0.029948621,0.044987958
51116,539,"[31, 565]",Tundra,1.830320815,-1.830320815,-3.321865392,3.321865392,0.291486395,-0.291486395,0.207483975,-0.207483975,-1.738709386,1.738709386,-1.783767884,1.783767884,0.407766436,-0.407766436,-0.691650548,0.691650548,1.014988577,-1.014988577,-0.866052312,0.866052312,-1.3966803,1.3966803,1.083478263,-1.083478263,0.967384595,-0.967384595,2.764698346,-2.764698346,0.048876213,-0.048876213,-2.007001209,-2.277904376,1.891348118,-0.376127501,-1.852891755,0.384641272,0.065226328,0.045949123,0.144845103,-0.162079178,0.3141331,0.273580204,-0.129157983,0.15507059,-0.170881049
51117,766,"(565, 1770]",Tundra,1.687116614,-1.687116614,-2.659142061,2.659142061,0.310147469,-0.310147469,0.166057087,-0.166057087,-1.499813942,1.499813942,-1.687116614,1.687116614,0.315536787,-0.315536787,-0.615701915,0.615701915,1.194701004,-1.194701004,-0.998501069,0.998501069,-1.262259483,1.262259483,0.98517571,-0.98517571,0.919719997,-0.919719997,2.246285876,-2.246285876,-0.039451914,0.039451914,-2.073413596,-1.848390754,1.263744028,-0.162942505,-0.801363118,0.349070679,-0.181603422,0.423943918,-0.314462959,0.124643957,0.308083636,0.471432314,0.106112303,0.005955384,-0.143525272
51118,87,"[31, 565]",Tundra,1.271778824,-1.271778824,-3.707946634,3.707946634,0.114839145,-0.114839145,-0.068855052,0.068855052,-1.485892987,1.485892987,-2.589367303,2.589367303,0.590114331,-0.590114331,-0.590114331,0.590114331,0.850861972,-0.850861972,-0.590114331,0.590114331,-1.926104172,1.926104172,0.96284245,-0.96284245,1.142315319,-1.142315319,2.781091395,-2.781091395,0.253721217,-0.253721217,-1.374294999,-2.409716072,2.077372253,-1.319276505,-3.074824446,-1.053348441,0.086681519,0.35060317,0.884667225,0.640661944,-1.531991207,0.135723023,0.669718248,-0.033784534,-0.044523408
51201,3686,"(1770, 12201]",Mediterranean Scrub,0.847484727,-0.847484727,-0.843572831,0.843572831,0.199049698,-0.199049698,-0.275760664,0.275760664,-1.220253584,1.220253584,-1.843473117,1.843473117,0.5059642,-0.5059642,-1.239037821,1.239037821,1.288488875,-1.288488875,-0.721379097,0.721379097,-0.925723127,0.925723127,0.886948415,-0.886948415,0.178037873,-0.178037873,1.987953924,-1.987953924,-0.152654412,0.152654412,-1.062605622,0.80339437,-0.508934152,1.411734166,-0.060810082,-0.771883402,0.231264058,-0.776905595,-0.359566073,0.172874719,-0.164885177,0.032047205,-0.04561284,0.097969087,0.035344267
51202,3693,"(1770, 12201]",Mediterranean Scrub,1.353552689,-1.353552689,-0.688789426,0.688789426,0.285032025,-0.285032025,-0.27946759,0.27946759,-1.200004221,1.200004221,-1.917854581,1.917854581,0.431523364,-0.431523364,-1.102865216,1.102865216,1.387325346,-1.387325346,-0.850204243,0.850204243,-0.945693174,0.945693174,0.882929007,-0.882929007,0.177756162,-0.177756162,2.206266565,-2.206266565,-0.111945576,0.111945576,-1.725637366,0.605777033,-0.778305223,1.394183153,-0.152739277,-0.900367655,0.059776644,-0.654907841,-0.616795465,0.042087486,-0.248535958,0.168810863,0.02683716,-0.075891384,-0.11637527
51203,2972,"(1770, 12201]",Mediterranean Scrub,1.308690408,-1.308690408,-0.735581194,0.735581194,0.333817302,-0.333817302,-0.317150263,0.317150263,-1.170759734,1.170759734,-1.855228772,1.855228772,0.473318427,-0.473318427,-1.187680908,1.187680908,1.331048651,-1.331048651,-0.76663564,0.76663564,-0.911123095,0.911123095,0.884814257,-0.884814257,0.162009105,-0.162009105,2.360658014,-2.360658014,-0.109005566,0.109005566,-1.575799544,0.837386431,-0.682572159,1.467978087,-0.247248524,-0.866798252,0.099796472,-0.629630137,-0.550151159,-0.080531607,-0.273617912,-0.116403242,-0.089368395,0.054116956,-0.061989105
51301,1974,"(1770, 12201]",Deserts & Drylands,0.66315882,-0.66315882,-0.887996425,0.887996425,0.130223535,-0.130223535,-0.354569677,0.354569677,-1.10835946,1.10835946,-1.766302753,1.766302753,0.642530843,-0.642530843,-1.471141517,1.471141517,1.158784027,-1.158784027,-0.539035019,0.539035019,-0.910589664,0.910589664,0.995382905,-0.995382905,-0.016513368,0.016513368,2.010191311,-2.010191311,-0.119862496,0.119862496,-0.297088231,1.516474858,-0.396074055,1.805384596,-0.40617982,-0.939606101,0.405748408,-0.954216956,-0.37768886,-0.27182735,-0.176165335,-0.237205225,-0.044898907,0.221153644,-0.006060381
51302,3221,"(1770, 12201]",Deserts & Drylands,0.747079475,-0.747079475,-1.662016288,1.662016288,0.00568305,-0.00568305,-0.053685994,0.053685994,-1.166570834,1.166570834,-1.908210711,1.908210711,0.571358061,-0.571358061,-1.130300829,1.130300829,1.163086912,-1.163086912,-0.60574507,0.60574507,-0.681254756,0.681254756,0.920608121,-0.920608121,0.062533749,-0.062533749,1.692958946,-1.692958946,-0.202117263,0.202117263,-0.063189965,0.162630902,-0.923368695,1.69797896,-0.261571606,-0.484853656,0.22394912,-0.549158533,0.022467707,-0.145556855,0.243919281,-0.125214973,0.123572876,0.165183321,-0.029766946
51303,3977,"(1770, 12201]",Deserts & Drylands,0.839842561,-0.839842561,-1.347434797,1.347434797,0.247195059,-0.247195059,-0.219379562,0.219379562,-1.171826949,1.171826949,-1.880299852,1.880299852,0.53913213,-0.53913213,-1.280475239,1.280475239,1.141121298,-1.141121298,-0.588599978,0.588599978,-0.688604716,0.688604716,0.937052684,-0.937052684,0.018293862,-0.018293862,2.005425821,-2.005425821,-0.172178352,0.172178352,-0.41626598,0.697998188,-0.827568493,1.966691466,-0.426576475,-0.56390638,0.318250593,-0.716428904,-0.084241203,-0.182282356,0.006953503,-0.33577274,-0.005856562,0.334039216,-0.027825125
51304,3642,"(1770, 12201]",Deserts & Drylands,1.441811707,-1.441811707,-1.375338939,1.375338939,0.581395734,-0.581395734,-0.340144289,0.340144289,-1.394307456,1.394307456,-1.666020505,1.666020505,0.568213545,-0.568213545,-1.204056811,1.204056811,1.208729828,-1.208729828,-0.748926858,0.748926858,-0.827329338,0.827329338,0.865451022,-0.865451022,0.167182559,-0.167182559,2.629339817,-2.629339817,-0.127199961,0.127199961,-1.748511468,0.637247183,-0.336024448,1.431817355,-0.444724476,-0.160586557,0.243589975,-0.916823559,-0.11715397,-0.379965748,0.01816052,-0.597161348,-0.129068214,0.390631716,-0.207236418
51305,3397,"(1770, 12201]",Deserts & Drylands,1.652399081,-1.652399081,-1.207219732,1.207219732,0.568312667,-0.568312667,-0.299342352,0.299342352,-1.358418325,1.358418325,-1.705898514,1.705898514,0.531395154,-0.531395154,-1.175817251,1.175817251,1.289034215,-1.289034215,-0.77703068,0.77703068,-0.940996818,0.940996818,0.967482153,-0.967482153,0.229608096,-0.229608096,2.782142178,-2.782142178,-0.082154821,0.082154821,-1.989391753,0.55256121,-0.133683982,1.34564527,-0.673758577,-0.486299047,0.040676184,-0.812929877,-0.470699711,-0.435002681,0.044438076,-0.3391455,-0.202860854,0.305525393,-0.19000781
51306,1124,"(565, 1770]",Deserts & Drylands,0.326700441,-0.326700441,-1.149035353,1.149035353,-0.001829522,0.001829522,-0.334220152,0.334220152,-1.109396537,1.109396537,-1.663806987,1.663806987,0.829343902,-0.829343902,-1.545637033,1.545637033,0.981057764,-0.981057764,-0.349287926,0.349287926,-0.939928441,0.939928441,1.018273366,-1.018273366,0.053068575,-0.053068575,1.684448338,-1.684448338,-0.097040721,0.097040721,0.517432561,1.601400983,0.112671548,1.544129847,-0.500815298,-0.904427908,0.722863083,-0.860154425,-0.1825157,-0.175291859,-0.04497539,-0.548638346,-0.05197936,0.372330339,-0.089286389
51307,3027,"(1770, 12201]",Deserts & Drylands,0.422896436,-0.422896436,-1.925755689,1.925755689,-0.126053151,0.126053151,0.047805584,-0.047805584,-1.201384902,1.201384902,-2.016707685,2.016707685,0.686104605,-0.686104605,-1.184420575,1.184420575,1.119849941,-1.119849941,-0.535509231,0.535509231,-0.632174675,0.632174675,0.952649825,-0.952649825,-0.003365953,0.003365953,1.48653586,-1.48653586,-0.259274464,0.259274464,0.590306668,-0.08129137,-1.030227325,1.810494491,-0.289297587,-0.539285323,0.237111144,-0.825486015,0.281634017,-0.144958001,0.345378806,-0.044645732,0.118881973,0.295339053,0.00998192
51308,2261,"(1770, 12201]",Deserts & Drylands,1.151986854,-1.151986854,-0.69700628,0.69700628,0.435957935,-0.435957935,-0.454702943,0.454702943,-1.234447781,1.234447781,-1.862668079,1.862668079,0.65111902,-0.65111902,-1.440308059,1.440308059,1.328889898,-1.328889898,-0.565103845,0.565103845,-0.856247658,0.856247658,0.987754605,-0.987754605,-0.02052293,0.02052293,2.584403899,-2.584403899,-0.120602417,0.120602417,-1.216165884,1.500723034,-0.659311692,1.890160128,-0.646374603,-1.136929364,0.055286496,-1.287294915,-0.376811849,-0.260699889,-0.122802048,-0.478417925,-0.231988325,0.374633041,-0.071816438
51309,2563,"(1770, 12201]",Deserts & Drylands,1.776425719,-1.776425719,-1.205358986,1.205358986,0.620822654,-0.620822654,-0.299905642,0.299905642,-1.359752031,1.359752031,-1.609347672,1.609347672,0.398436732,-0.398436732,-1.044456449,1.044456449,1.284327965,-1.284327965,-0.925729476,0.925729476,-1.064899741,1.064899741,0.846143227,-0.846143227,0.382165119,-0.382165119,2.624410534,-2.624410534,-0.037605838,0.037605838,-2.494803627,0.392786128,0.069939681,0.868820682,-0.369877163,-0.168916104,0.177420503,-0.38167114,-0.492725327,-0.254640761,-0.154734855,-0.125736318,-0.052637056,0.123705252,-0.271071203
51310,2749,"(1770, 12201]",Deserts & Drylands,0.633694438,-0.633694438,-0.897264566,0.897264566,0.200193103,-0.200193103,-0.414458414,0.414458414,-1.181618066,1.181618066,-1.710983177,1.710983177,0.630445317,-0.630445317,-1.406138296,1.406138296,1.123097418,-1.123097418,-0.524903975,0.524903975,-0.8936886,0.8936886,0.995973258,-0.995973258,0.114244804,-0.114244804,1.922031706,-1.922031706,-0.075871426,0.075871426,-0.453656633,1.445014085,-0.119298729,1.602077265,-0.494520489,-0.775194531,0.546279051,-0.842034588,-0.443361118,0.080913851,-0.074830177,-0.415244063,0.010632258,0.281085981,-0.047593503
51311,927,"(565, 1770]",Deserts & Drylands,0.340291384,-0.340291384,-1.57356186,1.57356186,-0.06568176,0.06568176,-0.162312198,0.162312198,-1.00475355,1.00475355,-1.702029618,1.702029618,0.440322862,-0.440322862,-1.520626168,1.520626168,1.038487029,-1.038487029,-0.431146272,0.431146272,-0.944237548,0.944237548,0.869466091,-0.869466091,-0.021886926,0.021886926,1.426816048,-1.426816048,-0.144699897,0.144699897,0.545798338,1.423383364,-0.355864282,1.702169378,-0.222928196,-0.518286638,0.552987536,-0.272621921,0.379349865,-0.314514968,-0.156315499,0.103887963,-0.009860628,0.098646254,0.040879402
51312,1481,"(565, 1770]",Deserts & Drylands,0.726509517,-0.726509517,-1.2425912,1.2425912,0.136177902,-0.136177902,-0.207411504,0.207411504,-1.099576987,1.099576987,-1.719602949,1.719602949,0.467926334,-0.467926334,-1.2425912,1.2425912,1.099576987,-1.099576987,-0.593317262,0.593317262,-1.021292951,1.021292951,0.905653152,-0.905653152,0.166262721,-0.166262721,1.778858998,-1.778858998,-0.087074396,0.087074396,-0.460176765,0.925959054,-0.121923024,1.327045733,-0.289326797,-0.66720603,0.537958952,-0.240617513,-0.155491444,-0.143890667,-0.157907859,0.007866451,0.141327006,0.080395548,0.015490911
51313,1317,"(565, 1770]",Deserts & Drylands,1.864172502,-1.864172502,-1.646204386,1.646204386,0.630626152,-0.630626152,-0.237093178,0.237093178,-1.618376679,1.618376679,-1.517074666,1.517074666,0.492345255,-0.492345255,-1.06277583,1.06277583,1.135884485,-1.135884485,-1.103060931,1.103060931,-0.803366404,0.803366404,0.868323332,-0.868323332,0.2835486,-0.2835486,3.016786651,-3.016786651,-0.071588434,0.071588434,-2.634991276,-0.162456638,-0.116616351,1.144471045,-0.505598704,0.745743124,0.51228944,-1.049027415,-0.496072604,-0.707530871,0.077553981,-0.400140259,-0.231538584,0.312822301,-0.30720582
60101,5016,"(1770, 12201]",Trop/Subtrop Forests,0.187954796,-0.187954796,-2.549115241,2.549115241,-0.731274437,0.731274437,0.297001394,-0.297001394,-0.8049784,0.8049784,-1.836112557,1.836112557,0.876922835,-0.876922835,-0.992642649,0.992642649,1.24515726,-1.24515726,-0.67926264,0.67926264,-0.505671679,0.505671679,0.645972061,-0.645972061,0.301957522,-0.301957522,1.306706354,-1.306706354,-0.076776161,0.076776161,1.158344494,-0.437845313,-1.699285025,0.061571554,0.146036186,0.222336526,-0.194446751,0.520147075,-0.140118111,-0.160984602,0.042788296,-0.12059924,0.047214104,-0.004155618,0.154864057
60102,1398,"(565, 1770]",Trop/Subtrop Forests,-0.103762762,0.103762762,-2.330772563,2.330772563,-0.849221811,0.849221811,0.301593634,-0.301593634,-0.909095522,0.909095522,-1.458965013,1.458965013,1.326145444,-1.326145444,-1.206958826,1.206958826,1.304265518,-1.304265518,-0.58404824,0.58404824,-1.000041622,1.000041622,0.81123737,-0.81123737,0.549276069,-0.549276069,0.948660924,-0.948660924,-0.083275931,0.083275931,1.530636709,0.037398349,0.010347444,-0.948613218,0.520597282,-0.16574725,-0.340894433,0.077086238,-0.495898732,-0.136832473,0.420524767,0.111004074,-0.144048037,0.167363505,-0.076028838
60103,7125,"(1770, 12201]",Trop/Subtrop Forests,-0.336780855,0.336780855,-3.190720075,3.190720075,-1.302656691,1.302656691,0.429914687,-0.429914687,-0.779820775,0.779820775,-1.725516383,1.725516383,1.341874523,-1.341874523,-1.019501964,1.019501964,1.296635017,-1.296635017,-0.603247883,0.603247883,-0.531749735,0.531749735,0.63123962,-0.63123962,0.615942366,-0.615942366,0.753079055,-0.753079055,-0.028383911,0.028383911,2.280437435,-0.817379783,-1.231162532,-1.265296517,0.264104605,0.515755446,-0.563655559,0.601237043,-0.290822731,0.285808739,0.27094036,-0.247071456,-0.083907647,0.002716112,0.017125769
60104,7170,"(1770, 12201]",Trop/Subtrop Forests,-0.247718648,0.247718648,-3.049864238,3.049864238,-1.037529826,1.037529826,0.31663329,-0.31663329,-0.717079343,0.717079343,-1.65497131,1.65497131,1.080953056,-1.080953056,-1.077173267,1.077173267,1.218054558,-1.218054558,-0.578053431,0.578053431,-0.666222261,0.666222261,0.695730323,-0.695730323,0.397602652,-0.397602652,1.130750427,-1.130750427,0.117783948,-0.117783948,1.903547671,-0.057853955,-1.189181111,-0.842647301,-0.344253797,0.420425212,-0.176704914,0.743997584,-0.315475297,-0.280517512,0.108525973,-0.053981974,0.192058521,0.003271171,0.177770097
60105,5197,"(1770, 12201]",Trop/Subtrop Forests,-0.420955275,0.420955275,-3.134846319,3.134846319,-1.162291647,1.162291647,0.28076535,-0.28076535,-0.805851754,0.805851754,-1.851263704,1.851263704,1.164469858,-1.164469858,-1.32015689,1.32015689,1.114982476,-1.114982476,-0.664230467,0.664230467,-0.583351648,0.583351648,0.778229685,-0.778229685,0.346362021,-0.346362021,0.66775484,-0.66775484,-0.247798045,0.247798045,2.555642192,-0.570391817,-0.954173462,0.182216205,0.406758324,0.494821104,-0.46824234,-0.132303267,-0.032567601,0.018851094,-0.201540327,0.024329588,-0.006851569,-0.020812292,-0.039560205
60106,506,"[31, 565]",Trop/Subtrop Forests,-0.691650548,0.691650548,-2.841801586,2.841801586,-1.188849319,1.188849319,0,0,-0.691650548,0.691650548,-1.31638399,1.31638399,1.090622828,-1.090622828,-1.925481795,1.925481795,1.211381232,-1.211381232,-0.282425809,0.282425809,-0.700677758,0.700677758,0.868389405,-0.868389405,0.364714016,-0.364714016,0.541948575,-0.541948575,-0.064150762,0.064150762,3.040835387,1.70242429,-0.024464834,0.006228177,-0.012841002,0.574542991,-0.56791431,0.132883081,-0.165990942,0.147832626,0.204704274,-0.189790763,-0.60098727,0.105313358,-0.051273017
60107,2842,"(1770, 12201]",Trop/Subtrop Forests,-1.120634209,1.120634209,-3.731665333,3.731665333,-1.845100826,1.845100826,0.197859835,-0.197859835,-0.716120005,0.716120005,-1.408892182,1.408892182,1.879242467,-1.879242467,-1.486224093,1.486224093,1.014392902,-1.014392902,-0.619390269,0.619390269,-0.979535849,0.979535849,0.968642771,-0.968642771,0.533133675,-0.533133675,0.351038255,-0.351038255,-0.177453692,0.177453692,3.925061075,-0.141865652,0.632282191,-1.153959671,0.443056713,0.712909411,-0.669421676,-0.601252029,-0.675324807,-0.393240927,-0.176025387,-0.195182224,0.30248618,-0.186400146,-0.169538635
60108,214,"[31, 565]",Trop/Subtrop Forests,-0.924284638,0.924284638,-3.329147679,3.329147679,-1.774844617,1.774844617,0.368778658,-0.368778658,-0.786715958,0.786715958,-1.814104498,1.814104498,1.774844617,-1.774844617,-1.736649712,1.736649712,0.854546657,-0.854546657,-0.571654208,0.571654208,-0.854546657,0.854546657,0.924284638,-0.924284638,0.831736322,-0.831736322,0,0,-0.509761228,0.509761228,4.20458122,-1.233231843,0.926629692,-0.411818572,1.165661577,0.298321107,-0.734566414,-0.550224078,-0.246245516,0.615031959,-0.70583769,-0.218225744,-0.806686049,0.036255324,-0.365218618
60109,3837,"(1770, 12201]",Trop/Subtrop Forests,-0.264286502,0.264286502,-3.013174367,3.013174367,-1.407672292,1.407672292,0.350514767,-0.350514767,-0.778439062,0.778439062,-2.115557437,2.115557437,1.153925578,-1.153925578,-1.216345451,1.216345451,1.116282333,-1.116282333,-0.815772815,0.815772815,-0.341729119,0.341729119,0.643289821,-0.643289821,0.381372602,-0.381372602,0.416860644,-0.416860644,-0.29689953,0.29689953,2.583154216,-1.238012111,-1.809772288,0.240619373,0.742517415,0.611793151,-0.428340577,-0.058129139,-0.106971844,0.441937436,-0.51332494,0.03270964,-0.132562483,-0.277548911,-0.220588743
60110,117,"[31, 565]",Trop/Subtrop Forests,-1.505066152,1.505066152,-3.078201817,3.078201817,-1.393321009,1.393321009,-0.137873714,0.137873714,-0.71756076,0.71756076,-1.238549576,1.238549576,1.095952713,-1.095952713,-2.24667899,2.24667899,0.878366399,-0.878366399,-0.137873714,0.137873714,-1.288628327,1.288628327,1.505066152,-1.505066152,0.565203717,-0.565203717,0.312237618,-0.312237618,-0.312237618,0.312237618,4.273789216,1.593809612,2.911069676,0.926034984,-0.368915784,0.021003024,-0.784297861,-0.584655945,-0.593780172,0.235671039,0.030318446,0.221238752,-0.410202276,0.049267424,0.374266479
60111,2744,"(1770, 12201]",Trop/Subtrop Forests,-0.253165939,0.253165939,-2.562853692,2.562853692,-1.211583721,1.211583721,0.338207675,-0.338207675,-0.85088233,0.85088233,-1.729277398,1.729277398,1.385801839,-1.385801839,-1.199020746,1.199020746,1.113338129,-1.113338129,-0.686087171,0.686087171,-0.716253519,0.716253519,0.674437149,-0.674437149,0.496514434,-0.496514434,0.679424574,-0.679424574,-0.139134885,0.139134885,2.169792839,-0.569288505,-0.800829314,-0.71373645,0.697201113,0.202001042,-0.027338103,0.022445634,-0.349423217,0.083008449,-0.139803468,-0.105009827,-0.163311107,-0.047208492,-0.197761695
60112,2711,"(1770, 12201]",Trop/Subtrop Forests,0.021090677,-0.021090677,-2.611368313,2.611368313,-0.923697146,0.923697146,0.322117923,-0.322117923,-0.874236609,0.874236609,-2.06950234,2.06950234,0.953509954,-0.953509954,-1.20633248,1.20633248,1.195741501,-1.195741501,-0.698999697,0.698999697,-0.496529928,0.496529928,0.651822348,-0.651822348,0.265166577,-0.265166577,0.961024754,-0.961024754,-0.173673653,0.173673653,1.685604558,-0.659117587,-1.782811994,0.329274487,0.247684967,0.146339615,-0.188680903,0.005098311,0.109405704,0.119557713,-0.270320785,0.15151186,-0.184768029,-0.022479523,-0.055038349
60113,1588,"(565, 1770]",Trop/Subtrop Forests,0.001280313,-0.001280313,-2.665934608,2.665934608,-0.985589034,0.985589034,0.274415854,-0.274415854,-0.881295601,0.881295601,-1.991794769,1.991794769,0.899912731,-0.899912731,-1.221836587,1.221836587,1.091695189,-1.091695189,-0.781324319,0.781324319,-0.446416302,0.446416302,0.662042454,-0.662042454,0.300555194,-0.300555194,0.928116348,-0.928116348,-0.21204258,0.21204258,1.705303605,-0.753068013,-1.587597829,0.506114754,0.395125684,0.51783368,-0.055786113,0.005166318,-0.019623781,0.14593598,-0.388489472,0.044327398,-0.182761928,-0.132812631,-0.051321861
60114,739,"(565, 1770]",Trop/Subtrop Forests,-0.019166644,0.019166644,-2.574203379,2.574203379,-0.963550801,0.963550801,0.090415816,-0.090415816,-0.817540846,0.817540846,-1.743645759,1.743645759,0.896074434,-0.896074434,-1.322181173,1.322181173,1.20272565,-1.20272565,-0.849961667,0.849961667,-0.178442524,0.178442524,0.648848687,-0.648848687,0.035597865,-0.035597865,1.225992046,-1.225992046,-0.106883959,0.106883959,1.526250464,0.238001595,-2.323444099,0.777239369,0.268049402,1.091137567,-0.093395813,-0.230853515,-0.421300669,-0.309747718,-0.159649321,-0.241657188,-0.046848849,-0.128348899,0.012402611
60115,3740,"(1770, 12201]",Trop/Subtrop Forests,-0.545158773,0.545158773,-3.397409003,3.397409003,-1.873159135,1.873159135,0.524892133,-0.524892133,-0.711701305,0.711701305,-1.892540117,1.892540117,1.784659928,-1.784659928,-1.37357559,1.37357559,0.89909642,-0.89909642,-0.676699959,0.676699959,-0.616381559,0.616381559,0.877581525,-0.877581525,0.530841804,-0.530841804,0.171473587,-0.171473587,-0.312414213,0.312414213,4.003828947,-1.477963995,-0.465523499,-0.458265932,0.718371861,0.339828714,-0.387602834,-0.307348017,-0.535539098,-0.112484964,-0.339778634,-0.150870311,-0.292930074,-0.163406587,-0.472018126
60116,106,"[31, 565]",Trop/Subtrop Forests,0,0,-2.007571634,2.007571634,-0.921048826,0.921048826,0.873490168,-0.873490168,-0.396487817,0.396487817,-2.452268356,2.452268356,1.470275727,-1.470275727,-0.82684334,0.82684334,0.921048826,-0.921048826,-0.604850738,0.604850738,-0.478578848,0.478578848,1.28763272,-1.28763272,0.969601774,-0.969601774,0.52020879,-0.52020879,-0.73598997,0.73598997,3.293966964,-3.577352826,0.039088025,1.234290406,1.363553654,-1.746316695,-1.208853042,0.913857246,-1.602400766,0.687401398,-0.216905505,-0.282180634,-0.57205812,0.587643255,0.166223037
60117,951,"(565, 1770]",Trop/Subtrop Forests,-0.363899096,0.363899096,-2.734163097,2.734163097,-1.322424305,1.322424305,0.524326901,-0.524326901,-0.595035572,0.595035572,-2.194416114,2.194416114,1.257976735,-1.257976735,-1.322424305,1.322424305,1.123740563,-1.123740563,-0.686748767,0.686748767,-0.657501871,0.657501871,0.965100665,-0.965100665,0.163973628,-0.163973628,0.323461171,-0.323461171,-0.604569914,0.604569914,3.343281663,-1.29508684,-1.118522601,1.299975569,1.20964391,-0.620258506,-0.962751251,-0.440292297,-0.14167394,-0.342520691,-0.357269675,0.559775333,-0.015380252,-0.163204087,-0.048720837
60118,3376,"(1770, 12201]",Trop/Subtrop Forests,-0.543552126,0.543552126,-3.58319471,3.58319471,-1.490321311,1.490321311,0.360412643,-0.360412643,-0.637026703,0.637026703,-1.890515039,1.890515039,1.274498644,-1.274498644,-1.261984853,1.261984853,1.062779503,-1.062779503,-0.816989145,0.816989145,-0.473013836,0.473013836,0.840155816,-0.840155816,0.333897985,-0.333897985,0.485984737,-0.485984737,-0.269967731,0.269967731,3.186272615,-1.036341115,-1.170195798,0.212010459,0.467045551,0.854663988,-0.706304671,-0.03514005,-0.446325954,-0.220484628,-0.401690787,0.115933961,0.238247377,-0.21186739,-0.080560192
60119,4236,"(1770, 12201]",Trop/Subtrop Forests,-0.123736059,0.123736059,-2.454142895,2.454142895,-0.98714643,0.98714643,0.235252921,-0.235252921,-0.95097478,0.95097478,-1.758837837,1.758837837,1.111056328,-1.111056328,-1.184688654,1.184688654,1.199492351,-1.199492351,-0.607018077,0.607018077,-0.739253314,0.739253314,0.663306732,-0.663306732,0.376067346,-0.376067346,0.801505138,-0.801505138,-0.069751503,0.069751503,1.630707147,-0.120932261,-0.995102173,-0.431934914,0.29523432,0.097964401,0.06534304,0.002542227,-0.011489124,0.170493627,0.067501599,0.045417063,-0.037760285,-0.083688828,-0.124353229
60120,1655,"(565, 1770]",Trop/Subtrop Forests,-0.913309149,0.913309149,-3.347750294,3.347750294,-1.438041408,1.438041408,0.291169301,-0.291169301,-0.348408548,0.348408548,-1.937643084,1.937643084,1.3349953,-1.3349953,-1.719750458,1.719750458,1.135174885,-1.135174885,-0.254995138,0.254995138,-0.523985741,0.523985741,1.067449206,-1.067449206,0.298944786,-0.298944786,0.521272352,-0.521272352,-0.104079019,0.104079019,4.327190217,0.380494507,-0.820984275,0.422433651,-0.601483307,-0.232265739,-1.05538895,0.378247635,-0.5406855,-0.080859006,-0.239485137,-0.074159757,-0.248765006,0.282040218,0.098286671
60121,10034,"(1770, 12201]",Trop/Subtrop Forests,0.030760716,-0.030760716,-3.282828819,3.282828819,-1.475814916,1.475814916,0.64845504,-0.64845504,-0.853802877,0.853802877,-2.354470278,2.354470278,1.400425913,-1.400425913,-0.705362584,0.705362584,1.421892171,-1.421892171,-0.946617461,0.946617461,-0.154095652,0.154095652,0.36913354,-0.36913354,0.501569531,-0.501569531,0.758192947,-0.758192947,-0.038555166,0.038555166,1.850990324,-2.272034167,-3.306145431,-1.351522695,0.407523834,0.610858257,-0.589223775,0.324123296,-0.14799946,0.519395067,-0.207643839,0.049297002,-0.023981582,-0.167464068,-0.244103979
60122,701,"(565, 1770]",Trop/Subtrop Forests,-0.351219448,0.351219448,-4.596228437,4.596228437,-2.320863045,2.320863045,0.901653279,-0.901653279,-0.394655001,0.394655001,-2.377375781,2.377375781,1.888917937,-1.888917937,-1.181599605,1.181599605,1.116006754,-1.116006754,-0.865443066,0.865443066,-0.150131807,0.150131807,1.029215159,-1.029215159,0.168228131,-0.168228131,-0.174266206,0.174266206,-0.658135705,0.658135705,5.323509028,-3.018190578,-2.138886518,0.78904463,1.027498405,0.416711823,-1.91050035,-0.511926378,-0.492680826,-0.877081438,-0.156592016,0.328629601,0.133629976,-0.419905339,-0.599752428
60123,32,"[31, 565]",Trop/Subtrop Forests,0,0,-1.68120383,1.68120383,-0.378713902,0.378713902,-0.250807522,0.250807522,-0.786715958,0.786715958,-0.936110726,0.936110726,1.269683846,-1.269683846,-1.939084184,1.939084184,1.46224792,-1.46224792,-0.509761228,0.509761228,-1.269683846,1.269683846,1.095952713,-1.095952713,0.250807522,-0.250807522,0.936110726,-0.936110726,-0.124912665,0.124912665,1.351429728,2.698223828,1.126652652,0.15940936,0.608563466,-0.24041568,-0.881677654,-0.686240974,-1.024169178,-0.650740211,0.401349027,0.253094326,-0.173802596,0.360254403,-0.450505018
60124,2993,"(1770, 12201]",Trop/Subtrop Forests,-0.685925188,0.685925188,-3.505891899,3.505891899,-1.685807335,1.685807335,0.475810621,-0.475810621,-0.529077495,0.529077495,-1.932777316,1.932777316,1.83275158,-1.83275158,-1.243991733,1.243991733,1.196593336,-1.196593336,-0.739445831,0.739445831,-0.675024845,0.675024845,0.951187591,-0.951187591,0.53951844,-0.53951844,0.411587091,-0.411587091,-0.206446824,0.206446824,3.721903962,-1.24320421,-0.739663641,-0.820976017,0.418926039,0.104713059,-1.17683473,-0.126452009,-1.023988909,-0.193210106,-0.347357411,0.092776043,0.174581223,0.024571641,-0.236668859
60125,5398,"(1770, 12201]",Trop/Subtrop Forests,-0.642690268,0.642690268,-3.034225126,3.034225126,-1.446673082,1.446673082,0.328291068,-0.328291068,-0.73765162,0.73765162,-1.525064729,1.525064729,1.681968046,-1.681968046,-1.312819422,1.312819422,1.230488437,-1.230488437,-0.552093358,0.552093358,-0.861292623,0.861292623,0.71858804,-0.71858804,0.577620601,-0.577620601,0.571840631,-0.571840631,-0.049862959,0.049862959,2.864460954,-0.073105093,-0.353002047,-1.548492531,0.515313942,0.243500466,-0.505526784,0.073852666,-0.446188317,-0.061794332,0.046047814,-0.166600748,-0.081244157,0.04025789,-0.163146653
60127,1885,"(1770, 12201]",Trop/Subtrop Forests,-0.413680119,0.413680119,-2.469587837,2.469587837,-1.107541955,1.107541955,0.187127499,-0.187127499,-0.59871145,0.59871145,-1.646766301,1.646766301,1.081559711,-1.081559711,-1.487302197,1.487302197,1.199775083,-1.199775083,-0.509761228,0.509761228,-0.809520375,0.809520375,0.842818084,-0.842818084,0.330583788,-0.330583788,0.716966777,-0.716966777,-0.1936954,0.1936954,2.52139412,0.533607352,-0.498137522,0.19056661,0.494669185,-0.126061467,-0.556001742,0.249784606,-0.353037172,-0.134266692,-0.191960454,0.130224264,-0.15100153,-0.100778787,0.098206052
60128,2907,"(1770, 12201]",Trop/Subtrop Forests,-1.236986803,1.236986803,-3.52065946,3.52065946,-1.671205699,1.671205699,0.139941472,-0.139941472,-0.758189959,0.758189959,-1.39486022,1.39486022,1.564463239,-1.564463239,-1.823985371,1.823985371,0.807102853,-0.807102853,-0.416639862,0.416639862,-1.004086561,1.004086561,1.013049318,-1.013049318,0.443100721,-0.443100721,0.173849833,-0.173849833,-0.280550779,0.280550779,4.255604982,0.403019246,1.116896819,-0.179014997,0.419854105,0.619962643,-0.23325916,-0.5851933,-0.109998285,-0.247159385,-0.264207373,-0.147767551,-0.112492023,-0.071956753,-0.113327481
60129,6369,"(1770, 12201]",Trop/Subtrop Forests,-0.376829725,0.376829725,-3.109850913,3.109850913,-1.50801214,1.50801214,0.536223488,-0.536223488,-0.824105048,0.824105048,-1.843658235,1.843658235,1.537705111,-1.537705111,-1.150509074,1.150509074,1.16205154,-1.16205154,-0.688743769,0.688743769,-0.614812649,0.614812649,0.652639853,-0.652639853,0.505798515,-0.505798515,0.397634863,-0.397634863,-0.22989835,0.22989835,2.845213692,-1.227971889,-1.123816563,-0.878969564,0.879961206,0.32337745,-0.401975814,-0.014476751,-0.118533932,0.054192048,0.014434646,0.013936556,-0.195594525,-0.096668662,-0.258981028
60130,5444,"(1770, 12201]",Trop/Subtrop Forests,-0.329345735,0.329345735,-2.958872466,2.958872466,-1.38208711,1.38208711,0.444114286,-0.444114286,-0.819939322,0.819939322,-1.882978476,1.882978476,1.416432504,-1.416432504,-1.213599082,1.213599082,1.127242114,-1.127242114,-0.663312181,0.663312181,-0.629143635,0.629143635,0.712299761,-0.712299761,0.442535012,-0.442535012,0.445694105,-0.445694105,-0.2418359,0.2418359,2.738942917,-0.992315051,-1.034040626,-0.432529217,0.726922578,0.196756754,-0.341075764,-0.083823251,-0.118768872,0.076119912,-0.083385057,0.033443477,-0.151618174,-0.091176765,-0.247401059
60131,876,"(565, 1770]",Trop/Subtrop Forests,-0.602725216,0.602725216,-3.586420655,3.586420655,-1.51425936,1.51425936,0.401685678,-0.401685678,-0.294672994,0.294672994,-2.349391044,2.349391044,1.229233038,-1.229233038,-1.587816299,1.587816299,1.031024269,-1.031024269,-0.352797735,0.352797735,-0.460988628,0.460988628,1.037120887,-1.037120887,0.309154184,-0.309154184,0.426304881,-0.426304881,-0.30432362,0.30432362,4.442209094,-0.757009134,-1.170072523,1.032570339,-0.379962473,-0.451519611,-1.258484008,0.452209665,-0.195128139,0.033878419,-0.777155181,0.023777868,-0.225075959,0.044455069,-0.019372
60132,2252,"(1770, 12201]",Trop/Subtrop Forests,-1.198972994,1.198972994,-3.393032747,3.393032747,-1.839501847,1.839501847,0.182290574,-0.182290574,-0.702627258,0.702627258,-1.272270087,1.272270087,1.858941667,-1.858941667,-1.655220801,1.655220801,1.150836856,-1.150836856,-0.62525786,0.62525786,-1.048465572,1.048465572,0.837802356,-0.837802356,0.725396652,-0.725396652,0.381850612,-0.381850612,-0.152852208,0.152852208,3.621709282,0.278787084,0.815837724,-1.738647358,0.82790576,0.789807507,-0.83911289,-0.386116513,-0.731404859,-0.014457287,-0.300635797,-0.129549322,-0.218085187,-0.125157489,-0.079738724
60133,334,"[31, 565]",Trop/Subtrop Forests,-1.444804516,1.444804516,-3.924671102,3.924671102,-1.775319731,1.775319731,0.110320784,-0.110320784,-0.687064286,0.687064286,-1.055593687,1.055593687,1.775319731,-1.775319731,-2.141966533,2.141966533,1.10412217,-1.10412217,-0.784936556,0.784936556,-0.871757425,0.871757425,0.886525375,-0.886525375,0.67334691,-0.67334691,0.159528285,-0.159528285,-0.371580626,0.371580626,4.142069172,0.598919203,1.151412753,-0.914909585,1.379700821,1.912614658,-1.315431614,-0.799335291,-0.658011892,-0.141054659,-0.52109956,0.007523618,-0.616023097,0.117271811,-0.192143555
60134,661,"(565, 1770]",Trop/Subtrop Forests,-0.01228328,0.01228328,-2.294421095,2.294421095,-1.244638247,1.244638247,0.423860115,-0.423860115,-0.919571098,0.919571098,-1.784167097,1.784167097,1.200947989,-1.200947989,-0.897077382,0.897077382,1.289409889,-1.289409889,-0.534397674,0.534397674,-0.469030685,0.469030685,0.527812738,-0.527812738,0.614351963,-0.614351963,0.74507824,-0.74507824,0.079882772,-0.079882772,1.606056755,-0.660475763,-1.644451847,-1.323639525,0.237717097,0.078451115,0.176119769,0.743266277,-0.313211592,0.697073565,0.517523445,-0.340101179,-0.329939845,-0.140834637,-0.071501231
60135,3703,"(1770, 12201]",Trop/Subtrop Forests,-1.086488076,1.086488076,-3.254389323,3.254389323,-1.474630497,1.474630497,0.073472097,-0.073472097,-0.777967124,0.777967124,-1.177152528,1.177152528,1.594853531,-1.594853531,-1.636458136,1.636458136,1.05907285,-1.05907285,-0.561238912,0.561238912,-1.130551258,1.130551258,0.766556753,-0.766556753,0.606544501,-0.606544501,0.563609102,-0.563609102,-0.015345777,0.015345777,3.027416667,0.866447078,0.828082231,-1.604434322,0.445583818,0.868789442,-0.229555988,-0.161197139,-0.38062302,-0.174538585,-0.302021824,-0.129692813,-0.012313703,-0.036719558,-0.042038869
60136,7304,"(1770, 12201]",Trop/Subtrop Forests,-0.225053314,0.225053314,-3.060382274,3.060382274,-1.406580594,1.406580594,0.414085003,-0.414085003,-0.740045556,0.740045556,-2.067020687,2.067020687,1.189644252,-1.189644252,-1.109010842,1.109010842,1.203155622,-1.203155622,-0.82224877,0.82224877,-0.327877155,0.327877155,0.629414758,-0.629414758,0.438983346,-0.438983346,0.608244582,-0.608244582,-0.149019545,0.149019545,2.391720519,-1.231628539,-1.993402948,-0.288230629,0.432841625,0.63619679,-0.471120356,0.245182942,-0.369416076,0.355545822,-0.349822569,0.046273724,-0.104387853,-0.209231238,-0.134500094
60137,2034,"(1770, 12201]",Trop/Subtrop Forests,-1.029083417,1.029083417,-2.902109901,2.902109901,-1.317650367,1.317650367,-0.050060803,0.050060803,-0.901280038,0.901280038,-1.162371347,1.162371347,1.458565548,-1.458565548,-1.797628487,1.797628487,1.008538993,-1.008538993,-0.560799277,0.560799277,-1.290820244,1.290820244,0.855420188,-0.855420188,0.456201942,-0.456201942,0.532778467,-0.532778467,-0.118256449,0.118256449,2.791510107,1.274100466,1.24372646,-0.9030224,0.567232261,0.643374297,-0.029306569,-0.713103991,-0.190934398,-0.275463973,-0.340413604,0.122891018,-0.001695493,-0.104538994,-0.101720275
60138,936,"(565, 1770]",Trop/Subtrop Forests,-1.282614502,1.282614502,-3.50278281,3.50278281,-1.6059547,1.6059547,0.071704552,-0.071704552,-0.802866267,0.802866267,-0.906613187,0.906613187,1.788475556,-1.788475556,-1.898943303,1.898943303,1.295439327,-1.295439327,-0.616053775,0.616053775,-1.334489207,1.334489207,0.664097278,-0.664097278,0.828402808,-0.828402808,0.601776378,-0.601776378,-0.04996489,0.04996489,2.974385386,1.255348882,1.421208192,-2.605468442,0.95400479,1.256910201,-0.943248992,-0.327931899,-0.31450069,-0.089483121,-0.346915037,0.04965165,-0.49253482,0.033423637,-0.021902376
60139,1294,"(565, 1770]",Trop/Subtrop Forests,-0.539646735,0.539646735,-2.258889191,2.258889191,-0.8819655,0.8819655,-0.04247464,0.04247464,-0.825641773,0.825641773,-0.943531948,0.943531948,1.235982772,-1.235982772,-1.653420576,1.653420576,1.416244848,-1.416244848,-0.482595597,0.482595597,-1.431329607,1.431329607,0.639043724,-0.639043724,0.559984398,-0.559984398,1.063747349,-1.063747349,0.092867688,-0.092867688,1.323500654,2.137786895,0.854104671,-1.848870691,0.590395994,0.232838674,-0.360500306,0.176456509,-0.204982975,-0.278596021,0.023016841,0.22890981,-0.244382429,-0.008100909,0.110350646
60140,3381,"(1770, 12201]",Trop/Subtrop Forests,-0.663927256,0.663927256,-2.839481579,2.839481579,-1.086003616,1.086003616,0.07493778,-0.07493778,-0.731446359,0.731446359,-1.340487313,1.340487313,1.445781025,-1.445781025,-1.453566559,1.453566559,1.081245429,-1.081245429,-0.545870803,0.545870803,-1.043573542,1.043573542,0.715100736,-0.715100736,0.506088656,-0.506088656,0.868744832,-0.868744832,0.067737958,-0.067737958,2.335545372,0.856216332,0.168520621,-1.316584174,0.181744891,0.432626891,-0.0057973,0.187698979,-0.403005217,-0.273539562,-0.355545286,-0.230612453,0.116896318,0.11515125,-0.065034473
60141,544,"[31, 565]",Trop/Subtrop Forests,-1.951895576,1.951895576,-4.248787209,4.248787209,-2.059128079,2.059128079,0.00747572,-0.00747572,-0.838293384,0.838293384,-0.965744929,0.965744929,2.022399293,-2.022399293,-2.155819353,2.155819353,1.213930084,-1.213930084,-0.641623978,0.641623978,-1.161741369,1.161741369,0.856091947,-0.856091947,1.003500416,-1.003500416,0.286009899,-0.286009899,-0.127258114,0.127258114,4.175903094,0.864001657,1.957353041,-2.554443316,0.691870129,1.910098654,-1.392125272,-0.896005724,-0.630350422,0.451132899,-0.474260138,-0.100999231,-0.650661001,0.11820881,0.01289338
60142,5068,"(1770, 12201]",Trop/Subtrop Forests,-0.925409691,0.925409691,-3.619175737,3.619175737,-1.701478191,1.701478191,0.271763261,-0.271763261,-0.71083661,0.71083661,-1.565211574,1.565211574,1.61559382,-1.61559382,-1.549715746,1.549715746,0.930395238,-0.930395238,-0.548275363,0.548275363,-0.73107197,0.73107197,0.877104109,-0.877104109,0.43730203,-0.43730203,0.220781361,-0.220781361,-0.299038438,0.299038438,3.985473467,-0.325162961,0.058407096,-0.319318089,0.656664456,0.737405793,-0.489005249,-0.356384424,-0.174805247,-0.216589736,-0.200747913,-0.281259655,-0.036270077,-0.124619599,-0.208407186
60143,2468,"(1770, 12201]",Trop/Subtrop Forests,-1.076512329,1.076512329,-3.569254979,3.569254979,-1.842095321,1.842095321,0.275862473,-0.275862473,-0.659146676,0.659146676,-1.449775369,1.449775369,1.988112512,-1.988112512,-1.457965594,1.457965594,1.116711187,-1.116711187,-0.6091704,0.6091704,-0.939544285,0.939544285,0.916835653,-0.916835653,0.647973965,-0.647973965,0.433354945,-0.433354945,-0.096480027,0.096480027,3.834449345,-0.213609784,0.390886962,-1.658595242,0.408461799,0.533689755,-0.803114751,-0.346378672,-0.909045992,-0.230993441,-0.174986577,-0.232741556,0.08160323,-0.034464973,-0.171297018
60144,178,"[31, 565]",Trop/Subtrop Forests,0,0,-2.150978769,2.150978769,-0.743704098,0.743704098,0.418991052,-0.418991052,-0.850861972,0.850861972,-1.080735636,1.080735636,1.733620707,-1.733620707,-1.142315319,1.142315319,1.689354926,-1.689354926,-0.565203717,0.565203717,-1.238549576,1.238549576,0.615204195,-0.615204195,0.71756076,-0.71756076,0.991713334,-0.991713334,-0.022943627,0.022943627,1.079400967,0.532152337,0.118972221,-2.555048834,1.303769418,-0.376062223,-0.973463465,0.332043655,-0.579109048,-0.393420642,0.884918985,0.121410948,-0.302140122,0.411899494,-0.201194183
60145,8200,"(1770, 12201]",Trop/Subtrop Forests,0.127707262,-0.127707262,-3.060307529,3.060307529,-1.448226736,1.448226736,0.669726085,-0.669726085,-0.863160449,0.863160449,-2.456899891,2.456899891,1.312694096,-1.312694096,-0.813927278,0.813927278,1.21187273,-1.21187273,-0.978079964,0.978079964,-0.190355428,0.190355428,0.44443309,-0.44443309,0.508682007,-0.508682007,0.558638519,-0.558638519,-0.238478746,0.238478746,2.074764722,-2.653860586,-2.860417199,-0.553182947,0.813909556,0.442637427,-0.373882995,0.179951225,-0.064347585,0.585173581,-0.521187585,0.110395224,-0.224551506,-0.224949135,-0.355830118
60146,2781,"(1770, 12201]",Trop/Subtrop Forests,0.211747843,-0.211747843,-2.40878359,2.40878359,-0.704950701,0.704950701,0.282153852,-0.282153852,-0.965578931,0.965578931,-2.182700971,2.182700971,0.758769226,-0.758769226,-1.177166024,1.177166024,1.124642113,-1.124642113,-0.758769226,0.758769226,-0.462444632,0.462444632,0.688334725,-0.688334725,0.176007255,-0.176007255,1.031186257,-1.031186257,-0.300234857,0.300234857,1.307506343,-0.90066218,-1.807881401,1.114373323,0.387952906,0.070484371,-0.047494636,-0.230087146,0.281109733,0.139042807,-0.349414266,0.211949731,-0.142613299,-0.039979165,-0.046280824
60147,133,"[31, 565]",Trop/Subtrop Forests,-0.505762261,0.505762261,-3.217378503,3.217378503,-1.41087217,1.41087217,0.287099928,-0.287099928,-0.602919221,0.602919221,-0.988874598,0.988874598,1.560428557,-1.560428557,-1.459180227,1.459180227,1.41087217,-1.41087217,-0.841829641,0.841829641,-0.914195864,0.914195864,0.41088955,-0.41088955,0.702921834,-0.702921834,1.273797376,-1.273797376,0.256526388,-0.256526388,1.831497358,0.913672504,-0.579114205,-2.952593102,0.594197733,1.540099754,-0.590867955,0.808522229,-0.863742444,-0.651629547,-0.328588531,-0.053908507,-0.443701406,-0.009780898,0.039398325
60148,1207,"(565, 1770]",Trop/Subtrop Forests,0.157199808,-0.157199808,-1.883329665,1.883329665,-0.623594948,0.623594948,0.096872058,-0.096872058,-1.051988084,1.051988084,-1.342449522,1.342449522,1.145456034,-1.145456034,-1.087083326,1.087083326,1.172999013,-1.172999013,-0.543721845,0.543721845,-1.337375575,1.337375575,0.608935404,-0.608935404,0.44793268,-0.44793268,1.219816121,-1.219816121,-0.010013502,0.010013502,0.539120225,0.65054508,0.28959388,-1.17065215,0.597422889,-0.398101168,0.497090374,0.074886891,0.143473424,-0.35443734,0.122011622,-0.031283103,0.172346656,-0.15653443,-0.075358039
60149,99,"[31, 565]",Trop/Subtrop Forests,0.465654093,-0.465654093,-1.331474911,1.331474911,-0.554359234,0.554359234,0.599501499,-0.599501499,-0.936110726,0.936110726,-2.037195348,2.037195348,0.936110726,-0.936110726,-0.645244947,0.645244947,0.835523722,-0.835523722,-0.599501499,0.599501499,-1.39557251,1.39557251,0.73878391,-0.73878391,0.421987525,-0.421987525,0.691650548,-0.691650548,-0.599501499,0.599501499,1.054617372,-1.860435679,0.271950713,0.624968806,1.892682339,-1.900422084,0.693044531,0.334890675,0.586299824,-0.334689866,-0.239492611,0.47487291,0.275684379,-0.361960279,0.051904311
60150,6188,"(1770, 12201]",Trop/Subtrop Forests,-0.152771557,0.152771557,-2.599552509,2.599552509,-0.802897293,0.802897293,0.148797212,-0.148797212,-0.711217125,0.711217125,-1.581396755,1.581396755,0.975228641,-0.975228641,-1.331184345,1.331184345,1.236188072,-1.236188072,-0.534332433,0.534332433,-0.772250406,0.772250406,0.688936236,-0.688936236,0.289501431,-0.289501431,1.139623469,-1.139623469,-0.002963881,0.002963881,1.66772831,0.696734501,-0.930464952,-0.250249486,0.045885364,0.196461255,-0.237401579,0.468392044,-0.102498471,-0.317594994,-0.095429162,-0.032819534,0.003666631,0.038867648,0.104459713
60151,1342,"(565, 1770]",Trop/Subtrop Forests,-0.148913466,0.148913466,-2.298550902,2.298550902,-1.095952713,1.095952713,0.213144566,-0.213144566,-0.884680059,0.884680059,-1.552934547,1.552934547,1.234051725,-1.234051725,-1.242757644,1.242757644,1.282464005,-1.282464005,-0.405897393,0.405897393,-0.848286093,0.848286093,0.917911459,-0.917911459,0.469523537,-0.469523537,0.74210796,-0.74210796,-0.030336794,0.030336794,2.013072238,0.316174521,-0.188561812,-0.523726062,-0.005783745,-0.351421612,-0.267714414,0.090669507,-0.543375114,0.160482637,0.67892391,-0.054695352,-0.116281523,-0.065265388,-0.096973539
60152,2016,"(1770, 12201]",Trop/Subtrop Forests,-0.1989324,0.1989324,-2.404218009,2.404218009,-0.982037794,0.982037794,0.182514872,-0.182514872,-0.833090107,0.833090107,-1.452499428,1.452499428,1.195238001,-1.195238001,-1.264957588,1.264957588,1.328273491,-1.328273491,-0.479781782,0.479781782,-0.936346299,0.936346299,0.775947909,-0.775947909,0.473327897,-0.473327897,0.854850181,-0.854850181,-0.017286287,0.017286287,1.729736574,0.570501658,-0.246578549,-0.843556132,0.261564367,-0.093093201,-0.351350778,0.257187322,-0.345714745,-0.001251372,0.402388299,0.013835777,-0.052022815,-0.04087071,-0.022203589
60153,6622,"(1770, 12201]",Trop/Subtrop Forests,-0.17790451,0.17790451,-3.205061373,3.205061373,-1.214735859,1.214735859,0.403855465,-0.403855465,-0.650853405,0.650853405,-2.169974454,2.169974454,1.092639405,-1.092639405,-1.244969285,1.244969285,1.308864274,-1.308864274,-0.646710824,0.646710824,-0.347110676,0.347110676,0.675127635,-0.675127635,0.230752397,-0.230752397,0.673735422,-0.673735422,-0.191718726,0.191718726,2.604911567,-0.76354563,-2.26102675,0.261640415,0.165610016,0.222385153,-0.866480073,0.215715637,0.080060618,0.072183029,-0.265796536,0.18538634,-0.074584919,-0.051406853,-0.104335355
60154,5866,"(1770, 12201]",Trop/Subtrop Forests,-0.14882394,0.14882394,-2.538827147,2.538827147,-1.04369746,1.04369746,0.248859541,-0.248859541,-0.918834135,0.918834135,-1.652980454,1.652980454,1.279000584,-1.279000584,-1.156299546,1.156299546,1.139137761,-1.139137761,-0.61496663,0.61496663,-0.768731211,0.768731211,0.646500606,-0.646500606,0.426180697,-0.426180697,0.909445081,-0.909445081,-0.03696732,0.03696732,1.738595882,-0.152810752,-0.820361618,-0.788899543,0.339112883,0.194607937,0.153749653,0.06159919,-0.154555692,-0.037218856,0.021199219,-0.191065422,-0.022028379,-0.039124233,-0.139960091
60155,1740,"(565, 1770]",Trop/Subtrop Forests,-0.169637439,0.169637439,-2.176927638,2.176927638,-0.92557281,0.92557281,0.282368827,-0.282368827,-0.800568139,0.800568139,-1.795408696,1.795408696,0.98625218,-0.98625218,-1.238434858,1.238434858,1.258506059,-1.258506059,-0.511615759,0.511615759,-0.858115504,0.858115504,0.80871064,-0.80871064,0.365666802,-0.365666802,0.704712675,-0.704712675,-0.232871075,0.232871075,1.873915408,-0.046465021,-0.613953644,0.17480039,0.591964218,-0.523670187,-0.367178889,0.160322552,-0.076155164,0.141696808,0.133434823,0.300842717,-0.095083246,-0.107115604,0.08806695
60156,2302,"(1770, 12201]",Trop/Subtrop Forests,-1.527620401,1.527620401,-4.086795536,4.086795536,-2.036878586,2.036878586,0.11273275,-0.11273275,-0.69830502,0.69830502,-1.237365188,1.237365188,1.928539498,-1.928539498,-1.762958656,1.762958656,0.918851612,-0.918851612,-0.570998093,0.570998093,-0.947299392,0.947299392,0.987289547,-0.987289547,0.629139216,-0.629139216,0.137658661,-0.137658661,-0.273923253,0.273923253,4.608867903,0.125750131,1.225039025,-1.084237555,0.677955975,1.253976039,-0.826518987,-0.726819708,-0.560238706,-0.195662986,-0.303854532,-0.408164091,0.043501612,-0.158369166,-0.112779477
60157,907,"(565, 1770]",Trop/Subtrop Forests,-1.29164534,1.29164534,-3.474202405,3.474202405,-1.517623694,1.517623694,0.15903149,-0.15903149,-0.802684153,0.802684153,-1.176450577,1.176450577,1.856527764,-1.856527764,-1.517623694,1.517623694,1.009981913,-1.009981913,-0.725352438,0.725352438,-1.056166592,1.056166592,0.710138727,-0.710138727,0.823688275,-0.823688275,0.363823359,-0.363823359,-0.222191586,0.222191586,3.232668422,-0.07982448,1.067997162,-1.858597611,1.312928689,1.206672082,-0.495941031,-0.309442944,-0.467574522,0.094318266,-0.465651241,-0.38233412,-0.01177821,0.119114435,-0.061912038
60158,847,"(565, 1770]",Trop/Subtrop Forests,-1.153575738,1.153575738,-3.69899388,3.69899388,-1.93217437,1.93217437,0.327021608,-0.327021608,-0.474181027,0.474181027,-1.435053145,1.435053145,2.32918406,-2.32918406,-1.427226916,1.427226916,1.207814076,-1.207814076,-0.708138432,0.708138432,-1.036785448,1.036785448,0.902294867,-0.902294867,0.792035163,-0.792035163,0.469030685,-0.469030685,-0.007311417,0.007311417,4.032324893,-0.320915452,0.423076337,-2.523828747,0.477278705,0.449024972,-1.195018397,-0.15025852,-1.446534472,-0.37354441,-0.502019979,-0.220538278,0.18070639,0.107307758,-0.279749626
60159,395,"[31, 565]",Trop/Subtrop Forests,-0.71941536,0.71941536,-3.791494529,3.791494529,-1.330811161,1.330811161,0.121278205,-0.121278205,-0.444287247,0.444287247,-2.307196452,2.307196452,0.956946987,-0.956946987,-1.626867963,1.626867963,1.330811161,-1.330811161,-0.590642046,0.590642046,-0.444287247,0.444287247,0.996703189,-0.996703189,0.005266524,-0.005266524,0.163625961,-0.163625961,-0.356587332,0.356587332,3.759209335,-0.046673186,-1.751575065,1.560780047,-0.16689717,0.189487813,-1.731848928,-0.338096345,0.093864086,0.107844753,-0.660480863,0.661922882,0.475103422,-0.186811779,-0.105398831
60160,7526,"(1770, 12201]",Trop/Subtrop Forests,-0.199363926,0.199363926,-2.884781435,2.884781435,-1.141780161,1.141780161,0.411527238,-0.411527238,-0.739177628,0.739177628,-1.87219377,1.87219377,1.106629751,-1.106629751,-1.096494239,1.096494239,1.254435428,-1.254435428,-0.652478977,0.652478977,-0.429087965,0.429087965,0.671195114,-0.671195114,0.487922071,-0.487922071,0.842754706,-0.842754706,-0.094679762,0.094679762,2.10641164,-0.786222986,-1.556422907,-0.412846013,0.268761615,0.392345416,-0.478043535,0.574855514,-0.326364341,0.259557577,0.051302704,-0.083991673,-0.190661571,0.0117682,0.078019535
60161,2182,"(1770, 12201]",Trop/Subtrop Forests,-0.292550075,0.292550075,-2.515396502,2.515396502,-1.11406853,1.11406853,0.178873882,-0.178873882,-0.936182855,0.936182855,-1.555736084,1.555736084,1.241186107,-1.241186107,-1.346255965,1.346255965,1.066935052,-1.066935052,-0.582915773,0.582915773,-0.786308681,0.786308681,0.730412926,-0.730412926,0.32890754,-0.32890754,0.803741605,-0.803741605,-0.167581277,0.167581277,2.081078699,0.153583811,-0.459004482,-0.207079092,0.570865157,0.286311342,0.144663919,-0.294560518,-0.05645189,-0.166407644,0.053350739,-0.18952618,-0.112647245,-0.114419095,-0.105737219
60162,2314,"(1770, 12201]",Trop/Subtrop Forests,-0.056994131,0.056994131,-2.556332081,2.556332081,-1.143799385,1.143799385,0.310147469,-0.310147469,-0.883437205,0.883437205,-1.937589951,1.937589951,0.998501069,-0.998501069,-1.316621559,1.316621559,1.094202613,-1.094202613,-0.664175938,0.664175938,-0.520760153,0.520760153,0.629201887,-0.629201887,0.261834573,-0.261834573,0.868655716,-0.868655716,-0.088594049,0.088594049,1.953517394,-0.327447422,-1.623429186,0.088252005,0.162004151,0.326340018,0.210162316,0.029083859,0.040495213,0.044098066,-0.271726563,0.092801835,-0.341183599,-0.159413155,-0.130637173
60163,2252,"(1770, 12201]",Trop/Subtrop Forests,-1.426203307,1.426203307,-4.344313792,4.344313792,-1.924693185,1.924693185,0.134724896,-0.134724896,-0.793595154,0.793595154,-1.349442793,1.349442793,1.856898003,-1.856898003,-1.810989332,1.810989332,0.787244497,-0.787244497,-0.466373475,0.466373475,-1.010613918,1.010613918,1.120306921,-1.120306921,0.483674713,-0.483674713,0.061826856,-0.061826856,-0.354513429,0.354513429,4.877758859,-0.052270971,1.509428464,-0.390364131,0.34750089,1.037772916,-0.688676366,-1.025458195,-0.134775037,-0.434389479,-0.175626498,-0.296057388,0.164891469,-0.099336807,-0.240006308
60164,1400,"(565, 1770]",Trop/Subtrop Forests,0.367649663,-0.367649663,-1.69775916,1.69775916,-0.314395691,0.314395691,0.206220272,-0.206220272,-0.981506099,0.981506099,-1.48803478,1.48803478,0.813800135,-0.813800135,-1.047736739,1.047736739,1.070284871,-1.070284871,-0.618197005,0.618197005,-1.211234353,1.211234353,0.813800135,-0.813800135,0.343921923,-0.343921923,1.100742115,-1.100742115,-0.235312591,0.235312591,0.544463602,0.076535921,0.340404396,0.311667916,0.848114558,-0.586702951,0.396162547,0.207015681,-0.011437072,-0.470878979,0.195717499,0.292093205,0.218190771,-0.049586054,0.005204826
60165,1762,"(565, 1770]",Trop/Subtrop Forests,0.123453084,-0.123453084,-2.299745362,2.299745362,-0.518453428,0.518453428,-0.027918009,0.027918009,-0.95813366,0.95813366,-1.772500192,1.772500192,0.637201858,-0.637201858,-1.35450286,1.35450286,1.200947989,-1.200947989,-0.420164274,0.420164274,-0.723207994,0.723207994,0.839316797,-0.839316797,-0.027918009,0.027918009,1.270958119,-1.270958119,-0.111781029,0.111781029,1.196328851,0.93790558,-1.064636775,1.183650217,-0.397459632,-0.200930584,0.024109611,-0.26061709,0.403919817,-0.300689309,0.236089084,0.02783344,0.177972916,-0.065067477,0.100958703
60166,6066,"(1770, 12201]",Trop/Subtrop Forests,-0.974750364,0.974750364,-3.405219166,3.405219166,-1.512757929,1.512757929,0.168252695,-0.168252695,-0.739219023,0.739219023,-1.387417028,1.387417028,1.525390504,-1.525390504,-1.693485204,1.693485204,0.914314208,-0.914314208,-0.531292488,0.531292488,-0.926773941,0.926773941,0.835273109,-0.835273109,0.395618499,-0.395618499,0.391398193,-0.391398193,-0.22566445,0.22566445,3.621981856,0.404514511,0.424865617,-0.45528732,0.622875546,0.771726398,-0.226800295,-0.375604644,-0.059497551,-0.413827713,-0.337697703,-0.162568939,-0.071305294,-0.058806842,-0.142106039
60167,6552,"(1770, 12201]",Trop/Subtrop Forests,0.008162393,-0.008162393,-3.386957021,3.386957021,-1.536007919,1.536007919,0.736706869,-0.736706869,-0.889406806,0.889406806,-2.336866496,2.336866496,1.368519524,-1.368519524,-0.815991837,0.815991837,1.251271155,-1.251271155,-0.822645279,0.822645279,-0.270364559,0.270364559,0.485894836,-0.485894836,0.542875955,-0.542875955,0.565227144,-0.565227144,-0.137721438,0.137721438,2.347690907,-2.478718112,-2.577544049,-1.008838922,0.404800726,0.429222163,-0.423392586,0.330635204,0.078564299,0.467040767,-0.106626021,0.119178615,-0.236002529,-0.162971277,-0.286704865
60168,1206,"(565, 1770]",Trop/Subtrop Forests,-1.38150951,1.38150951,-3.233344111,3.233344111,-1.534991943,1.534991943,-0.045333427,0.045333427,-0.769446138,0.769446138,-0.971253509,0.971253509,1.636108409,-1.636108409,-2.081026083,2.081026083,1.174625229,-1.174625229,-0.534453104,0.534453104,-1.115044124,1.115044124,0.785008368,-0.785008368,0.750117261,-0.750117261,0.316539001,-0.316539001,-0.159818498,0.159818498,3.391343199,1.501068953,1.428281262,-1.52672177,0.98989329,1.247250024,-0.8233319,-0.436618928,-0.412746456,0.268105235,-0.348563699,-0.133522573,-0.627004737,0.115997965,-0.073121175
60169,2026,"(1770, 12201]",Trop/Subtrop Forests,-0.453770814,0.453770814,-3.890405895,3.890405895,-1.868826539,1.868826539,0.828851417,-0.828851417,-0.46714176,0.46714176,-2.675568956,2.675568956,1.887207952,-1.887207952,-0.88699618,0.88699618,1.374663383,-1.374663383,-0.917895702,0.917895702,-0.471607816,0.471607816,1.104417033,-1.104417033,0.532373561,-0.532373561,0.573417651,-0.573417651,-0.180211431,0.180211431,3.851861669,-3.050887383,-1.969815082,-0.687211699,-0.354423131,-0.529996284,-1.821735669,-0.174242846,-1.43545349,-0.101863563,-0.463440608,0.7369245,0.366489109,0.036715763,-0.186645472
60170,1751,"(565, 1770]",Trop/Subtrop Forests,-0.742633554,0.742633554,-2.809781638,2.809781638,-1.28534791,1.28534791,0.117547397,-0.117547397,-0.96474771,0.96474771,-1.146911234,1.146911234,1.520136973,-1.520136973,-1.409597416,1.409597416,1.156466327,-1.156466327,-0.594689013,0.594689013,-1.25815736,1.25815736,0.708253988,-0.708253988,0.653545635,-0.653545635,0.640660599,-0.640660599,-0.133886841,0.133886841,2.161464768,0.51548599,0.984086235,-1.644640297,0.986405001,0.520747001,-0.189249804,-0.300925398,-0.139480029,-0.074719045,0.05934957,-0.06122379,-0.013402629,-0.159296845,-0.028636945
60171,705,"(565, 1770]",Trop/Subtrop Forests,0.230440573,-0.230440573,-1.992308505,1.992308505,-0.763471921,0.763471921,0.730602537,-0.730602537,-0.892236113,0.892236113,-2.263370225,2.263370225,1.214021337,-1.214021337,-0.665961772,0.665961772,1.348915843,-1.348915843,-0.711061817,0.711061817,-0.837223362,0.837223362,0.497546903,-0.497546903,0.653196906,-0.653196906,0.927269416,-0.927269416,-0.189844755,0.189844755,1.000210293,-2.016580217,-1.62287666,-1.108932651,0.975348967,-1.078272454,-0.197526339,0.658527396,0.077446582,0.458368302,-0.127208162,0.440733323,-0.217841375,0.157407103,0.038029264
60173,3900,"(1770, 12201]",Trop/Subtrop Forests,-1.208088024,1.208088024,-3.440074532,3.440074532,-1.674119161,1.674119161,0.121992793,-0.121992793,-0.738273519,0.738273519,-1.294239232,1.294239232,1.869844571,-1.869844571,-1.74051538,1.74051538,1.205138013,-1.205138013,-0.516877471,0.516877471,-1.064516545,1.064516545,0.815836518,-0.815836518,0.703827279,-0.703827279,0.40332658,-0.40332658,-0.132493724,0.132493724,3.578585876,0.586348824,0.809009249,-1.753602161,0.651425975,0.669303775,-0.939572636,-0.459252808,-0.449998201,0.091109604,-0.2555877,-0.209784033,-0.266176554,0.069919297,-0.139184966
60174,3757,"(1770, 12201]",Trop/Subtrop Forests,-0.919909938,0.919909938,-3.797130982,3.797130982,-1.797373439,1.797373439,0.359053124,-0.359053124,-0.520071931,0.520071931,-1.736269717,1.736269717,1.595895575,-1.595895575,-1.631245072,1.631245072,1.019527083,-1.019527083,-0.595269132,0.595269132,-0.589337682,0.589337682,0.946764119,-0.946764119,0.305370007,-0.305370007,0.163021951,-0.163021951,-0.312055029,0.312055029,4.434206453,-0.382482146,-0.559534947,0.090747038,0.505832264,0.663499733,-0.932169574,-0.280277689,-0.398565448,-0.437525151,-0.336289427,0.01746171,-0.036359542,-0.107719607,-0.226670366
60175,1621,"(565, 1770]",Trop/Subtrop Forests,-0.331047342,0.331047342,-3.021778119,3.021778119,-1.252096109,1.252096109,0.393668093,-0.393668093,-0.575294954,0.575294954,-2.423939357,2.423939357,1.10210231,-1.10210231,-1.506250757,1.506250757,1.043138269,-1.043138269,-0.748492897,0.748492897,-0.421126961,0.421126961,0.995803028,-0.995803028,0.250305666,-0.250305666,0.510112482,-0.510112482,-0.490488922,0.490488922,3.334067082,-1.377480704,-1.377211618,1.606779905,0.422753447,-0.155851446,-1.000022065,-0.346028828,-0.343446264,0.119654431,-0.921216333,0.422945684,-0.257472847,0.005131118,-0.116990378
60176,4075,"(1770, 12201]",Trop/Subtrop Forests,0.153454498,-0.153454498,-2.064351187,2.064351187,-0.52526961,0.52526961,0.088145645,-0.088145645,-1.052437494,1.052437494,-1.713961734,1.713961734,0.892766338,-0.892766338,-1.180382697,1.180382697,1.093288675,-1.093288675,-0.549997193,0.549997193,-0.88065628,0.88065628,0.702174371,-0.702174371,0.315916697,-0.315916697,1.242665739,-1.242665739,-0.047056011,0.047056011,0.826778891,0.247521543,-0.572367574,0.032512843,0.013526649,-0.165245382,0.481420909,-0.026330136,0.150023431,0.006054935,-0.013978263,-0.103783489,0.013784604,0.04861868,-0.03291934
60177,1347,"(565, 1770]",Trop/Subtrop Forests,0.081453185,-0.081453185,-2.225523462,2.225523462,-0.669132134,0.669132134,0.148010388,-0.148010388,-0.94871847,0.94871847,-2.118821278,2.118821278,0.689391185,-0.689391185,-1.44873293,1.44873293,1.013331535,-1.013331535,-0.679244876,0.679244876,-0.55666399,0.55666399,0.856901548,-0.856901548,0.099581096,-0.099581096,0.952467585,-0.952467585,-0.37832335,0.37832335,1.648794395,-0.359661106,-1.161587263,1.823904971,0.323384957,-0.075486691,0.01271111,-0.536654325,0.206076627,0.081651468,-0.457170434,0.257648816,-0.244824685,-0.0218776,-0.048799533
60178,2449,"(1770, 12201]",Trop/Subtrop Forests,-0.27286815,0.27286815,-2.715630365,2.715630365,-1.341056434,1.341056434,0.39586969,-0.39586969,-0.889877879,0.889877879,-1.757376146,1.757376146,1.361678779,-1.361678779,-1.333386935,1.333386935,0.964513262,-0.964513262,-0.725940336,0.725940336,-0.843394713,0.843394713,0.724024746,-0.724024746,0.413412681,-0.413412681,0.388869441,-0.388869441,-0.319352984,0.319352984,2.603943012,-0.814374322,-0.387643127,-0.195826645,1.078287718,0.22170188,0.071493984,-0.314234298,-0.019983578,-0.146409684,-0.317732439,0.192084644,-0.207624211,-0.220440835,-0.34199003
60179,517,"[31, 565]",Trop/Subtrop Forests,-0.302071837,0.302071837,-2.443820771,2.443820771,-1.254627796,1.254627796,0.375138253,-0.375138253,-0.609932888,0.609932888,-2.036792746,2.036792746,0.978543348,-0.978543348,-1.460634528,1.460634528,1.111773012,-1.111773012,-0.474160658,0.474160658,-0.618590152,0.618590152,0.910061316,-0.910061316,0.358822215,-0.358822215,0.42439316,-0.42439316,-0.189913382,0.189913382,2.948632915,-0.267502762,-0.963969183,0.613978898,0.105906341,-0.433134061,-0.360275487,0.409807725,-0.366769521,0.300905987,-0.22615133,0.375206672,-0.412381822,-0.104067009,-0.044530004
60180,1652,"(565, 1770]",Trop/Subtrop Forests,-0.649430146,0.649430146,-2.695191824,2.695191824,-1.217018611,1.217018611,0.189190599,-0.189190599,-0.94632035,0.94632035,-1.144983145,1.144983145,1.497186312,-1.497186312,-1.299295537,1.299295537,1.172102456,-1.172102456,-0.668633289,0.668633289,-1.325114851,1.325114851,0.674141669,-0.674141669,0.743866326,-0.743866326,0.841587404,-0.841587404,-0.018493498,0.018493498,1.774020023,0.353477712,0.958445553,-2.094521174,0.834580388,0.484432911,-0.046955311,0.005769859,-0.38302968,-0.128425789,-0.032838274,0.073654615,-0.017927702,-0.117860531,0.048899587
60181,2038,"(1770, 12201]",Trop/Subtrop Forests,-0.152609322,0.152609322,-2.142551166,2.142551166,-0.746639856,0.746639856,-0.004977586,0.004977586,-0.990655496,0.990655496,-1.388775663,1.388775663,1.126004396,-1.126004396,-1.251155751,1.251155751,1.088675166,-1.088675166,-0.44001363,0.44001363,-1.20569161,1.20569161,0.751206881,-0.751206881,0.392206905,-0.392206905,1.070267909,-1.070267909,0.018915353,-0.018915353,1.242176234,0.931062537,0.369688264,-0.716010751,0.097253203,-0.256963875,0.460097129,-0.026094407,0.01731933,-0.199446753,0.102877765,-0.16110067,0.232302263,-0.097757809,-0.036039499
60182,2967,"(1770, 12201]",Trop/Subtrop Forests,-0.791264303,0.791264303,-3.346849466,3.346849466,-1.547971165,1.547971165,0.31593277,-0.31593277,-0.638469952,0.638469952,-1.589358724,1.589358724,1.824412304,-1.824412304,-1.394731268,1.394731268,1.171869555,-1.171869555,-0.606371578,0.606371578,-0.962063844,0.962063844,0.866812036,-0.866812036,0.603330577,-0.603330577,0.61246177,-0.61246177,-0.027096789,0.027096789,3.305066475,-0.201845054,0.017895449,-1.565522587,0.184465983,0.215364444,-0.72922482,-0.062839366,-0.797190719,-0.266151708,-0.282033527,-0.034728133,0.073220273,0.092738912,-0.190341875
60201,1397,"(565, 1770]",Trop/Subtrop Forests,-0.526764002,0.526764002,-2.708574876,2.708574876,-1.158566038,1.158566038,0.229530895,-0.229530895,-0.855742493,0.855742493,-1.303263749,1.303263749,1.432922726,-1.432922726,-1.269155936,1.269155936,1.035237001,-1.035237001,-0.717787071,0.717787071,-0.979868221,0.979868221,0.698163096,-0.698163096,0.560996827,-0.560996827,0.63045826,-0.63045826,-0.063662327,0.063662327,2.139419062,0.072508957,0.176033716,-1.221491062,0.830371889,0.659954176,0.192577056,0.091320592,-0.501460688,-0.220507395,-0.088120335,-0.074342041,0.100401223,-0.029990181,-0.146671811
60202,3468,"(1770, 12201]",Trop/Subtrop Forests,-0.428809507,0.428809507,-2.771432905,2.771432905,-0.884636653,0.884636653,0.06322699,-0.06322699,-0.696081934,0.696081934,-1.27686813,1.27686813,1.190626501,-1.190626501,-1.476939522,1.476939522,1.252782905,-1.252782905,-0.48354645,0.48354645,-0.991291946,0.991291946,0.663002983,-0.663002983,0.332042732,-0.332042732,1.398843593,-1.398843593,0.247582909,-0.247582909,1.724390896,1.565319977,-0.459098655,-1.302896538,-0.413452719,0.439862404,-0.05868718,0.476285701,-0.307447441,-0.675916265,-0.126103733,-0.10017105,0.028204994,0.157177074,0.160745606
60204,2230,"(1770, 12201]",Trop/Subtrop Forests,0.718343031,-0.718343031,-1.461504206,1.461504206,0.005453587,-0.005453587,-0.023633253,0.023633253,-1.12275891,1.12275891,-1.860793754,1.860793754,0.520437461,-0.520437461,-1.088704036,1.088704036,0.992110383,-0.992110383,-0.691650548,0.691650548,-0.780908907,0.780908907,0.871046851,-0.871046851,0.08184927,-0.08184927,1.702396459,-1.702396459,-0.226376195,0.226376195,-0.132283603,0.029945286,-0.70106962,1.718646431,0.058094384,-0.447116413,0.663628094,-0.364088436,-0.030090525,-0.315924757,-0.096093863,-0.087374965,0.170697774,0.06168737,0.043097993
60205,3603,"(1770, 12201]",Trop/Subtrop Forests,0.11991543,-0.11991543,-1.868943179,1.868943179,-0.345520612,0.345520612,-0.248261102,0.248261102,-1.023612373,1.023612373,-1.376491795,1.376491795,0.694229191,-0.694229191,-1.471773731,1.471773731,1.026561458,-1.026561458,-0.62030537,0.62030537,-0.927056608,0.927056608,0.763409267,-0.763409267,0.165997788,-0.165997788,1.545171092,-1.545171092,0.085439589,-0.085439589,0.425441401,1.613432806,-0.19676541,0.420983681,-0.311182067,0.424275055,0.765022445,-0.189794829,-0.220959506,-0.337563602,-0.251692509,-0.180407256,0.104829245,0.00603805,0.004935003
60206,2811,"(1770, 12201]",Trop/Subtrop Forests,-0.270541749,0.270541749,-2.555621017,2.555621017,-0.742898748,0.742898748,-0.015303755,0.015303755,-0.902756489,0.902756489,-1.737269005,1.737269005,0.839682696,-0.839682696,-1.577443378,1.577443378,1.23419125,-1.23419125,-0.422273157,0.422273157,-0.769715259,0.769715259,0.978543348,-0.978543348,0.026964867,-0.026964867,0.909867774,-0.909867774,-0.180486157,0.180486157,2.014552027,1.007919342,-0.607508306,1.149732594,-0.279092367,-0.121595374,-0.396988998,-0.58841586,0.152033473,-0.196669987,0.227608946,0.249738288,0.099225228,0.030672608,0.025455943
60207,1031,"(565, 1770]",Trop/Subtrop Forests,-0.743807808,0.743807808,-2.749590342,2.749590342,-1.166737795,1.166737795,-0.065045889,0.065045889,-1.107794396,1.107794396,-1.278878311,1.278878311,1.290484429,-1.290484429,-1.705844719,1.705844719,0.873211273,-0.873211273,-0.650569701,0.650569701,-1.183131787,1.183131787,0.761912171,-0.761912171,0.547236142,-0.547236142,0.568513488,-0.568513488,-0.104525886,0.104525886,2.175300979,0.758760273,1.137560416,-0.780772903,0.510001581,0.913383321,0.520977927,-0.712607334,-0.00883947,0.144702799,-0.469473,0.003313729,-0.167861547,-0.115592657,-0.25319226
60209,3304,"(1770, 12201]",Trop/Subtrop Forests,-0.014173804,0.014173804,-1.990151459,1.990151459,-0.674606394,0.674606394,0.095590238,-0.095590238,-1.018263225,1.018263225,-1.526708971,1.526708971,1.152131795,-1.152131795,-1.182774285,1.182774285,1.217417065,-1.217417065,-0.567526701,0.567526701,-1.024594794,1.024594794,0.597005621,-0.597005621,0.400271078,-0.400271078,1.182774285,-1.182774285,0.006778688,-0.006778688,0.848415394,0.566434865,-0.453482744,-0.89287018,0.392196983,-0.164525369,0.343393474,-0.038652187,0.03036845,-0.058209514,0.02279071,-0.116284708,0.010237071,0.025415164,-0.057635768
60210,3047,"(1770, 12201]",Grasslands,0.21221434,-0.21221434,-1.974496119,1.974496119,-0.275290033,0.275290033,-0.115633705,0.115633705,-1.11902116,1.11902116,-1.527850794,1.527850794,0.749950398,-0.749950398,-1.225659287,1.225659287,1.195112597,-1.195112597,-0.448447936,0.448447936,-1.056318703,1.056318703,0.726796443,-0.726796443,0.19037945,-0.19037945,1.469034286,-1.469034286,-0.010132107,0.010132107,0.30496882,1.129195198,-0.252233125,0.162563985,-0.192116367,-0.264125955,0.403281355,-0.201904381,0.414513804,-0.199139497,0.218974125,-0.115459426,0.260033035,0.014742582,0.066015883
60211,2129,"(1770, 12201]",Trop/Subtrop Forests,-0.134282946,0.134282946,-2.106636992,2.106636992,-0.749240121,0.749240121,-0.018068215,0.018068215,-1.006146523,1.006146523,-1.540620373,1.540620373,0.955802186,-0.955802186,-1.349671846,1.349671846,1.037909307,-1.037909307,-0.556946217,0.556946217,-0.95343311,0.95343311,0.710242348,-0.710242348,0.294036693,-0.294036693,1.201976775,-1.201976775,-0.006656554,0.006656554,1.165350545,0.800331174,-0.268252483,-0.13481617,0.036314702,0.109520958,0.591029886,-0.170292444,0.004160058,-0.117451124,-0.180016967,-0.138009686,0.013782194,-0.098859482,0.028734378
60212,3779,"(1770, 12201]",Trop/Subtrop Forests,-0.334771136,0.334771136,-2.502355007,2.502355007,-0.731538634,0.731538634,0.062041216,-0.062041216,-0.843217283,0.843217283,-1.310460359,1.310460359,1.173961244,-1.173961244,-1.349586212,1.349586212,1.132553663,-1.132553663,-0.53268853,0.53268853,-1.179950561,1.179950561,0.649093186,-0.649093186,0.450232786,-0.450232786,1.211712019,-1.211712019,0.067440031,-0.067440031,1.380455895,1.00854231,0.194809867,-1.153744722,0.198925586,0.19130391,0.18502474,0.295081958,-0.043639857,-0.415990708,-0.231520353,-0.086334359,0.113971838,0.097494294,0.081798956
60213,766,"(565, 1770]",Trop/Subtrop Forests,-0.391148927,0.391148927,-2.489114461,2.489114461,-0.888831652,0.888831652,0.186908343,-0.186908343,-0.77379097,0.77379097,-1.66565718,1.66565718,1.123110867,-1.123110867,-1.182344707,1.182344707,0.989080133,-0.989080133,-0.247035877,0.247035877,-1.051487846,1.051487846,0.915140542,-0.915140542,0.374342298,-0.374342298,0.843470572,-0.843470572,-0.083778667,0.083778667,2.363487054,0.281137131,0.211740218,-0.088078761,-0.170941262,-0.750453828,0.176263129,0.382199967,0.061577067,-0.164467629,0.175587999,-0.220664415,0.303392354,0.019146097,0.165732222
60214,923,"(565, 1770]",Trop/Subtrop Forests,-0.085878885,0.085878885,-1.893573542,1.893573542,-0.70819312,0.70819312,0.063841114,-0.063841114,-1.118052276,1.118052276,-1.491787127,1.491787127,0.980559458,-0.980559458,-1.427063372,1.427063372,1.118052276,-1.118052276,-0.590996423,0.590996423,-1.344562982,1.344562982,0.743240826,-0.743240826,0.335410727,-0.335410727,0.866957258,-0.866957258,-0.152139029,0.152139029,1.017870427,0.749902955,0.502462665,-0.263572666,0.63894996,-0.320553646,0.436813409,-0.514056369,0.27949559,-0.149626283,-0.104415705,0.527852942,-0.046289051,-0.188831088,-0.138710188
60215,952,"(565, 1770]",Trop/Subtrop Forests,-0.762281576,0.762281576,-2.723267098,2.723267098,-1.205636818,1.205636818,-0.012989389,0.012989389,-0.583180158,0.583180158,-1.571360352,1.571360352,1.008483555,-1.008483555,-1.783436864,1.783436864,1.199543642,-1.199543642,-0.204204212,0.204204212,-0.98648729,0.98648729,1.081590821,-1.081590821,0.305434022,-0.305434022,0.597334011,-0.597334011,-0.064968873,0.064968873,3.17705356,1.541392093,0.345301347,0.34822658,-0.502769253,-0.374303124,-0.704171477,0.134929753,-0.29985283,0.037391329,0.019995543,0.197961891,-0.099507971,-0.090606158,0.168983181
60216,156,"[31, 565]",Trop/Subtrop Forests,0.420858765,-0.420858765,-1.589230523,1.589230523,-0.20812548,0.20812548,0.05185598,-0.05185598,-0.88268086,0.88268086,-1.734204653,1.734204653,0.760467716,-0.760467716,-1.295899091,1.295899091,1.078767775,-1.078767775,-0.448023799,0.448023799,-1.078767775,1.078767775,0.558439757,-0.558439757,0.234366542,-0.234366542,1.374492957,-1.374492957,-0.340232876,0.340232876,0.584310481,0.570369031,-0.407000938,0.695581535,1.016288139,-0.841866497,0.216831043,0.18446629,0.842390506,-0.271289794,-0.52210148,-0.234691449,-0.218106963,0.022326484,0.052255338
60217,2796,"(1770, 12201]",Trop/Subtrop Forests,-0.005840567,0.005840567,-1.921764476,1.921764476,-0.486859117,0.486859117,-0.130135585,0.130135585,-1.093038433,1.093038433,-1.44471749,1.44471749,0.845745034,-0.845745034,-1.363993106,1.363993106,1.018688752,-1.018688752,-0.53828071,0.53828071,-1.031839399,1.031839399,0.765364036,-0.765364036,0.283694047,-0.283694047,1.375287512,-1.375287512,0.048193864,-0.048193864,0.680069263,1.139422274,0.076936414,0.009975845,-0.208672966,0.094898322,0.782755625,-0.228665737,-0.045012233,-0.136691879,-0.077751064,-0.16904705,0.082175892,0.000734917,0.021855427
60218,202,"[31, 565]",Trop/Subtrop Forests,-0.744760133,0.744760133,-2.646674925,2.646674925,-1.256006,1.256006,-0.090333095,0.090333095,-0.744760133,0.744760133,-1.472542097,1.472542097,0.935336308,-0.935336308,-1.88871998,1.88871998,1.036722075,-1.036722075,0.030092843,-0.030092843,-1.089285879,1.089285879,1.198779577,-1.198779577,-0.030092843,0.030092843,0.501747185,-0.501747185,-0.090333095,0.090333095,3.518011273,2.180123161,0.620801912,1.095423652,-0.839210556,-0.669439665,-0.086825048,-0.414205719,0.250742814,-0.452904311,0.516251677,0.158708593,0.071029892,-0.275134864,0.084616223
60219,114,"[31, 565]",Trop/Subtrop Forests,-0.74558072,0.74558072,-3.269258199,3.269258199,-1.193253796,1.193253796,0.035646774,-0.035646774,-1.404932894,1.404932894,-1.58348666,1.58348666,1.143991602,-1.143991602,-1.58348666,1.58348666,0.434421555,-0.434421555,-0.870968816,0.870968816,-1.46224792,1.46224792,1.003160406,-1.003160406,0.586544925,-0.586544925,0.434421555,-0.434421555,-0.178688943,0.178688943,2.242022998,-0.712914325,2.194901408,-0.18521125,-0.040212808,1.055079999,1.296970706,-1.299201709,0.14422026,0.058813514,-0.916620191,0.640536968,0.246862325,-0.278398318,-0.382574781
60220,394,"[31, 565]",Trop/Subtrop Forests,-0.244377458,0.244377458,-2.040820288,2.040820288,-0.997178416,0.997178416,0.070953894,-0.070953894,-0.835773851,0.835773851,-1.616824092,1.616824092,0.74143858,-0.74143858,-1.598607416,1.598607416,1.185668761,-1.185668761,-0.368879432,0.368879432,-1.102709824,1.102709824,0.997178416,-0.997178416,0.223834328,-0.223834328,0.706879779,-0.706879779,-0.142086847,0.142086847,2.023682482,1.145785394,0.214047172,0.671713141,-0.043684759,-0.594856103,-0.117590077,-0.097966601,-0.066180965,-0.044923559,0.166100001,0.622023559,-0.178450192,-0.345820183,0.104005314
60221,863,"(565, 1770]",Trop/Subtrop Forests,-0.822884983,0.822884983,-2.60652434,2.60652434,-1.108649217,1.108649217,-0.152370914,0.152370914,-0.873826546,0.873826546,-1.027504979,1.027504979,1.254138295,-1.254138295,-1.845166516,1.845166516,1.089634546,-1.089634546,-0.524994051,0.524994051,-1.360475067,1.360475067,0.702357255,-0.702357255,0.375021537,-0.375021537,0.761960825,-0.761960825,0.076075068,-0.076075068,2.110518572,2.175077051,0.925910903,-1.207543465,0.321890575,0.687623424,0.258193964,-0.33059868,-0.051746232,-0.410396736,-0.40501119,0.191246875,-0.031137779,-0.139187945,-0.099006271
60222,271,"[31, 565]",Trop/Subtrop Forests,-0.703050651,0.703050651,-3.20588328,3.20588328,-1.111169172,1.111169172,0.329286979,-0.329286979,-1.011806611,1.011806611,-1.803697162,1.803697162,1.445256926,-1.445256926,-1.47003094,1.47003094,0.992486968,-0.992486968,-0.916851275,0.916851275,-1.111169172,1.111169172,0.879944467,-0.879944467,0.519890587,-0.519890587,0.536152222,-0.536152222,-0.282674544,0.282674544,2.465633462,-0.983411774,0.423635261,-0.472205858,0.67384427,0.516357164,-0.242624337,-0.910406361,-0.214914709,-0.124780056,-0.711410207,0.752336722,0.061532424,0.171052615,-0.241521793
60223,528,"[31, 565]",Trop/Subtrop Forests,-0.437677059,0.437677059,-2.818495121,2.818495121,-1.141200813,1.141200813,-0.051393693,0.051393693,-0.859543008,0.859543008,-1.679804177,1.679804177,1.036311011,-1.036311011,-1.854181399,1.854181399,1.218126954,-1.218126954,-0.35546801,0.35546801,-0.685730583,0.685730583,0.907295376,-0.907295376,0.003952496,-0.003952496,0.615553281,-0.615553281,-0.170368004,0.170368004,2.798288259,1.409597354,-0.738322503,0.898726921,-0.21104632,0.191147745,-0.46897623,-0.780914987,0.291191858,-0.140595255,0.103824076,0.092721592,-0.219868751,-0.097531322,-0.227669794
60224,733,"(565, 1770]",Trop/Subtrop Forests,-0.266225392,0.266225392,-2.164284263,2.164284263,-1.066796197,1.066796197,0.160243206,-0.160243206,-0.718639335,0.718639335,-1.859953401,1.859953401,0.967839947,-0.967839947,-1.802057623,1.802057623,0.833618853,-0.833618853,-0.577981304,0.577981304,-1.103308239,1.103308239,1.009690092,-1.009690092,0.356617364,-0.356617364,0.632291624,-0.632291624,-0.038601632,0.038601632,2.574712002,0.528722148,0.349410966,0.501610355,-0.325765831,-0.379720048,0.448247358,-0.010077306,-0.583598687,-0.095119017,-0.96493139,0.720549389,-0.430747714,-0.073495763,-0.292735715
60225,71,"[31, 565]",Trop/Subtrop Forests,-0.464400595,0.464400595,-1.570926144,1.570926144,-0.586544925,0.586544925,-0.586544925,0.586544925,-0.845397622,0.845397622,-1.382556039,1.382556039,0.464400595,-0.464400595,-2.787071787,2.787071787,0.845397622,-0.845397622,-0.171505557,0.171505557,-1.785949842,1.785949842,1.058335863,-1.058335863,0.464400595,-0.464400595,0.845397622,-0.845397622,0.229112186,-0.229112186,1.842940439,3.892840475,2.569786859,0.444370599,-1.340402556,-0.453120683,0.703739905,-0.148919494,-0.024856239,0.561577661,-1.568934203,0.872870667,-1.100591139,0.005244543,-0.325864081
60226,611,"(565, 1770]",Trop/Subtrop Forests,-0.367898575,0.367898575,-2.002042649,2.002042649,-0.758752497,0.758752497,-0.08198382,0.08198382,-0.843059406,0.843059406,-1.453553744,1.453553744,0.922232414,-0.922232414,-1.575534053,1.575534053,1.187525857,-1.187525857,-0.134580967,0.134580967,-1.380513425,1.380513425,1.098136013,-1.098136013,0.334102778,-0.334102778,0.914195864,-0.914195864,0.049172664,-0.049172664,1.920585027,1.805328558,1.072675055,0.001979002,-0.709653392,-1.068558675,-0.029247726,0.031897982,-0.177318033,-0.048651679,0.349256153,0.298156625,0.093923309,-0.049294114,0.133645823
60227,752,"(565, 1770]",Trop/Subtrop Forests,0.288692778,-0.288692778,-1.301109578,1.301109578,-0.150461653,0.150461653,-0.249767458,0.249767458,-1.072457102,1.072457102,-1.462806695,1.462806695,0.789495755,-0.789495755,-1.410025876,1.410025876,1.022745775,-1.022745775,-0.372881023,0.372881023,-1.079657518,1.079657518,0.834378097,-0.834378097,0.112068345,-0.112068345,1.652782413,-1.652782413,0.051891465,-0.051891465,0.317055271,1.782829278,0.044530779,0.600568946,-0.399868578,-0.627628929,0.948935956,-0.320883317,-0.023170069,-0.361104308,0.025637247,-0.388792896,0.07207352,0.142247605,-0.005321162
60228,3069,"(1770, 12201]",Trop/Subtrop Forests,0.213259221,-0.213259221,-1.634832075,1.634832075,-0.297207482,0.297207482,-0.172924142,0.172924142,-1.087545509,1.087545509,-1.457757385,1.457757385,0.711185285,-0.711185285,-1.385465811,1.385465811,1.001071486,-1.001071486,-0.603050661,0.603050661,-0.932667512,0.932667512,0.744545511,-0.744545511,0.19307211,-0.19307211,1.625108906,-1.625108906,0.040631711,-0.040631711,0.254917684,1.276571033,-0.233879512,0.44599386,-0.17915516,0.142704266,0.923495393,-0.230287766,-0.136727603,-0.277607328,-0.193131312,-0.230633161,-0.015402593,0.043981674,0.048245894
60229,642,"(565, 1770]",Trop/Subtrop Forests,-1.131966661,1.131966661,-3.296723411,3.296723411,-1.131966661,1.131966661,-0.186581221,0.186581221,-1.015673014,1.015673014,-0.944160381,0.944160381,1.311321271,-1.311321271,-1.870926521,1.870926521,0.928574619,-0.928574619,-0.621535717,0.621535717,-1.398361777,1.398361777,0.807422618,-0.807422618,0.432297794,-0.432297794,0.748936865,-0.748936865,-0.009459824,0.009459824,2.396688037,1.716667929,1.635588961,-1.089813215,0.244794835,1.346370639,0.255377041,-0.76214021,0.058398436,-0.495805841,-0.446454467,0.147299849,0.194043342,-0.045657589,-0.033891225
60230,3469,"(1770, 12201]",Trop/Subtrop Forests,-0.10956037,0.10956037,-2.033356718,2.033356718,-0.617981984,0.617981984,-0.165139081,0.165139081,-1.019062031,1.019062031,-1.33266216,1.33266216,0.871575129,-0.871575129,-1.531146837,1.531146837,1.055612538,-1.055612538,-0.519814042,0.519814042,-1.017552753,1.017552753,0.810084626,-0.810084626,0.224548163,-0.224548163,1.314938771,-1.314938771,0.082429046,-0.082429046,1.013081254,1.604801752,0.109416379,0.032598282,-0.301679605,0.27168498,0.626284356,-0.271640906,-0.194308992,-0.30375872,-0.034963166,-0.095495449,0.007820678,-0.035807216,-0.006728872
60232,480,"[31, 565]",Trop/Subtrop Forests,0.144028702,-0.144028702,-1.828349648,1.828349648,-0.591809565,0.591809565,-0.127035481,0.127035481,-1.130028961,1.130028961,-1.497238758,1.497238758,0.601041948,-0.601041948,-1.661362765,1.661362765,1.285188278,-1.285188278,-0.237930646,0.237930646,-1.176411145,1.176411145,1.01860146,-1.01860146,0.059220928,-0.059220928,1.095952713,-1.095952713,0.05075686,-0.05075686,1.042740408,2.035729449,0.248357801,0.706342882,-0.868415121,-0.662192226,0.236860723,-0.524285163,0.243401767,-0.157946043,0.689350956,0.56422241,-0.16131913,-0.186945779,-0.07522318
60233,1649,"(565, 1770]",Trop/Subtrop Forests,0.031958513,-0.031958513,-1.795981539,1.795981539,-0.533423821,0.533423821,-0.073777584,0.073777584,-0.984460052,0.984460052,-1.509205243,1.509205243,0.831400766,-0.831400766,-1.432350193,1.432350193,0.996909061,-0.996909061,-0.429272481,0.429272481,-1.200150563,1.200150563,0.866541019,-0.866541019,0.289609518,-0.289609518,1.281387457,-1.281387457,-0.027041165,0.027041165,1.018406039,1.154390471,0.481153887,0.256204774,-0.170438952,-0.481522228,0.6128348,-0.100466899,-0.01429815,-0.237801513,-0.150874149,0.013758679,-0.004848986,-0.06741038,0.040061936
60235,1809,"(1770, 12201]",Trop/Subtrop Forests,-0.004475362,0.004475362,-1.803609564,1.803609564,-0.548128188,0.548128188,-0.12547428,0.12547428,-1.025666711,1.025666711,-1.399385825,1.399385825,0.92164134,-0.92164134,-1.320228778,1.320228778,1.081109569,-1.081109569,-0.394389585,0.394389585,-1.361065397,1.361065397,0.824719917,-0.824719917,0.263319227,-0.263319227,1.199980157,-1.199980157,0.076117752,-0.076117752,0.836958657,1.486829412,0.554932462,-0.308292372,-0.248422228,-0.591081826,0.688503873,-0.132353599,0.059649761,-0.320963736,0.059473803,0.077711712,0.34650722,-0.164075692,-0.029324404
60301,514,"[31, 565]",Trop/Subtrop Forests,-0.421126961,0.421126961,-2.093896069,2.093896069,-0.850103823,0.850103823,0.003952496,-0.003952496,-0.703525662,0.703525662,-1.679804177,1.679804177,0.965911721,-0.965911721,-1.592881516,1.592881516,1.056860246,-1.056860246,-0.138558438,0.138558438,-1.04656028,1.04656028,1.152001379,-1.152001379,0.170368004,-0.170368004,0.794195374,-0.794195374,-0.075132653,0.075132653,2.654391765,1.358721368,0.355258536,0.890197097,-0.625445856,-1.083523617,-0.031967491,-0.017957278,-0.261301818,-0.181697043,0.20164401,0.076701618,0.078438225,0.043684297,0.107765488
60302,465,"[31, 565]",Trop/Subtrop Forests,-0.137873714,0.137873714,-2.297447578,2.297447578,-0.868016061,0.868016061,0.215922074,-0.215922074,-0.816902166,0.816902166,-1.609809629,1.609809629,1.353304094,-1.353304094,-1.226244371,1.226244371,1.238549576,-1.238549576,-0.528153063,0.528153063,-1.118997628,1.118997628,0.941431924,-0.941431924,0.473225974,-0.473225974,0.847445353,-0.847445353,-0.077470066,0.077470066,1.843800261,0.14865402,0.201256794,-0.612566759,0.198759984,-0.631718883,-0.356139629,-0.02576814,-0.607040055,-0.19116242,0.163215338,0.198058855,0.168229588,0.091440026,-0.15742255
60303,6525,"(1770, 12201]",Trop/Subtrop Forests,0.172441777,-0.172441777,-2.364613217,2.364613217,-0.75948554,0.75948554,0.260423789,-0.260423789,-1.007517259,1.007517259,-1.850656921,1.850656921,1.012311447,-1.012311447,-1.045364458,1.045364458,1.182368274,-1.182368274,-0.758765501,0.758765501,-0.645115029,0.645115029,0.6120253,-0.6120253,0.359746411,-0.359746411,1.171947324,-1.171947324,-0.083867699,0.083867699,0.958789096,-0.565160503,-1.356740248,-0.232860367,0.315313084,0.23363505,0.165778013,0.001552176,-0.063553286,0.041644958,-0.090997056,-0.009312647,-0.03076683,-0.014131561,-0.076339811
60304,494,"[31, 565]",Trop/Subtrop Forests,-0.675430373,0.675430373,-3.360851413,3.360851413,-1.316227212,1.316227212,0.505136695,-0.505136695,-0.297231163,0.297231163,-2.212553522,2.212553522,1.599473639,-1.599473639,-1.396140762,1.396140762,1.016621471,-1.016621471,-0.314997652,0.314997652,-0.675430373,0.675430373,1.252344599,-1.252344599,0.314997652,-0.314997652,0.59871145,-0.59871145,-0.174003616,0.174003616,4.46166111,-0.81403681,-0.60461801,0.528282014,-0.697055379,-1.051961358,-1.05158776,0.322910102,-0.873072593,-0.506001395,-0.321417088,0.03725513,0.178587042,0.451510006,-0.026951413
60305,1177,"(565, 1770]",Trop/Subtrop Forests,-0.087446575,0.087446575,-2.744045664,2.744045664,-1.02055915,1.02055915,0.35318984,-0.35318984,-0.444112903,0.444112903,-2.08832642,2.08832642,0.915418559,-0.915418559,-1.320493823,1.320493823,1.164628266,-1.164628266,-0.725913489,0.725913489,-0.503243057,0.503243057,0.843734849,-0.843734849,0.360405994,-0.360405994,0.78214674,-0.78214674,-0.331595102,0.331595102,2.497337415,-0.766229592,-1.349181235,0.936189406,0.561169834,-0.03950447,-0.967418719,0.606024214,-0.503072155,-0.010754842,-0.722480895,0.24818859,-0.165390082,-0.064867341,0.076439386
60306,504,"[31, 565]",Trop/Subtrop Forests,0.434720973,-0.434720973,-2.060472608,2.060472608,-0.519370293,0.519370293,0.776849629,-0.776849629,-0.939511024,0.939511024,-2.080582803,2.080582803,1.482840645,-1.482840645,-0.694650563,0.694650563,1.65081638,-1.65081638,-1.009901806,1.009901806,-0.919797583,0.919797583,0.804802125,-0.804802125,0.776849629,-0.776849629,1.093291342,-1.093291342,-0.417982637,0.417982637,0.588249855,-2.504020843,-0.853009709,-0.929532396,1.570579188,-0.968917244,-1.462753808,-0.077083444,-0.862647175,0.147930267,0.295136473,0.818598065,-0.227549819,0.489489337,-0.07497683
60307,589,"(565, 1770]",Trop/Subtrop Forests,0.704554958,-0.704554958,-1.41719274,1.41719274,-0.003435473,0.003435473,0.003435473,-0.003435473,-1.163425431,1.163425431,-1.627429328,1.627429328,0.807269959,-0.807269959,-0.922620419,0.922620419,1.098241292,-1.098241292,-0.590286443,0.590286443,-0.991163188,0.991163188,0.704554958,-0.704554958,0.252116296,-0.252116296,1.857614633,-1.857614633,-0.051543456,0.051543456,-0.46770335,0.294555106,-0.462786093,0.262480146,0.097567193,-0.600508764,0.782049172,-0.077104222,0.047019161,-0.369186252,0.158757232,-0.380049016,0.21957052,0.14061803,0.036962817
60308,2319,"(1770, 12201]",Trop/Subtrop Forests,0.12923945,-0.12923945,-2.458936257,2.458936257,-0.679086374,0.679086374,0.083141194,-0.083141194,-0.964825017,0.964825017,-1.766570379,1.766570379,0.687015577,-0.687015577,-1.373211014,1.373211014,1.111313492,-1.111313492,-0.720951264,0.720951264,-0.464294026,0.464294026,0.808650446,-0.808650446,0.008839774,-0.008839774,1.193695915,-1.193695915,-0.161231208,0.161231208,1.30186808,0.287980705,-1.443531646,1.29550151,-0.018313489,0.602006097,0.125008982,-0.374199493,-0.049418986,-0.357353775,0.023001108,0.102243926,-0.009366701,-0.065762689,-0.014109605
60309,4693,"(1770, 12201]",Trop/Subtrop Forests,0.309767676,-0.309767676,-2.297777768,2.297777768,-0.540148673,0.540148673,0.117185122,-0.117185122,-0.971629267,0.971629267,-1.671965812,1.671965812,0.694280753,-0.694280753,-1.23415092,1.23415092,1.182171286,-1.182171286,-0.787544509,0.787544509,-0.492384314,0.492384314,0.666776587,-0.666776587,0.107509969,-0.107509969,1.547284444,-1.547284444,-0.013590424,0.013590424,0.608841271,0.322878877,-1.656312038,0.567582402,-0.061668259,0.703676497,0.276455385,-0.007974163,-0.186970044,-0.434917461,-0.004238665,0.008466731,-0.072329154,0.011361724,0.063813715
60310,6697,"(1770, 12201]",Trop/Subtrop Forests,0.633121813,-0.633121813,-2.076416357,2.076416357,-0.318568822,0.318568822,0.157354624,-0.157354624,-1.106599193,1.106599193,-1.857230398,1.857230398,0.658266832,-0.658266832,-1.015077327,1.015077327,1.159869348,-1.159869348,-0.828235614,0.828235614,-0.531735228,0.531735228,0.676056841,-0.676056841,0.187017194,-0.187017194,1.700895523,-1.700895523,-0.074869918,0.074869918,0.00287924,-0.386111228,-1.598230754,0.687556474,-0.03880912,0.33255874,0.382580047,-0.085810202,-0.10171913,-0.237121791,0.001337951,-0.034651792,-0.021159277,0.055866416,0.017423969
60401,76,"[31, 565]",Temp Forests,0.624374151,-0.624374151,-3.434299431,3.434299431,-0.691650548,0.691650548,0,0,-1.71736616,1.71736616,-2.489403695,2.489403695,0,0,-0.83104831,0.83104831,1.220678364,-1.220678364,-0.903644228,0.903644228,-0.121118026,0.121118026,0.624374151,-0.624374151,0.121118026,-0.121118026,1.499813942,-1.499813942,-0.366974196,0.366974196,-0.328360641,-1.974169424,-2.355736546,1.960850378,-0.656862678,1.388410011,-0.081840461,-1.198340982,1.559332581,1.089950222,0.238209252,0.124890986,0.169718584,-0.721882117,0.20404635
60402,430,"[31, 565]",Temp Forests,1.580966238,-1.580966238,-2.303683391,2.303683391,-0.029942357,0.029942357,0.65077741,-0.65077741,-1.528974948,1.528974948,-1.748760584,1.748760584,0.342634529,-0.342634529,-0.574151499,0.574151499,0.992294639,-0.992294639,-1.382556039,1.382556039,-0.520418023,0.520418023,0.893349163,-0.893349163,0.563342378,-0.563342378,2.69324295,-2.69324295,-0.20026747,0.20026747,-1.717298751,-2.991935667,-0.636128827,0.838290002,0.01083681,1.220882987,0.61225162,-0.022988441,-0.856854447,-0.807924757,0.508666537,0.459857097,-0.598962845,0.112949838,0.28906819
60404,2013,"(1770, 12201]",Temp Forests,1.069562328,-1.069562328,-1.549559008,1.549559008,-0.104694538,0.104694538,0.182746413,-0.182746413,-1.33025196,1.33025196,-1.873868868,1.873868868,0.34966695,-0.34966695,-1.019158283,1.019158283,1.092366225,-1.092366225,-0.905914731,0.905914731,-0.544701589,0.544701589,0.733167127,-0.733167127,0.211056349,-0.211056349,2.12515987,-2.12515987,-0.126333578,0.126333578,-0.925309417,-0.659440882,-1.327192577,1.256913702,-0.095950057,0.273131723,0.775912384,-0.266042115,-0.133342739,-0.205603577,0.12227323,0.104662598,-0.476726494,-0.007371067,0.13758812
60702,599,"(565, 1770]",Grasslands,-0.676498085,0.676498085,-2.483990479,2.483990479,-0.745304387,0.745304387,-0.043912476,0.043912476,-0.937937085,0.937937085,-1.395240879,1.395240879,1.093705402,-1.093705402,-1.551075285,1.551075285,0.997178416,-0.997178416,-0.42861074,0.42861074,-1.262608916,1.262608916,0.921292704,-0.921292704,0.407448282,-0.407448282,0.492689937,-0.492689937,-0.337524901,0.337524901,2.212078553,0.806253056,1.239772262,0.278131631,0.801766415,-0.118036946,-0.091390504,-0.446683567,0.28598991,0.036539766,-0.097394317,0.078209055,0.215088094,0.038792835,0.015335823
60703,4591,"(1770, 12201]",Grasslands,-0.24006103,0.24006103,-3.313916493,3.313916493,-1.137334709,1.137334709,0.458976439,-0.458976439,-0.581004313,0.581004313,-1.908519734,1.908519734,1.058901938,-1.058901938,-1.075285669,1.075285669,1.187689343,-1.187689343,-0.606285635,0.606285635,-0.396469641,0.396469641,0.730666757,-0.730666757,0.187758982,-0.187758982,1.312587223,-1.312587223,0.171582532,-0.171582532,2.359879654,-0.357827846,-2.193892421,-0.370865577,-0.83722856,0.436775042,-0.194655904,0.810285296,-0.42613697,-0.673657435,-0.022221861,0.032517982,0.198014777,0.088438889,0.255936707
60704,12201,"(1770, 12201]",Grasslands,-0.12374167,0.12374167,-2.793771234,2.793771234,-0.848720102,0.848720102,0.240757913,-0.240757913,-0.712901469,0.712901469,-1.53075749,1.53075749,1.128343536,-1.128343536,-1.132444343,1.132444343,1.23072003,-1.23072003,-0.630992769,0.630992769,-0.778394507,0.778394507,0.630251091,-0.630251091,0.320675647,-0.320675647,1.360266263,-1.360266263,0.165660938,-0.165660938,1.474049086,0.428771262,-1.178808052,-0.993095265,-0.216317034,0.400570833,-0.015278516,0.642573471,-0.355746001,-0.625697611,-0.0619916,-0.071788072,0.224469089,0.083156485,0.113525089
60707,2036,"(1770, 12201]",Grasslands,-0.359609803,0.359609803,-2.60467494,2.60467494,-1.02622937,1.02622937,0.301771123,-0.301771123,-0.675870266,0.675870266,-1.561983316,1.561983316,1.583169156,-1.583169156,-1.241835102,1.241835102,1.373804564,-1.373804564,-0.591549593,0.591549593,-0.997955988,0.997955988,0.760257272,-0.760257272,0.54150592,-0.54150592,0.840142633,-0.840142633,-0.010050477,0.010050477,2.124588056,0.169404434,-0.394932254,-1.438757798,0.454278575,-0.264049119,-0.704624538,0.224471763,-0.677237403,-0.226350127,-0.000451338,0.09258267,0.066041069,0.22927042,-0.136040145
60708,2407,"(1770, 12201]",Grasslands,0.20452173,-0.20452173,-2.202400762,2.202400762,-0.341854138,0.341854138,0.001684395,-0.001684395,-0.947716594,0.947716594,-1.528040468,1.528040468,0.817500067,-0.817500067,-1.219808119,1.219808119,1.101567779,-1.101567779,-0.500342134,0.500342134,-1.037368212,1.037368212,0.787940454,-0.787940454,0.20452173,-0.20452173,1.533800057,-1.533800057,-0.010106456,0.010106456,0.708875222,0.836664356,-0.206041089,0.204246304,-0.22811964,-0.200886798,0.324948017,0.103273143,0.116553093,-0.57921826,0.017936507,-0.094842466,0.276065286,0.077466472,0.099896942
60709,3884,"(1770, 12201]",Grasslands,-0.564206715,0.564206715,-2.663021427,2.663021427,-1.171705425,1.171705425,0.142249929,-0.142249929,-0.708984997,0.708984997,-1.39864584,1.39864584,1.596840088,-1.596840088,-1.450603464,1.450603464,1.21425803,-1.21425803,-0.582391594,0.582391594,-1.121585642,1.121585642,0.751976781,-0.751976781,0.533722931,-0.533722931,0.796866161,-0.796866161,0.012052701,-0.012052701,2.350817537,0.7008148,0.163377825,-1.48069086,0.433705145,0.063918626,-0.359784632,0.001359827,-0.595757123,-0.285184174,-0.299631385,-0.023300643,0.029173377,0.077463051,-0.17220664
60710,2628,"(1770, 12201]",Grasslands,0.581865323,-0.581865323,-2.011711695,2.011711695,-0.20377772,0.20377772,0.149301691,-0.149301691,-1.119221813,1.119221813,-1.740489092,1.740489092,0.750702993,-0.750702993,-0.902076745,0.902076745,1.199946095,-1.199946095,-0.642840185,0.642840185,-0.704993244,0.704993244,0.78997289,-0.78997289,0.135332438,-0.135332438,1.69264722,-1.69264722,-0.098141759,0.098141759,0.090262119,-0.149141202,-1.126655938,0.678567483,-0.096099403,-0.201487011,0.302153403,-0.14036219,0.005645387,-0.465902628,0.504886636,-0.133128366,0.289057136,0.129427244,0.102334146
60801,1433,"(565, 1770]",Grasslands,0.680008326,-0.680008326,-1.483517667,1.483517667,0.058015081,-0.058015081,-0.211561761,0.211561761,-1.203397597,1.203397597,-1.699866729,1.699866729,0.52525366,-0.52525366,-1.14071998,1.14071998,1.083746213,-1.083746213,-0.577098809,0.577098809,-1.024691417,1.024691417,0.72149204,-0.72149204,0.151652743,-0.151652743,1.743852543,-1.743852543,-0.148807538,0.148807538,-0.532345545,0.750343548,-0.309868388,1.018345056,0.049354574,-0.453683548,0.648138137,-0.363779676,0.458288501,-0.123665137,-0.152059807,-0.226877308,0.236258365,-0.050974761,0.016446452
60802,528,"[31, 565]",Grasslands,0.439473769,-0.439473769,-1.50587172,1.50587172,0.003968212,-0.003968212,-0.356911539,0.356911539,-1.305164853,1.305164853,-1.50587172,1.50587172,0.670898969,-0.670898969,-1.466312649,1.466312649,1.341005495,-1.341005495,-0.618159342,0.618159342,-0.892097848,0.892097848,0.583460989,-0.583460989,-0.131138435,0.131138435,1.602283641,-1.602283641,-0.251311405,0.251311405,-0.447430927,1.770618231,-0.957672817,1.138777433,0.667561468,0.04500981,0.23801768,-1.292687532,0.846416583,-0.30441723,0.09145287,-0.171887719,0.091324491,0.005601453,-0.11927137
60803,1275,"(565, 1770]",Grasslands,0.783489012,-0.783489012,-1.380578334,1.380578334,0.076196131,-0.076196131,-0.21983908,0.21983908,-1.184545873,1.184545873,-1.666661019,1.666661019,0.333068879,-0.333068879,-1.093841098,1.093841098,1.180128197,-1.180128197,-0.622258006,0.622258006,-0.765123005,0.765123005,0.787177268,-0.787177268,0.076196131,-0.076196131,1.597082502,-1.597082502,-0.155806306,0.155806306,-0.627693729,0.818257087,-0.773300979,1.54836541,0.044035564,-0.196509373,0.499744391,-0.250713816,0.157543452,0.024654671,0.264259244,-0.158251812,0.274286998,-0.117198982,0.022417425
60805,882,"(565, 1770]",Grasslands,0.91676022,-0.91676022,-1.854305394,1.854305394,-0.075772154,0.075772154,0.031762895,-0.031762895,-1.529120965,1.529120965,-1.614918497,1.614918497,0.490916832,-0.490916832,-1.130407643,1.130407643,1.296416399,-1.296416399,-0.887014968,0.887014968,-0.726653439,0.726653439,0.638992639,-0.638992639,0.243055869,-0.243055869,2.211508487,-2.211508487,-0.124759376,0.124759376,-1.285307465,-0.068018636,-0.914822425,0.54664907,0.06677578,0.642176934,0.402242407,-0.815772812,0.298555945,-0.18572447,0.390427979,0.068934057,-0.45624335,0.020604228,0.113055099
60902,45,"[31, 565]",Grasslands,-0.181955628,0.181955628,-3.719163359,3.719163359,-1.659930205,1.659930205,1.220678364,-1.220678364,-0.558439757,0.558439757,-2.046489797,2.046489797,1.095952713,-1.095952713,-1.095952713,1.095952713,1.220678364,-1.220678364,-0.657832681,0.657832681,-0.461666934,0.461666934,1.095952713,-1.095952713,0.273882187,-0.273882187,0.867077295,-0.867077295,-0.181955628,0.181955628,3.63348776,-2.224812618,-1.601287097,0.207678696,-0.284466004,-0.031615729,-0.915286167,0.777899057,-0.652831604,-1.219591686,0.822182754,1.233909776,-0.541724396,0.011095158,0.382927121
60904,1359,"(565, 1770]",Grasslands,0.871410514,-0.871410514,-1.529200845,1.529200845,-0.188694138,0.188694138,0.454488552,-0.454488552,-1.066806856,1.066806856,-2.005916194,2.005916194,0.843300359,-0.843300359,-0.651152563,0.651152563,1.153541285,-1.153541285,-0.69385498,0.69385498,-1.002224777,1.002224777,0.774352666,-0.774352666,0.380808643,-0.380808643,1.436590537,-1.436590537,-0.206504756,0.206504756,-0.047370606,-1.318256817,-0.744158106,0.278744284,0.484848995,-1.20502374,0.387665705,0.29418572,-0.063545759,-0.26784434,0.235022125,0.314248027,0.165570998,0.077827826,-0.029314084
60905,168,"[31, 565]",Grasslands,-0.172924142,0.172924142,-2.272741723,2.272741723,-0.609612676,0.609612676,0.073959917,-0.073959917,-1.112426758,1.112426758,-1.743645759,1.743645759,1.214322164,-1.214322164,-1.322181173,1.322181173,0.863048164,-0.863048164,-0.272741044,0.272741044,-1.51869994,1.51869994,0.92282882,-0.92282882,0.348473091,-0.348473091,0.775991528,-0.775991528,-0.123366595,0.123366595,1.798997387,0.336673111,1.145311356,-0.161624277,-0.187256594,-1.164336008,0.703911492,-0.504259985,0.639914803,-0.187510079,-0.147368033,0.147227013,0.353249212,0.086826309,-0.288671772
60907,1534,"(565, 1770]",Grasslands,0.06568176,-0.06568176,-2.117951668,2.117951668,-0.432063121,0.432063121,0.110417753,-0.110417753,-1.010338856,1.010338856,-1.163543814,1.163543814,1.192728508,-1.192728508,-1.061280541,1.061280541,1.322229957,-1.322229957,-0.571873199,0.571873199,-1.546110778,1.546110778,0.504163784,-0.504163784,0.64669993,-0.64669993,1.514690011,-1.514690011,0.110417753,-0.110417753,0.071342552,0.862617072,0.6525293,-2.192002959,0.563894179,-0.222206663,0.163516421,0.477886759,0.150240625,-0.409483274,0.017829183,0.053481546,0.165283842,0.069386021,0.103574628
60908,650,"(565, 1770]",Grasslands,0.325171938,-0.325171938,-1.9042985,1.9042985,-0.249233482,0.249233482,-0.180251151,0.180251151,-1.055097306,1.055097306,-1.439578894,1.439578894,0.38916274,-0.38916274,-1.351912799,1.351912799,1.087715559,-1.087715559,-0.49326916,0.49326916,-0.937068289,0.937068289,0.75981879,-0.75981879,-0.062007686,0.062007686,1.314369358,-1.314369358,-0.05580352,0.05580352,0.367415473,1.611438862,-0.503080935,1.191962937,-0.129998402,0.103604038,0.686564244,-0.108194105,0.492643381,-0.511138085,0.216566885,0.100364182,0.339823012,-0.231007107,0.045716546
60909,674,"(565, 1770]",Grasslands,0.633869895,-0.633869895,-2.119328778,2.119328778,-0.080841924,0.080841924,0.158937066,-0.158937066,-0.838998119,0.838998119,-1.650084016,1.650084016,0.810749217,-0.810749217,-0.867567041,0.867567041,1.386292491,-1.386292491,-0.536176654,0.536176654,-1.070216889,1.070216889,0.57493062,-0.57493062,0.274020778,-0.274020778,1.765242119,-1.765242119,0.02693427,-0.02693427,-0.112562951,0.43302449,-0.994456384,-0.491105431,0.05132979,-0.641448104,-0.169381949,0.757586137,0.310822885,-0.635701962,0.073364663,-0.007943744,0.422592061,0.136354812,0.13197266
61001,589,"(565, 1770]",Grasslands,0.827870582,-0.827870582,-2.387057016,2.387057016,0.007392656,-0.007392656,0.381587504,-0.381587504,-1.644987637,1.644987637,-1.999266478,1.999266478,0.827870582,-0.827870582,-0.962523766,0.962523766,1.186611008,-1.186611008,-0.585395557,0.585395557,-0.691650548,0.691650548,0.666814617,-0.666814617,0,0,1.686451524,-1.686451524,-0.625853905,0.625853905,-0.056421803,-1.438844356,-1.119950008,1.519734813,0.885117204,-0.333918056,0.102022532,-1.485334589,1.762727561,-0.514707826,0.918099819,-0.123271267,-0.281426897,0.366416866,-0.052277297
61002,1256,"(565, 1770]",Grasslands,0.469845531,-0.469845531,-2.173715946,2.173715946,-0.241897257,0.241897257,0.140654101,-0.140654101,-1.208194351,1.208194351,-2.027504864,2.027504864,0.870179581,-0.870179581,-1.129625974,1.129625974,1.511574359,-1.511574359,-0.354730208,0.354730208,-0.61368598,0.61368598,0.798893673,-0.798893673,-0.097034578,0.097034578,1.320133021,-1.320133021,-0.375466713,0.375466713,0.735490916,0.089498766,-1.697445306,1.364176059,0.176673747,-0.90804936,-0.659929449,-0.995309221,1.009611416,-0.15725762,0.963048927,-0.050380427,0.070568543,0.248516834,-0.03951373
61003,2225,"(1770, 12201]",Grasslands,0.448329217,-0.448329217,-2.594078928,2.594078928,-0.370568536,0.370568536,0.206767036,-0.206767036,-0.893100358,0.893100358,-2.383534545,2.383534545,0.6123002,-0.6123002,-1.273346043,1.273346043,1.309173422,-1.309173422,-0.657597047,0.657597047,-0.487701014,0.487701014,0.861642064,-0.861642064,0.002796837,-0.002796837,1.206400941,-1.206400941,-0.345543774,0.345543774,1.204499587,-0.618945456,-1.956978754,1.903350652,-0.161696857,-0.424357149,-0.791240124,-0.388807393,0.438568496,-0.037107041,-0.281879283,0.474355934,0.024218302,0.15660385,-0.082893438
61004,394,"[31, 565]",Grasslands,0.285568198,-0.285568198,-4.453550547,4.453550547,-0.526600947,0.526600947,0.492991967,-0.492991967,-0.583279284,0.583279284,-2.773426173,2.773426173,0.723319323,-0.723319323,-1.05441615,1.05441615,1.649297567,-1.649297567,-0.526600947,0.526600947,-0.526600947,0.526600947,0.64088395,-0.64088395,0.031518525,-0.031518525,1.466552577,-1.466552577,-0.105149827,0.105149827,1.825735159,-1.222611837,-3.151451003,0.453427548,-1.286241171,-0.382782374,-2.080196269,0.572895872,1.348620933,-0.414436196,-0.593309943,0.819409499,0.482283355,0.319883568,0.113787257
61005,199,"[31, 565]",Grasslands,0.206378711,-0.206378711,-3.93646128,3.93646128,-0.611085904,0.611085904,0.280047438,-0.280047438,-1.104022945,1.104022945,-2.957439482,2.957439482,0.664566712,-0.664566712,-1.382556039,1.382556039,0.918429861,-0.918429861,-1.237951038,1.237951038,-0.280047438,0.280047438,1.345254344,-1.345254344,0.084729781,-0.084729781,1.626519243,-1.626519243,-0.379497458,0.379497458,1.758978219,-2.829094451,-1.512018323,2.902473581,-1.54959746,0.731147242,-0.878355551,-1.62485578,-0.546293531,-0.158318086,-1.287926012,1.05706794,0.204933573,0.342533719,-0.099659362
61006,3019,"(1770, 12201]",Grasslands,0.204842545,-0.204842545,-3.354678677,3.354678677,-0.998571051,0.998571051,0.403182527,-0.403182527,-0.731081635,0.731081635,-2.676132286,2.676132286,0.884659582,-0.884659582,-0.923716531,0.923716531,1.195380289,-1.195380289,-1.007442043,1.007442043,-0.19217819,0.19217819,0.734259401,-0.734259401,0.265594668,-0.265594668,1.12821819,-1.12821819,-0.282631308,0.282631308,1.777876685,-2.29809096,-2.755824717,1.004276327,-0.122740306,0.340720112,-0.901723715,-0.002415677,-0.175768584,0.234256103,-0.984086973,0.295778173,0.270829248,-0.131143302,-0.028721316
61007,78,"[31, 565]",Grasslands,0.429896311,-0.429896311,-6.908754779,6.908754779,-0.304762616,0.304762616,-0.243131001,0.243131001,-1.136636897,1.136636897,-2.123360914,2.123360914,0.121118026,-0.121118026,-1.604655121,1.604655121,1.220678364,-1.220678364,-0.978543348,0.978543348,0.121118026,-0.121118026,1.401522985,-1.401522985,0.304762616,-0.304762616,1.71736616,-1.71736616,-0.243131001,0.243131001,1.701514633,-1.552280217,-0.545641338,2.817293396,-2.961404994,3.657885194,-2.808910661,-0.656417127,0.359279968,0.07866219,-0.11099147,0.043875172,0.577977897,0.418579545,-0.239073032
61008,705,"(565, 1770]",Grasslands,1.004996465,-1.004996465,-1.902526597,1.902526597,-0.121212439,0.121212439,0.290722146,-0.290722146,-1.34049865,1.34049865,-1.875323135,1.875323135,0.464494157,-0.464494157,-1.13561425,1.13561425,1.169650982,-1.169650982,-0.722056858,0.722056858,-0.577385419,0.577385419,0.638589393,-0.638589393,-0.058997125,0.058997125,2.094368227,-2.094368227,-0.271726055,0.271726055,-0.42498356,-0.401162267,-1.711734925,1.466280715,0.193895292,0.042970972,0.511971606,-0.611309309,0.804918063,-0.782788754,0.389295069,0.1175361,-0.534633445,0.077971887,0.128326603
61010,773,"(565, 1770]",Grasslands,0.423069697,-0.423069697,-2.14792387,2.14792387,-0.348578477,0.348578477,0.085634932,-0.085634932,-1.541589163,1.541589163,-1.680877834,1.680877834,0.965939098,-0.965939098,-1.184301194,1.184301194,1.49477437,-1.49477437,-0.405783753,0.405783753,-0.773505639,0.773505639,0.818610468,-0.818610468,-0.135482642,0.135482642,1.246902505,-1.246902505,-0.258172418,0.258172418,0.404149859,0.524009774,-1.126729185,0.822718097,0.079329616,-0.422120986,-0.081894903,-1.640596854,1.008036223,-0.337253935,1.544973762,0.117299334,0.095948077,0.1392902,-0.225280987
61201,1888,"(1770, 12201]",Mediterranean Scrub,0.740969904,-0.740969904,-1.102589831,1.102589831,-0.227671793,0.227671793,-0.105149827,0.105149827,-1.399885709,1.399885709,-1.75859451,1.75859451,0.540244211,-0.540244211,-1.37224401,1.37224401,1.246721694,-1.246721694,-0.540244211,0.540244211,-0.583279284,0.583279284,0.825742573,-0.825742573,0.021011383,-0.021011383,1.794325945,-1.794325945,-0.038708588,0.038708588,-0.362225613,0.960709684,-1.216968852,1.326378538,-0.473310201,-0.291010921,0.761832869,-0.951786251,0.002190094,0.12607445,0.632814647,-0.123542109,-0.560835328,0.045133101,-0.054442305
61301,103,"[31, 565]",Deserts & Drylands,-0.396487817,0.396487817,-3.174533094,3.174533094,-1.17572084,1.17572084,0.039142408,-0.039142408,-1.070062606,1.070062606,-2.007571634,2.007571634,0.921048826,-0.921048826,-1.75225266,1.75225266,1.470275727,-1.470275727,0,0,-1.17572084,1.17572084,1.470275727,-1.470275727,0.078314825,-0.078314825,0.691650548,-0.691650548,-0.039142408,0.039142408,2.932171148,1.089742317,0.513698906,0.931854812,-2.060930017,-1.275142456,-1.189689474,-1.17526124,0.275226711,0.096977036,1.069902808,1.023557732,0.075293115,-0.13261808,-0.04654105
61303,178,"[31, 565]",Deserts & Drylands,0.201460493,-0.201460493,-1.569742336,1.569742336,-0.494048352,0.494048352,-0.059070661,0.059070661,-1.654939873,1.654939873,-1.569742336,1.569742336,0.809128888,-0.809128888,-1.699450247,1.699450247,1.412281057,-1.412281057,-0.249307985,0.249307985,-0.922470605,0.922470605,0.809128888,-0.809128888,-0.225352128,0.225352128,1.792827761,-1.792827761,-0.177626026,0.177626026,0.329797995,1.732199428,-0.717232396,0.985293168,-0.313805988,-0.551385328,0.444754363,-2.114566233,1.210026524,-0.430095989,1.255884702,0.136411043,-0.769520296,0.06392252,0.131054344
61304,7065,"(1770, 12201]",Deserts & Drylands,-0.239238525,0.239238525,-2.63047742,2.63047742,-0.909935121,0.909935121,0.158875733,-0.158875733,-0.784775086,0.784775086,-1.456436146,1.456436146,1.163203633,-1.163203633,-1.227518654,1.227518654,1.232495791,-1.232495791,-0.476916046,0.476916046,-0.901436733,0.901436733,0.691868225,-0.691868225,0.375442534,-0.375442534,1.25002385,-1.25002385,0.182860624,-0.182860624,1.608048224,0.812232636,-0.649606103,-1.110265212,-0.3518627,0.141094334,0.055765888,0.497727228,-0.282822642,-0.382031105,0.140075183,-0.145663303,0.120537812,0.053177426,0.106965416
61305,1211,"(565, 1770]",Deserts & Drylands,0.026526578,-0.026526578,-1.912951072,1.912951072,-0.715356838,0.715356838,0.126160931,-0.126160931,-0.873959546,0.873959546,-1.573255147,1.573255147,0.975888295,-0.975888295,-1.154197591,1.154197591,1.237893382,-1.237893382,-0.427477613,0.427477613,-0.959271757,0.959271757,0.768463575,-0.768463575,0.437897386,-0.437897386,0.96756452,-0.96756452,0.00663128,-0.00663128,1.205490772,0.587277136,-0.308826927,-0.428305224,0.10292268,-0.5077484,0.112601901,0.444423324,-0.245706328,0.164270823,0.314485277,-0.043363597,0.023919828,-0.048308566,0.018396177
61306,381,"[31, 565]",Deserts & Drylands,-0.897279074,0.897279074,-2.611048933,2.611048933,-1.17660149,1.17660149,-0.183933766,0.183933766,-0.611802841,0.611802841,-1.468884248,1.468884248,1.046282611,-1.046282611,-2.188384741,2.188384741,1.060351584,-1.060351584,0.107997169,-0.107997169,-1.004632946,1.004632946,1.191635814,-1.191635814,0.032370523,-0.032370523,0.78201513,-0.78201513,0.19482005,-0.19482005,3.693064958,2.986820699,0.426466358,0.590939723,-1.663926841,-0.568338579,-0.037810246,-0.159912946,-0.1897282,-0.349347436,0.145362773,-0.008021366,-0.298707032,0.149179809,0.040739749
61307,757,"(565, 1770]",Deserts & Drylands,0.57980399,-0.57980399,-1.359045012,1.359045012,-0.20136323,0.20136323,-0.054252651,0.054252651,-1.238281185,1.238281185,-1.68120383,1.68120383,0.603454477,-0.603454477,-1.117738277,1.117738277,1.177049151,-1.177049151,-0.418209669,0.418209669,-1.192169124,1.192169124,0.90945897,-0.90945897,0.37309609,-0.37309609,1.207412233,-1.207412233,-0.206843852,0.206843852,-0.012416872,0.426150192,0.507746864,0.742290917,0.138658007,-1.029047228,0.345602001,-0.253956231,0.260214054,0.359940416,0.466812337,0.112702553,0.038514163,-0.154022133,-0.040788659
61308,1088,"(565, 1770]",Deserts & Drylands,-0.765359308,0.765359308,-2.529471772,2.529471772,-0.929919071,0.929919071,-0.257211431,0.257211431,-1.048040945,1.048040945,-1.033520093,1.033520093,1.087269604,-1.087269604,-1.886009645,1.886009645,1.033520093,-1.033520093,-0.360483674,0.360483674,-1.527365694,1.527365694,0.769671145,-0.769671145,0.345076627,-0.345076627,0.791333952,-0.791333952,0.06537433,-0.06537433,1.863540112,2.434944677,1.484644604,-0.898506278,-0.021203668,0.397003057,0.498167079,-0.539932208,0.416409657,-0.261585529,-0.210100389,0.206478067,0.003019332,-0.149629162,-0.081571666
61309,757,"(565, 1770]",Deserts & Drylands,-0.115024032,0.115024032,-2.307410546,2.307410546,-0.795664308,0.795664308,0.141855102,-0.141855102,-0.770838302,0.770838302,-1.71924981,1.71924981,0.963303279,-0.963303279,-1.377564653,1.377564653,1.108444616,-1.108444616,-0.667708813,0.667708813,-0.996971735,0.996971735,0.897437038,-0.897437038,0.244363691,-0.244363691,0.846033418,-0.846033418,-0.141855102,0.141855102,1.758886749,0.338587768,-0.279566121,0.411272153,0.239892772,-0.204176564,-0.083485539,-0.062527866,-0.367075816,-0.357655766,-0.342839015,0.500449882,0.203140566,-0.09383503,-0.089496166
61312,310,"[31, 565]",Deserts & Drylands,-0.244954471,0.244954471,-1.52408955,1.52408955,-0.504496089,0.504496089,-0.393668093,0.393668093,-1.091571673,1.091571673,-1.109153719,1.109153719,0.87535582,-0.87535582,-1.766944867,1.766944867,1.162862917,-1.162862917,-0.298636677,0.298636677,-1.333967906,1.333967906,0.812697086,-0.812697086,0.244954471,-0.244954471,1.458209507,-1.458209507,0.244954471,-0.244954471,0.671443421,2.975740176,0.793475945,-0.483320422,-0.6397644,-0.170577497,0.789419647,-0.420957953,-0.105428702,-0.14961356,0.081866075,-0.104274422,-0.152405821,0.009239512,0.051087252
61313,39,"[31, 565]",Deserts & Drylands,-0.691650548,0.691650548,-2.473073171,2.473073171,-1.200947989,1.200947989,0.153841777,-0.153841777,-2.16046459,2.16046459,-1.699450247,1.699450247,1.350939781,-1.350939781,-1.515487796,1.515487796,1.200947989,-1.200947989,0.469030685,-0.469030685,-1.350939781,1.350939781,1.350939781,-1.350939781,0.153841777,-0.153841777,0.469030685,-0.469030685,0.051190868,-0.051190868,2.480530831,0.84018132,1.555036413,-0.274064489,-2.15144963,-1.653854697,1.057136827,-2.649575925,1.577976526,0.761801995,3.001027843,0.280215612,-0.349000011,0.17698388,-0.201810256
61314,687,"(565, 1770]",Deserts & Drylands,0.092556673,-0.092556673,-1.664736618,1.664736618,-0.291451962,0.291451962,-0.248913535,0.248913535,-1.05855873,1.05855873,-1.343931317,1.343931317,0.91523941,-0.91523941,-1.496181419,1.496181419,0.952063793,-0.952063793,-0.377361396,0.377361396,-1.03528731,1.03528731,0.864637345,-0.864637345,0.188521241,-0.188521241,1.59931128,-1.59931128,0.134462855,-0.134462855,0.725400827,1.829426435,0.28347834,0.259213811,-0.635548904,-0.187767341,0.9979038,-0.27547837,-0.216529215,-0.390276479,0.028909411,-0.519039547,0.025626293,0.236916762,-0.055269306
61315,1463,"(565, 1770]",Deserts & Drylands,0.75345981,-0.75345981,-1.534832315,1.534832315,-0.078715386,0.078715386,-0.049546098,0.049546098,-1.181197808,1.181197808,-1.940741792,1.940741792,0.537044442,-0.537044442,-1.36898297,1.36898297,1.423953345,-1.423953345,-0.290499999,0.290499999,-0.845397622,0.845397622,0.940840931,-0.940840931,-0.151812674,0.151812674,1.378019454,-1.378019454,-0.216468482,0.216468482,0.309848717,1.109824556,-1.071812639,1.822742217,-0.410824733,-1.250340982,-0.179385455,-0.80826454,0.686432177,-0.169635695,0.765265915,0.297336069,-0.061942992,0.074391885,-0.159982988
61316,1489,"(565, 1770]",Deserts & Drylands,0.238780807,-0.238780807,-1.840469331,1.840469331,-0.177675183,0.177675183,-0.280692696,0.280692696,-1.126365669,1.126365669,-1.514534047,1.514534047,0.655819447,-0.655819447,-1.45972029,1.45972029,1.12265422,-1.12265422,-0.601315548,0.601315548,-0.864755508,0.864755508,0.884599307,-0.884599307,0.03709456,-0.03709456,1.537949658,-1.537949658,-0.083845705,0.083845705,0.31745983,1.418757114,-0.293857644,1.192120988,-0.239047849,0.147246912,0.386131509,-0.731220995,-0.044998216,-0.306982992,0.034068724,-0.110888207,0.203751543,0.082212149,-0.026425991
61401,2098,"(1770, 12201]",Trop/Subtrop Forests,-0.158315024,0.158315024,-2.15275879,2.15275879,-0.74558072,0.74558072,0.171893733,-0.171893733,-0.959439548,0.959439548,-1.36581949,1.36581949,1.284515,-1.284515,-1.190557936,1.190557936,1.276024876,-1.276024876,-0.590741766,0.590741766,-1.242462843,1.242462843,0.703952087,-0.703952087,0.503602307,-0.503602307,0.86981123,-0.86981123,-0.069387177,0.069387177,1.17864307,0.4871457,0.27884223,-1.172405158,0.764427504,-0.243699444,-0.040119693,-0.012187073,-0.163531599,-0.177514279,0.206397347,0.20017439,0.14782466,0.024188889,-0.113382218
61402,1046,"(565, 1770]",Trop/Subtrop Forests,-0.346084074,0.346084074,-2.157789199,2.157789199,-0.907435727,0.907435727,0.067785672,-0.067785672,-0.720818842,0.720818842,-1.569180033,1.569180033,0.99902619,-0.99902619,-1.496278201,1.496278201,1.110181716,-1.110181716,-0.164932207,0.164932207,-1.178883178,1.178883178,1.028758063,-1.028758063,0.239261952,-0.239261952,0.832992039,-0.832992039,-0.056158529,0.056158529,2.399976166,1.299097166,0.434002325,0.28722761,-0.358131977,-1.021169892,-0.035610367,0.17281708,-0.070844,-0.303750139,0.242338498,0.134813534,0.080383218,-0.088780255,0.125888818
61403,2288,"(1770, 12201]",Trop/Subtrop Forests,-0.164412666,0.164412666,-2.131481915,2.131481915,-0.800025241,0.800025241,0.08961871,-0.08961871,-0.908002578,0.908002578,-1.459528812,1.459528812,1.265561582,-1.265561582,-1.270736146,1.270736146,1.147992698,-1.147992698,-0.521361523,0.521361523,-1.187188477,1.187188477,0.837604069,-0.837604069,0.396144328,-0.396144328,0.967204687,-0.967204687,-0.10917494,0.10917494,1.532136249,0.570328425,0.358791217,-0.5097266,0.454549937,-0.432277917,0.03764011,-0.199614396,-0.260678478,-0.309777271,0.069353596,0.004668873,0.189672228,-0.02920823,-0.081722748
61404,858,"(565, 1770]",Trop/Subtrop Forests,-0.033112162,0.033112162,-1.543662792,1.543662792,-0.353651263,0.353651263,-0.276073028,0.276073028,-1.121305941,1.121305941,-1.192780781,1.192780781,0.909239195,-0.909239195,-1.636101119,1.636101119,1.083395751,-1.083395751,-0.28572063,0.28572063,-1.19941391,1.19941391,0.863467954,-0.863467954,0.252008774,-0.252008774,1.192780781,-1.192780781,0.004729886,-0.004729886,0.853368856,2.196822692,0.832903678,0.178748385,-0.083632626,-0.321819883,0.672365103,-0.4484066,0.078373901,-0.094989876,0.335500664,-0.298271929,-0.144508262,0.139567018,-0.119119024
61405,609,"(565, 1770]",Trop/Subtrop Forests,-0.431394052,0.431394052,-2.309413495,2.309413495,-1.206791833,1.206791833,0.243960548,-0.243960548,-0.999483441,0.999483441,-1.264767497,1.264767497,1.376260242,-1.376260242,-1.334878415,1.334878415,0.931948687,-0.931948687,-0.709395497,0.709395497,-1.254975157,1.254975157,0.982406058,-0.982406058,0.43846128,-0.43846128,0.319627322,-0.319627322,-0.354310668,0.354310668,2.323729926,-0.109107454,1.224038379,-0.164289497,1.336890332,0.072730926,0.250441654,-0.660551479,-0.487147654,-0.466070182,0.254328911,0.36633052,0.17264189,-0.306250392,-0.228264862
61406,2190,"(1770, 12201]",Trop/Subtrop Forests,-0.31951753,0.31951753,-2.497816747,2.497816747,-1.050554942,1.050554942,0.268101569,-0.268101569,-0.748784916,0.748784916,-1.548848317,1.548848317,1.22284663,-1.22284663,-1.318135711,1.318135711,1.236153257,-1.236153257,-0.482525586,0.482525586,-0.934815838,0.934815838,0.882476242,-0.882476242,0.516225521,-0.516225521,0.68327976,-0.68327976,-0.175636626,0.175636626,2.2654803,0.118670429,0.057872314,-0.395418263,0.515821119,-0.243343458,-0.551285552,0.24762997,-0.410149093,0.013292607,0.248117667,0.085302777,-0.133859778,0.001231807,0.021402003
61407,719,"(565, 1770]",Trop/Subtrop Forests,-0.12120365,0.12120365,-1.668294738,1.668294738,-0.624843677,0.624843677,-0.053502395,0.053502395,-0.732022494,0.732022494,-1.372055523,1.372055523,0.95291218,-0.95291218,-1.452485428,1.452485428,1.286981457,-1.286981457,-0.378896242,0.378896242,-1.389593221,1.389593221,0.649731047,-0.649731047,0.257602331,-0.257602331,1.097827928,-1.097827928,0.12120365,-0.12120365,1.056512134,2.071033862,-0.015887689,-0.807292408,0.159635091,-0.759657099,0.231667878,0.421390636,0.045654185,-0.407860988,-0.250543191,0.321918083,0.144990142,-0.149090718,0.034035932
70101,202,"[31, 565]",Trop/Subtrop Forests,-0.46261405,0.46261405,-2.51076125,2.51076125,-1.490806444,1.490806444,0.589619344,-0.589619344,-0.721428404,0.721428404,-2.255574929,2.255574929,0.980806609,-0.980806609,-1.162862917,1.162862917,0.812697086,-0.812697086,-0.298636677,0.298636677,-0.789590169,0.789590169,1.109153719,-1.109153719,0.568154328,-0.568154328,0.278459843,-0.278459843,-0.359548147,0.359548147,3.524652644,-1.660891583,0.050378121,0.85987388,0.018814123,-1.158720094,0.026473057,0.505979238,-0.153617203,0.586742239,-0.005604172,0.264592364,-0.344601215,-0.285505327,0.2548646
70105,414,"[31, 565]",Trop/Subtrop Forests,-1.257521364,1.257521364,-3.538412894,3.538412894,-2.041499884,2.041499884,0.417029107,-0.417029107,-0.490003175,0.490003175,-2.196608372,2.196608372,1.173297345,-1.173297345,-1.572416758,1.572416758,0.774504655,-0.774504655,-0.114039518,0.114039518,-0.640105435,0.640105435,1.173297345,-1.173297345,0.437759339,-0.437759339,-0.004952884,0.004952884,-0.406697287,0.406697287,5.282772608,-0.905247934,0.062630394,1.064901139,-0.287770332,-0.575709533,-0.612443868,0.230041688,0.10688403,0.4915118,-0.277156943,-0.077057012,-0.269714929,-0.380019574,0.381896075
70106,1569,"(565, 1770]",Trop/Subtrop Forests,0.079882772,-0.079882772,-2.246550644,2.246550644,-0.910596174,0.910596174,0.272093248,-0.272093248,-0.749165529,0.749165529,-1.726619142,1.726619142,0.932732185,-0.932732185,-0.769921719,0.769921719,1.023520161,-1.023520161,-0.585343659,0.585343659,-0.799851409,0.799851409,0.775881046,-0.775881046,-0.007726521,0.007726521,0.935911851,-0.935911851,-0.225012589,0.225012589,1.666431713,-0.270594472,-1.228042169,0.700838956,0.613442387,-0.472751017,0.384722291,0.243615803,0.027483021,-0.886984778,0.273350394,-0.057033965,0.895735267,-0.502166743,0.170374981
70107,81,"[31, 565]",Trop/Subtrop Forests,1.062162246,-1.062162246,-0.634632286,0.634632286,0.523428995,-0.523428995,0.205438273,-0.205438273,-1.699450247,1.699450247,-1.800894962,1.800894962,0.749771562,-0.749771562,-0.523428995,0.523428995,0.809128888,-0.809128888,-1.130322766,1.130322766,-0.691650548,0.691650548,0.523428995,-0.523428995,0.257308777,-0.257308777,1.699450247,-1.699450247,-0.749771562,0.749771562,-1.724410876,-2.091365007,-0.676618657,1.755370388,2.579043585,-0.115631709,1.514496989,-1.266322616,0.539172493,-0.06258826,0.13640627,-0.560908148,0.075787034,0.313050387,-0.056902795
70108,226,"[31, 565]",Trop/Subtrop Forests,-0.585140771,0.585140771,-2.756793541,2.756793541,-1.200947989,1.200947989,0.281833833,-0.281833833,-0.318782319,0.318782319,-2.193376974,2.193376974,1.054292118,-1.054292118,-1.567307972,1.567307972,0.962063844,-0.962063844,-0.081330194,0.081330194,-0.546045915,0.546045915,1.360177308,-1.360177308,-0.063243043,0.063243043,0.412164373,-0.412164373,-0.725697566,0.725697566,4.586363868,-0.222545719,-0.46954489,3.075773863,0.342827083,-1.50838378,-1.295264318,-0.193914443,0.03463418,-0.477882737,0.050165957,-0.22092992,0.076544913,-0.024831426,0.323462914
70109,194,"[31, 565]",Trop/Subtrop Forests,-0.495998996,0.495998996,-2.094945002,2.094945002,-0.818475771,0.818475771,0.344658097,-0.344658097,-0.867641484,0.867641484,-1.94497674,1.94497674,0.842938315,-0.842938315,-1.10285011,1.10285011,0.630243406,-0.630243406,-0.45226074,0.45226074,-1.246242689,1.246242689,1.369706905,-1.369706905,0.495998996,-0.495998996,0.323391566,-0.323391566,-0.746427068,0.746427068,2.783586668,-1.5750641,1.874353716,2.10579092,1.036402417,-1.352995078,0.066520565,-0.23930914,-0.155577411,0.131486968,-0.028411306,0.390922505,0.37160246,-0.18145174,0.408163977
70110,102,"[31, 565]",Trop/Subtrop Forests,-0.992294639,0.992294639,-6.908754779,6.908754779,-1.894444654,1.894444654,0,0,-0.404633507,0.404633507,-2.303683391,2.303683391,1.382556039,-1.382556039,-1.653187295,1.653187295,1.043480218,-1.043480218,-0.160021236,0.160021236,-0.322117923,0.322117923,0.992294639,-0.992294639,0.039925462,-0.039925462,0.119903927,-0.119903927,-0.079882772,0.079882772,5.76627982,-0.313257829,-1.412143156,0.492413079,-2.295948439,1.476464577,-2.168377751,-0.030830718,1.368902759,-0.337771447,-0.661155095,-0.521572285,1.169385895,-0.188400625,-0.541440741
70112,253,"[31, 565]",Trop/Subtrop Forests,-1.449127653,1.449127653,-4.324230521,4.324230521,-1.867796237,1.867796237,0.424792368,-0.424792368,-0.441656457,0.441656457,-1.643669364,1.643669364,1.643669364,-1.643669364,-1.557268015,1.557268015,0.833934769,-0.833934769,-0.177530026,0.177530026,-0.667612651,0.667612651,1.252142197,-1.252142197,0.424792368,-0.424792368,0.048299903,-0.048299903,-0.544243102,0.544243102,5.671171618,-0.762558464,0.768003152,0.68667305,0.377097836,0.166132112,-1.289857032,-0.057468483,-0.075708019,-0.417712776,0.286336413,-0.533099437,0.128938461,0.059108269,0.292650202
70113,463,"[31, 565]",Trop/Subtrop Forests,-0.156528131,0.156528131,-2.23720051,2.23720051,-1.227417809,1.227417809,0.37758987,-0.37758987,-0.685152078,0.685152078,-2.164673524,2.164673524,0.835095297,-0.835095297,-1.107541955,1.107541955,0.994494892,-0.994494892,-0.22660035,0.22660035,-0.794295575,0.794295575,0.824834713,-0.824834713,0.288365522,-0.288365522,0.617723419,-0.617723419,-0.332813587,0.332813587,2.681841218,-0.624919577,-0.843163491,0.883429404,0.275356076,-1.264732164,-0.003743629,0.555739985,0.53122419,0.241560964,-0.066362671,-0.032600021,-0.093584054,-0.466957279,0.284080687
70114,144,"[31, 565]",Trop/Subtrop Forests,-0.266774849,0.266774849,-2.292744548,2.292744548,-1.322699782,1.322699782,0.619257023,-0.619257023,-0.978543348,0.978543348,-2.211700515,2.211700515,1.365237302,-1.365237302,-1.086681099,1.086681099,0.943668296,-0.943668296,-0.153841777,0.153841777,-0.77659037,0.77659037,0.87546676,-0.87546676,0.588716087,-0.588716087,0.77659037,-0.77659037,-0.266774849,0.266774849,2.907099271,-1.554425177,-0.372687879,-0.16630752,0.013496573,-1.429522213,0.246565976,0.086933662,0.343230286,0.533485513,0.359854618,-0.356744402,-0.704483824,0.083476953,0.153537332
70115,58,"[31, 565]",Trop/Subtrop Forests,-0.71756076,0.71756076,-3.304652232,3.304652232,-0.71756076,0.71756076,0.068855052,-0.068855052,-0.71756076,0.71756076,-2.350414507,2.350414507,1.142315319,-1.142315319,-1.689354926,1.689354926,0.565203717,-0.565203717,0.068855052,-0.068855052,-1.142315319,1.142315319,1.050638633,-1.050638633,0.277070457,-0.277070457,0.565203717,-0.565203717,-0.491453405,0.491453405,3.946152714,-0.279793811,0.895850523,1.63880586,-0.477979313,-1.428101609,-0.125109353,-0.269485935,1.493993343,0.144903975,-1.112855274,-0.481377337,0.099926362,0.419651913,-0.032274289
70116,125,"[31, 565]",Trop/Subtrop Forests,-0.440921966,0.440921966,-2.341035518,2.341035518,-1.130925843,1.130925843,0.156528131,-0.156528131,-0.704689909,0.704689909,-2.341035518,2.341035518,0.824834713,-0.824834713,-1.615072024,1.615072024,0.704689909,-0.704689909,-0.191505644,0.191505644,-0.994494892,0.994494892,1.130925843,-1.130925843,0.261834573,-0.261834573,0.627269943,-0.627269943,-0.297231163,0.297231163,3.306946907,-0.183891725,0.236170677,1.681095101,-0.642066879,-1.390193077,0.250917615,-0.08015834,0.294322511,0.310799811,-0.862913818,0.208051095,-0.225564643,-0.193153601,0.11626044
70201,122,"[31, 565]",Trop/Subtrop Forests,-0.914195864,0.914195864,-3.33035596,3.33035596,-2.274577116,2.274577116,0.496368466,-0.496368466,-0.679103011,0.679103011,-1.655676873,1.655676873,1.71933693,-1.71933693,-1.320935407,1.320935407,0.716904747,-0.716904747,-0.151246248,0.151246248,-0.460863238,0.460863238,0.914195864,-0.914195864,0.496368466,-0.496368466,0.18503104,-0.18503104,-0.083915089,0.083915089,4.867274596,-0.659847728,-0.360980975,-0.671058884,-0.156802926,0.1300872,0.412723944,0.329741891,-0.343084466,-5.45E-05,0.506359931,-0.984316961,-0.404159332,-0.361697341,-0.061071644
70202,1167,"(565, 1770]",Trop/Subtrop Forests,0.197134141,-0.197134141,-1.720405134,1.720405134,-0.577443627,0.577443627,0.138112595,-0.138112595,-0.880086789,0.880086789,-1.69387954,1.69387954,0.758302984,-0.758302984,-0.982097592,0.982097592,1.079950302,-1.079950302,-0.521726795,0.521726795,-0.871782853,0.871782853,0.834757936,-0.834757936,0.113885043,-0.113885043,0.995179362,-0.995179362,-0.252996468,0.252996468,1.105585493,0.166945141,-0.661394069,0.995044745,0.59890361,-0.675777285,0.359742745,0.105431943,0.009433695,-0.355176072,0.310299609,-0.000280276,0.453662914,-0.27560835,0.143722144
70203,170,"[31, 565]",Trop/Subtrop Forests,-0.082722026,0.082722026,-2.248446058,2.248446058,-0.981248819,0.981248819,0.370305974,-0.370305974,-0.754291826,0.754291826,-2.181886313,2.181886313,0.809128888,-0.809128888,-1.3034166,1.3034166,1.041641639,-1.041641639,-0.059070661,0.059070661,-0.781570508,0.781570508,1.01123253,-1.01123253,0.469030685,-0.469030685,0.51921849,-0.51921849,-0.225352128,0.225352128,2.762208457,-0.449633485,-0.258769167,0.891030842,-0.436750304,-1.439846029,-0.181598131,0.689743127,0.304183909,0.738352073,0.260238779,0.026830098,-0.480820379,-0.006489818,0.08950803
70701,107,"[31, 565]",Grasslands,0.420347715,-0.420347715,-1.960668488,1.960668488,-0.342246775,0.342246775,-0.150927963,0.150927963,-1.280024577,1.280024577,-1.876339849,1.876339849,0.881499722,-0.881499722,-0.705799665,0.705799665,0.881499722,-0.881499722,-1.517123346,1.517123346,-0.580693565,0.580693565,0.792195908,-0.792195908,0.226932061,-0.226932061,1.796931648,-1.796931648,-0.459862615,0.459862615,-0.637353449,-1.685225222,-0.908967842,1.438237125,1.255388106,1.121067201,0.499351814,-1.478834972,-0.938707355,-0.283539467,-0.93701847,-0.268793584,0.959371245,-0.327274288,0.059336277
70702,381,"[31, 565]",Grasslands,0.455362159,-0.455362159,-1.207795927,1.207795927,-0.33488527,0.33488527,0.174234334,-0.174234334,-0.841641497,0.841641497,-1.832612774,1.832612774,0.636869529,-0.636869529,-1.023616261,1.023616261,1.050875148,-1.050875148,-0.444287247,0.444287247,-1.163725308,1.163725308,0.996703189,-0.996703189,0.238111712,-0.238111712,1.283676869,-1.283676869,-0.238111712,0.238111712,0.728231632,0.100002791,0.072724138,1.171530712,0.256736713,-1.571796966,0.364927134,0.320121213,-0.227834921,-0.32193306,0.081523813,0.290049536,0.209934975,-0.168235385,0.241703561
80101,5001,"(1770, 12201]",Trop/Subtrop Forests,-0.084206605,0.084206605,-2.39251093,2.39251093,-0.167496269,0.167496269,-0.202423294,0.202423294,-0.938257251,0.938257251,-1.609237882,1.609237882,-0.020536612,0.020536612,-1.843007878,1.843007878,0.940250034,-0.940250034,-0.513090421,0.513090421,-0.982510726,0.982510726,1.016293961,-1.016293961,0.438974952,-0.438974952,0.797096195,-0.797096195,-0.303913521,0.303913521,1.133150952,1.03308884,1.112719059,2.065330963,-0.098858053,0.519848066,-0.116518124,0.354583361,0.366778032,0.708000326,-0.532221499,0.583501965,-0.388507481,0.032802786,0.182876017
80102,5898,"(1770, 12201]",Trop/Subtrop Forests,0.006160538,-0.006160538,-2.425404602,2.425404602,-0.247679176,0.247679176,-0.137802567,0.137802567,-0.919467753,0.919467753,-1.502527916,1.502527916,0.155695726,-0.155695726,-1.686711161,1.686711161,1.048211685,-1.048211685,-0.564156757,0.564156757,-0.971268681,0.971268681,0.867973557,-0.867973557,0.37889124,-0.37889124,0.995453861,-0.995453861,-0.167408384,0.167408384,0.876434619,1.154710137,0.54046934,1.290974473,-0.071543239,0.625286398,-0.034716221,0.455597243,0.308800385,0.320988192,-0.383294594,0.494380504,-0.244174688,-0.011794345,0.16002046
80401,1888,"(1770, 12201]",Temp Forests,1.958019418,-1.958019418,-1.592580674,1.592580674,0.483961964,-0.483961964,-0.381132785,0.381132785,-1.164610228,1.164610228,-1.585004164,1.585004164,0.202315017,-0.202315017,-0.843621579,0.843621579,1.719371714,-1.719371714,-0.820897179,0.820897179,-0.756338146,0.756338146,0.513460242,-0.513460242,0.398859208,-0.398859208,2.487462964,-2.487462964,0.039477224,-0.039477224,-2.799901639,0.867278399,-1.329543488,0.255158261,-0.20513393,0.194604216,-0.749029384,0.501984913,-0.003828703,0.23824149,0.160229031,-0.436423776,0.082569259,-0.229338065,-0.209282761
80402,6328,"(1770, 12201]",Temp Forests,1.313162064,-1.313162064,-1.384144185,1.384144185,0.539307251,-0.539307251,-0.356604663,0.356604663,-1.420285539,1.420285539,-1.805681653,1.805681653,0.214322357,-0.214322357,-0.718967509,0.718967509,1.548062299,-1.548062299,-0.713195455,0.713195455,-0.813725851,0.813725851,0.696663736,-0.696663736,0.483633259,-0.483633259,1.809624107,-1.809624107,-0.189249693,0.189249693,-2.262878321,0.074276147,-0.587262025,0.884248777,0.106059523,-0.288964673,-0.373957323,-0.113871176,0.283411322,1.110005249,0.485031101,-0.303780063,0.391960814,-0.043418914,-0.053732077
80403,909,"(565, 1770]",Temp Forests,1.451442048,-1.451442048,-0.624521442,0.624521442,0.307091142,-0.307091142,-0.199375435,0.199375435,-1.137546589,1.137546589,-1.734317078,1.734317078,0.411997637,-0.411997637,-0.815111558,0.815111558,1.40194507,-1.40194507,-0.846448461,0.846448461,-1.101841481,1.101841481,0.703259134,-0.703259134,0.384437214,-0.384437214,2.110455833,-2.110455833,-0.119372115,0.119372115,-2.101606933,0.358016391,-0.503508414,0.613507513,0.455093676,-0.92212221,0.120904914,0.086902263,-0.448914219,0.125560328,-0.172381382,0.023186225,0.181414086,-0.2520496,-0.023585938
80404,2347,"(1770, 12201]",Temp Forests,1.927924592,-1.927924592,-1.156792642,1.156792642,0.521430746,-0.521430746,-0.396784875,0.396784875,-1.126426283,1.126426283,-1.533070581,1.533070581,0.248957769,-0.248957769,-0.854999285,0.854999285,1.639398289,-1.639398289,-0.73110209,0.73110209,-0.90671558,0.90671558,0.569395025,-0.569395025,0.359486809,-0.359486809,2.548022094,-2.548022094,0.055720947,-0.055720947,-2.758219257,1.175173562,-1.002405218,0.313192541,-0.187203932,-0.301378118,-0.428095154,0.508970475,-0.130740664,0.055076619,0.152668637,-0.480035058,0.104199619,-0.225303701,-0.143497347
80405,3587,"(1770, 12201]",Temp Forests,1.372114249,-1.372114249,-1.417843343,1.417843343,0.741597879,-0.741597879,-0.520373124,0.520373124,-1.398342287,1.398342287,-1.757296131,1.757296131,0.109287202,-0.109287202,-0.726268237,0.726268237,1.530481443,-1.530481443,-0.788099869,0.788099869,-0.736478809,0.736478809,0.659503034,-0.659503034,0.398805663,-0.398805663,1.844742307,-1.844742307,-0.333964772,0.333964772,-2.50922953,0.222926842,-0.647891275,1.479499634,0.518253322,-0.003164701,-0.552290787,-0.255693104,0.448878435,1.068633845,0.291036599,-0.53593537,0.607219181,-0.069194103,-0.051005325
80406,4046,"(1770, 12201]",Temp Forests,1.552339011,-1.552339011,-1.424233411,1.424233411,0.231022971,-0.231022971,-0.181497318,0.181497318,-1.275900407,1.275900407,-1.705497562,1.705497562,0.376382755,-0.376382755,-0.704797938,0.704797938,1.566270644,-1.566270644,-0.87242876,0.87242876,-0.816537126,0.816537126,0.596043406,-0.596043406,0.363966865,-0.363966865,2.405578038,-2.405578038,-0.045007776,0.045007776,-2.34910196,0.102641417,-1.211376397,0.277414911,0.019981035,-0.109924932,-0.26331976,0.026684847,-0.103506011,0.108868387,0.262594063,-0.231995986,0.176961217,-0.25567641,0.043305985
80407,356,"[31, 565]",Temp Forests,1.110940349,-1.110940349,-1.591301072,1.591301072,0.397631085,-0.397631085,-0.479975308,0.479975308,-1.457665778,1.457665778,-1.126042201,1.126042201,0.067306566,-0.067306566,-1.037086587,1.037086587,1.47607357,-1.47607357,-0.910277928,0.910277928,-1.095952713,1.095952713,0.515744667,-0.515744667,0.637490701,-0.637490701,2.116259284,-2.116259284,0.146034842,-0.146034842,-2.816296369,1.351831213,0.273504382,-0.463480071,-0.042315238,1.118622325,0.23559461,0.287919516,-0.002326009,0.678323888,0.183936717,-0.029086445,0.073290443,-0.228170862,0.056909835
80408,3487,"(1770, 12201]",Temp Forests,1.702855541,-1.702855541,-1.766287181,1.766287181,0.393814724,-0.393814724,-0.246773946,0.246773946,-1.286263132,1.286263132,-1.486665396,1.486665396,0.152232564,-0.152232564,-0.957220711,0.957220711,1.639966936,-1.639966936,-0.882091928,0.882091928,-0.876517783,0.876517783,0.652492741,-0.652492741,0.443294869,-0.443294869,2.448240017,-2.448240017,0.009821247,-0.009821247,-2.570520861,0.617539151,-0.664927186,0.311175901,-0.264931145,0.438082256,-0.604743784,0.247742806,-0.096867724,0.090015775,0.35006999,0.024160679,-0.100209574,-0.164803243,-0.047088352
80409,3610,"(1770, 12201]",Temp Forests,1.221401646,-1.221401646,-1.491138954,1.491138954,0.5726461,-0.5726461,-0.439032517,0.439032517,-1.476281259,1.476281259,-1.854598097,1.854598097,0.119926397,-0.119926397,-0.673661651,0.673661651,1.681600499,-1.681600499,-0.724136445,0.724136445,-0.726683064,0.726683064,0.636344147,-0.636344147,0.414436868,-0.414436868,1.593315697,-1.593315697,-0.356355641,0.356355641,-2.350110614,0.04803026,-0.877517405,1.256950193,0.563163536,-0.174660338,-0.77888847,-0.38544084,0.700079113,1.397993374,0.625908186,-0.301355774,0.582184964,-0.157079035,-0.005322924
80410,571,"(565, 1770]",Temp Forests,1.141315599,-1.141315599,-1.457178221,1.457178221,0.332750207,-0.332750207,-0.625911742,0.625911742,-1.334606128,1.334606128,-1.302667406,1.302667406,0.303663232,-0.303663232,-1.160735922,1.160735922,2.011573314,-2.011573314,-0.610332201,0.610332201,-1.160735922,1.160735922,0.376647701,-0.376647701,0.443187133,-0.443187133,2.099659964,-2.099659964,0.145614348,-0.145614348,-2.724308549,2.456604195,-0.685276926,-0.896131418,-0.047861276,0.109714057,-0.91365145,-0.049922052,0.599897345,0.830669743,0.391761943,-0.077726631,0.082621471,-0.26986274,-0.046593866
80411,2668,"(1770, 12201]",Temp Forests,0.875834242,-0.875834242,-1.746728261,1.746728261,0.829161318,-0.829161318,-0.458531441,0.458531441,-1.02555166,1.02555166,-1.216309563,1.216309563,-0.095622367,0.095622367,-1.40760997,1.40760997,1.23345601,-1.23345601,-0.683765032,0.683765032,-1.029427773,1.029427773,0.816741953,-0.816741953,0.613676301,-0.613676301,1.523607792,-1.523607792,-0.247273629,0.247273629,-1.358977818,1.401416236,1.149537809,1.48348316,0.47961759,0.648136621,-0.427262343,0.850460607,0.067132856,0.664653784,-0.20311239,-0.092690434,-0.03247678,0.340004908,0.031772564
80412,3703,"(1770, 12201]",Temp Forests,1.431202668,-1.431202668,-1.41032618,1.41032618,0.719160648,-0.719160648,-0.482959725,0.482959725,-1.304809617,1.304809617,-1.644641481,1.644641481,0.045260022,-0.045260022,-0.927579893,0.927579893,1.41032618,-1.41032618,-0.700655533,0.700655533,-0.934301057,0.934301057,0.854884673,-0.854884673,0.576470493,-0.576470493,1.950602206,-1.950602206,-0.183155112,0.183155112,-2.267512889,0.478090482,0.335480444,1.306165984,-0.14683649,-0.142879187,-0.43209209,0.198684353,-0.040631341,0.983380774,0.194898484,-0.340777452,0.262588729,0.02120344,-0.058595372
80413,2226,"(1770, 12201]",Temp Forests,1.17645901,-1.17645901,-1.50976684,1.50976684,0.563415735,-0.563415735,-0.211509908,0.211509908,-1.149044426,1.149044426,-1.426561984,1.426561984,-0.017183999,0.017183999,-1.001228123,1.001228123,1.090540828,-1.090540828,-0.738116507,0.738116507,-0.98289555,0.98289555,0.971515078,-0.971515078,0.674748767,-0.674748767,1.673852753,-1.673852753,-0.292377145,0.292377145,-1.418387086,0.016446263,1.15143329,1.610951297,0.332541421,0.139437531,-0.015289238,0.761461972,-0.335547088,0.56955661,0.175652097,-0.137132506,0.021345818,0.061965401,0.118898374
80414,796,"(565, 1770]",Temp Forests,1.337529304,-1.337529304,-2.232300779,2.232300779,0.793694294,-0.793694294,-0.210212744,0.210212744,-1.060976323,1.060976323,-1.233436953,1.233436953,-0.312906292,0.312906292,-1.197675781,1.197675781,1.204772852,-1.204772852,-0.901874692,0.901874692,-0.817337215,0.817337215,0.945287621,-0.945287621,0.718251766,-0.718251766,1.806624301,-1.806624301,-0.149156412,0.149156412,-1.710750389,0.346136783,0.972027036,1.565437582,-0.093479769,1.289563954,-0.477027169,1.316553129,-0.48584951,0.401026038,0.122783575,0.191282981,-0.151414814,0.286328506,0.046206918
80415,4024,"(1770, 12201]",Temp Forests,0.250172982,-0.250172982,-1.860184373,1.860184373,0.176368327,-0.176368327,-0.283748503,0.283748503,-0.960086382,0.960086382,-1.481794808,1.481794808,-0.052986065,0.052986065,-1.525454597,1.525454597,1.041457594,-1.041457594,-0.529796598,0.529796598,-1.033696424,1.033696424,0.937732153,-0.937732153,0.476588094,-0.476588094,1.020824335,-1.020824335,-0.343159407,0.343159407,0.161306675,1.067770702,1.094514788,1.951434001,0.380184666,0.201868548,-0.115675962,0.57298405,0.292450451,0.715206235,-0.274173123,0.246660677,-0.089653055,0.012494682,0.254672673
80416,2274,"(1770, 12201]",Temp Forests,1.804071618,-1.804071618,-1.159459052,1.159459052,0.642916025,-0.642916025,-0.461412331,0.461412331,-1.231464214,1.231464214,-1.464060806,1.464060806,0.193650707,-0.193650707,-0.982398511,0.982398511,1.59409953,-1.59409953,-0.81648912,0.81648912,-0.920707829,0.920707829,0.633128421,-0.633128421,0.49326916,-0.49326916,2.397634469,-2.397634469,0.001771081,-0.001771081,-2.858375162,1.108770575,-0.433234411,0.453865811,-0.048020758,0.05177548,-0.431659623,0.318320292,-0.268870166,0.41669059,0.089949043,-0.377808754,-0.034949973,-0.070680506,-0.198285234
80417,3884,"(1770, 12201]",Temp Forests,0.163237423,-0.163237423,-2.182105306,2.182105306,0.185189309,-0.185189309,-0.320159419,0.320159419,-0.913470429,0.913470429,-1.403060472,1.403060472,-0.147581802,0.147581802,-1.774844617,1.774844617,1.004104226,-1.004104226,-0.582353099,0.582353099,-0.968709134,0.968709134,1.04412659,-1.04412659,0.53751611,-0.53751611,0.894507309,-0.894507309,-0.329744927,0.329744927,0.470816617,1.243590073,1.447486392,2.214306726,0.15993464,0.720844423,-0.325827548,0.637807567,0.051044954,0.796998466,-0.393622742,0.415339945,-0.295229083,0.143800632,0.162416873
80418,1817,"(1770, 12201]",Temp Forests,1.911568416,-1.911568416,-2.155707485,2.155707485,0.405559575,-0.405559575,-0.281915903,0.281915903,-1.078272385,1.078272385,-1.586157597,1.586157597,0.19847156,-0.19847156,-0.82380864,0.82380864,1.551107858,-1.551107858,-0.779617286,0.779617286,-0.805521952,0.805521952,0.700828779,-0.700828779,0.352575524,-0.352575524,2.42117981,-2.42117981,0.146963864,-0.146963864,-2.184583927,0.651512368,-0.98879346,0.382304044,-0.929513564,0.289096027,-0.597180158,0.757655267,-0.190524169,-0.20477481,0.230455211,-0.259035407,0.370830492,-0.186289957,-0.265313889
80419,2699,"(1770, 12201]",Temp Forests,1.782049694,-1.782049694,-1.440387863,1.440387863,0.767672525,-0.767672525,-0.440240357,0.440240357,-1.303824535,1.303824535,-1.550243545,1.550243545,0.079224363,-0.079224363,-0.920473551,0.920473551,1.433166371,-1.433166371,-0.786715958,0.786715958,-1.012147996,1.012147996,0.811151423,-0.811151423,0.553016335,-0.553016335,2.287863522,-2.287863522,-0.184283976,0.184283976,-2.665647815,0.446922152,0.353085245,1.142910647,-0.042027421,-0.059650689,-0.506529001,0.200714645,-0.056371091,0.490957989,0.126590048,-0.336619045,0.139058195,-0.039137287,-0.129575664
80420,387,"[31, 565]",Temp Forests,1.436389027,-1.436389027,-1.124430102,1.124430102,0.420138418,-0.420138418,-0.532470065,0.532470065,-1.336836678,1.336836678,-1.197506235,1.197506235,0.332149306,-0.332149306,-1.040175846,1.040175846,2.039364689,-2.039364689,-0.830287323,0.830287323,-1.081864879,1.081864879,0.256201802,-0.256201802,0.509761228,-0.509761228,2.236141672,-2.236141672,0.170283297,-0.170283297,-3.344146745,2.18158765,-1.015571945,-1.226054299,0.44205301,0.394847214,-0.733826159,0.151120841,0.2111992,0.694090665,0.344418417,-0.060211043,-0.069279076,-0.254884175,-0.141390427
80421,2945,"(1770, 12201]",Temp Forests,1.235090652,-1.235090652,-1.305217676,1.305217676,0.735160959,-0.735160959,-0.552787121,0.552787121,-1.384696092,1.384696092,-1.741241594,1.741241594,0.04665057,-0.04665057,-0.848663528,0.848663528,1.558596169,-1.558596169,-0.700920101,0.700920101,-0.840506729,0.840506729,0.744570671,-0.744570671,0.48533123,-0.48533123,1.637000887,-1.637000887,-0.269118789,0.269118789,-2.346826749,0.546836232,-0.226364875,1.392045679,0.268342494,-0.186279065,-0.582465283,-0.132960933,0.319863203,1.38511754,0.346724557,-0.307997999,0.50844474,-0.02464314,-0.066429609
80422,651,"(565, 1770]",Temp Forests,1.09800138,-1.09800138,-1.251532635,1.251532635,0.625502717,-0.625502717,-0.460046071,0.460046071,-1.049396001,1.049396001,-1.531050715,1.531050715,-0.095413224,0.095413224,-1.147817105,1.147817105,1.439131902,-1.439131902,-0.585110487,0.585110487,-0.932551042,0.932551042,0.749862035,-0.749862035,0.357441699,-0.357441699,1.651364019,-1.651364019,-0.132440312,0.132440312,-1.663255856,1.513151552,-0.153886629,1.466636041,0.075596597,-0.193429367,-0.319342293,0.63475601,0.166128142,0.694373401,0.083007611,-0.048081038,0.238392741,-0.033547298,0.07205872
80423,1250,"(565, 1770]",Temp Forests,1.320323931,-1.320323931,-1.823956909,1.823956909,0.387185868,-0.387185868,-0.008067982,0.008067982,-1.153727035,1.153727035,-1.582620238,1.582620238,-0.004840773,0.004840773,-0.773846563,0.773846563,1.088446681,-1.088446681,-0.923807895,0.923807895,-1.114299876,1.114299876,0.967856703,-0.967856703,0.868926332,-0.868926332,1.777538795,-1.777538795,-0.357123458,0.357123458,-1.591927529,-1.153765293,1.346031769,1.198311818,0.489222251,0.13457608,-0.266307243,0.934265801,-0.418184361,0.538239981,-0.06649872,0.19113787,0.047131772,-0.157462558,0.213264205
80424,2587,"(1770, 12201]",Temp Forests,0.68583414,-0.68583414,-1.650885516,1.650885516,0.819660179,-0.819660179,-0.552648977,0.552648977,-0.958894957,0.958894957,-1.256548992,1.256548992,-0.133784155,0.133784155,-1.474691003,1.474691003,1.164346896,-1.164346896,-0.659796371,0.659796371,-1.001959816,1.001959816,0.871402263,-0.871402263,0.611756808,-0.611756808,1.327758631,-1.327758631,-0.27035809,0.27035809,-1.073255282,1.571220432,1.272553501,1.804966005,0.4791872,0.605849914,-0.376183222,0.859473739,-0.055879508,0.894792116,-0.388512841,-0.14129755,0.072286939,0.338119324,0.042615939
80425,813,"(565, 1770]",Temp Forests,1.092641469,-1.092641469,-0.860840471,0.860840471,0.119604201,-0.119604201,-0.372592034,0.372592034,-1.126004396,1.126004396,-1.506654437,1.506654437,0.352021001,-0.352021001,-1.159945111,1.159945111,1.566440795,-1.566440795,-0.67119738,0.67119738,-1.040381702,1.040381702,0.567247183,-0.567247183,0.265357733,-0.265357733,1.897294585,-1.897294585,-0.004977586,0.004977586,-1.720269792,1.724475474,-0.782989146,0.307387231,0.29700773,-0.439445496,-0.045643161,0.022315353,0.00535657,0.280724376,0.020388262,-0.002905724,-0.01921931,-0.321522077,-0.021290054
80426,2218,"(1770, 12201]",Temp Forests,1.274838829,-1.274838829,-1.903359725,1.903359725,0.633550722,-0.633550722,-0.182455989,0.182455989,-1.116653607,1.116653607,-1.376327074,1.376327074,-0.118406623,0.118406623,-1.11910328,1.11910328,1.163731926,-1.163731926,-0.790156469,0.790156469,-0.956575861,0.956575861,0.861030572,-0.861030572,0.617523557,-0.617523557,1.828883041,-1.828883041,-0.19714366,0.19714366,-1.574862602,0.289532914,0.797109804,1.384619551,0.110588119,0.599682791,-0.157675901,0.957986521,-0.095977178,0.29835181,0.037933791,0.064066272,-0.099065238,0.133547242,0.070022806
80427,2097,"(1770, 12201]",Temp Forests,0.944284563,-0.944284563,-1.805051541,1.805051541,0.270591035,-0.270591035,-0.011526641,0.011526641,-1.136003954,1.136003954,-1.739299995,1.739299995,0.053803373,-0.053803373,-0.787553835,0.787553835,1.066747439,-1.066747439,-0.805491886,0.805491886,-1.01200274,1.01200274,0.897127658,-0.897127658,0.64591004,-0.64591004,1.52192181,-1.52192181,-0.435140595,0.435140595,-1.003189888,-0.996818942,0.718112453,1.554964761,0.669093399,-0.114815822,-0.115962179,0.626159646,0.068467662,0.561288067,-0.066323994,0.122775963,0.249732856,-0.166959465,0.309238343
80428,2877,"(1770, 12201]",Temp Forests,1.078755753,-1.078755753,-1.907181923,1.907181923,0.307372214,-0.307372214,-0.031551742,0.031551742,-1.210831903,1.210831903,-1.71022221,1.71022221,0.01752774,-0.01752774,-0.82066586,0.82066586,1.076905351,-1.076905351,-0.860622833,0.860622833,-0.975816531,0.975816531,0.88762348,-0.88762348,0.701125549,-0.701125549,1.694094201,-1.694094201,-0.353479881,0.353479881,-1.298842524,-1.010380079,0.730457696,1.373359098,0.388067001,0.179235877,-0.070318412,0.615899952,-0.024340224,0.60426019,-0.071561299,0.114910789,0.104144705,-0.126599792,0.249520489
80429,1396,"(565, 1770]",Temp Forests,1.804463559,-1.804463559,-1.658104089,1.658104089,0.347392825,-0.347392825,-0.215250617,0.215250617,-1.318282951,1.318282951,-1.909149939,1.909149939,0.256108431,-0.256108431,-0.401037685,0.401037685,1.610692166,-1.610692166,-0.943568496,0.943568496,-0.751592473,0.751592473,0.522441989,-0.522441989,0.416037442,-0.416037442,2.218108333,-2.218108333,-0.276615233,0.276615233,-2.705522468,-0.766308545,-1.410384577,0.685847012,0.548989388,-0.142064961,-0.688918905,0.058210145,0.364452088,0.483425349,0.203191808,-0.383426279,0.56796257,-0.476855538,-0.019178116
80430,1268,"(565, 1770]",Temp Forests,0.825159297,-0.825159297,-1.700381723,1.700381723,0.947620461,-0.947620461,-0.403974651,0.403974651,-1.085450055,1.085450055,-1.260757186,1.260757186,-0.136229857,0.136229857,-1.307321136,1.307321136,1.011376081,-1.011376081,-0.701150616,0.701150616,-1.015423403,1.015423403,0.877971918,-0.877971918,0.554714726,-0.554714726,1.606548225,-1.606548225,-0.306038026,0.306038026,-1.308853567,0.974432675,1.322043592,1.946912984,0.475822585,0.61397591,0.074855003,0.76334942,0.117866525,0.458236129,-0.236130778,-0.192676154,0.117338062,0.436759479,0.141656812
80431,3293,"(1770, 12201]",Temp Forests,1.771099137,-1.771099137,-1.349308198,1.349308198,0.620009509,-0.620009509,-0.385296772,0.385296772,-1.277855493,1.277855493,-1.648476099,1.648476099,0.197671982,-0.197671982,-0.798661392,0.798661392,1.477595396,-1.477595396,-0.782982867,0.782982867,-0.924704147,0.924704147,0.749087648,-0.749087648,0.489258805,-0.489258805,2.223298166,-2.223298166,-0.105343593,0.105343593,-2.558620211,0.356992261,-0.257309846,0.862813346,-0.119306506,-0.224532639,-0.374042613,0.215614036,-0.135080502,0.486990291,0.198067499,-0.372173383,0.263674449,-0.108092097,-0.184020514
80432,1948,"(1770, 12201]",Temp Forests,1.735385635,-1.735385635,-1.107649967,1.107649967,0.635770235,-0.635770235,-0.432185255,0.432185255,-1.143866068,1.143866068,-1.490109503,1.490109503,0.077323272,-0.077323272,-0.890176012,0.890176012,1.333164398,-1.333164398,-0.725835475,0.725835475,-0.927929174,0.927929174,0.749377524,-0.749377524,0.460333883,-0.460333883,2.153073518,-2.153073518,-0.025763015,0.025763015,-2.387255142,0.90834193,-0.09180329,1.019819075,-0.159747647,-0.152172419,0.055962787,0.669377543,-0.322601331,0.353633315,0.079095833,-0.468070337,0.226373347,-0.146920576,-0.162593407
80433,3658,"(1770, 12201]",Temp Forests,1.977285031,-1.977285031,-1.48774921,1.48774921,0.321800727,-0.321800727,-0.177099308,0.177099308,-1.297302014,1.297302014,-1.691671528,1.691671528,0.312744689,-0.312744689,-0.679674435,0.679674435,1.689571951,-1.689571951,-0.85962147,0.85962147,-0.866234374,0.866234374,0.570273709,-0.570273709,0.416605807,-0.416605807,2.582500729,-2.582500729,-0.02760142,0.02760142,-2.812588991,0.09648486,-1.195097855,0.115061104,-0.09335319,-0.180516742,-0.580772037,0.189341688,0.003147137,0.065420329,0.376630941,-0.209886786,0.026437654,-0.324552596,-0.090248309
80434,3091,"(1770, 12201]",Temp Forests,0.432865511,-0.432865511,-2.115955022,2.115955022,0.491786411,-0.491786411,-0.39624937,0.39624937,-0.928096848,0.928096848,-1.32363002,1.32363002,-0.131436816,0.131436816,-1.551955326,1.551955326,1.077008308,-1.077008308,-0.685811442,0.685811442,-0.994666881,0.994666881,0.974976358,-0.974976358,0.619436789,-0.619436789,1.170003143,-1.170003143,-0.26798669,0.26798669,-0.346527329,1.160265193,1.409507677,1.84259254,0.211881474,0.821426883,-0.39802563,0.844389416,-0.125841578,0.764667372,-0.410633884,0.198470297,-0.007272038,0.244997429,0.126353882
80435,957,"(565, 1770]",Temp Forests,2.009358175,-2.009358175,-2.009358175,2.009358175,0.515960112,-0.515960112,-0.326020541,0.326020541,-1.020036843,1.020036843,-1.639158467,1.639158467,0.137507817,-0.137507817,-0.793171304,0.793171304,1.820735457,-1.820735457,-0.686904257,0.686904257,-0.873191205,0.873191205,0.493464233,-0.493464233,0.308693977,-0.308693977,2.767913632,-2.767913632,0.090886154,-0.090886154,-2.710158226,1.041393631,-1.519755639,0.108345374,-0.611778245,-0.099244445,-1.150883023,0.860738525,0.380418164,-0.202948729,0.145936867,-0.346243647,0.259599303,-0.256663955,-0.008951102
80436,5198,"(1770, 12201]",Temp Forests,1.47872529,-1.47872529,-1.654795361,1.654795361,0.449017129,-0.449017129,-0.26197152,0.26197152,-1.562875009,1.562875009,-1.883268943,1.883268943,0.321275968,-0.321275968,-0.641575858,0.641575858,1.643347451,-1.643347451,-0.723152622,0.723152622,-0.621935164,0.621935164,0.596489806,-0.596489806,0.372325282,-0.372325282,2.014459945,-2.014459945,-0.512961256,0.512961256,-2.282572059,-0.614065964,-1.081640732,1.336680484,0.851446214,-0.193362939,-0.887966847,-0.73203132,0.967327156,0.903965507,0.781894962,-0.658665693,0.165583313,-0.131437263,0.039937832
80437,2192,"(1770, 12201]",Temp Forests,-0.001837945,0.001837945,-2.506055356,2.506055356,-0.055152318,0.055152318,-0.236351065,0.236351065,-0.977071184,0.977071184,-1.578500927,1.578500927,-0.110388644,0.110388644,-1.875813024,1.875813024,0.91998738,-0.91998738,-0.544211208,0.544211208,-0.899779358,0.899779358,1.095952713,-1.095952713,0.419586887,-0.419586887,0.712389154,-0.712389154,-0.364210493,0.364210493,1.110518429,0.96550524,1.242551633,2.520335156,-0.101018391,0.749059181,-0.21344952,0.266079365,0.324174747,0.744811192,-0.392512763,0.590508946,-0.359781472,0.092268941,0.098516849
80438,376,"[31, 565]",Temp Forests,0.997248344,-0.997248344,-3.360851413,3.360851413,0.228798167,-0.228798167,0.108585261,-0.108585261,-1.125053757,1.125053757,-1.359045012,1.359045012,-0.097708486,0.097708486,-0.956304648,0.956304648,1.29360397,-1.29360397,-0.812066478,0.812066478,-0.902843319,0.902843319,1.095952713,-1.095952713,0.7243578,-0.7243578,1.572558605,-1.572558605,-0.010847976,0.010847976,-0.73678746,-0.535347625,0.943730615,0.719480173,-0.9756194,1.279239742,-0.783884746,1.25873851,-0.345198406,0.127929323,0.812099161,0.696347843,0.259668425,0.111850924,0.142210977
80439,1601,"(565, 1770]",Temp Forests,1.011137944,-1.011137944,-1.500576333,1.500576333,0.437043433,-0.437043433,-0.203299643,0.203299643,-1.119404327,1.119404327,-1.475609621,1.475609621,0.020010773,-0.020010773,-1.027182842,1.027182842,1.043350374,-1.043350374,-0.683224766,0.683224766,-1.014337279,1.014337279,0.969970824,-0.969970824,0.6525265,-0.6525265,1.430826428,-1.430826428,-0.358985547,0.358985547,-1.022819326,-0.006204759,1.212330373,1.723270965,0.523752984,-0.023141798,0.022952856,0.701797011,-0.174240492,0.658367751,0.111980365,-0.120024548,0.068525132,-0.024198252,0.112637741
80440,4238,"(1770, 12201]",Temp Forests,0.979958489,-0.979958489,-1.577326551,1.577326551,0.224833698,-0.224833698,-0.049922449,0.049922449,-1.179681641,1.179681641,-1.740037316,1.740037316,0.192156421,-0.192156421,-0.829276951,0.829276951,1.08427688,-1.08427688,-0.750680623,0.750680623,-1.002836154,1.002836154,0.891861811,-0.891861811,0.582038839,-0.582038839,1.537639535,-1.537639535,-0.312934618,0.312934618,-0.99929916,-0.646562826,0.509847304,1.307631111,0.388588755,-0.297482833,0.144665093,0.435429753,-0.061885848,0.537754275,0.035000148,0.041551335,0.213958028,-0.121827955,0.148204238
80441,2838,"(1770, 12201]",Temp Forests,0.989279153,-0.989279153,-1.926250967,1.926250967,0.278216582,-0.278216582,-0.070910664,0.070910664,-1.165107702,1.165107702,-1.705513939,1.705513939,0.012758747,-0.012758747,-0.887577681,0.887577681,1.084658609,-1.084658609,-0.811559952,0.811559952,-0.913452399,0.913452399,0.873891534,-0.873891534,0.598469085,-0.598469085,1.57526777,-1.57526777,-0.352334554,0.352334554,-1.056729876,-0.700833168,0.493396887,1.555660028,0.384850672,0.200022416,-0.069378573,0.579623814,0.07187081,0.56280306,-0.051328567,0.082306117,0.162596843,-0.130657417,0.217001406
80443,1215,"(565, 1770]",Temp Forests,1.692622752,-1.692622752,-1.77059943,1.77059943,0.675511125,-0.675511125,-0.179824836,0.179824836,-1.14293992,1.14293992,-1.254893914,1.254893914,-0.106376832,0.106376832,-1.015733497,1.015733497,1.147474321,-1.147474321,-0.843817823,0.843817823,-0.990359814,0.990359814,0.871610443,-0.871610443,0.694141198,-0.694141198,2.118886759,-2.118886759,-0.153070839,0.153070839,-2.077323208,0.167071287,1.009853551,1.183952818,0.066474922,0.639226454,-0.076286646,1.120943963,-0.37146797,0.083976263,0.140067886,-0.126795839,-0.191587749,0.030398135,-0.020929424
80444,1215,"(565, 1770]",Temp Forests,2.129429228,-2.129429228,-1.675732215,1.675732215,0.850135123,-0.850135123,-0.246598566,0.246598566,-1.41281052,1.41281052,-1.444705709,1.444705709,0.03647595,-0.03647595,-0.807035886,0.807035886,1.330639201,-1.330639201,-0.918257397,0.918257397,-1.078369858,1.078369858,0.838308115,-0.838308115,0.626475993,-0.626475993,2.445828124,-2.445828124,-0.192902379,0.192902379,-3.005031866,-0.2353225,0.716924292,1.021218397,-0.009447338,0.256577324,-0.290612773,0.340785437,-0.092858512,0.076814195,0.307661309,-0.147582695,0.025039725,-0.014957777,-0.225521977
80445,7100,"(1770, 12201]",Temp Forests,1.377048095,-1.377048095,-1.642686231,1.642686231,0.430620679,-0.430620679,-0.263500869,0.263500869,-1.429303455,1.429303455,-1.815437315,1.815437315,0.244939174,-0.244939174,-0.727378552,0.727378552,1.556939831,-1.556939831,-0.69186449,0.69186449,-0.813148434,0.813148434,0.673945786,-0.673945786,0.489573324,-0.489573324,1.93681465,-1.93681465,-0.186613056,0.186613056,-2.149659158,-0.118896355,-0.646210897,0.714439144,1.03E-05,-0.222868047,-0.472178693,-0.077775365,0.448912949,0.923247853,0.537990036,-0.294746179,0.234204406,-0.074802598,-0.024793797
80446,1177,"(565, 1770]",Temp Forests,1.136075292,-1.136075292,-1.482251706,1.482251706,0.008522716,-0.008522716,-0.502950673,0.502950673,-1.305669799,1.305669799,-1.187721228,1.187721228,0.367134432,-0.367134432,-1.159377921,1.159377921,1.801883311,-1.801883311,-1.019111027,1.019111027,-0.937559082,0.937559082,0.406053917,-0.406053917,0.377720403,-0.377720403,2.63976706,-2.63976706,0.217327035,-0.217327035,-2.780443882,1.936785155,-1.074011242,-0.846387625,-0.032150978,1.048067257,-0.392602077,-0.262192804,-0.349149252,0.079168057,0.015618109,-0.053991675,-0.102438976,-0.43160777,0.15227508
80501,5099,"(1770, 12201]",Temp Forests,1.904612142,-1.904612142,-1.682748982,1.682748982,0.335584161,-0.335584161,-0.153657801,0.153657801,-1.310473479,1.310473479,-1.786870947,1.786870947,0.290914744,-0.290914744,-0.630764152,0.630764152,1.65748355,-1.65748355,-0.766573331,0.766573331,-0.724808398,0.724808398,0.585620746,-0.585620746,0.341292317,-0.341292317,2.42028631,-2.42028631,-0.090807997,0.090807997,-2.48417525,-0.094860945,-1.452083432,0.495153489,-0.144556017,-0.207375899,-0.600423257,0.161212206,0.287070079,0.157285965,0.571511902,-0.359005782,0.138854845,-0.259913193,-0.091894979
80502,1370,"(565, 1770]",Temp Forests,1.924964054,-1.924964054,-1.999732594,1.999732594,0.751716471,-0.751716471,-0.282389708,0.282389708,-1.423353635,1.423353635,-1.228474696,1.228474696,0.116160336,-0.116160336,-1.079397456,1.079397456,1.515105332,-1.515105332,-0.947822802,0.947822802,-1.174762247,1.174762247,0.741617672,-0.741617672,0.56536812,-0.56536812,3.070854316,-3.070854316,-0.107320388,0.107320388,-3.176614009,0.517842914,0.660965924,0.397509755,-0.173637444,0.702598019,-0.695596381,0.020429116,0.058163895,-0.457297445,0.203787148,-0.066344401,-0.336446167,0.054795716,0.086580749
80503,1473,"(565, 1770]",Temp Forests,1.814757394,-1.814757394,-1.695442323,1.695442323,0.332984207,-0.332984207,-0.219014229,0.219014229,-1.369007594,1.369007594,-1.902385834,1.902385834,0.29386281,-0.29386281,-0.403497663,0.403497663,1.639301532,-1.639301532,-0.94877988,0.94877988,-0.719374528,0.719374528,0.512670085,-0.512670085,0.389321016,-0.389321016,2.293488634,-2.293488634,-0.282727427,0.282727427,-2.761141299,-0.772946158,-1.507822777,0.662215706,0.538232625,-0.080951809,-0.720565049,-0.113452756,0.414746467,0.442364052,0.291613245,-0.435395681,0.535101782,-0.464583266,-0.016322814
80504,2433,"(1770, 12201]",Temp Forests,1.972984342,-1.972984342,-1.694089759,1.694089759,0.5696928,-0.5696928,-0.335645791,0.335645791,-1.2492919,1.2492919,-1.650484244,1.650484244,0.117057923,-0.117057923,-0.818121784,0.818121784,1.501583813,-1.501583813,-0.785149401,0.785149401,-0.907535849,0.907535849,0.71286128,-0.71286128,0.482659285,-0.482659285,2.390198911,-2.390198911,-0.113729862,0.113729862,-2.595268221,0.238451409,-0.360735325,0.860594096,-0.241387966,-0.033316389,-0.601466878,0.387409708,0.082890824,0.270825046,0.161985085,-0.356328063,0.132218085,-0.210125996,-0.181809471
80505,565,"(565, 1770]",Temp Forests,1.697345781,-1.697345781,-2.352745286,2.352745286,0.707782887,-0.707782887,-0.114591637,0.114591637,-1.301968067,1.301968067,-1.129577283,1.129577283,-0.121770805,0.121770805,-1.025728639,1.025728639,1.259917286,-1.259917286,-0.891787449,0.891787449,-1.034955547,1.034955547,0.883129759,-0.883129759,0.764965555,-0.764965555,2.184444396,-2.184444396,-0.100241962,0.100241962,-2.279466812,0.013689327,1.257476915,0.74107391,-0.195592595,1.161529196,-0.348927736,0.999792253,-0.189947748,0.016926112,0.506965634,0.121603585,-0.229188167,0.136165248,-0.042435073
80506,152,"[31, 565]",Temp Forests,1.061280541,-1.061280541,-0.566183753,0.566183753,0.371914137,-0.371914137,-0.711403506,0.711403506,-1.483888221,1.483888221,-1.279296942,1.279296942,0.399165875,-0.399165875,-1.167167406,1.167167406,2.445233783,-2.445233783,-1.241150782,1.241150782,-1.620445805,1.620445805,0.264158054,-0.264158054,0.771488696,-0.771488696,3.010389431,-3.010389431,-0.157906873,0.157906873,-4.616855565,1.944055978,-0.063719634,-1.670827776,1.571813268,0.039040091,-2.010921186,-1.138760837,-0.081378168,1.013011732,-0.52179974,0.630808241,-0.338877399,-0.528384387,0.606920211
80507,376,"[31, 565]",Temp Forests,1.240947318,-1.240947318,-2.349830944,2.349830944,0.167170566,-0.167170566,-0.557383447,0.557383447,-1.742859585,1.742859585,-0.967486142,0.967486142,0.353335628,-0.353335628,-1.008304787,1.008304787,2.13322231,-2.13322231,-1.256476169,1.256476169,-1.022083802,1.022083802,0.331178722,-0.331178722,0.580693565,-0.580693565,3.015542238,-3.015542238,0.254223958,-0.254223958,-4.022483286,1.503037384,-0.714998723,-1.860983319,-0.175505188,2.139305595,-1.078435894,-0.873260387,-0.028638463,0.275591241,0.587444031,0.172910958,0.012912826,-0.377559167,0.1961691
80508,222,"[31, 565]",Temp Forests,0.95581296,-0.95581296,-1.469690526,1.469690526,1.246649234,-1.246649234,-0.617723419,0.617723419,-0.911025392,0.911025392,-1.048195496,1.048195496,0.538893893,-0.538893893,-1.299744931,1.299744931,1.83967734,-1.83967734,-0.500097774,0.500097774,-1.593841365,1.593841365,0.480838803,-0.480838803,0.423568235,-0.423568235,2.601472222,-2.601472222,-0.273882187,0.273882187,-2.42665937,2.712122055,0.753535303,-0.122243769,1.171981794,-0.656520278,-1.654323173,0.281650909,0.862645787,-0.392636916,-0.3121006,-0.51149735,0.332609136,0.631431343,0.328309211
80509,3330,"(1770, 12201]",Temp Forests,0.803026393,-0.803026393,-2.37567109,2.37567109,0.165450664,-0.165450664,-0.121688143,0.121688143,-1.015819841,1.015819841,-1.417229191,1.417229191,0.019954695,-0.019954695,-1.444408127,1.444408127,1.312750072,-1.312750072,-0.821486649,0.821486649,-0.921820294,0.921820294,0.692103857,-0.692103857,0.341283666,-0.341283666,1.620287119,-1.620287119,0.017535812,-0.017535812,-0.773156296,1.134716752,-0.272972972,0.735749934,-0.25056888,1.019022968,-0.184899581,0.681366656,0.15466351,-0.091474382,-0.232136003,0.657046064,-0.161571666,0.02771505,-0.017110436
80510,1259,"(565, 1770]",Temp Forests,1.493460319,-1.493460319,-2.190159084,2.190159084,0.242241435,-0.242241435,0.131972738,-0.131972738,-1.194701004,1.194701004,-1.62205711,1.62205711,0.096500324,-0.096500324,-0.670042713,0.670042713,1.181236978,-1.181236978,-0.913633953,0.913633953,-1.081028602,1.081028602,1.001845217,-1.001845217,0.863048164,-0.863048164,1.911951232,-1.911951232,-0.261834573,0.261834573,-1.543129688,-1.493789633,1.092377817,0.799908153,0.041442279,0.148346433,-0.447909744,0.943061663,-0.462770677,0.299163564,0.277772316,0.289611772,0.038737808,-0.180280498,0.145623544
80511,1887,"(1770, 12201]",Temp Forests,1.048144955,-1.048144955,-2.085420211,2.085420211,0.34531962,-0.34531962,-0.053439052,0.053439052,-1.174326216,1.174326216,-1.602100983,1.602100983,-0.014959654,0.014959654,-0.88744543,0.88744543,1.08743394,-1.08743394,-0.816078792,0.816078792,-0.995980261,0.995980261,0.903013082,-0.903013082,0.741736398,-0.741736398,1.672648102,-1.672648102,-0.305823094,0.305823094,-1.217649657,-0.760975388,0.948018908,1.252443048,0.240387219,0.351731157,-0.165786197,0.818785828,-0.029817327,0.587534508,-0.005499571,0.101742291,0.076111665,-0.058879006,0.239725231
80513,888,"(565, 1770]",Temp Forests,1.534613176,-1.534613176,-0.979598898,0.979598898,0.175619277,-0.175619277,-0.416169281,0.416169281,-1.068518456,1.068518456,-1.582758625,1.582758625,0.12925175,-0.12925175,-1.21295251,1.21295251,1.582758625,-1.582758625,-0.811625288,0.811625288,-0.795441109,0.795441109,0.43062758,-0.43062758,0.268973625,-0.268973625,2.435361542,-2.435361542,0.203527268,-0.203527268,-2.363815384,1.824506039,-1.609502964,0.20281357,-0.332066403,0.154583189,0.043749544,0.46271453,-0.198961789,0.213797683,-0.40970021,-0.125067147,-0.349942473,-0.369185369,-0.06386745
80514,2748,"(1770, 12201]",Temp Forests,0.385742425,-0.385742425,-2.658289803,2.658289803,-0.093860706,0.093860706,-0.095329484,0.095329484,-1.129406551,1.129406551,-1.602027911,1.602027911,0.136502855,-0.136502855,-1.348182351,1.348182351,1.129406551,-1.129406551,-0.748220034,0.748220034,-0.802526723,0.802526723,0.744861338,-0.744861338,0.459279879,-0.459279879,1.225038195,-1.225038195,-0.06157035,0.06157035,-0.046571588,0.370207929,-0.073474414,0.811411527,-0.311733468,1.073458559,0.06902246,0.457412772,0.321207138,0.513643088,-0.190919559,0.390253792,-0.047130539,0.013908905,0.017133555
80515,562,"[31, 565]",Temp Forests,1.259917286,-1.259917286,-2.018705133,2.018705133,0.273550869,-0.273550869,-0.4888353,0.4888353,-1.198628116,1.198628116,-1.505273589,1.505273589,0.18654702,-0.18654702,-1.007394252,1.007394252,1.887224534,-1.887224534,-0.831817712,0.831817712,-1.025728639,1.025728639,0.55773741,-0.55773741,0.273550869,-0.273550869,2.286903603,-2.286903603,0.078736307,-0.078736307,-2.43987777,1.568713616,-1.050023519,-0.056053158,-0.368468906,0.370859274,-1.097482866,-0.041322479,0.252834273,0.166221857,0.155668207,0.227873757,0.510340742,-0.383064257,0.060345527
80516,4414,"(1770, 12201]",Temp Forests,0.512566089,-0.512566089,-2.537841709,2.537841709,-0.059921026,0.059921026,-0.08831154,0.08831154,-1.07565744,1.07565744,-1.538039385,1.538039385,0.076402168,-0.076402168,-1.385410053,1.385410053,1.136862936,-1.136862936,-0.751911171,0.751911171,-0.91659564,0.91659564,0.881010254,-0.881010254,0.458271787,-0.458271787,1.249557952,-1.249557952,-0.092893689,0.092893689,-0.066931,0.464370807,0.353201701,1.074122936,-0.332042552,0.86831532,-0.082832769,0.502756276,0.060199388,0.317564475,-0.11050108,0.588137032,-0.048451986,-0.045579468,0.021934805
80517,430,"[31, 565]",Temp Forests,0.915842615,-0.915842615,-2.147506556,2.147506556,0.580693565,-0.580693565,-0.322890889,0.322890889,-1.010022319,1.010022319,-1.322006301,1.322006301,-0.179366855,0.179366855,-1.721794882,1.721794882,1.30789993,-1.30789993,-0.847638622,0.847638622,-0.97423676,0.97423676,0.792195908,-0.792195908,0.198365679,-0.198365679,1.75886498,-1.75886498,-0.01883082,0.01883082,-1.130093268,1.939446415,0.036005646,1.555177876,-0.328520418,1.097586117,-0.250784023,0.428117595,0.102062571,-0.274274589,-0.421841021,0.800319302,-0.191563868,0.245392072,-0.09329185
80518,5003,"(1770, 12201]",Temp Forests,0.496699021,-0.496699021,-2.305097003,2.305097003,0.099036524,-0.099036524,-0.194499574,0.194499574,-1.001222094,1.001222094,-1.416002779,1.416002779,-0.10790994,0.10790994,-1.593150981,1.593150981,1.22151006,-1.22151006,-0.749203632,0.749203632,-0.918842408,0.918842408,0.807024923,-0.807024923,0.39860424,-0.39860424,1.254986966,-1.254986966,-0.062772972,0.062772972,-0.301995489,1.279165821,0.235059784,1.225382566,-0.193744778,1.02811652,-0.154541258,0.666989146,0.114200432,0.344189827,-0.254748899,0.729702171,-0.2238344,0.000119591,0.053723002
80519,2018,"(1770, 12201]",Temp Forests,2.176318913,-2.176318913,-2.076642761,2.076642761,0.561776162,-0.561776162,-0.049960539,0.049960539,-1.53459736,1.53459736,-1.454499407,1.454499407,0.234840065,-0.234840065,-0.727816896,0.727816896,1.347416158,-1.347416158,-0.960776115,0.960776115,-1.21809888,1.21809888,0.741496586,-0.741496586,0.759840224,-0.759840224,2.966764095,-2.966764095,-0.093975381,0.093975381,-3.15420724,-0.826553951,0.789556812,-0.049976416,-0.30250991,0.367422625,-0.259121986,0.252277499,0.072657359,-0.25956951,0.269411206,-0.126196648,-0.296572764,-0.098923786,-0.053235947
80520,1403,"(565, 1770]",Temp Forests,1.69436829,-1.69436829,-1.603793422,1.603793422,0.529404454,-0.529404454,-0.303511317,0.303511317,-1.325128266,1.325128266,-1.802794757,1.802794757,0.151611652,-0.151611652,-0.6808665,0.6808665,1.465494766,-1.465494766,-0.809648999,0.809648999,-1.147471044,1.147471044,0.909664664,-0.909664664,0.847112575,-0.847112575,2.056387375,-2.056387375,-0.148713051,0.148713051,-2.513590809,-0.565528067,0.737657035,0.545346738,-0.321037927,-0.457420534,-0.720169691,0.415903244,-0.325782685,1.084243752,0.103135638,-0.040978308,0.270069211,-0.181387399,-0.094662655
80521,549,"[31, 565]",Temp Forests,1.140254191,-1.140254191,-2.029382397,2.029382397,0.691650548,-0.691650548,-0.650817976,0.650817976,-1.071759514,1.071759514,-1.052609555,1.052609555,-0.400066725,0.400066725,-1.713508247,1.713508247,1.478788599,-1.478788599,-0.733045495,0.733045495,-1.130322766,1.130322766,0.86987058,-0.86987058,0.586544925,-0.586544925,1.894123018,-1.894123018,0.058507761,-0.058507761,-1.959393737,2.525982346,1.206994583,1.09952469,-0.636216536,1.212312081,-0.777703783,0.849025034,-0.178228322,0.583640069,-0.166504011,0.433999423,-0.293072843,0.021511681,-0.019935948
80601,2081,"(1770, 12201]",Boreal Taiga,2.024111505,-2.024111505,-2.111912551,2.111912551,0.572211579,-0.572211579,-0.049594384,0.049594384,-1.598272307,1.598272307,-1.449369534,1.449369534,0.294759897,-0.294759897,-0.681464318,0.681464318,1.304358719,-1.304358719,-1.00789673,1.00789673,-1.324747444,1.324747444,0.729794045,-0.729794045,0.838237232,-0.838237232,2.72069842,-2.72069842,-0.145117843,0.145117843,-3.118530751,-1.06272963,1.131302285,-0.221725127,-0.02520571,0.399101268,-0.173532755,0.133479438,0.156103249,-0.067223323,0.200939107,-0.023159111,-0.14000497,-0.087710081,-0.115206932
80602,605,"(565, 1770]",Boreal Taiga,2.65020199,-2.65020199,-2.115186816,2.115186816,-0.285156555,0.285156555,0.298771612,-0.298771612,-1.433194439,1.433194439,-2.132653327,2.132653327,0.835112462,-0.835112462,0.130140481,-0.130140481,1.602663459,-1.602663459,-1.21251693,1.21251693,-0.600563538,0.600563538,0.346650165,-0.346650165,0.291960725,-0.291960725,2.995065944,-2.995065944,-0.443659431,0.443659431,-2.850806739,-2.940264507,-2.636666808,0.000996071,1.097942763,-0.255417072,-0.780488031,-0.482552797,0.490867,-0.86983232,0.394132453,-0.752511526,0.372911812,-0.974755366,-0.158083125
80603,702,"(565, 1770]",Boreal Taiga,1.898413093,-1.898413093,-2.373004633,2.373004633,0.445962062,-0.445962062,0.078485994,-0.078485994,-1.528404525,1.528404525,-1.57881234,1.57881234,0.1309296,-0.1309296,-0.626991634,0.626991634,1.189044932,-1.189044932,-1.033098863,1.033098863,-1.306387279,1.306387279,0.724501433,-0.724501433,0.853012815,-0.853012815,2.667529952,-2.667529952,-0.095951662,0.095951662,-2.838010303,-1.465802539,0.992288926,-0.173503237,-0.295391078,0.513680098,0.043059217,0.522205338,0.226448421,-0.085374918,-0.015248093,0.232448813,-0.098314047,-0.184143572,0.046621715
80604,135,"[31, 565]",Boreal Taiga,0.914195864,-0.914195864,-3.726565992,3.726565992,0.806422466,-0.806422466,-0.41088955,0.41088955,-1.785949842,1.785949842,-1.105969538,1.105969538,-0.045030344,0.045030344,-1.230398501,1.230398501,1.105969538,-1.105969538,-0.988874598,0.988874598,-1.105969538,1.105969538,0.806422466,-0.806422466,0.771488696,-0.771488696,1.982443178,-1.982443178,0.075073133,-0.075073133,-2.184241346,0.164201461,1.772560282,0.117932103,-1.129128864,2.648905424,0.104375975,-0.097524336,0.693140535,0.486615825,0.237093434,0.190024405,0.322973073,0.47939562,-0.232299002
80605,812,"(565, 1770]",Boreal Taiga,1.797607939,-1.797607939,-2.802189232,2.802189232,0.423402028,-0.423402028,0.137614059,-0.137614059,-1.727669159,1.727669159,-1.561935041,1.561935041,0.418181311,-0.418181311,-0.561384224,0.561384224,1.081039236,-1.081039236,-1.061323569,1.061323569,-1.615150523,1.615150523,0.779101104,-0.779101104,1.067874352,-1.067874352,2.977288268,-2.977288268,-0.082485113,0.082485113,-2.924418813,-2.129209808,1.99875229,-0.982514227,-0.543961123,0.49747749,0.117330809,0.126966996,0.341243579,-0.221369447,-0.136476249,0.170657581,-0.084988229,-0.030703705,0.077448259
80606,428,"[31, 565]",Boreal Taiga,1.382556039,-1.382556039,-2.663605069,2.663605069,0.56591305,-0.56591305,-0.009504871,0.009504871,-1.710685667,1.710685667,-1.173395378,1.173395378,-0.104648197,0.104648197,-0.891044135,0.891044135,1.108649217,-1.108649217,-0.937579153,0.937579153,-1.442917248,1.442917248,0.949360734,-0.949360734,1.083336143,-1.083336143,2.016978297,-2.016978297,-0.047532947,0.047532947,-2.490512207,-0.921363011,2.586231037,-0.147819965,-0.53001394,1.227082545,0.204816482,0.610448448,0.114738843,0.543471297,0.607562617,0.613528502,-0.169718498,0.057253097,0.038147944
80607,511,"[31, 565]",Boreal Taiga,1.425252915,-1.425252915,-2.672498584,2.672498584,0.486507506,-0.486507506,0.015904781,-0.015904781,-1.210433164,1.210433164,-1.387522438,1.387522438,-0.103471117,0.103471117,-1.048853855,1.048853855,1.326470055,-1.326470055,-0.898951124,0.898951124,-0.908640891,0.908640891,0.92814147,-0.92814147,0.667898848,-0.667898848,1.702965906,-1.702965906,-0.103471117,0.103471117,-1.511968648,-0.287103693,0.642243385,0.928195806,-0.350338665,1.088236898,-0.598640044,0.966901572,-0.16262838,0.182001608,0.504541148,0.58203317,-0.070658223,0.132821688,-0.12522902
80608,3576,"(1770, 12201]",Boreal Taiga,1.99431314,-1.99431314,-1.717630625,1.717630625,0.376562752,-0.376562752,-0.131379016,0.131379016,-1.661981076,1.661981076,-1.901523172,1.901523172,0.494628808,-0.494628808,-0.241590067,0.241590067,1.676755521,-1.676755521,-1.045966214,1.045966214,-0.442309413,0.442309413,0.289727764,-0.289727764,0.182368525,-0.182368525,2.421952119,-2.421952119,-0.587858486,0.587858486,-3.106228809,-1.445586025,-2.361330278,1.009675682,1.615928521,0.254878252,-0.672950529,-1.021063287,1.190627324,0.170923603,0.719513461,-0.923135463,0.42900188,-0.433533804,-0.086034029
80609,1132,"(565, 1770]",Boreal Taiga,2.030385191,-2.030385191,-2.083629338,2.083629338,0.643886779,-0.643886779,0.098184645,-0.098184645,-1.680150943,1.680150943,-1.387011357,1.387011357,0.300117556,-0.300117556,-0.616352131,0.616352131,1.157468134,-1.157468134,-1.057137091,1.057137091,-1.33755669,1.33755669,0.727975443,-0.727975443,0.86114931,-0.86114931,2.73825534,-2.73825534,-0.162678394,0.162678394,-3.15107203,-1.478725116,1.328817299,-0.23102892,0.128980333,0.528451239,0.274654124,0.182284115,0.17430134,-0.272481957,0.309918751,0.028561579,-0.224631738,0.043739306,-0.090492367
80610,931,"(565, 1770]",Boreal Taiga,2.006345649,-2.006345649,-2.059493764,2.059493764,0.856296486,-0.856296486,-0.358591253,0.358591253,-1.365002451,1.365002451,-1.626951638,1.626951638,-0.071861076,0.071861076,-0.940990437,0.940990437,1.490555064,-1.490555064,-0.724465407,0.724465407,-1.097402425,1.097402425,0.820148929,-0.820148929,0.622269426,-0.622269426,2.466090021,-2.466090021,-0.291545012,0.291545012,-2.771129025,0.005581171,0.661270614,1.262585717,-0.212014278,0.00395747,-1.043998367,0.292172485,0.563813984,0.424214935,0.182042124,-0.209127846,-0.040238364,-0.03622925,-0.075776012
80611,1317,"(565, 1770]",Boreal Taiga,1.9601346,-1.9601346,-1.720784991,1.720784991,0.763674777,-0.763674777,-0.255473525,0.255473525,-1.434920794,1.434920794,-1.520945466,1.520945466,0.116463215,-0.116463215,-0.809957565,0.809957565,1.261878298,-1.261878298,-0.864406948,0.864406948,-1.10412217,1.10412217,0.864406948,-0.864406948,0.70084416,-0.70084416,2.455150288,-2.455150288,-0.208929315,0.208929315,-2.769327141,-0.431548796,0.940442942,0.938297648,-0.108727313,0.126612841,-0.233865641,0.24913283,-0.056436698,0.263218113,0.193238505,-0.295262961,-0.012291888,0.01165278,-0.145612322
80801,467,"[31, 565]",Grasslands,1.543874585,-1.543874585,-0.989449988,0.989449988,0.83104831,-0.83104831,-0.780443242,0.780443242,-1.245404074,1.245404074,-0.935443571,0.935443571,-0.077805772,0.077805772,-1.334745684,1.334745684,1.768490225,-1.768490225,-1.044826352,1.044826352,-1.033634942,1.033634942,0.549119446,-0.549119446,0.681950174,-0.681950174,2.653014456,-2.653014456,0.129792811,-0.129792811,-3.786181993,2.473989864,0.271633542,-0.064802064,0.200416415,1.210014753,-0.677784789,0.411562651,-0.764782101,0.687964393,-0.184604396,-0.167944286,-0.317996169,-0.054024952,0.048143213
80802,145,"[31, 565]",Grasslands,1.707634097,-1.707634097,-3.112820624,3.112820624,0.629926659,-0.629926659,-0.480305094,0.480305094,-1.417496613,1.417496613,-0.919047962,0.919047962,-0.083214986,0.083214986,-1.331474911,1.331474911,2.003672044,-2.003672044,-0.629926659,0.629926659,-1.46224792,1.46224792,1.095952713,-1.095952713,0.480305094,-0.480305094,2.69324295,-2.69324295,0.307342306,-0.307342306,-2.747740747,2.247649576,1.375693013,-0.239469162,-2.091223716,0.889277875,-1.799477513,0.138094052,-0.014547528,-0.46168486,1.387198181,0.843069133,0.225920127,-0.039547921,-0.062577031
80803,70,"[31, 565]",Grasslands,1.473959057,-1.473959057,-1.473959057,1.473959057,0.404633507,-0.404633507,-0.586544925,0.586544925,-1.473959057,1.473959057,-0.778439062,0.778439062,0.11418149,-0.11418149,-1.382556039,1.382556039,2.552122796,-2.552122796,-0.914195864,0.914195864,-1.570926144,1.570926144,-0.345571213,0.345571213,0.404633507,-0.404633507,3.084059289,-3.084059289,0.229112186,-0.229112186,-4.776405587,3.716992481,-1.374616614,-2.855161504,1.126104607,1.090300828,-1.398460603,-0.033320163,1.747270017,-0.03208278,0.01053884,0.573433892,-0.688191262,-0.621608389,0.298436851
80804,1062,"(565, 1770]",Grasslands,2.051607129,-2.051607129,-2.023708099,2.023708099,0.681710823,-0.681710823,0.026564406,-0.026564406,-1.627524521,1.627524521,-1.264842169,1.264842169,0.309824867,-0.309824867,-0.694496497,0.694496497,1.343957246,-1.343957246,-1.021531979,1.021531979,-1.287084052,1.287084052,0.73318817,-0.73318817,0.768026762,-0.768026762,2.721559959,-2.721559959,-0.136821958,0.136821958,-3.207140103,-0.862650667,1.078423999,-0.222865716,0.161442335,0.555623655,-0.088517085,0.127239307,0.079213514,-0.362526019,0.58628535,0.053222544,-0.200936235,0.067205938,-0.125681954
80805,1657,"(565, 1770]",Grasslands,1.693739569,-1.693739569,-1.552521559,1.552521559,0.332248935,-0.332248935,-0.395026643,0.395026643,-1.314256345,1.314256345,-1.37348963,1.37348963,0.327256209,-0.327256209,-0.933391753,0.933391753,1.689116144,-1.689116144,-1.079038587,1.079038587,-0.83933528,0.83933528,0.549147774,-0.549147774,0.367316811,-0.367316811,2.742248256,-2.742248256,-0.0279435,0.0279435,-2.994142128,0.828990071,-0.961788201,0.138667943,0.215042462,0.750073582,-0.621210726,-0.261715024,-0.340578031,-0.148309705,0.097039366,-0.2466997,0.028843667,-0.303841798,-0.015933354
80806,640,"(565, 1770]",Grasslands,1.504610542,-1.504610542,-1.602776302,1.602776302,0.826770559,-0.826770559,-0.391555423,0.391555423,-1.196872778,1.196872778,-1.268823475,1.268823475,0.26239068,-0.26239068,-1.232493175,1.232493175,1.602776302,-1.602776302,-0.940727305,0.940727305,-1.250566791,1.250566791,0.871711053,-0.871711053,0.444078218,-0.444078218,2.71159297,-2.71159297,-0.173315121,0.173315121,-2.624675321,1.153451842,0.682362839,0.794032455,0.156250755,0.178424004,-1.045349601,-0.205225044,-0.393802766,-0.438449864,-0.032287724,0.182552863,-0.008086731,0.23735193,0.087009936
80807,66,"[31, 565]",Grasslands,2.27610399,-2.27610399,-2.473073171,2.473073171,0.404633507,-0.404633507,-0.27814988,0.27814988,-0.882199249,0.882199249,-1.289409889,1.289409889,-0.27814988,0.27814988,-1.382556039,1.382556039,1.289409889,-1.289409889,-0.534397674,0.534397674,-1.200947989,1.200947989,1.116502957,-1.116502957,0.341053845,-0.341053845,2.473073171,-2.473073171,0.092188681,-0.092188681,-1.486936576,1.487221675,0.980572281,1.583898512,-1.657011287,0.146564055,-0.751449945,1.325890374,-0.203637632,-0.967795995,0.210634452,0.265033083,-0.2041269,-0.397775933,-0.29341871
80808,2072,"(1770, 12201]",Grasslands,1.492691781,-1.492691781,-1.782551941,1.782551941,0.311910032,-0.311910032,-0.480462981,0.480462981,-1.247992778,1.247992778,-0.97296429,0.97296429,0.128036261,-0.128036261,-1.311049255,1.311049255,1.7435031,-1.7435031,-1.094004165,1.094004165,-0.851209743,0.851209743,0.517835875,-0.517835875,0.528279271,-0.528279271,2.908148077,-2.908148077,0.224451422,-0.224451422,-3.078702693,1.908099446,-0.495175827,-0.489721313,-0.251154992,1.692070702,-0.646348657,0.267176146,-0.682415606,-0.099420906,0.046264213,-0.079140404,-0.491018391,-0.177417447,0.115341078
80809,1845,"(1770, 12201]",Grasslands,2.009109085,-2.009109085,-1.761453261,1.761453261,0.751119463,-0.751119463,-0.254409197,0.254409197,-1.396215301,1.396215301,-1.430865923,1.430865923,0.161777699,-0.161777699,-0.900505166,0.900505166,1.409988036,-1.409988036,-0.855799141,0.855799141,-1.162416559,1.162416559,0.82729797,-0.82729797,0.609347081,-0.609347081,2.633932626,-2.633932626,-0.093870337,0.093870337,-2.891268856,0.109087535,0.685990048,0.575886518,-0.319671702,0.135246785,-0.405506067,0.22662649,-0.085228634,-0.071304894,0.275890236,-0.117281558,-0.062748463,0.032511023,-0.160744649
80810,1257,"(565, 1770]",Grasslands,1.835079604,-1.835079604,-1.652239611,1.652239611,0.829101513,-0.829101513,-0.40663118,0.40663118,-1.421884832,1.421884832,-1.247508088,1.247508088,0.171413565,-0.171413565,-0.981105772,0.981105772,1.447600933,-1.447600933,-0.989178628,0.989178628,-1.075837951,1.075837951,0.840459785,-0.840459785,0.614740493,-0.614740493,2.531036218,-2.531036218,-0.116792773,0.116792773,-3.052994589,0.474065057,0.786071886,0.685290913,-0.000582917,0.642939882,-0.473090678,-0.024269238,-0.429907133,0.077098536,0.289146279,-0.181543543,0.038942225,0.099461818,-0.183377449
80811,333,"[31, 565]",Grasslands,1.630116772,-1.630116772,-2.410094336,2.410094336,0.682623215,-0.682623215,-0.4096604,0.4096604,-1.40527324,1.40527324,-1.044419574,1.044419574,0.114700062,-0.114700062,-1.028818366,1.028818366,1.843157359,-1.843157359,-0.864118708,0.864118708,-1.312575134,1.312575134,0.764890757,-0.764890757,0.576245233,-0.576245233,2.332877466,-2.332877466,0.006030254,-0.006030254,-2.984931012,1.260987312,0.792268154,-0.239584723,-0.27344651,0.84282972,-1.320661076,0.129431196,0.142555631,-0.043594129,0.812983213,0.383232548,0.314635044,-0.079427651,-0.118074247
80812,191,"[31, 565]",Grasslands,1.490289249,-1.490289249,-0.326838154,0.326838154,0.391589615,-0.391589615,-0.262759015,0.262759015,-1.886650941,1.886650941,-0.903258416,0.903258416,0.731081635,-0.731081635,-0.828053485,0.828053485,2.083344773,-2.083344773,-0.954747577,0.954747577,-1.490289249,1.490289249,-0.157076723,0.157076723,0.546147716,-0.546147716,2.778907516,-2.778907516,0.262759015,-0.262759015,-4.696746003,1.971272548,-0.978284103,-3.164465252,1.338682276,0.2355119,0.504415309,-0.669324287,0.841205542,0.18880165,0.771081526,0.078712846,-0.542018552,-0.226601439,-0.034085763
80813,1663,"(565, 1770]",Grasslands,1.534790016,-1.534790016,-1.743116363,1.743116363,0.894433421,-0.894433421,-0.19990158,0.19990158,-1.362347299,1.362347299,-1.202515855,1.202515855,0.088205106,-0.088205106,-1.008603931,1.008603931,1.321912048,-1.321912048,-0.953802711,0.953802711,-1.020971847,1.020971847,0.670003636,-0.670003636,0.512015275,-0.512015275,2.392945933,-2.392945933,-0.253721217,0.253721217,-2.648912452,0.317383398,0.48896832,0.904499357,0.681246963,0.807512906,-0.164725007,0.249853991,0.203382401,-0.222928274,0.227631664,-0.114385693,-0.104879138,0.270994507,0.063395107
80814,3345,"(1770, 12201]",Grasslands,1.66125798,-1.66125798,-1.352738686,1.352738686,0.576245233,-0.576245233,-0.394594767,0.394594767,-1.2540136,1.2540136,-1.44579921,1.44579921,0.276731336,-0.276731336,-0.930065046,0.930065046,1.554986164,-1.554986164,-0.831091539,0.831091539,-1.02571195,1.02571195,0.739961398,-0.739961398,0.521675552,-0.521675552,2.402145887,-2.402145887,-0.044631151,0.044631151,-2.634939519,0.786363888,-0.013684992,0.423431146,-0.062773314,-0.011778578,-0.509013184,0.163620588,-0.351621483,0.245129143,0.192568053,-0.263614094,0.103418513,-0.058407488,-0.096906624
80815,611,"(565, 1770]",Grasslands,2.002042649,-2.002042649,-2.150978769,2.150978769,0.728735802,-0.728735802,-0.049172664,0.049172664,-1.622402048,1.622402048,-1.291048575,1.291048575,0.300494989,-0.300494989,-0.691650548,0.691650548,1.411419387,-1.411419387,-0.979293794,0.979293794,-1.320355788,1.320355788,0.789099116,-0.789099116,0.804402255,-0.804402255,3.405165563,-3.405165563,-0.114839145,0.114839145,-3.494174231,-0.806501376,1.216378033,-0.283975853,-0.280080864,0.453513512,-0.43861179,0.012141318,0.021703406,-0.509996499,0.484919312,-0.200526428,-0.278646752,0.12692896,0.290179085
80816,821,"(565, 1770]",Grasslands,1.981577098,-1.981577098,-1.914223441,1.914223441,0.817548761,-0.817548761,-0.098162678,0.098162678,-1.541460719,1.541460719,-1.241707298,1.241707298,0.31145797,-0.31145797,-0.777464593,0.777464593,1.39637538,-1.39637538,-1.034841949,1.034841949,-1.291750891,1.291750891,0.5957082,-0.5957082,0.682473725,-0.682473725,2.821559206,-2.821559206,-0.073596149,0.073596149,-3.398630585,-0.252061388,0.695169731,-0.367422366,0.234043896,0.620821975,-0.078112707,0.181388765,0.197045329,-0.430786694,0.234900368,-0.029722822,-0.107269172,0.145048048,-0.128177814
80817,1481,"(565, 1770]",Grasslands,2.155010433,-2.155010433,-1.72780226,1.72780226,0.76718034,-0.76718034,-0.165232905,0.165232905,-1.483293437,1.483293437,-1.395349528,1.395349528,0.209216626,-0.209216626,-0.732789379,0.732789379,1.353079164,-1.353079164,-1.008061044,1.008061044,-1.20892253,1.20892253,0.723482336,-0.723482336,0.698808456,-0.698808456,2.610904532,-2.610904532,-0.146042537,0.146042537,-3.258786775,-0.467215104,0.746149747,0.262983666,0.159468483,0.330845524,-0.181419296,0.24806555,-0.039503572,-0.105663592,0.206696044,-0.09751345,-0.026566249,-0.041098421,-0.241986651
80818,1142,"(565, 1770]",Grasslands,1.320225821,-1.320225821,-1.607808286,1.607808286,0.747448684,-0.747448684,-0.621389326,0.621389326,-1.212757444,1.212757444,-1.069248233,1.069248233,-0.082555541,0.082555541,-1.533883798,1.533883798,1.582765795,-1.582765795,-0.849996106,0.849996106,-0.97894527,0.97894527,0.783910455,-0.783910455,0.447975875,-0.447975875,2.407152088,-2.407152088,-0.008777576,0.008777576,-2.523933783,2.245361492,0.471288054,0.977477096,-0.209000046,1.048669737,-0.725466105,0.132269607,-0.333180076,0.202762199,0.055480975,0.01949644,-0.321555088,0.137605984,0.03362756
80901,522,"[31, 565]",Grasslands,1.66581316,-1.66581316,-1.724623409,1.724623409,0.981191332,-0.981191332,-0.216627843,0.216627843,-1.250794734,1.250794734,-1.050292583,1.050292583,-0.201045912,0.201045912,-1.060351584,1.060351584,1.070459953,-1.070459953,-0.886067867,0.886067867,-0.895406879,0.895406879,0.767739134,-0.767739134,0.67149791,-0.67149791,2.043899326,-2.043899326,-0.154438121,0.154438121,-2.397410721,0.417844597,1.025294897,1.283634543,0.365978243,1.194504181,0.324480926,1.164571797,-0.163554016,0.097348537,0.275314148,-0.261356772,-0.231004832,0.294688223,-0.0926937
80903,106,"[31, 565]",Grasslands,1.721794882,-1.721794882,-1.454560817,1.454560817,1.022083802,-1.022083802,0.03766498,-0.03766498,-1.454560817,1.454560817,-0.97423676,0.97423676,0.226932061,-0.226932061,-0.792195908,0.792195908,0.97423676,-0.97423676,-0.792195908,0.792195908,-1.17265008,1.17265008,0.792195908,-0.792195908,0.792195908,-0.792195908,2.050720609,-2.050720609,-0.342246775,0.342246775,-2.381394124,-0.499988644,1.835587153,0.767782164,1.09630763,0.433454022,0.609543668,0.786770262,0.092539754,-0.198319772,0.791836548,-0.482028811,-0.267281988,0.481398851,-0.115829782
80904,80,"[31, 565]",Grasslands,0.967149149,-0.967149149,-0.301668314,0.301668314,0.404633507,-0.404633507,-0.509761228,0.509761228,-1.546110778,1.546110778,-0.845397622,0.845397622,0.049910558,-0.049910558,-1.546110778,1.546110778,0.967149149,-0.967149149,-0.456887094,0.456887094,-1.830123572,1.830123572,1.095952713,-1.095952713,0.352919412,-0.352919412,1.729132292,-1.729132292,0.099883359,-0.099883359,-1.781159277,2.741088889,2.771915701,0.885294333,-0.455622556,-0.588820566,1.690145056,-0.395110643,-0.231753013,-0.139333411,0.624069021,0.536982531,-0.146485824,-0.271347984,-0.089117526
80905,95,"[31, 565]",Grasslands,1.540440602,-1.540440602,-0.153841777,0.153841777,0.610503012,-0.610503012,-0.610503012,0.610503012,-0.914195864,0.914195864,-2.083928043,2.083928043,0.658941692,-0.658941692,-0.809128888,0.809128888,1.396290663,-1.396290663,-0.658941692,0.658941692,-1.140254191,1.140254191,0.708138432,-0.708138432,0.287099928,-0.287099928,2.827930601,-2.827930601,0.021935033,-0.021935033,-2.364369434,1.115273208,-0.925423032,0.712198473,-0.369351516,-1.994557043,-0.002641693,-0.055132979,-0.664046352,0.184553319,-1.107964097,-0.883779899,0.575406371,-0.03267276,0.016640923
80907,620,"(565, 1770]",Grasslands,1.560935667,-1.560935667,-1.677780562,1.677780562,1.00154787,-1.00154787,-0.275823827,0.275823827,-1.119709242,1.119709242,-1.076723093,1.076723093,-0.375164651,0.375164651,-1.360581387,1.360581387,1.026308791,-1.026308791,-0.827814147,0.827814147,-0.789999033,0.789999033,0.905192474,-0.905192474,0.455953349,-0.455953349,1.929949402,-1.929949402,-0.158333816,0.158333816,-1.878715892,1.068043592,0.865911458,2.204498267,0.065846569,1.204757216,0.296974088,1.098939835,-0.28430827,-0.103683761,0.184591654,-0.029521314,-0.336541392,0.358979794,-0.103180302
80908,38,"[31, 565]",Grasslands,1.850080818,-1.850080818,-0.05395925,0.05395925,1.132197806,-1.132197806,-0.858265339,0.858265339,-0.990928033,0.990928033,-1.451248012,1.451248012,0.162193115,-0.162193115,-1.284515,1.284515,1.637272841,-1.637272841,-0.27138424,0.27138424,-1.637272841,1.637272841,1.637272841,-1.637272841,0.495404918,-0.495404918,1.850080818,-1.850080818,-0.05395925,0.05395925,-2.122084713,2.621161529,2.458905136,2.152793896,-1.201471539,-2.527043953,-1.181246389,0.041707651,-1.570084904,0.669813361,0.72580301,0.128308156,0.589527219,0.163039945,-0.437301618
81001,1142,"(565, 1770]",Grasslands,1.984935276,-1.984935276,-2.314075327,2.314075327,0.604397168,-0.604397168,-0.089907298,0.089907298,-1.560013102,1.560013102,-1.274030022,1.274030022,0.20685353,-0.20685353,-0.974111451,0.974111451,1.48804744,-1.48804744,-0.895786817,0.895786817,-1.385855095,1.385855095,0.694292946,-0.694292946,0.682420349,-0.682420349,3.231599578,-3.231599578,0.033475457,-0.033475457,-3.246216016,0.04826756,0.915226938,-0.508341214,-0.64538949,0.567123504,-0.427592758,0.126370182,0.35031975,-0.593606044,0.317960325,0.153245622,-0.460668374,0.025857275,0.094866079
81002,819,"(565, 1770]",Grasslands,1.84583809,-1.84583809,-1.910018381,1.910018381,0.616912463,-0.616912463,0.00246117,-0.00246117,-1.470831542,1.470831542,-1.2582655,1.2582655,0.38110551,-0.38110551,-0.924546459,0.924546459,1.301640134,-1.301640134,-1.147412748,1.147412748,-1.160916437,1.160916437,0.611511097,-0.611511097,0.563275838,-0.563275838,2.965891261,-2.965891261,-0.204991857,0.204991857,-2.952425903,-0.45412281,0.432027584,0.099790047,0.608512175,0.831829501,-0.069110348,-0.118720267,0.052523059,-0.857207155,-0.005547116,-0.01532337,-0.392419844,0.123052529,0.017037484
81003,2261,"(1770, 12201]",Grasslands,1.170891089,-1.170891089,-2.550689082,2.550689082,0.10695066,-0.10695066,-0.049393953,0.049393953,-1.081063002,1.081063002,-1.509419663,1.509419663,0.065569403,-0.065569403,-1.22381308,1.22381308,1.334533623,-1.334533623,-0.773565998,0.773565998,-0.918910314,0.918910314,0.794427606,-0.794427606,0.35474883,-0.35474883,1.769872493,-1.769872493,0.078156132,-0.078156132,-0.921363493,0.635912893,-0.293193735,0.642006962,-0.769973251,0.750892131,-0.242448962,0.718124902,0.056976274,-0.220428791,0.139789994,0.57868368,-0.012340192,-0.091619988,-0.131893694
81004,336,"[31, 565]",Grasslands,1.228462069,-1.228462069,-1.952826492,1.952826492,0.315212002,-0.315212002,-0.580940113,0.580940113,-1.898683426,1.898683426,-1.31638399,1.31638399,0.427226818,-0.427226818,-0.926844185,0.926844185,1.952826492,-1.952826492,-1.590340284,1.590340284,-0.783222588,0.783222588,0.439824871,-0.439824871,0.096267433,-0.096267433,3.440336195,-3.440336195,-0.120386631,0.120386631,-4.213058571,0.661907499,-1.583194389,-0.026080544,0.492405895,2.02519889,-0.795376999,-2.427565201,-0.066730976,-0.444489683,0.192343085,0.152272193,0.370277544,-0.35641272,0.37121476
81005,57,"[31, 565]",Grasslands,1.216159862,-1.216159862,-1.806441609,1.806441609,0.613879048,-0.613879048,-0.691650548,0.691650548,-2.131728028,2.131728028,-0.938816454,0.938816454,-0.246362339,0.246362339,-1.959142324,1.959142324,1.119404327,-1.119404327,-1.318282951,1.318282951,-0.537867973,0.537867973,0.537867973,-0.537867973,-0.035021263,0.035021263,2.872605003,-2.872605003,-0.17553778,0.17553778,-3.238918428,1.910577081,-0.22672965,2.122275348,0.152547184,3.305578469,1.159071429,-2.300420767,0.711072254,-0.307041058,0.00921845,-0.027427949,-1.080408814,0.061290393,-0.096294512
81006,1219,"(565, 1770]",Grasslands,1.956072607,-1.956072607,-1.510911948,1.510911948,0.61229175,-0.61229175,-0.185282703,0.185282703,-1.424222841,1.424222841,-1.39805829,1.39805829,0.309266008,-0.309266008,-0.853259224,0.853259224,1.4401247,-1.4401247,-1.102553202,1.102553202,-1.084999926,1.084999926,0.623163935,-0.623163935,0.4011986,-0.4011986,2.851384618,-2.851384618,-0.221952211,0.221952211,-3.142358063,-0.02617969,-0.129884401,0.555135993,0.595770155,0.398795569,-0.247148899,-0.315871738,0.002618183,-0.617663037,0.036246764,-0.085162485,-0.068687978,-0.129659598,-0.045673681
81007,39,"[31, 565]",Grasslands,1.699450247,-1.699450247,-2.89951192,2.89951192,0.691650548,-0.691650548,-0.578595438,0.578595438,-1.350939781,1.350939781,-1.910299276,1.910299276,-0.362165176,0.362165176,-1.350939781,1.350939781,1.062162246,-1.062162246,-0.469030685,0.469030685,-0.691650548,0.691650548,0.469030685,-0.469030685,0.153841777,-0.153841777,6.908754779,-6.908754779,0.809128888,-0.809128888,-3.833830845,1.657379498,-1.622916684,0.145848177,-4.96879751,0.974903323,0.779330085,0.464105579,0.91538791,-1.667139685,-1.585066669,-1.858580363,-1.215946363,0.365529226,1.942214107
81008,283,"[31, 565]",Grasslands,1.43201288,-1.43201288,-1.008011538,1.008011538,0.192378374,-0.192378374,-0.750816523,0.750816523,-1.600412726,1.600412726,-0.530646866,0.530646866,0.249905632,-0.249905632,-1.27943416,1.27943416,2.079573402,-2.079573402,-1.526006149,1.526006149,-1.100687509,1.100687509,0.221096455,-0.221096455,0.954284341,-0.954284341,3.176342264,-3.176342264,0.607595239,-0.607595239,-5.030515528,2.674122516,-0.176080416,-2.869626901,0.032592132,2.630563914,-0.290004078,-0.077620589,-1.586342178,0.752177545,-0.074546869,0.197281748,-0.723629596,-0.444365324,0.059795821
81009,113,"[31, 565]",Grasslands,0.250807522,-0.250807522,-2.312347413,2.312347413,-0.07131621,0.07131621,-1.193253796,1.193253796,-1.64791086,1.64791086,-0.786715958,0.786715958,0.74558072,-0.74558072,-1.64791086,1.64791086,1.939084184,-1.939084184,-1.095952713,1.095952713,-0.870968816,0.870968816,0.360277054,-0.360277054,0.250807522,-0.250807522,2.69324295,-2.69324295,0.360277054,-0.360277054,-2.698376345,3.687289009,-0.7286053,-1.445528199,-0.503987452,2.642439715,-0.664481276,-2.005029428,-0.182094181,0.409574331,-0.083034067,-0.650815546,0.336188001,-0.224526324,-0.024002935
81010,82,"[31, 565]",Grasslands,2.029382397,-2.029382397,-2.16046459,2.16046459,0.102448897,-0.102448897,-0.257308777,0.257308777,-1.604655121,1.604655121,-2.16046459,2.16046459,0.309525914,-0.309525914,-0.578595438,0.578595438,1.800894962,-1.800894962,-0.86987058,0.86987058,-0.809128888,0.809128888,0.809128888,-0.809128888,0.362165176,-0.362165176,3.194247538,-3.194247538,0.309525914,-0.309525914,-3.108256274,-0.407024396,-1.614124084,-0.15283265,-2.277995962,-0.227554685,-0.653939554,-0.622142919,-0.202754664,0.284513547,0.514448816,0.06373704,0.28339124,-0.400614332,-0.028627144
81011,88,"[31, 565]",Grasslands,1.499813942,-1.499813942,-2.793015461,2.793015461,0.461666934,-0.461666934,0.0453716,-0.0453716,-1.83967734,1.83967734,-1.157301032,1.157301032,0.760467716,-0.760467716,-0.461666934,0.461666934,0.978543348,-0.978543348,-1.35450286,1.35450286,-1.577764469,1.577764469,0.760467716,-0.760467716,0.922140933,-0.922140933,3.316162383,-3.316162383,-0.320256169,0.320256169,-3.128245083,-2.230400439,2.262718416,-0.827262045,0.614898247,1.249390669,0.231410071,-0.823478638,0.059646049,-1.033735168,-0.05838423,-0.324952577,0.305868018,0.02985473,0.29500012
81012,683,"(565, 1770]",Grasslands,2.016741259,-2.016741259,-1.530662387,1.530662387,0.452775035,-0.452775035,-0.198183104,0.198183104,-1.331846605,1.331846605,-1.461644793,1.461644793,0.085553225,-0.085553225,-1.129605908,1.129605908,1.358823324,-1.358823324,-0.953709432,0.953709432,-1.074475328,1.074475328,0.689441226,-0.689441226,0.216063501,-0.216063501,2.921120405,-2.921120405,-0.109195958,0.109195958,-2.714829316,0.62860682,-0.300673902,1.053090358,-0.116401524,0.277004101,-0.011432381,-0.170422939,0.138847255,-0.883445963,-0.090806716,0.132888191,-0.35289694,-0.291790583,-0.0375077
81013,962,"(565, 1770]",Grasslands,0.784278925,-0.784278925,-1.587200789,1.587200789,1.135428201,-1.135428201,-0.54118813,0.54118813,-1.118413358,1.118413358,-1.040869609,1.040869609,0.193492967,-0.193492967,-1.271215226,1.271215226,1.418238655,-1.418238655,-0.808750616,0.808750616,-1.17572084,1.17572084,0.679103011,-0.679103011,0.600265165,-0.600265165,1.735699957,-1.735699957,-0.355947873,0.355947873,-2.036316758,1.52958628,1.177476035,0.945663648,1.315056046,0.638202453,-0.742060204,0.332197099,0.19446645,0.440559812,-0.151362006,-0.267834441,0.296268294,0.581365377,0.078496077
81014,814,"(565, 1770]",Grasslands,1.743645759,-1.743645759,-2.071606168,2.071606168,0.368827676,-0.368827676,-0.252685115,0.252685115,-1.337075369,1.337075369,-1.073113862,1.073113862,0.302928782,-0.302928782,-1.034544604,1.034544604,1.569691204,-1.569691204,-1.139074481,1.139074481,-1.292771668,1.292771668,0.471833998,-0.471833998,0.534804522,-0.534804522,3.456739998,-3.456739998,0.029572644,-0.029572644,-3.373413723,0.778493993,0.159747053,-0.763317766,0.132742056,1.115495652,-0.531480153,0.046076809,-0.008615221,-1.003602161,-0.276639494,-0.038451759,-0.303538349,-0.288053847,0.309071275
81015,387,"[31, 565]",Grasslands,1.729132292,-1.729132292,-2.077492971,2.077492971,0.583279284,-0.583279284,-0.157906873,0.157906873,-1.167167406,1.167167406,-1.196408626,1.196408626,0.504163784,-0.504163784,-0.986976887,0.986976887,1.519140011,-1.519140011,-0.908691995,0.908691995,-1.366257796,1.366257796,0.549168439,-0.549168439,0.571873199,-0.571873199,2.821924419,-2.821924419,0.021011383,-0.021011383,-2.622673173,0.697892362,0.362031921,-0.750819365,0.129302249,0.352275045,-0.594334517,0.507272521,0.082468359,-0.837603558,-0.160730717,-0.069248327,-0.037698082,0.097325271,-0.086657983
81016,908,"(565, 1770]",Grasslands,1.959503267,-1.959503267,-2.731403095,2.731403095,0.52404027,-0.52404027,0.080239773,-0.080239773,-1.591390104,1.591390104,-1.309154778,1.309154778,0.16073869,-0.16073869,-0.817986726,0.817986726,1.322512231,-1.322512231,-1.003160406,1.003160406,-1.250272863,1.250272863,0.725238945,-0.725238945,0.817986726,-0.817986726,3.238155378,-3.238155378,0.120440505,-0.120440505,-3.110535397,-0.792232862,0.92891944,-0.703319557,-0.988865847,1.077508723,-0.100011065,0.495428551,0.110567775,-0.565664928,0.343420331,0.173482431,-0.448372808,0.094734577,0.140185554
81017,3969,"(1770, 12201]",Grasslands,1.156557881,-1.156557881,-2.202715531,2.202715531,0.400837029,-0.400837029,-0.178242241,0.178242241,-1.115266332,1.115266332,-1.345385411,1.345385411,-0.003545311,0.003545311,-1.281695522,1.281695522,1.326947942,-1.326947942,-0.931617399,0.931617399,-0.991101369,0.991101369,0.742971123,-0.742971123,0.439997728,-0.439997728,1.83627588,-1.83627588,-0.031910473,0.031910473,-1.517941257,0.821138247,0.128009304,0.778876813,-0.09641058,1.017938193,-0.249625215,0.607287592,-0.074460509,-0.092603247,-0.131465718,0.54421545,-0.046277291,0.022171645,-0.083704483
81019,1530,"(565, 1770]",Grasslands,1.580549605,-1.580549605,-1.778357008,1.778357008,0.70839899,-0.70839899,-0.446306783,0.446306783,-1.198964569,1.198964569,-1.130277236,1.130277236,0.108885299,-0.108885299,-1.221186389,1.221186389,1.589835216,-1.589835216,-0.898665424,0.898665424,-1.116123218,1.116123218,0.726237285,-0.726237285,0.57779261,-0.57779261,2.775485314,-2.775485314,-0.045878222,0.045878222,-2.813079245,1.35908752,0.552997252,0.353534137,-0.041727415,0.738907713,-0.888758408,0.334542391,-0.290134559,-0.138645026,0.010464798,-0.143754366,-0.226677784,0.070641683,0.132245846
81020,951,"(565, 1770]",Grasslands,1.860619637,-1.860619637,-1.869753334,1.869753334,0.647448553,-0.647448553,-0.125311941,0.125311941,-1.364139054,1.364139054,-1.331742317,1.331742317,0.331789816,-0.331789816,-0.96595379,0.96595379,1.377273374,-1.377273374,-0.955356378,0.955356378,-1.219856429,1.219856429,0.728450245,-0.728450245,0.531877134,-0.531877134,2.707853375,-2.707853375,-0.146621887,0.146621887,-2.672984996,0.055674081,0.561320996,0.307499278,0.16140402,0.336704912,-0.32885529,0.056459794,0.024573774,-0.604655428,0.110296239,0.002011767,-0.160129767,0.080993727,-0.113474526
81021,596,"(565, 1770]",Grasslands,1.976330223,-1.976330223,-2.182769979,2.182769979,0.453039269,-0.453039269,-0.132808683,0.132808683,-1.485373622,1.485373622,-1.16741458,1.16741458,0.235709737,-0.235709737,-1.075680032,1.075680032,1.474119258,-1.474119258,-0.996520943,0.996520943,-1.355213944,1.355213944,0.561779842,-0.561779842,0.431622636,-0.431622636,2.6288451,-2.6288451,-0.091874137,0.091874137,-2.900715588,0.507087409,0.444918938,-0.144819069,0.23887199,0.808357891,-0.284345533,-0.101801122,0.589808115,-0.85953952,0.205898307,0.357399274,-0.236862382,-0.270019804,-0.266814942
81022,958,"(565, 1770]",Grasslands,1.474355872,-1.474355872,-1.806898963,1.806898963,0.52550927,-0.52550927,-0.173081274,0.173081274,-1.1128456,1.1128456,-1.366873836,1.366873836,0.190064535,-0.190064535,-1.199582144,1.199582144,1.321946538,-1.321946538,-0.857448947,0.857448947,-1.241469329,1.241469329,0.744202825,-0.744202825,0.374896944,-0.374896944,2.295044196,-2.295044196,-0.118044528,0.118044528,-1.874760281,0.817800235,0.387796332,0.733487,0.123309672,0.194191729,-0.257271041,0.355919491,0.067812172,-0.628719671,-0.235065048,0.315009083,-0.051685918,0.003071056,-0.056332234
81101,185,"[31, 565]",Tundra,2.83929435,-2.83929435,-3.360851413,3.360851413,0.37309609,-0.37309609,-0.043398288,0.043398288,-1.409837713,1.409837713,-2.341035518,2.341035518,0.983515742,-0.983515742,-0.261834573,0.261834573,1.480103511,-1.480103511,-0.532965208,0.532965208,-2.484765636,2.484765636,0.902843319,-0.902843319,1.798610375,-1.798610375,4.041374822,-4.041374822,-0.130358724,0.130358724,-3.339043121,-3.187677783,3.558428237,-2.697612354,-1.785098745,-2.378678006,-2.339751822,0.744798146,0.807877905,0.425732039,-1.260809838,-0.67537244,-0.154672507,-0.309070879,-0.050382568
81102,384,"[31, 565]",Tundra,1.719854901,-1.719854901,-3.229811155,3.229811155,0.435610606,-0.435610606,0.164497913,-0.164497913,-1.782877555,1.782877555,-1.620572131,1.620572131,0.260897984,-0.260897984,-0.747747613,0.747747613,0.96284245,-0.96284245,-1.016444494,1.016444494,-1.509524087,1.509524087,0.897592078,-0.897592078,0.871991756,-0.871991756,3.15981222,-3.15981222,-0.015883687,0.015883687,-2.579330222,-1.990686862,1.869919317,-0.372779413,-1.316615699,0.809899075,0.334042241,-0.091529166,0.516980152,-0.594188368,-0.080287409,0.343548951,-0.165715945,0.097654849,0.145922142
81103,368,"[31, 565]",Tundra,1.533784118,-1.533784118,-3.526513788,3.526513788,0.448475394,-0.448475394,0,0,-1.75741323,1.75741323,-1.631272521,1.631272521,0.460081885,-0.460081885,-0.602012531,0.602012531,0.96094158,-0.96094158,-1.178422475,1.178422475,-1.848178174,1.848178174,0.577981304,-0.577981304,1.389447121,-1.389447121,3.344339654,-3.344339654,0.132525644,-0.132525644,-3.258101692,-2.310292073,2.495106613,-2.25534368,-1.136801565,1.139124314,0.236926697,0.413996663,0.607066096,0.11470625,-1.204994186,0.053074289,-0.016302104,0.064822858,0.167303945
81104,386,"[31, 565]",Tundra,1.877634642,-1.877634642,-3.477342748,3.477342748,0.488755194,-0.488755194,0.110709687,-0.110709687,-1.767712125,1.767712125,-1.665737123,1.665737123,0.422216883,-0.422216883,-0.625252553,0.625252553,1.023616261,-1.023616261,-0.892199412,0.892199412,-1.705664876,1.705664876,0.892199412,-0.892199412,0.996703189,-0.996703189,3.676053658,-3.676053658,-0.005266524,0.005266524,-2.835914305,-2.143077022,2.261448939,-0.902956303,-1.629598552,0.37568057,-0.078848704,-0.036006103,0.730799282,-0.728798429,-0.20246278,-0.061197267,-0.095186191,0.109600748,0.288414301
81105,434,"[31, 565]",Tundra,1.821790097,-1.821790097,-2.678537048,2.678537048,0.428112902,-0.428112902,0.244860291,-0.244860291,-1.655969354,1.655969354,-1.587934229,1.587934229,0.159644,-0.159644,-0.702206189,0.702206189,1.191848426,-1.191848426,-1.077322196,1.077322196,-1.231606856,1.231606856,0.712799553,-0.712799553,0.734102667,-0.734102667,2.678537048,-2.678537048,-0.112569877,0.112569877,-2.666524289,-1.703801782,0.708492254,-0.11100275,-0.337019104,0.813954854,0.135258522,0.186087915,0.498195413,-0.394435984,0.228812123,0.512339156,-0.266529731,-0.010665296,0.03188132
81106,450,"[31, 565]",Tundra,2.069123172,-2.069123172,-2.287903304,2.287903304,0.245728925,-0.245728925,-0.022228176,0.022228176,-1.366004951,1.366004951,-1.921508995,1.921508995,0.484949072,-0.484949072,-0.428768197,0.428768197,1.159106425,-1.159106425,-0.994887153,0.994887153,-1.379786147,1.379786147,0.87411951,-0.87411951,0.87411951,-0.87411951,2.814115408,-2.814115408,-0.138027736,0.138027736,-2.501199583,-1.984960816,0.985629983,-0.121509994,-0.58489658,-0.416457012,-0.322541601,0.282649446,-0.217737103,-0.096262406,-0.458841989,-0.187622836,0.325949103,-0.380342714,-0.09192517
81107,165,"[31, 565]",Tundra,1.405624101,-1.405624101,-3.924671102,3.924671102,0.48697311,-0.48697311,-0.258585728,0.258585728,-1.9601346,1.9601346,-2.078470691,2.078470691,0.333689315,-0.333689315,-0.67334691,0.67334691,1.087816424,-1.087816424,-0.871757425,0.871757425,-2.078470691,2.078470691,0.67334691,-0.67334691,1.405624101,-1.405624101,2.71274904,-2.71274904,0.012245601,-0.012245601,-2.975234527,-2.273806916,2.963303627,-1.82758239,-1.704034038,0.363306696,-0.327502308,-0.173636124,1.704036848,1.213164173,-1.216297589,0.278584489,0.370085613,-0.098605101,-0.109207658
81108,393,"[31, 565]",Tundra,1.756453322,-1.756453322,-3.126010394,3.126010394,0.379046244,-0.379046244,-0.015393682,0.015393682,-1.478073797,1.478073797,-1.777035872,1.777035872,0.368421429,-0.368421429,-0.722582738,0.722582738,1.07217996,-1.07217996,-0.890984909,0.890984909,-1.316662114,1.316662114,0.903454785,-0.903454785,0.805428265,-0.805428265,2.663905969,-2.663905969,0.025657037,-0.025657037,-2.018613954,-1.493338818,1.192453955,-0.154466414,-1.389168154,0.412715253,-0.105923847,0.290913797,0.232442511,-0.201043213,-0.236842762,0.013309744,0.238646869,0.028374754,-0.193346748
81110,1781,"(1770, 12201]",Tundra,1.975046888,-1.975046888,-1.928161947,1.928161947,0.330927268,-0.330927268,-0.126123082,0.126123082,-1.487757562,1.487757562,-1.912892221,1.912892221,0.417887646,-0.417887646,-0.361323546,0.361323546,1.491536804,-1.491536804,-0.983484611,0.983484611,-0.767486187,0.767486187,0.592019238,-0.592019238,0.499187003,-0.499187003,2.369398873,-2.369398873,-0.337927864,0.337927864,-2.704374274,-1.458275453,-0.976157676,0.627165031,0.476813777,-0.004634551,-0.584296361,-0.279406501,0.401131487,0.32991053,0.327295639,-0.54810534,0.416002527,-0.376245102,-0.155965498
81111,743,"(565, 1770]",Tundra,2.091551598,-2.091551598,-3.131062027,3.131062027,0.497438755,-0.497438755,0.144573835,-0.144573835,-1.850707823,1.850707823,-1.739274216,1.739274216,0.491652777,-0.491652777,-0.503232902,0.503232902,1.149240234,-1.149240234,-1.119661817,1.119661817,-1.606284649,1.606284649,0.774473367,-0.774473367,1.033467449,-1.033467449,3.131062027,-3.131062027,-0.128159269,0.128159269,-3.197478245,-2.600643845,1.78463393,-0.943251398,-0.726897159,0.485640683,-0.172639999,-0.264942088,0.612204598,-0.290032437,-0.167702511,0.191912508,-0.025575449,-0.005574936,-0.13071843
81112,620,"(565, 1770]",Tundra,1.536007919,-1.536007919,-3.863300394,3.863300394,0.410071319,-0.410071319,0.130643537,-0.130643537,-1.859876109,1.859876109,-1.581427179,1.581427179,0.302335591,-0.302335591,-0.54118813,0.54118813,0.937118368,-0.937118368,-1.113400086,1.113400086,-1.502798341,1.502798341,0.796214552,-0.796214552,1.193906319,-1.193906319,2.728110674,-2.728110674,0.013045989,-0.013045989,-2.609824306,-2.647189719,2.253346857,-1.158793513,-1.191911282,1.495874735,0.223939057,0.256978021,0.627362234,0.113749645,-0.148454522,0.21147758,0.173265914,0.097352732,-0.007455744
81113,154,"[31, 565]",Tundra,2.285647431,-2.285647431,-3.863300394,3.863300394,0.842295755,-0.842295755,-0.355947873,0.355947873,-1.946521578,1.946521578,-1.628247689,1.628247689,0.355947873,-0.355947873,-0.905089693,0.905089693,1.628247689,-1.628247689,-0.691650548,0.691650548,-1.72658632,1.72658632,0.842295755,-0.842295755,1.139863766,-1.139863766,4.882519352,-4.882519352,0.249151187,-0.249151187,-4.294072837,-0.766996256,2.183506845,-1.742149925,-3.044879882,0.488338196,-1.519192776,-0.433654402,1.014391885,-0.239144209,-0.051240426,-0.566411668,-0.578884219,0.345545121,0.438363529
81114,411,"[31, 565]",Tundra,1.989860215,-1.989860215,-2.562540159,2.562540159,0.435150417,-0.435150417,-0.038951421,0.038951421,-1.492413772,1.492413772,-1.757949243,1.757949243,0.294202584,-0.294202584,-0.743191678,0.743191678,1.1286322,-1.1286322,-0.939873216,0.939873216,-1.352468382,1.352468382,0.86867112,-0.86867112,0.86867112,-0.86867112,2.900774671,-2.900774671,0.038951421,-0.038951421,-2.58745744,-1.347257614,1.193356423,-0.211534517,-1.224354593,0.202340169,-0.032838274,0.344572379,-0.012949313,-0.09465358,-0.329171372,0.030679483,-0.078405561,-0.050707886,-0.14005533
81201,3692,"(1770, 12201]",Mediterranean Scrub,1.928566874,-1.928566874,-1.039287492,1.039287492,0.222694461,-0.222694461,-0.260385138,0.260385138,-1.142315319,1.142315319,-1.624386995,1.624386995,0.501904944,-0.501904944,-0.739954605,0.739954605,1.844934728,-1.844934728,-0.733716477,0.733716477,-0.910187937,0.910187937,0.552223613,-0.552223613,0.38487353,-0.38487353,2.727692162,-2.727692162,0.273730399,-0.273730399,-2.796960071,1.095320746,-1.575946657,-0.670564089,-0.656062272,-0.638632552,-0.499689725,0.432378692,-0.538484106,0.014287157,0.417670956,-0.296979218,0.017937358,-0.275890553,-0.129158108
81202,500,"[31, 565]",Mediterranean Scrub,1.289957347,-1.289957347,-0.943877196,0.943877196,0.6349734,-0.6349734,-0.495866307,0.495866307,-1.197476255,1.197476255,-1.231606856,1.231606856,0.132726219,-0.132726219,-1.056237064,1.056237064,1.602255034,-1.602255034,-0.808404359,0.808404359,-0.924047309,0.924047309,0.419714376,-0.419714376,0.487338926,-0.487338926,2.07610472,-2.07610472,0.068300454,-0.068300454,-2.775643602,1.824594735,-0.608657791,-0.02182172,0.480048699,0.443583877,-0.027622939,0.588507574,-0.06507713,0.628255099,0.061981126,-0.310693934,-0.004573394,-0.021609607,-0.021901906
81203,1378,"(565, 1770]",Mediterranean Scrub,0.916823287,-0.916823287,-1.088965385,1.088965385,-0.08265081,0.08265081,-0.434758824,0.434758824,-1.225146584,1.225146584,-1.679254093,1.679254093,0.466347491,-0.466347491,-1.376945992,1.376945992,1.358380074,-1.358380074,-0.591920568,0.591920568,-0.991647734,0.991647734,0.559324621,-0.559324621,0.148961665,-0.148961665,1.960602996,-1.960602996,-0.08866939,0.08866939,-1.131252343,1.651018705,-0.788942463,0.717305209,0.107892203,-0.40134529,0.253419815,-0.604888538,0.486177105,0.230056238,-0.360026134,-0.282753857,-0.233867708,-0.346767931,-0.076090052
81204,1325,"(565, 1770]",Mediterranean Scrub,1.995978705,-1.995978705,-0.946536264,0.946536264,0.416124997,-0.416124997,-0.365247779,0.365247779,-1.209244197,1.209244197,-1.490048954,1.490048954,0.374749807,-0.374749807,-0.742576425,0.742576425,1.703059486,-1.703059486,-0.777830725,0.777830725,-0.92761592,0.92761592,0.416124997,-0.416124997,0.619068813,-0.619068813,2.674063568,-2.674063568,0.085770677,-0.085770677,-3.197183843,0.850051801,-0.926314086,-0.561679543,0.128001456,-0.248217877,-0.403926878,0.651600632,-0.208053488,0.470485429,0.113972895,-0.726926752,-0.203828096,-0.284957813,-0.107530127
81205,1171,"(565, 1770]",Mediterranean Scrub,1.846691726,-1.846691726,-0.721701451,0.721701451,0.224645495,-0.224645495,-0.295196676,0.295196676,-1.199073323,1.199073323,-1.628702283,1.628702283,0.460586762,-0.460586762,-0.879880831,0.879880831,1.774911891,-1.774911891,-0.765374281,0.765374281,-0.838393544,0.838393544,0.464243797,-0.464243797,0.305838298,-0.305838298,2.455533904,-2.455533904,0.224645495,-0.224645495,-2.733525521,1.331994676,-1.794482973,-0.391197794,-0.272832212,-0.512836546,-0.119132939,0.220280776,-0.376791637,0.194290821,0.28078375,-0.241401064,-0.152261542,-0.276916043,-0.271028501
81206,761,"(565, 1770]",Mediterranean Scrub,1.523638683,-1.523638683,-0.689645505,0.689645505,0.323875368,-0.323875368,-0.373517599,0.373517599,-1.25557743,1.25557743,-1.443741708,1.443741708,0.462949271,-0.462949271,-0.988365667,0.988365667,1.686902611,-1.686902611,-0.713795533,0.713795533,-0.961458681,0.961458681,0.446052076,-0.446052076,0.401290658,-0.401290658,2.227362402,-2.227362402,0.269174961,-0.269174961,-2.636849559,1.740593875,-1.172597936,-0.670251418,-0.187530644,-0.299879364,0.200943533,0.269952879,-0.292719394,0.429742508,0.271041793,-0.254237658,-0.131344505,-0.111705006,-0.267742887
81207,2596,"(1770, 12201]",Mediterranean Scrub,1.921081515,-1.921081515,-0.555844994,0.555844994,0.4059294,-0.4059294,-0.336720974,0.336720974,-1.314600848,1.314600848,-1.347526683,1.347526683,0.474466111,-0.474466111,-0.89038904,0.89038904,1.666857612,-1.666857612,-0.82898673,0.82898673,-1.066658056,1.066658056,0.418907033,-0.418907033,0.494243856,-0.494243856,2.689564551,-2.689564551,0.169133527,-0.169133527,-3.291125673,1.334071297,-0.81350924,-0.751009431,0.181574825,-0.288418003,0.128000193,0.232655148,-0.350277313,0.106980513,0.189921735,-0.417411336,-0.332331343,-0.220689926,-0.202030995
81208,3099,"(1770, 12201]",Mediterranean Scrub,1.728238057,-1.728238057,-1.143115095,1.143115095,0.227994902,-0.227994902,-0.273185362,0.273185362,-1.104245597,1.104245597,-1.62236694,1.62236694,0.411997637,-0.411997637,-0.801114451,0.801114451,1.809713397,-1.809713397,-0.827252369,0.827252369,-0.941117644,0.941117644,0.494615868,-0.494615868,0.391568266,-0.391568266,2.658972919,-2.658972919,0.087065466,-0.087065466,-2.715734077,0.935789078,-1.43301101,-0.3470068,-0.03801725,-0.411915142,-0.698566308,0.346550693,-0.281820413,0.032428905,0.079117256,-0.205991549,0.013493668,-0.343350297,0.047088456
81209,5182,"(1770, 12201]",Mediterranean Scrub,1.493737298,-1.493737298,-1.121943327,1.121943327,0.161361831,-0.161361831,-0.234160226,0.234160226,-1.118774717,1.118774717,-1.675432112,1.675432112,0.468712464,-0.468712464,-0.834701833,0.834701833,1.685791304,-1.685791304,-0.844931641,0.844931641,-0.924493013,0.924493013,0.4678852,-0.4678852,0.327668114,-0.327668114,2.548997339,-2.548997339,0.05682022,-0.05682022,-2.395199115,0.823334399,-1.522280442,-0.232688057,0.099294359,-0.379826708,-0.361628173,0.17360478,-0.172067736,-0.027115727,-0.092759255,-0.185723635,0.042505392,-0.297696645,0.082024241
81210,2042,"(1770, 12201]",Mediterranean Scrub,1.718757699,-1.718757699,-1.123749304,1.123749304,0.5102876,-0.5102876,-0.377563189,0.377563189,-1.180560332,1.180560332,-1.515230729,1.515230729,0.228026369,-0.228026369,-0.846807156,0.846807156,1.594065196,-1.594065196,-0.800238462,0.800238462,-0.837425175,0.837425175,0.550500803,-0.550500803,0.408336059,-0.408336059,2.245203999,-2.245203999,0.102753434,-0.102753434,-2.67506742,1.085720891,-1.043639428,0.197129274,-0.120324836,-0.004789285,-0.138893809,0.534095307,-0.263165219,0.357913404,0.190795144,-0.336941105,0.159283217,-0.14821339,-0.201798606
81211,3914,"(1770, 12201]",Mediterranean Scrub,1.826963423,-1.826963423,-1.255023066,1.255023066,0.381284713,-0.381284713,-0.215740037,0.215740037,-1.279067986,1.279067986,-1.565406802,1.565406802,0.358889521,-0.358889521,-0.725453528,0.725453528,1.587187347,-1.587187347,-0.852642268,0.852642268,-0.878602087,0.878602087,0.548838251,-0.548838251,0.489340947,-0.489340947,2.430456135,-2.430456135,0.052063605,-0.052063605,-2.746626567,0.371507582,-0.950707044,-0.112824632,-0.025519449,-0.067168225,-0.172551653,0.376184076,-0.224432421,0.210817534,0.305023233,-0.324786715,0.005168929,-0.186544572,-0.152265341
81212,893,"(565, 1770]",Mediterranean Scrub,0.945955141,-0.945955141,-1.039761413,1.039761413,-0.030069593,0.030069593,-0.483333223,0.483333223,-1.261470933,1.261470933,-1.514684862,1.514684862,0.45889699,-0.45889699,-1.372490217,1.372490217,1.460828872,-1.460828872,-0.628156303,0.628156303,-1.094413436,1.094413436,0.638366725,-0.638366725,0.113452231,-0.113452231,2.179485232,-2.179485232,0.164584385,-0.164584385,-1.521270729,2.216851477,-0.706852629,0.224138186,-0.550346536,-0.295443046,0.388186667,-0.598729289,0.023820355,-0.021106911,-0.094678953,-0.019854934,-0.059082163,-0.307510587,-0.071609636
81213,441,"[31, 565]",Mediterranean Scrub,1.373833766,-1.373833766,-0.601843111,0.601843111,0.461442938,-0.461442938,-0.674180405,0.674180405,-1.574210686,1.574210686,-1.388396286,1.388396286,0.363899096,-0.363899096,-1.208039625,1.208039625,1.658743613,-1.658743613,-0.846509999,0.846509999,-1.1431945,1.1431945,0.431972931,-0.431972931,0.344608204,-0.344608204,2.681003548,-2.681003548,0.079508218,-0.079508218,-3.375363087,2.039675697,-0.5179059,-0.208484603,0.103123474,0.052422441,0.203480125,-0.917706804,0.172105231,0.49744321,-0.112548331,-0.30611723,-0.228506628,-0.222622233,-0.045632136
81214,2507,"(1770, 12201]",Mediterranean Scrub,1.581749598,-1.581749598,-0.883389285,0.883389285,0.181955628,-0.181955628,-0.400188778,0.400188778,-1.126248004,1.126248004,-1.524781591,1.524781591,0.410451808,-0.410451808,-1.045740513,1.045740513,1.796963394,-1.796963394,-0.820710027,0.820710027,-1.037223861,1.037223861,0.436204185,-0.436204185,0.337336246,-0.337336246,2.7208054,-2.7208054,0.223433412,-0.223433412,-2.787900443,1.770324439,-1.37956567,-0.606028849,-0.229066134,-0.309094756,-0.357364151,0.166013596,-0.326362692,0.020666591,-0.182767785,-0.100732336,-0.170240775,-0.357093326,0.009365501
81215,6243,"(1770, 12201]",Mediterranean Scrub,1.597884144,-1.597884144,-1.319461557,1.319461557,0.22429924,-0.22429924,-0.166039024,0.166039024,-1.229284469,1.229284469,-1.656942077,1.656942077,0.456093411,-0.456093411,-0.742637875,0.742637875,1.618876475,-1.618876475,-0.830862399,0.830862399,-0.870280064,0.870280064,0.529776241,-0.529776241,0.403823244,-0.403823244,2.421364141,-2.421364141,0.058045434,-0.058045434,-2.392463071,0.389670537,-1.282325889,-0.202712813,-0.052885349,-0.217798219,-0.22631601,0.230891548,-0.156453009,0.094274533,0.231175951,-0.234492257,0.05878715,-0.199709278,-0.04198961
81216,2856,"(1770, 12201]",Mediterranean Scrub,1.724975906,-1.724975906,-1.102584573,1.102584573,0.291866244,-0.291866244,-0.270132916,0.270132916,-1.217927349,1.217927349,-1.615741773,1.615741773,0.395763744,-0.395763744,-0.736180785,0.736180785,1.602956727,-1.602956727,-0.888012429,0.888012429,-0.903539325,0.903539325,0.544378695,-0.544378695,0.473187137,-0.473187137,2.555911969,-2.555911969,-0.002841294,0.002841294,-2.727579732,0.412984061,-1.004624383,-0.031982278,0.153657831,-0.215722475,-0.303323334,0.231364455,-0.326269971,0.195191527,0.050595342,-0.382308018,0.02930405,-0.300214051,-0.000931479
81217,2506,"(1770, 12201]",Mediterranean Scrub,2.103918798,-2.103918798,-1.198688809,1.198688809,0.330141158,-0.330141158,-0.300476089,0.300476089,-1.138690921,1.138690921,-1.636237262,1.636237262,0.361611524,-0.361611524,-0.78099641,0.78099641,1.752722113,-1.752722113,-0.822361486,0.822361486,-0.745778053,0.745778053,0.477528009,-0.477528009,0.343371223,-0.343371223,2.894106853,-2.894106853,0.098956622,-0.098956622,-2.953218623,0.833900969,-1.748055863,-0.02644194,-0.253015871,-0.206670209,-0.594015663,0.400910365,-0.254337055,-0.08606687,0.145806949,-0.574826481,-0.128909065,-0.310292431,-0.095378582
81218,1140,"(565, 1770]",Mediterranean Scrub,1.748321449,-1.748321449,-1.174273551,1.174273551,0.371479243,-0.371479243,-0.298492989,0.298492989,-1.264994443,1.264994443,-1.607841955,1.607841955,0.313021211,-0.313021211,-0.752121183,0.752121183,1.666402464,-1.666402464,-0.885827609,0.885827609,-0.780790785,0.780790785,0.438008656,-0.438008656,0.452918419,-0.452918419,2.295652024,-2.295652024,0.065670075,-0.065670075,-2.842636667,0.620926248,-1.419892604,-0.142138507,0.126719601,0.086198586,-0.222301529,0.357178072,-0.125282162,0.481560853,0.174596514,-0.330862027,0.046339498,-0.239350833,-0.188736422
81219,1016,"(565, 1770]",Mediterranean Scrub,1.36648443,-1.36648443,-0.598957434,0.598957434,0.232111288,-0.232111288,-0.416265334,0.416265334,-1.15245542,1.15245542,-1.693014167,1.693014167,0.333739573,-0.333739573,-1.136144643,1.136144643,1.548520211,-1.548520211,-0.718651824,0.718651824,-0.995022229,0.995022229,0.504454079,-0.504454079,0.276650365,-0.276650365,2.380613513,-2.380613513,0.147677575,-0.147677575,-2.290757238,1.681012199,-1.220201456,0.130230138,-0.231200947,-0.605429386,0.22776912,0.052244266,-0.157208627,0.314797648,-0.369721179,-0.139227827,-0.189374871,-0.254701464,-0.033409184
81220,1502,"(565, 1770]",Mediterranean Scrub,1.812135275,-1.812135275,-1.332669406,1.332669406,0.183196114,-0.183196114,-0.237930646,0.237930646,-1.149836424,1.149836424,-1.50974202,1.50974202,0.418747353,-0.418747353,-0.770829925,0.770829925,1.778892565,-1.778892565,-0.8470079,0.8470079,-0.840572983,0.840572983,0.348559186,-0.348559186,0.370919092,-0.370919092,2.639655562,-2.639655562,0.287494597,-0.287494597,-2.834658623,1.129238663,-1.86511328,-0.91827291,-0.326572641,0.088168296,-0.25155914,0.619793278,-0.208724085,-0.067452144,0.188167795,-0.27844704,-0.001763247,-0.330907155,-0.128555168
81221,4760,"(1770, 12201]",Mediterranean Scrub,1.291131183,-1.291131183,-1.03428937,1.03428937,0.186480869,-0.186480869,-0.304868181,0.304868181,-1.05750969,1.05750969,-1.59678665,1.59678665,0.428978481,-0.428978481,-0.9907533,0.9907533,1.529923396,-1.529923396,-0.750284793,0.750284793,-0.953360425,0.953360425,0.578548042,-0.578548042,0.346811185,-0.346811185,2.200413253,-2.200413253,0.119707495,-0.119707495,-1.905437878,1.24548258,-1.032204298,0.001188018,-0.130608786,-0.374571357,-0.021855301,0.353388909,-0.375158089,0.140916363,-0.132668538,-0.171694779,0.077170437,-0.18780179,-0.041368526
81222,3311,"(1770, 12201]",Mediterranean Scrub,1.690116662,-1.690116662,-1.032995376,1.032995376,0.298884384,-0.298884384,-0.224208494,0.224208494,-1.274659191,1.274659191,-1.58250132,1.58250132,0.485858931,-0.485858931,-0.684322602,0.684322602,1.595536343,-1.595536343,-0.826404299,0.826404299,-0.911630394,0.911630394,0.498849688,-0.498849688,0.484562081,-0.484562081,2.464574563,-2.464574563,0.145229868,-0.145229868,-2.73043323,0.535139625,-1.127942242,-0.521536779,-0.099732891,-0.271329506,0.06283099,0.338149572,-0.332024398,0.248309933,0.256921998,-0.393313594,0.058509886,-0.183055244,-0.112496132
81301,74,"[31, 565]",Deserts & Drylands,1.525011455,-1.525011455,-1.114240466,1.114240466,0.774818838,-0.774818838,-0.712218105,0.712218105,-1.621098316,1.621098316,-1.114240466,1.114240466,0.473475137,-0.473475137,-0.774818838,0.774818838,1.954720088,-1.954720088,-1.723801399,1.723801399,-1.189156145,1.189156145,0.191985551,-0.191985551,0.416037442,-0.416037442,4.207221031,-4.207221031,-0.30306693,0.30306693,-5.467028464,0.761752868,-0.78653974,-0.614148034,1.858683728,1.477888504,-1.110932421,-1.70169347,-0.231418677,-0.650849398,-0.873437283,-0.402288981,0.253389909,-0.348743195,0.7712355
81302,940,"(565, 1770]",Deserts & Drylands,1.010681286,-1.010681286,-1.660837895,1.660837895,0.81648912,-0.81648912,-0.39749329,0.39749329,-1.305456988,1.305456988,-1.04381414,1.04381414,0.437792812,-0.437792812,-1.194004463,1.194004463,1.466200742,-1.466200742,-0.836741286,0.836741286,-1.305456988,1.305456988,0.771488696,-0.771488696,0.645393384,-0.645393384,2.367514891,-2.367514891,-0.247813559,0.247813559,-2.285299437,1.072333025,1.375881719,0.253848589,0.748739409,0.43397493,-0.698664099,-0.164197203,-0.075055607,-0.023002344,0.150525027,-0.242591548,-0.005936862,0.42725777,0.180991727
81303,1115,"(565, 1770]",Deserts & Drylands,1.249557952,-1.249557952,-0.571313183,0.571313183,0.304086143,-0.304086143,-0.428166492,0.428166492,-1.244316111,1.244316111,-1.449651369,1.449651369,0.671278394,-0.671278394,-0.985212008,0.985212008,1.59166437,-1.59166437,-0.795715419,0.795715419,-1.324614029,1.324614029,0.6389582,-0.6389582,0.382718529,-0.382718529,2.718401059,-2.718401059,0.145685761,-0.145685761,-2.612187287,1.57024387,-0.25097495,-0.556551729,-0.092836115,-0.803983128,0.084722493,-0.389892197,-0.594600954,-0.129564832,-0.13818783,-0.180082037,0.140076193,-0.131905722,0.105282159
81304,76,"[31, 565]",Deserts & Drylands,0.460391805,-0.460391805,-1.467702443,1.467702443,-0.186835686,0.186835686,-0.460391805,0.460391805,-0.942284468,0.942284468,-1.149836424,1.149836424,1.755363956,-1.755363956,-0.942284468,0.942284468,1.98526708,-1.98526708,-0.24067603,0.24067603,-1.98526708,1.98526708,0.813935207,-0.813935207,1.224119873,-1.224119873,1.98526708,-1.98526708,0.404633507,-0.404633507,-0.982448914,1.966918899,2.009810581,-3.914825429,-0.586632739,-1.884152704,-1.578071623,0.397230282,-1.143554687,0.850828471,0.360331431,-0.704084094,0.417664871,0.25623333,-0.157221419
81305,447,"[31, 565]",Deserts & Drylands,1.150825536,-1.150825536,-1.054292118,1.054292118,0.950804314,-0.950804314,-0.819742947,0.819742947,-1.278773625,1.278773625,-1.265567427,1.265567427,0.162930264,-0.162930264,-1.239443688,1.239443688,1.78857565,-1.78857565,-0.725697566,0.725697566,-1.007683394,1.007683394,0.402752566,-0.402752566,0.516991222,-0.516991222,1.75225266,-1.75225266,-0.099430651,0.099430651,-2.922990077,2.390571663,-0.241050245,0.249551676,0.809297007,0.378187527,-0.756663915,0.05064253,0.4514442,1.289945164,-0.065583896,-0.448284043,0.196931869,0.164574942,-0.248944231
81306,333,"[31, 565]",Deserts & Drylands,1.565493917,-1.565493917,-0.273044412,0.273044412,0.69617438,-0.69617438,-0.709787284,0.709787284,-1.720910723,1.720910723,-1.386320744,1.386320744,0.397102594,-0.397102594,-0.96752687,0.96752687,2.064880904,-2.064880904,-1.075977989,1.075977989,-1.312575134,1.312575134,0.472951233,-0.472951233,0.602522549,-0.602522549,3.254111765,-3.254111765,0.0180912,-0.0180912,-4.769576464,1.573874111,-0.232161572,-0.825154694,0.413617389,-0.177861191,-0.718863042,-1.265146975,-0.333392496,0.82154235,0.075971957,-0.063570155,-0.224885219,-0.18532225,0.27843997
81307,725,"(565, 1770]",Deserts & Drylands,1.683174979,-1.683174979,-0.529077495,0.529077495,0.631800233,-0.631800233,-0.434837743,0.434837743,-1.222115536,1.222115536,-1.50490496,1.50490496,0.423198328,-0.423198328,-0.998361454,0.998361454,1.611320568,-1.611320568,-0.874670975,0.874670975,-1.353340812,1.353340812,0.458204697,-0.458204697,0.325313757,-0.325313757,2.762634265,-2.762634265,-0.223319941,0.223319941,-3.159350763,1.25987176,-0.33808936,0.280261538,1.04362962,-0.806842309,-0.355871787,-0.34751585,0.245582125,-0.252751781,-0.512325377,-0.210028391,-0.023951293,-0.243888695,0.071067285
81308,433,"[31, 565]",Deserts & Drylands,1.552922342,-1.552922342,-0.709059255,0.709059255,1.080594946,-1.080594946,-0.496203015,0.496203015,-1.536942765,1.536942765,-1.722814084,1.722814084,0.341347211,-0.341347211,-0.927187521,0.927187521,1.32855848,-1.32855848,-0.927187521,0.927187521,-1.220080152,1.220080152,0.859762442,-0.859762442,0.545730138,-0.545730138,2.446064013,-2.446064013,-0.476561109,0.476561109,-3.06595149,-0.077774121,0.900602254,1.594893857,0.832877246,-0.691169517,-0.266168776,-0.980392215,-0.003433878,0.595198769,-0.276193414,-0.352758056,0.153456881,0.285170921,-0.033946068
81309,386,"[31, 565]",Deserts & Drylands,1.499813942,-1.499813942,-1.272998857,1.272998857,0.480838803,-0.480838803,-0.814747542,0.814747542,-1.664765576,1.664765576,-1.184201266,1.184201266,0.161064819,-0.161064819,-1.257894544,1.257894544,2.146201308,-2.146201308,-1.303599244,1.303599244,-0.926921052,0.926921052,0.513909826,-0.513909826,0.255416951,-0.255416951,3.49298798,-3.49298798,0.036295038,-0.036295038,-4.475778399,2.146515784,-1.045658408,-0.037720133,0.027223576,1.382033505,-1.2264585,-1.642887229,-0.408426724,0.0725414,0.141216952,0.115684128,-0.1650349,-0.378609375,0.346841516
81310,494,"[31, 565]",Deserts & Drylands,1.085177545,-1.085177545,-1.173074198,1.173074198,0.700788015,-0.700788015,-0.860888911,0.860888911,-1.325349011,1.325349011,-1.053190774,1.053190774,0.219956586,-0.219956586,-1.400360236,1.400360236,1.757949243,-1.757949243,-0.803279495,0.803279495,-1.150724993,1.150724993,1.000947499,-1.000947499,0.575207788,-0.575207788,2.58721543,-2.58721543,0.008113898,-0.008113898,-2.801490256,2.43650826,1.139542774,0.608607032,-0.417730277,0.413206817,-1.100084046,-0.583276312,-0.993987744,0.626146109,0.353622016,-0.251169367,0.040478358,0.120940591,0.192291783
81311,52,"[31, 565]",Deserts & Drylands,0.550909996,-0.550909996,-1.200947989,1.200947989,0.550909996,-0.550909996,-0.900811459,0.900811459,-2.029382397,2.029382397,-1.431135328,1.431135328,0.809128888,-0.809128888,-1.200947989,1.200947989,2.231469169,-2.231469169,-0.469030685,0.469030685,-2.473073171,2.473073171,0.996188911,-0.996188911,0.809128888,-0.809128888,1.699450247,-1.699450247,0.469030685,-0.469030685,-3.313133658,2.76459901,2.574554588,-2.611878098,-1.751765054,-1.609882002,-0.86435262,-1.965524837,0.158390185,1.761456104,0.895265464,1.385385971,0.970536285,0.055794017,-0.434940053
81312,204,"[31, 565]",Deserts & Drylands,1.74652306,-1.74652306,-0.247062895,0.247062895,0.773883361,-0.773883361,-0.866541019,0.866541019,-1.464260974,1.464260974,-1.370337568,1.370337568,0.108263691,-0.108263691,-1.115689053,1.115689053,2.150978769,-2.150978769,-0.796739604,0.796739604,-1.49682053,1.49682053,0.843059406,-0.843059406,0.773883361,-0.773883361,3.459200609,-3.459200609,0.187364692,-0.187364692,-4.622195581,2.306676857,0.789018043,-0.504085439,-0.838749608,-0.85016572,-1.357775914,-0.488258866,-0.985000559,1.046181762,0.190092673,0.030980663,-0.293754431,-0.235521274,0.454552087
81313,567,"(565, 1770]",Deserts & Drylands,0.972048367,-0.972048367,-1.22803463,1.22803463,0.192378374,-0.192378374,-0.767169144,0.767169144,-1.526006149,1.526006149,-1.072444312,1.072444312,0.344316934,-0.344316934,-1.28989402,1.28989402,2.026723912,-2.026723912,-1.168200295,1.168200295,-1.11974017,1.11974017,0.417967771,-0.417967771,0.492753754,-0.492753754,2.893085525,-2.893085525,0.278818358,-0.278818358,-3.721721955,2.514047966,-0.594836145,-1.283149276,-0.091386768,1.29035647,-0.67245528,-0.936852398,-0.581621931,0.529138074,-0.065459273,0.182910048,-0.108076394,-0.365354018,0.254510555
81314,223,"[31, 565]",Deserts & Drylands,1.17572084,-1.17572084,-1.536007919,1.536007919,1.252458174,-1.252458174,-0.705222138,0.705222138,-1.278773625,1.278773625,-0.705222138,0.705222138,0.431042568,-0.431042568,-1.200947989,1.200947989,1.388197752,-1.388197752,-0.873490168,0.873490168,-1.101974913,1.101974913,0.725697566,-0.725697566,0.546045915,-0.546045915,3.25563733,-3.25563733,-0.17202547,0.17202547,-3.077613726,1.888362827,1.290443507,0.516941234,0.584946485,1.054365086,-0.516301415,-0.177992511,-0.382496398,-0.53907806,0.060460297,-1.249625736,0.10465816,0.708895276,0.406499554
81315,128,"[31, 565]",Deserts & Drylands,1.160271245,-1.160271245,-1.662614556,1.662614556,1.343498406,-1.343498406,-0.484500336,0.484500336,-1.392464097,1.392464097,-0.763786837,0.763786837,0.417850027,-0.417850027,-1.204377859,1.204377859,1.442917248,-1.442917248,-0.727491987,0.727491987,-1.074968639,1.074968639,0.586544925,-0.586544925,0.586544925,-0.586544925,2.975999184,-2.975999184,-0.31951753,0.31951753,-2.905392405,1.481366929,1.155424451,0.445262693,1.077642089,0.900587626,-0.599981097,-0.085233551,0.454580324,-0.322704192,0.426474874,-1.164314921,-0.26831059,0.924273802,0.379736791
81316,707,"(565, 1770]",Deserts & Drylands,1.836403647,-1.836403647,-2.01560731,2.01560731,0.578595438,-0.578595438,-0.085351263,0.085351263,-1.486870586,1.486870586,-1.359662788,1.359662788,0.362165176,-0.362165176,-0.835944894,0.835944894,1.325035449,-1.325035449,-0.974641296,0.974641296,-1.316486729,1.316486729,0.743255178,-0.743255178,0.628359618,-0.628359618,3.313297938,-3.313297938,0.039811685,-0.039811685,-3.070676551,-0.240875118,0.730643992,-0.337347111,-0.581328064,0.374645081,-0.011016054,0.031254029,-0.110385131,-0.755275353,0.07196803,-0.072202634,-0.188350361,0.081045061,0.180345578
81317,1615,"(565, 1770]",Deserts & Drylands,1.530756417,-1.530756417,-1.42013405,1.42013405,0.855458851,-0.855458851,-0.425881257,0.425881257,-1.342778208,1.342778208,-1.268777828,1.268777828,0.229399655,-0.229399655,-1.142782197,1.142782197,1.513872236,-1.513872236,-0.946101503,0.946101503,-1.159783281,1.159783281,0.677725002,-0.677725002,0.565759526,-0.565759526,2.997328743,-2.997328743,-0.184231502,0.184231502,-3.117727313,0.897256247,0.557420362,0.506177152,0.370789399,0.405147445,-0.62871996,-0.17434224,-0.083175698,-0.11374004,-0.178374157,-0.304095298,-0.281806129,0.219925433,0.252386925
81318,261,"[31, 565]",Deserts & Drylands,1.222663062,-1.222663062,-1.854506114,1.854506114,0.65162941,-0.65162941,-0.534397674,0.534397674,-1.158260136,1.158260136,-1.222663062,1.222663062,0.262513671,-0.262513671,-1.45597721,1.45597721,1.613866372,-1.613866372,-0.900811459,0.900811459,-1.055470726,1.055470726,0.95755326,-0.95755326,0.550909996,-0.550909996,2.848929473,-2.848929473,-0.122986046,0.122986046,-2.246171889,1.465221491,0.821063932,0.85543285,-0.278014413,0.64822117,-1.351309037,-0.271232202,-0.727254576,-0.07787814,-0.111745867,-0.138580476,-0.304236979,0.306092119,0.249717271
81320,1016,"(565, 1770]",Deserts & Drylands,1.629810176,-1.629810176,-0.257619419,0.257619419,0.47128993,-0.47128993,-0.543260986,0.543260986,-1.42013405,1.42013405,-1.426481299,1.426481299,0.560390263,-0.560390263,-0.939333733,0.939333733,1.68896458,-1.68896458,-0.919758519,0.919758519,-1.123916433,1.123916433,0.467095124,-0.467095124,0.488110337,-0.488110337,2.794884854,-2.794884854,0.121299243,-0.121299243,-3.540718747,1.491855689,-0.63892019,-0.612163584,0.26504096,-0.379750891,0.115573558,-0.469119908,-0.539596283,0.415293601,-0.098428346,-0.463354967,-0.150236853,-0.172148113,-0.08410918
81321,392,"[31, 565]",Deserts & Drylands,0.888485596,-0.888485596,-0.837871144,0.837871144,0.158745864,-0.158745864,-0.484500336,0.484500336,-1.311620632,1.311620632,-1.219314472,1.219314472,0.927157364,-0.927157364,-1.061098649,1.061098649,1.623725052,-1.623725052,-0.875733566,0.875733566,-1.42592619,1.42592619,0.575068049,-0.575068049,0.632838867,-0.632838867,2.920236357,-2.920236357,0.287099928,-0.287099928,-2.666844261,1.721572122,0.279405095,-1.743423757,-0.176728509,-0.239975605,0.042590142,-0.483184727,-0.895466032,0.021071238,-0.270519366,-0.359395299,-0.004270766,0.010058185,0.217222526
81322,258,"[31, 565]",Deserts & Drylands,1.904083893,-1.904083893,-0.203418106,0.203418106,0.697501018,-0.697501018,-0.593827043,0.593827043,-1.710972083,1.710972083,-1.137921961,1.137921961,0.509761228,-0.509761228,-1.075294849,1.075294849,1.939084184,-1.939084184,-1.075294849,1.075294849,-1.387425296,1.387425296,0.476637657,-0.476637657,0.593827043,-0.593827043,3.536651768,-3.536651768,0.171954387,-0.171954387,-4.835944549,1.838234797,0.03727564,-1.223667501,0.172072722,-0.027237157,-0.24002542,-1.034426482,-0.604663099,0.135447341,0.174732756,-0.1265522,-0.585616262,-0.08442004,0.070480725
81323,161,"[31, 565]",Deserts & Drylands,1.314369358,-1.314369358,-0.13658516,0.13658516,0.573075848,-0.573075848,-0.738488767,0.738488767,-1.429604833,1.429604833,-1.688542832,1.688542832,0.795741769,-0.795741769,-1.137658493,1.137658493,1.511188676,-1.511188676,-0.363479029,0.363479029,-1.39030515,1.39030515,0.854262019,-0.854262019,0.573075848,-0.573075848,2.265982413,-2.265982413,0.186502196,-0.186502196,-2.360574411,1.962383936,0.680090877,-0.241139499,-0.911044076,-1.812554947,0.243530228,-0.701343546,-0.449179826,1.127778281,0.063305788,-0.7585773,0.04445473,0.212661434,-0.392467203
81324,137,"[31, 565]",Deserts & Drylands,1.095952713,-1.095952713,-1.75225266,1.75225266,0.873490168,-0.873490168,-0.176575713,0.176575713,-1.486453595,1.486453595,-1.17572084,1.17572084,0.803838063,-0.803838063,-0.945195554,0.945195554,1.640185477,-1.640185477,-0.945195554,0.945195554,-1.302124532,1.302124532,0.769702875,-0.769702875,0.702672742,-0.702672742,2.895713717,-2.895713717,-0.416877011,0.416877011,-2.678041289,-0.055428312,1.172729521,-0.143848893,1.150019359,0.119669563,-1.214914426,-0.838899443,-0.031906396,-0.306297043,0.4654531,-0.357903988,-0.117422397,0.696722765,0.385130464
81325,439,"[31, 565]",Deserts & Drylands,0.726653439,-0.726653439,-1.102143235,1.102143235,-0.009283825,0.009283825,-0.424009456,0.424009456,-1.017138766,1.017138766,-1.518311144,1.518311144,0.901246036,-0.901246036,-1.165144087,1.165144087,1.518311144,-1.518311144,-0.716108577,0.716108577,-1.471773731,1.471773731,0.684699217,-0.684699217,0.214343315,-0.214343315,2.54227568,-2.54227568,0.130156046,-0.130156046,-1.418424595,1.891421237,-0.216569145,-0.589918883,-0.219738455,-0.963253241,-0.137674316,-0.564753755,-0.417206328,-0.63460159,-0.593451609,-0.034050539,0.456851671,-0.178359289,0.170798725
81326,101,"[31, 565]",Deserts & Drylands,1.512026078,-1.512026078,-0.798346912,0.798346912,0.446389399,-0.446389399,-0.363222803,0.363222803,-2.082814226,2.082814226,-1.809334614,1.809334614,0.446389399,-0.446389399,-1.149836424,1.149836424,1.512026078,-1.512026078,-1.205270663,1.205270663,-0.992294639,0.992294639,0.661871363,-0.661871363,0.28128112,-0.28128112,2.736069275,-2.736069275,-0.363222803,0.363222803,-3.470869905,-0.206009251,-0.400578186,1.055203006,0.616204648,0.22071271,0.216673939,-2.575735422,0.334563121,0.448308395,0.082138928,0.233710856,-0.566007664,-0.072435659,-0.119891971
81327,289,"[31, 565]",Deserts & Drylands,0.739284169,-0.739284169,-1.100620978,1.100620978,0.203805095,-0.203805095,-0.119201068,0.119201068,-1.045298886,1.045298886,-1.236125141,1.236125141,1.157519733,-1.157519733,-0.804079166,0.804079166,1.519140011,-1.519140011,-0.755339673,0.755339673,-1.927192388,1.927192388,0.820526763,-0.820526763,0.973738644,-0.973738644,2.095316936,-2.095316936,0.04903458,-0.04903458,-1.640942487,0.531609382,1.912858051,-2.033006548,0.553473254,-1.294045225,-0.490746137,0.343128265,-1.023858235,-0.02423193,-0.145077732,0.149994845,0.41029791,0.175962932,0.11130636
81328,192,"[31, 565]",Deserts & Drylands,0.596571583,-0.596571583,-0.998285495,0.998285495,0.21545412,-0.21545412,-0.764965555,0.764965555,-1.529524769,1.529524769,-1.168728063,1.168728063,1.025728639,-1.025728639,-1.423202222,1.423202222,1.811110723,-1.811110723,-0.740317242,0.740317242,-1.323377553,1.323377553,0.504043494,-0.504043494,0.302766128,-0.302766128,2.575210501,-2.575210501,0.128953108,-0.128953108,-2.390086446,2.807037248,-0.104292558,-1.167959028,0.120766332,-0.004743289,-0.306620717,-1.706254327,-0.010959498,0.182963914,0.037439792,-0.466463603,0.031992177,0.112888375,-0.04344696
81329,114,"[31, 565]",Deserts & Drylands,0.758618967,-0.758618967,-0.883512184,0.883512184,0.338816428,-0.338816428,0.159310172,-0.159310172,-1.255234441,1.255234441,-1.015244155,1.015244155,1.307154113,-1.307154113,-0.718251766,0.718251766,1.204772852,-1.204772852,-0.718251766,0.718251766,-2.322003749,2.322003749,0.600305718,-0.600305718,1.415934824,-1.415934824,1.796248849,-1.796248849,-0.302571811,0.302571811,-1.754859489,-0.612242441,3.531826398,-2.679714491,2.208465747,-1.437505792,0.067114311,0.621795122,-0.150273032,0.215272888,-0.268212059,-0.082696199,-0.200686368,0.314107623,0.083045421
81330,1058,"(565, 1770]",Deserts & Drylands,1.249557952,-1.249557952,-1.601257833,1.601257833,0.691650548,-0.691650548,-0.377854578,0.377854578,-1.452581124,1.452581124,-1.211639588,1.211639588,0.397531405,-0.397531405,-1.008252614,1.008252614,1.509083233,-1.509083233,-0.872148953,0.872148953,-1.345149237,1.345149237,0.791404183,-0.791404183,0.700188406,-0.700188406,2.486362455,-2.486362455,-0.350427095,0.350427095,-2.659983183,0.406718432,1.409538553,0.340800032,0.805791631,0.167979119,-0.827142245,-0.450209811,0.074088709,0.184235222,0.253246421,-0.234270493,-0.000432438,0.119520277,0.228287428
81331,121,"[31, 565]",Deserts & Drylands,0.885291257,-0.885291257,-0.967149149,0.967149149,0.233928557,-0.233928557,-0.370102307,0.370102307,-1.095952713,1.095952713,-1.009220633,1.009220633,1.489709043,-1.489709043,-1.140752096,1.140752096,1.729132292,-1.729132292,-0.617723419,0.617723419,-2.765541477,2.765541477,0.617723419,-0.617723419,0.691650548,-0.691650548,2.188384741,-2.188384741,0.301668314,-0.301668314,-2.073034987,2.539128956,2.393530241,-3.434893974,0.316666278,-2.036877455,-0.370009951,-0.331855234,-0.227443005,-0.937940026,-0.587405294,0.731114173,0.736874905,-0.046256923,-0.423722198
81332,212,"[31, 565]",Deserts & Drylands,0.655892851,-0.655892851,-1.147736246,1.147736246,0.134549309,-0.134549309,-0.038389483,0.038389483,-1.095952713,1.095952713,-1.147736246,1.147736246,1.283751399,-1.283751399,-0.831736322,0.831736322,1.431135328,-1.431135328,-0.764489473,0.764489473,-2.076982471,2.076982471,0.509761228,-0.509761228,0.971962624,-0.971962624,2.28752008,-2.28752008,-0.057593068,0.057593068,-1.740593514,0.464833188,1.863772209,-2.596506219,1.332704259,-1.16487552,-0.195916834,0.279642434,-0.224574125,-0.352855524,-0.538902447,-0.058240898,0.152410986,0.110390281,0.22488418
81333,58,"[31, 565]",Deserts & Drylands,0.418991052,-0.418991052,-0.96284245,0.96284245,0.137873714,-0.137873714,-0.347597372,0.347597372,-1.340173132,1.340173132,-1.238549576,1.238549576,0.96284245,-0.96284245,-1.050638633,1.050638633,0.96284245,-0.96284245,-0.491453405,0.491453405,-1.826516946,1.826516946,1.564040277,-1.564040277,0.640483235,-0.640483235,1.564040277,-1.564040277,-0.068855052,0.068855052,-0.359451567,0.739411061,3.400403094,0.508803573,-0.62674968,-1.524525866,0.575892643,-0.866771151,-1.460009816,-0.026213441,0.698645182,0.064613236,0.80237506,0.158352818,-0.030497456
