ECO_ID,SpeciesCount,BiomeType,GF_Her,GF_Shr,GF_Clm,GF_Tre,GF_Bam,LC_Ann,LC_Bie,LC_Per,PH_E,PH_D,RS_T,RS_F,PT_Alt,PT_Opp,PT_Who,LS_S,LS_C,LM_E,LM_L,LV_P,LV_R,SS_Her,SS_Mon,SS_Dio,IF_Sol,IF_Det,IF_Ind,OP_H,OP_E,FS_A,FS_Z,PF_C,PF_S,FT_Ber,FT_Dru,FT_Agg,FT_Dry,FD_D,FD_I,SizeCategory,PC1,PC2,PC3
10105,2053.2,Trop/Subtrop Forests,2.17601490659365,0.553958530200342,0.15639860159929,1.10826926590607,-3.99464130429936,-0.17689923263933,-2.3234800771568,2.50037930979613,0.816676731915329,-0.816676731915329,-0.943887061233822,0.943887061233822,1.47516016516313,0.453437872197566,-1.9285980373607,1.07003308174814,-1.07003308174814,0.56436104506974,-0.56436104506974,-0.306525284444707,0.306525284444707,1.43823891275209,-0.477025324257198,-0.96121358849489,-1.48053516613429,0.318771508729149,1.16176365740514,0.172294182888394,-0.172294182888394,0.377241692515426,-0.377241692515426,0.280972400355443,-0.280972400355443,0.231947012149715,0.566055181476048,-2.52696160618599,1.72895941256022,-0.0864342070750998,0.0864342070750996,"(1497, 8446]",4.11683439707784,-1.9571211548787,-3.31850674376053
10106,449.8,Trop/Subtrop Forests,2.77160241616128,1.62647011185828,2.05546571737664,3.32470352307551,-9.77824176847172,2.52310269804129,-8.14729818529439,5.62419548725311,1.06345403945938,-1.06345403945938,-1.08452685018476,1.08452685018476,1.86431287409949,0.838323224968912,-2.7026360990684,0.823185583739891,-0.823185583739891,0.580930659487905,-0.580930659487905,-0.819871630964715,0.819871630964715,1.22806458461223,-0.731232645225539,-0.496831939386695,-1.66573742458804,0.623424648073867,1.04231277651417,0.466127291431585,-0.466127291431585,0.703289516145698,-0.703289516145698,0.215860721337359,-0.215860721337359,0.575680419407342,0.907457811724347,-2.84204626420602,1.35890803307433,-0.272782017239886,0.272782017239886,"[54, 604]",7.98905130239101,-4.31173375042394,0.89942363739317
10107,371.4,Trop/Subtrop Forests,3.15033898649361,1.84282550322683,2.17495933824945,2.67705128204669,-9.84517511001658,-0.0984880709646121,-2.17792961264445,2.27641768360906,0.769281786423722,-0.769281786423722,-0.935901088450796,0.935901088450796,1.63621577058697,0.636252562988697,-2.27246833357566,0.821507103983852,-0.821507103983852,0.47648614925438,-0.47648614925438,-0.618760676263375,0.618760676263375,1.30143317057524,-0.342329484399935,-0.959103686175306,-1.27223130728449,0.246234826943886,1.0259964803406,0.321678258028465,-0.321678258028465,0.497946891236561,-0.497946891236561,0.329849623246203,-0.329849623246203,0.299876221156751,0.798867387275739,-2.82101919535125,1.72227558691876,-0.236302205472897,0.236302205472896,"[54, 604]",3.94562001417004,-2.5792305590277,-0.373608660006669
10109,178.533333333333,Trop/Subtrop Forests,3.18266800879059,2.36889284044203,1.96342773233387,2.34291735403877,-9.85790593560526,-0.0890209284163483,-1.34178389691172,1.43080482532807,0.582651831583391,-0.582651831583391,0.15507746415192,-0.15507746415192,1.30726739780443,0.151085257314838,-1.45835265511926,0.933330388700586,-0.933330388700587,0.152690824775591,-0.152690824775591,-0.486230501670605,0.486230501670605,1.40453599434964,-0.244122631237742,-1.1604133631119,-0.863339044730206,-0.0978712025906344,0.96121024732084,0.392219300384676,-0.392219300384676,0.681910752633916,-0.681910752633916,0.0594759714306828,-0.0594759714306827,0.31147663192472,0.526588011541666,-2.90739919294348,2.06933454947709,-0.13700098427385,0.13700098427385,"[54, 604]",0.934466153130362,-1.1554177822526,0.112058646490562
10111,449.2,Trop/Subtrop Forests,2.89138104543389,1.47664874899346,2.15037784369631,3.25550481338561,-9.77391245150927,-0.190061823141704,-2.58795709594007,2.77801891908178,1.05831027246079,-1.05831027246079,-1.11231177576217,1.11231177576217,1.66011550990999,0.681893820305347,-2.34200933021534,0.806714966851819,-0.806714966851819,0.547636693701298,-0.547636693701298,-0.707717748013695,0.707717748013695,1.10382306724031,-0.329118982671362,-0.774704084568952,-1.61818667345672,0.49957373252525,1.11861294093147,0.533920315000678,-0.533920315000678,0.576876523673455,-0.576876523673455,0.283060525604435,-0.283060525604435,0.320090841519033,0.714745033522982,-2.60307073920012,1.56823486415811,-0.240322503308,0.240322503308,"[54, 604]",5.26443398125988,-3.68974330974431,0.492808706710723
10113,1731.33333333333,Trop/Subtrop Forests,3.48506487657413,1.3987973698239,1.74306691690514,3.04058311612352,-9.66751227942669,-0.22755862689755,-2.30700016857739,2.53455879547494,1.04361184106095,-1.04361184106095,-0.815708409576438,0.815708409576438,1.5738301193871,0.710057421796395,-2.2838875411835,1.12883934081578,-1.12883934081578,0.824484375595368,-0.824484375595368,-0.595085059426942,0.595085059426942,1.75481936499877,-0.972180584883105,-0.782638780115663,-1.78831344051546,0.72658756514073,1.06172587537473,0.284924482107726,-0.284924482107726,0.597380477526685,-0.597380477526685,0.162488928597739,-0.162488928597739,0.747450769942676,0.947710027423298,-3.39794896307971,1.70278816571373,-0.190003587706326,0.190003587706326,"(1497, 8446]",6.06461986136783,-1.68042575488986,-2.37819485691656
10115,1386.13333333333,Trop/Subtrop Forests,1.45133086088902,-0.135634195693019,0.684852407243528,1.43092198925782,-3.43147106169735,0.13768509245828,-2.48698349970488,2.3492984072466,0.857321082941812,-0.857321082941812,-0.652474360832969,0.652474360832969,1.9353842965891,0.858226942922245,-2.79361123951134,0.826109126521477,-0.826109126521478,0.538219215586894,-0.538219215586894,-0.64344946246527,0.64344946246527,1.22702386183907,-0.447512952806388,-0.77951090903268,-1.59633317394514,0.517241374104152,1.07909179984099,0.515174007331649,-0.515174007331649,0.544059506476136,-0.544059506476136,0.252519843349474,-0.252519843349473,0.206013200910979,0.703263955585901,-2.43679647832283,1.52751932182595,-0.24275390789085,0.242753907890851,"(604, 1497]",5.44776522091202,-2.78106473492524,0.711824625024651
10117,2647.13333333333,Trop/Subtrop Forests,1.79075885939733,0.526125010680243,0.350591508337287,1.48543964545944,-4.1529150238743,0.199858705003451,-2.24248833036575,2.0426296253623,0.8178542518931,-0.8178542518931,-0.679877402942639,0.679877402942639,1.68547077081535,0.419720606793173,-2.10519137760853,0.858581022380844,-0.858581022380844,0.501979353852748,-0.501979353852748,-0.41302746868378,0.41302746868378,1.6826494272784,-0.49646639090762,-1.18618303637078,-1.12103274283279,0.0751045659691941,1.0459281768636,0.449458381969051,-0.449458381969051,0.389039417048163,-0.389039417048163,0.328321680770177,-0.328321680770177,0.221954999410851,0.27112911443929,-2.17795843754376,1.68487432369362,-0.102838830012651,0.102838830012651,"(1497, 8446]",2.97050767277337,-1.54025804686457,-1.1440653222424
10119,516.333333333333,Trop/Subtrop Forests,2.05310918420438,-0.623065808367384,0.154638760220625,1.17844983580604,-2.76313197186365,-0.0190528046133163,-2.85226614866953,2.87131895328285,0.963945821776318,-0.963945821776317,-1.10550894973428,1.10550894973428,2.15505359958451,1.0322270527958,-3.18728065238031,1.11572887448923,-1.11572887448923,0.676030594738824,-0.676030594738824,-0.193263953544207,0.193263953544207,1.30968608521172,-0.43056869548362,-0.879117389728096,-1.55229481479648,0.355296469956698,1.19699834483978,0.128455206892514,-0.128455206892514,0.248218443156946,-0.248218443156945,0.413671622928829,-0.41367162292883,0.420282346819929,0.658367478132338,-3.01370485766522,1.93505503271295,0.033045055914495,-0.0330450559144952,"[54, 604]",4.80011607031103,-1.14251523052353,-4.5801596093496
10120,2340.73333333333,Trop/Subtrop Forests,1.91807711566327,0.284513966540548,0.507657517854758,1.45958472965438,-4.16983332971296,-0.0128174994883618,-2.32445242800233,2.33726992749069,0.92779576309465,-0.92779576309465,-0.830569643405496,0.830569643405496,1.67497637557161,0.605440350985012,-2.28041672655663,0.913334161967635,-0.913334161967635,0.555020492245866,-0.555020492245866,-0.456433035496396,0.456433035496395,1.38782637966355,-0.575607305649236,-0.812219074014312,-1.54270244102924,0.425513465540374,1.11718897548886,0.329718061608817,-0.329718061608817,0.499688683218483,-0.499688683218483,0.279260248787004,-0.279260248787004,0.298649039379157,0.591536745658203,-2.4718541763696,1.58166839133224,-0.164533644307318,0.164533644307318,"(1497, 8446]",4.84248917915723,-2.57178647952978,-1.2913852170611
10123,593.866666666667,Trop/Subtrop Forests,1.18448887905616,0.241880838864629,0.541985431314967,1.19096139356177,-3.15931654279753,3.14025934188508,-8.42236579163742,5.28210644975234,0.891895649789439,-0.891895649789439,-0.391379669624816,0.391379669624816,1.56163136694038,0.575979507268723,-2.1376108742091,0.826293951863636,-0.826293951863636,0.465473944837064,-0.465473944837064,-0.772813199844573,0.772813199844573,1.08787594920393,-0.497751314536456,-0.590124634667471,-1.50325786089876,0.494210097821404,1.00904776307736,0.485104842092133,-0.485104842092133,0.567952372815161,-0.567952372815161,0.189194352081258,-0.189194352081258,0.290898891098209,0.576956267822988,-2.03800351021321,1.17014835129201,-0.283688896635456,0.283688896635456,"[54, 604]",7.16944756092649,-3.74268470249519,1.41700796818032
10124,654,Trop/Subtrop Forests,3.40314629256604,1.94949974941665,1.88167715307789,2.54815608655568,-9.78247928161626,2.63893980366955,-8.20104118805825,5.5621013843887,1.08798973436124,-1.08798973436124,-1.082481857559,1.082481857559,1.54170267688213,0.454651210615095,-1.99635388749722,1.03265578495843,-1.03265578495843,0.453472434727959,-0.453472434727959,-0.334681137768252,0.334681137768252,1.30615014052944,-0.630082513643808,-0.676067626885632,-1.42347824051819,0.24658429373235,1.17689394678584,0.147956285794148,-0.147956285794148,0.280933260186651,-0.280933260186651,0.136929321946613,-0.136929321946613,0.312720963882597,0.588002523135923,-2.44588151638244,1.54515802936393,-0.121811041328875,0.121811041328875,"(604, 1497]",5.64843584992653,-1.86224731540912,-3.18740974612577
10126,598.4,Trop/Subtrop Forests,1.77853710365663,0.292808845548557,0.490168279707053,1.15301011077167,-3.71452433968391,-0.186142006599945,-1.94399992415232,2.13014193075226,0.763972439091459,-0.763972439091459,-0.555928757709065,0.555928757709065,1.84574422055123,0.885282270363936,-2.73102649091516,0.911682404321693,-0.911682404321693,0.360051495274237,-0.360051495274237,-0.472723658082805,0.472723658082805,1.42140048691301,-0.44120199309016,-0.980198493822847,-1.39672909022081,0.415649666209983,0.981079424010825,0.327559892485353,-0.327559892485353,0.442007898966179,-0.442007898966179,0.219243488206556,-0.219243488206555,0.34553804196495,0.567080311912186,-2.53686554628204,1.6242471924049,-0.190252253385858,0.190252253385858,"[54, 604]",4.21804836314346,-1.42416130164233,-0.655983365637762
10128,517.666666666667,Trop/Subtrop Forests,1.31951318344302,-0.347494580812558,0.140858187101374,1.43184236841694,-2.54471915814878,2.08749053624487,-7.94004966496123,5.85255912871636,1.22979442090186,-1.22979442090186,-0.852374046119213,0.852374046119213,1.80833103724844,0.428579774717487,-2.23691081196593,0.69489238302983,-0.69489238302983,0.550740865548031,-0.550740865548031,-0.559232028610421,0.559232028610421,1.15213201503995,-0.47639955620973,-0.675732458830221,-1.89201335910252,0.571839881487644,1.32017347761488,0.46678818408059,-0.46678818408059,0.56041771272641,-0.56041771272641,0.34291949362661,-0.34291949362661,0.444943950186072,0.678205631665867,-2.71630276184549,1.59315317999355,-0.106349796076563,0.106349796076563,"[54, 604]",6.96099435776925,-4.21354874942412,0.00420198069666513
10201,243.8,Trop/Subtrop Forests,3.01773360273388,1.80942239680935,2.28484609352442,2.75146562478592,-9.86346771785356,3.43364919891749,-8.53842987927441,5.10478068035693,0.644419512484589,-0.644419512484589,-0.759912876872207,0.759912876872206,1.9775694062089,0.736209069811344,-2.71377847602024,0.771496406512974,-0.771496406512974,0.250739880673877,-0.250739880673877,-0.785759338785903,0.785759338785903,1.08350798432206,-0.349548142705866,-0.733959841616198,-1.16705768489103,0.349289804477063,0.817767880413962,0.636776869082221,-0.636776869082221,0.389662438400499,-0.389662438400499,0.380005062894536,-0.380005062894536,0.184637105990492,0.628129609687896,-2.47795072103496,1.66518400535657,-0.029134454061988,0.0291344540619879,"[54, 604]",4.6653483923191,-2.19084509359706,1.39339535482129
10202,604,Trop/Subtrop Forests,3.17743554486676,1.62763589875239,2.06758718293172,2.9245236721567,-9.79718229870757,0.105135540155545,-2.26198807397607,2.15685253382053,0.842880089996867,-0.842880089996867,-0.487689824122081,0.487689824122081,1.58418668805666,0.548944013321143,-2.13313070137781,0.933424960291562,-0.933424960291563,0.663525763778515,-0.663525763778515,-0.668093770532856,0.668093770532856,1.7002778540048,-0.935451685517782,-0.764826168487019,-1.26717369675663,0.524585772471422,0.742587924285212,0.548500342386884,-0.548500342386884,0.626381484247684,-0.626381484247684,0.190441432351414,-0.190441432351414,0.688447758670647,0.535282786168148,-2.83201304381833,1.60828249897953,-0.262727466890975,0.262727466890975,"[54, 604]",4.71231282473816,-1.92409547347958,0.214457942168719
10204,270.8,Trop/Subtrop Forests,3.27903574053746,2.19534910208602,2.12635623059907,2.23883421402576,-9.83957528724832,0.576785589002593,-2.15324351881839,1.5764579298158,0.526046136516608,-0.526046136516608,-0.267759118178181,0.267759118178181,1.89427265954067,0.605903835591092,-2.50017649513176,0.71570739820018,-0.71570739820018,0.185429789465344,-0.185429789465344,-0.534599201730908,0.534599201730908,1.43035745443924,-0.217464701003179,-1.21289275343606,-1.25984975145392,0.304125786903423,0.955723964550496,0.750243364322773,-0.750243364322773,0.304606364537398,-0.304606364537398,0.289038925387579,-0.289038925387579,-0.166632434362666,0.148448612277229,-2.0761749392471,2.09435876133254,-0.0691792166864192,0.0691792166864193,"[54, 604]",0.880718657335784,-0.237213612441701,1.52177651707187
10401,149.866666666667,Temp Forests,4.71908022099572,2.48548799948863,0.876050087054525,0.876050087054525,-8.9566683945934,-0.437907889428352,-0.948733513194342,1.38664140262269,0.43111175530194,-0.43111175530194,0.0250052102873308,-0.0250052102873306,2.11272444224496,0.465898997739234,-2.57862343998419,1.23121689696797,-1.23121689696797,0.0702909753105945,-0.0702909753105948,-0.0153858293333769,0.0153858293333767,2.26999497753033,0.387263730096547,-2.65725870762688,-0.53572258796652,-0.584512752135952,1.12023534010247,0.164739600565121,-0.164739600565121,0.709329822810961,-0.709329822810961,0.247009252724805,-0.247009252724805,2.04707130150756,2.04707130150756,-8.89487461687693,4.80073201386182,-0.0998065269520078,0.0998065269520079,"[54, 604]",-1.27815188574215,1.59500373491059,-5.23720393272124
10402,5076.33333333333,Temp Forests,2.04282425084611,1.20580834595835,-0.186263992441428,1.04256293622521,-4.10493154058824,0.0698707262880688,-1.78950893061497,1.7196382043269,0.6235079131199,-0.6235079131199,-0.137687869720512,0.137687869720512,1.78958604888726,0.250210130949963,-2.03979617983722,0.965924780379292,-0.965924780379292,0.328389768194535,-0.328389768194535,-0.186888510314804,0.186888510314804,1.98589271306383,-0.527791530005175,-1.45810118305866,-0.860776887142695,-0.178002265398373,1.03877915254107,0.382098263354898,-0.382098263354898,0.243385012407396,-0.243385012407396,0.283445630375741,-0.283445630375741,0.236536154156065,-0.247972161292552,-2.33001448467245,2.34145049180893,0.0661925573588471,-0.066192557358847,"(1497, 8446]",0.0740084742633338,0.900217780430457,-2.67862093877906
10403,352.4,Temp Forests,4.85158497184031,1.9736357339427,0.469558337166424,1.56817062583453,-8.86294966878397,-0.651721859676491,-1.42491174790997,2.07663360758646,0.762222349800354,-0.762222349800354,-0.42568559288742,0.42568559288742,1.96054989370026,0.797399083894577,-2.75794897759484,1.39319102218606,-1.39319102218606,0.379372231522879,-0.379372231522879,0.168798231916747,-0.168798231916747,1.93903705332107,0.147277584093013,-2.08631463741408,-0.833406961587014,-0.391574209307975,1.22498117089499,0.124672961854117,-0.124672961854117,0.629424707275885,-0.629424707275885,0.182927985006559,-0.182927985006559,-0.607854491209254,-0.202389383101089,-1.99414885232914,2.80439272663949,-0.100758002025051,0.100758002025051,"[54, 604]",-0.308451139549475,-1.46371357302819,-5.03206476873801
10404,803.333333333333,Temp Forests,3.19682299238269,0.572701446185038,-0.306548014008768,-0.0653859571918803,-3.39759046736708,-0.473696363596252,-1.08806266630308,1.56175902989933,0.534599201730908,-0.534599201730908,-0.0536227651767988,0.053622765176799,1.67898864077941,0.383348647927653,-2.06233728870707,1.31645803079659,-1.31645803079659,0.291197908133621,-0.291197908133621,0.092461169247006,-0.092461169247006,1.93661160481353,0.09581005051787,-2.0324216553314,-0.878163930858924,-0.230331946511021,1.10849587736995,0.248375568806382,-0.248375568806382,0.553546024373612,-0.553546024373612,0.193386487548006,-0.193386487548006,-0.287621029843737,-0.42115242246826,-1.85623694775758,2.56501040006958,-0.067539890015326,0.0675398900153259,"(604, 1497]",-0.39365581310541,-0.958313650815627,-3.86378636766147
10405,1961.33333333333,Temp Forests,2.19136929775049,0.422665604822357,-0.638206355862906,0.754241870831363,-2.7300704175413,-0.213811822489038,-1.30312171849483,1.51693354098387,0.187216499430218,-0.187216499430218,0.0941106394605714,-0.0941106394605715,1.81115001351318,0.358715849888742,-2.16986586340192,1.00951620694214,-1.00951620694214,0.064811407138935,-0.0648114071389347,-0.179700554813709,0.179700554813709,1.6688510202324,-0.184208974859451,-1.48464204537295,-0.935133238259389,-0.217428206917779,1.15256144517717,0.318739287676012,-0.318739287676012,0.462474397308635,-0.462474397308635,0.230112305236101,-0.230112305236101,-0.202391389152318,-0.244439625395817,-1.78284176471317,2.2296727792613,-0.0774551348426384,0.0774551348426385,"(1497, 8446]",-0.432948553688075,-1.06155924075577,-1.37542000859748
10406,1757.46666666667,Temp Forests,2.12019537215217,0.309994475021395,-0.378089403582004,0.723884232788811,-2.77598467638037,-0.0205074589687333,-1.398704609856,1.41921206882474,0.237711848357538,-0.237711848357537,0.155793796652668,-0.155793796652668,1.65867254259487,0.286976980896133,-1.945649523491,0.95107976491458,-0.951079764914579,0.0500417292784914,-0.0500417292784914,-0.200467544518207,0.200467544518207,1.75505120028877,-0.176113768608834,-1.57893743167994,-0.896282449739254,-0.183554223980202,1.07983667371946,0.372832607421696,-0.372832607421696,0.458302821457195,-0.458302821457195,0.186870795708019,-0.186870795708019,-0.0702148494986686,-0.39068674477344,-1.68504361056765,2.14594520483975,-0.0885338763288207,0.0885338763288208,"(1497, 8446]",-0.381187993948691,-0.708913062086757,-0.775333085749109
10407,270.2,Temp Forests,4.91366090790824,2.74566596888696,-0.550170897117369,1.64705368021885,-8.75620965989668,-0.689178879724506,-1.17468669550621,1.86386557523071,0.693147180559945,-0.693147180559945,-0.212833907712842,0.212833907712842,2.11744469043742,0.980046376734151,-3.09749106717157,1.32570158271878,-1.32570158271878,0.243327631419089,-0.243327631419089,0.0212798072093978,-0.021279807209398,1.79332045186285,0.143060544908494,-1.93638099677134,-0.909584261153794,-0.181345760782578,1.09093002193637,0.083753235504407,-0.083753235504407,0.593290530807033,-0.593290530807033,0.261347599660687,-0.261347599660687,-0.659805664965701,-0.00921809882455177,-1.75841795363381,2.42744171742406,-0.135322942649607,0.135322942649606,"[54, 604]",-0.296899576711002,-1.5369305221615,-4.12412473373862
10408,950.733333333333,Temp Forests,2.91523050710456,0.489164357339494,-0.14841297206564,0.503348992331451,-3.75933088470987,-0.143224678955386,-1.05208043234202,1.19530511129741,0.287859597751001,-0.287859597751001,0.19586296611243,-0.19586296611243,1.89222833525896,0.543348409989326,-2.43557674524828,1.03004750736682,-1.03004750736682,0.0321748407781169,-0.0321748407781169,-0.0387209629867396,0.0387209629867396,1.90321352460459,-0.0633607637536633,-1.83985276085093,-0.943057235805897,-0.18321868074728,1.12627591655318,0.314910023304336,-0.314910023304336,0.484452496240995,-0.484452496240995,0.21570256455839,-0.21570256455839,-0.219134157707585,-0.392797651758425,-1.81418333268959,2.42611514215559,-0.0917709065995919,0.0917709065995921,"(604, 1497]",-1.0028448642841,-0.369039251920765,-1.58468260507541
10409,3841.33333333333,Temp Forests,2.40129579588712,1.42349226379194,-0.64095649330176,0.683968921441839,-3.86780048781914,-0.0231206177526035,-1.57274003497579,1.5958606527284,0.49282955985024,-0.49282955985024,0.0521708334343616,-0.0521708334343618,1.86266844617135,0.125508059465348,-1.9881765056367,1.12967395176768,-1.12967395176768,0.30060847724936,-0.30060847724936,0.00672010115755676,-0.00672010115755688,2.09325072725856,-0.573394558875523,-1.51985616838304,-0.687771578968936,-0.443318241067975,1.13108982003691,0.278916662670405,-0.278916662670405,0.182637862355666,-0.182637862355666,0.305306905786978,-0.305306905786978,0.0185414868091646,-0.529239843479255,-2.16853071906304,2.67922907573313,0.124764169145741,-0.124764169145741,"(1497, 8446]",-1.53151192799142,1.35962302266572,-4.43404888269047
10410,460.466666666667,Temp Forests,2.85660030559291,0.635278176677632,-0.513344532565139,0.0997599403212701,-3.07829389002668,-0.261415236503501,-1.15750326106014,1.41891849756364,0.381471471247744,-0.381471471247744,0.180001367015704,-0.180001367015703,1.72163448566959,0.67087821817911,-2.3925127038487,1.16340870319091,-1.16340870319091,0.0185206358401746,-0.0185206358401745,-0.122299243157734,0.122299243157735,1.93334800923776,-0.233505470222164,-1.69984253901559,-1.04107106107316,-0.0411936130907398,1.0822646741639,0.199347300770477,-0.199347300770477,0.574069008708248,-0.574069008708248,0.197192331165796,-0.197192331165796,-0.259249881119695,-0.134086738165689,-2.05100935034775,2.44434596963313,-0.0927607797623127,0.0927607797623128,"[54, 604]",-0.0556183131614276,-0.69113919385975,-2.20208771601625
10411,1295.73333333333,Temp Forests,4.26494685886401,2.56674472061286,0.913289922761988,1.55514380893438,-9.30012531117324,0.0503005494595866,-1.35468594467246,1.30438539521287,0.336369154464369,-0.336369154464369,0.162589885161521,-0.16258988516152,1.83911286596053,0.123131705619558,-1.96224457158009,1.09170201085879,-1.09170201085879,0.149642628033468,-0.149642628033468,0.138547033021476,-0.138547033021476,1.97418478366541,-0.458536112952024,-1.51564867071338,-0.618431981835319,-0.565006815161738,1.18343879699706,0.353872989990549,-0.353872989990549,0.267778444463865,-0.267778444463865,0.331780938100219,-0.331780938100219,-0.56554363411383,-0.440380491159824,-1.88729947409615,2.8932235993698,0.0112084394572711,-0.0112084394572711,"(604, 1497]",-3.27678321885367,0.35190127511736,-3.65606991743469
10412,1193.93333333333,Temp Forests,4.21172766869545,2.71057853169827,0.944794548873471,1.45562017263946,-9.32272092190665,-0.00839145732481104,-1.43750581562763,1.44589727295244,0.559536680269725,-0.559536680269725,0.0524497899750976,-0.0524497899750978,1.79738490286936,0.0475896327403326,-1.84497453560969,1.15305001755075,-1.15305001755075,0.285614122679757,-0.285614122679757,0.189937798953915,-0.189937798953915,2.02622382773533,-0.526087130854489,-1.50013669688084,-0.510799971106494,-0.629318571341831,1.14011854244833,0.289764822437714,-0.289764822437714,0.217845742128478,-0.217845742128478,0.340793179079435,-0.340793179079435,-0.422971971830283,-0.511919457846779,-1.9705344805463,2.90542591022336,0.0740332661218179,-0.0740332661218179,"(604, 1497]",-3.00012352047016,0.818011531803624,-4.86258645126786
10413,1136.53333333333,Temp Forests,4.22736146643031,2.64286250234346,0.826164084768156,1.62011596445007,-9.316504017992,-0.0747776945239472,-1.47525669063579,1.55003438515974,0.454778349846406,-0.454778349846406,0.028176468275566,-0.0281764682755657,1.75316742846689,0.00521058189723203,-1.75837801036413,1.14393947280218,-1.14393947280218,0.267528968576879,-0.267528968576879,0.206210828950762,-0.206210828950762,1.92865672756878,-0.515798678811255,-1.41285804875752,-0.541943907403259,-0.637254087207584,1.17919799461084,0.269577009128419,-0.269577009128419,0.22614636070387,-0.22614636070387,0.322128803935561,-0.322128803935561,-0.432348623317069,-0.792351357348476,-1.70864208922263,2.93334206988818,0.0810647227795316,-0.0810647227795318,"(604, 1497]",-3.16471535358607,0.494782236454263,-4.78138277050031
10414,360,Temp Forests,2.9096980686546,0.569883633892194,-0.717970654414445,0.0358011479619357,-2.79741219609428,-0.557703669098415,-1.44500686409932,2.00271053319773,0.495490812237872,-0.495490812237872,-0.386594944116741,0.386594944116741,1.6965595004789,0.518904004470341,-2.21546350494924,1.38629436111989,-1.38629436111989,0.257816662667047,-0.257816662667047,0.0911607783969772,-0.0911607783969773,1.68929443933691,0.0435987788801806,-1.73289321821709,-0.947443674827568,-0.16973910623956,1.11718278106713,0.163381711247126,-0.163381711247126,0.570699781936659,-0.570699781936659,0.252595903023867,-0.252595903023867,-0.6388512310029,-0.117554307369614,-1.5038486684895,2.26025420686202,-0.1464117359761,0.1464117359761,"[54, 604]",0.585040983827598,-2.58523824423355,-4.22199579621184
10701,1926.06666666667,Grasslands,2.200063083374,0.930405625979866,0.124052076790949,0.911886578212629,-4.16640736435744,0.823706068120126,-2.45343866487205,1.62973259675192,0.542628248743277,-0.542628248743277,-0.704258748952301,0.7042587489523,1.83588491806435,0.447847890224028,-2.28373280828838,0.886713575072292,-0.886713575072292,0.437015461292136,-0.437015461292136,-0.221876806707591,0.221876806707591,1.9481297465141,-0.387899940974714,-1.56022980553939,-0.999903499831266,0.0126538920731706,0.987249607758096,0.658684246776347,-0.658684246776347,0.251588701463867,-0.251588701463867,0.349673414219735,-0.349673414219735,0.133847130400035,-0.0154135641330314,-2.34269126971745,2.22425770345045,-0.0368696995706898,0.0368696995706896,"(1497, 8446]",1.23012152255755,-0.266960705244183,-1.40403305286558
10702,2486.6,Grasslands,2.25443126538956,1.24631180477673,0.241728465756893,1.21980668539673,-4.9622782213199,0.353825840967065,-1.87298669355465,1.51916085258759,0.604032682368351,-0.604032682368351,-0.320251723537262,0.320251723537262,1.86088722258358,0.18797324642384,-2.04886046900743,0.954196361829202,-0.954196361829202,0.3527951554143,-0.3527951554143,-0.217263648458401,0.217263648458401,1.91574047273677,-0.481384087114006,-1.43435638562277,-0.901275501552557,-0.147273045271337,1.04854854682389,0.53258082915715,-0.53258082915715,0.253384411535188,-0.253384411535188,0.318021590542701,-0.318021590542701,0.317558953493013,-0.190405437991945,-2.40201875278026,2.2748652372792,-0.0420253645355376,0.0420253645355377,"(1497, 8446]",0.369889590696801,0.0315817470874858,-2.06190807073976
10703,1925.8,Grasslands,1.98943703612392,0.476692748492286,0.448653528427893,1.29527411144413,-4.21005742448823,0.69026199931738,-2.68561757436049,1.99535557504311,0.679130418678587,-0.679130418678587,-0.874231331737365,0.874231331737365,1.86842668232314,0.555985613615371,-2.42441229593851,0.88202843333936,-0.88202843333936,0.514721299077485,-0.514721299077485,-0.299205362118324,0.299205362118324,1.62732402414064,-0.512475934109815,-1.11484809003083,-1.23578681951487,0.196429292190656,1.03935752732422,0.532085899343909,-0.532085899343909,0.340852359534636,-0.340852359534636,0.358142229735852,-0.358142229735852,0.128874148167911,0.168614476817426,-2.19418947616968,1.89670085118434,-0.0691616445086974,0.0691616445086975,"(1497, 8446]",2.93359199621504,-1.49664731345388,-1.33051218994467
10704,1388.4,Grasslands,3.71020135265798,2.24047636419261,1.47623326194894,2.2306240677496,-9.65753504654913,0.922136501957941,-2.45658802385216,1.53445152189421,0.491638617325183,-0.491638617325183,-0.727122511514199,0.727122511514199,2.070492746468,0.238095631508121,-2.30858837797612,0.958271107648364,-0.958271107648364,0.412576509937815,-0.412576509937815,-0.0964658679529851,0.0964658679529851,2.08592137039584,-0.345922434416948,-1.73999893597889,-1.11903701646319,0.0225003169219572,1.09653669954123,0.714972605920312,-0.714972605920312,0.184229054999734,-0.184229054999734,0.406803245808558,-0.406803245808558,0.183151071090617,0.0240863764609297,-2.78359366559012,2.57635621803857,-0.0465844256814909,0.0465844256814908,"(604, 1497]",-0.192451868316715,0.115397131113153,-2.26381504778063
10705,2198.33333333333,Grasslands,2.00614995968451,0.6610714277868,0.255606319678635,1.39627695167481,-4.31910465882475,0.494429419397696,-2.29750226568522,1.80307284628752,0.688181896458645,-0.688181896458645,-0.557106614555295,0.557106614555295,1.81591902200212,0.373415057274908,-2.18933407927703,0.882373571760267,-0.882373571760267,0.459363393336018,-0.459363393336018,-0.302229879321533,0.302229879321533,1.87780120712174,-0.505495266255478,-1.37230594086626,-1.12647226896795,0.0615850800520838,1.06488718891587,0.553966010308456,-0.553966010308456,0.320340620328322,-0.320340620328322,0.343236536736126,-0.343236536736126,0.209754871951907,0.156534175746997,-2.40520490608429,2.03891585838539,-0.0559770573219182,0.0559770573219184,"(1497, 8446]",1.86616080455334,-0.691695028173545,-1.41830013532377
10706,1963,Grasslands,2.31382252912811,1.18511947460617,0.272863717944194,0.959276866322795,-4.73108258800127,0.83673132316755,-2.30742095550471,1.47068963233716,0.437176021326913,-0.437176021326912,-0.560193044108835,0.560193044108835,1.87113457724003,0.158639685207016,-2.02977426244705,0.884477496704718,-0.884477496704718,0.351451677752655,-0.351451677752655,-0.233733314999573,0.233733314999573,2.00830798036448,-0.313416452840267,-1.69489152752421,-1.01762112180778,-0.0159507783319022,1.03357190013968,0.711410715678633,-0.711410715678633,0.184778174779639,-0.184778174779639,0.364691514506995,-0.364691514506995,0.14358995854562,-0.0783968546407659,-2.45909972689876,2.39390662299391,0.0111203948292991,-0.0111203948292993,"(1497, 8446]",0.174315492213607,0.314550756214577,-1.38319751636406
10707,1239.6,Grasslands,3.71387003577933,2.51164548364693,1.28261609948365,2.12777948734223,-9.63591110625214,0.623303683706158,-2.03928414331929,1.41598045961314,0.545560808469476,-0.545560808469476,-0.352098508373265,0.352098508373265,2.15504111086946,0.134248296271127,-2.28928940714058,0.996215082345103,-0.996215082345103,0.388956223593828,-0.388956223593828,-0.0863760528889021,0.0863760528889019,2.1063040392409,-0.268043419980039,-1.83826061926086,-0.914941202365488,-0.12786220197134,1.04280340433683,0.622931873017548,-0.622931873017548,0.153974716425829,-0.153974716425829,0.342302088268999,-0.342302088268999,0.348790676205207,0.0581010826894706,-3.26212723643902,2.85523547754434,-0.0387209629867396,0.0387209629867396,"(604, 1497]",-0.878279719183371,1.22763026469458,-2.80828753759477
10708,281.2,Grasslands,2.01439657250457,0.093644983085407,-0.556942583055742,1.49075026030951,-3.04184923284374,0.803217156638677,-2.80770075600555,2.00448359936687,0.909038388772714,-0.909038388772714,-2.07156736319577,2.07156736319577,1.84049234892148,0.450173837501861,-2.29066618642334,1.09861228866811,-1.09861228866811,0.507481129690592,-0.507481129690592,-0.194185337374432,0.194185337374432,1.62645166175894,-0.226865700468552,-1.39958596129038,-1.37114402153212,0.187000596514434,1.18414342501768,0.534599201730908,-0.534599201730908,0.317029132094969,-0.317029132094969,0.513997360727078,-0.513997360727078,0.340898459547453,0.661806179627554,-3.27001945309677,2.26731481392177,-0.246238242548897,0.246238242548897,"[54, 604]",4.3675971425595,-4.08470853120579,-3.65923028977563
10709,968.733333333333,Grasslands,3.58573863477277,2.45972737191655,1.42565360438601,2.22961515128624,-9.70073476236157,0.868729829035087,-2.2613147821265,1.39258495309141,0.452126376657338,-0.452126376657338,-0.532693320519895,0.532693320519894,2.00827817287621,0.0244288056446657,-2.03270697852087,0.90368880469251,-0.90368880469251,0.369513393155319,-0.36951339315532,-0.129686244805334,0.129686244805334,2.08300599189634,-0.271280475474596,-1.81172551642175,-1.2620092141693,0.08905645506685,1.17295275910245,0.720127732352777,-0.720127732352777,0.146846825624884,-0.146846825624884,0.379040596550367,-0.379040596550367,0.00644284871431132,0.0308343018384704,-2.59624683673007,2.55896968617729,-0.00393393060030681,0.00393393060030682,"(604, 1497]",-0.720108689937945,0.594958210794866,-1.87813808347674
10801,1631.33333333333,Grasslands,2.56912370784581,0.654194502748742,-0.413646127252614,0.407334424817216,-3.21700650815915,-0.0943149907225038,-1.17568547295611,1.27000046367861,0.0888978656678752,-0.0888978656678753,0.294981472162357,-0.294981472162357,1.93981407275608,0.504063768480781,-2.44387784123686,0.962404988507613,-0.962404988507613,-0.0139011406559759,0.013901140655976,-0.134444786551207,0.134444786551207,1.89977656357388,-0.229707490591856,-1.67006907298202,-0.993914864794541,-0.189354096863692,1.18326896165823,0.375639178561258,-0.375639178561258,0.517729610249158,-0.517729610249158,0.249518330494724,-0.249518330494725,-0.41587393053765,-0.341072717454952,-1.61661571428214,2.37356236227474,-0.0962926585213371,0.0962926585213373,"(1497, 8446]",-1.23232975815595,-0.820354809125275,-0.681682081397818
10802,859.666666666667,Grasslands,3.97298035495855,2.73452137456144,0.888694684063111,1.86952393707484,-9.46572035065794,0.526648894555665,-1.6650046377311,1.13835574317544,0.543781226240762,-0.543781226240762,-0.0715504218203367,0.0715504218203366,2.08736850555062,0.0698545174676385,-2.15722302301826,1.17255130949252,-1.17255130949252,0.327462983869874,-0.327462983869874,-0.0564999861078919,0.0564999861078919,1.99360546871412,-0.32588143508253,-1.66772403363159,-0.593104178289657,-0.447922168445159,1.04102634673482,0.435213657540487,-0.435213657540487,0.249737382048651,-0.249737382048651,0.225258886024554,-0.225258886024554,0.77241947159913,-0.183091973428307,-3.73844003491772,3.1491125367469,-0.122826270104066,0.122826270104066,"(604, 1497]",-1.2168869390284,1.11893671916898,-3.94178502149109
10803,2212.86666666667,Grasslands,3.91636766917613,2.68512432106757,1.00174456323485,1.90398354165335,-9.50722009513191,0.347230666138476,-1.54988931874741,1.20265865260893,0.415866671923046,-0.415866671923046,0.0954526502426731,-0.0954526502426732,1.93849085736963,0.0263550254329224,-1.96484588280255,1.09271980458017,-1.09271980458017,0.25867798932277,-0.25867798932277,-0.0515573922781044,0.0515573922781042,2.03398543077825,-0.4440601286298,-1.58992530214846,-0.640007695686864,-0.46705388889651,1.10706158458337,0.399579474952046,-0.399579474952046,0.234783044109642,-0.234783044109642,0.277277281904063,-0.277277281904063,0.352092439725707,-0.525247205564005,-2.61598830249777,2.78914306833607,-0.0148630901326003,0.0148630901326003,"(1497, 8446]",-2.15063469861945,1.13388004462755,-3.43226772626991
11001,930.733333333333,Grasslands,4.20196248840993,2.67356578597896,0.600094411285626,1.84603141471059,-9.32165410038511,-0.292764653585389,-1.23722626242624,1.52999091601163,0.524425389554523,-0.524425389554523,0.134564332278017,-0.134564332278016,1.91114457893111,0.416636633170987,-2.3277812121021,1.18824249956037,-1.18824249956037,0.193882765504382,-0.193882765504382,0.105867721000124,-0.105867721000124,2.23365835251283,-0.273629699471302,-1.96002865304153,-0.62438099692155,-0.535970039577497,1.16035103649905,0.237485155239458,-0.237485155239458,0.21890024437555,-0.218900244375551,0.26550548867688,-0.26550548867688,-0.471224905851748,-0.718084983783274,-1.85751926697164,3.04682915660666,0.0510049189896448,-0.0510049189896446,"(604, 1497]",-2.97564692217521,1.623277937632,-4.53173593969691
11002,668.266666666667,Grasslands,4.0676594599889,2.49736145589207,1.08029543610543,1.79406190386811,-9.43937825585452,0.00731169228875193,-2.269955592721,2.26264390043225,0.629230494805003,-0.629230494805003,-0.717542262644661,0.717542262644661,1.48459781101452,0.149596744282179,-1.6341945552967,1.33978926351045,-1.33978926351045,0.299169693550639,-0.299169693550639,-0.0977311751775065,0.0977311751775065,1.82270290501639,-0.178182918111484,-1.64451998690491,-1.11916242245604,-0.0911677010018857,1.21033012345793,0.184581740715975,-0.184581740715975,0.343294890006893,-0.343294890006893,0.256346518970393,-0.256346518970393,0.0404531924301832,0.0976116062701318,-1.94546229123883,1.80739749253851,-0.113822342097501,0.113822342097501,"(604, 1497]",0.790321173617582,-1.3825517412393,-4.66914357886131
11003,902.733333333333,Grasslands,4.65526010424232,2.15938442308375,0.578934047522902,1.62875617202158,-9.02233474687055,-0.407792632111875,-1.10093981267182,1.50873244478369,0.420560594247737,-0.420560594247737,0.0614104148431703,-0.0614104148431703,2.0294836690399,0.733511946213292,-2.76299561525319,1.16280937043584,-1.16280937043584,0.086682622385942,-0.0866826223859419,0.0839664096709277,-0.0839664096709275,1.98212487879739,0.0104718420489379,-1.99259672084632,-0.974565179354123,-0.295023650849957,1.26958883020408,0.270936065879074,-0.270936065879074,0.571977397299842,-0.571977397299842,0.196320046316124,-0.196320046316124,-0.711405728402413,-0.324632753306401,-1.52233594461874,2.55837442632756,-0.0756627282124953,0.0756627282124953,"(604, 1497]",-1.83697861618726,-0.732137359691966,-2.68505061925885
11101,111.933333333333,Tundra,7.47022243045793,2.59502510725678,-6.33013632248574,2.59502510725678,-6.33013632248574,-0.710277495849775,-0.843808888474298,1.55408638432407,0.935901088450796,-0.935901088450796,0.0879453332318321,-0.0879453332318321,1.96669332843538,0.370678436333417,-2.33737176476879,1.47221948958322,-1.47221948958322,0.583802580077531,-0.583802580077531,0.378842850848758,-0.378842850848758,2.04085704241649,-0.0474734466805894,-1.9933835957359,-0.517494339835543,-0.642657482789549,1.16015182262509,0.258971545767428,-0.258971545767427,0.446908938011048,-0.446908938011048,0.448970796602979,-0.448970796602979,0.864473681335175,1.55762086189512,-8.10684979017051,5.68475524694021,-0.0541067923201163,0.0541067923201164,"[54, 604]",-2.69019168744412,-0.441090885076196,-9.73583168445508
11201,978.266666666667,Mediterranean Scrub,3.31854009216361,3.51850030802216,0.14048626181566,2.52118913407366,-9.49871579607508,0.510356184165404,-2.28539959735591,1.77504341319051,0.965547531635086,-0.965547531635086,-0.037053986076861,0.0370539860768609,1.86147923545294,0.0683083333864735,-1.92978756883941,1.47745513951687,-1.47745513951687,0.696705914444377,-0.696705914444377,-0.344593389671924,0.344593389671924,2.32886256849639,-0.97924439009975,-1.34961817839664,-0.768436825531021,-0.266121891432939,1.03455871696396,0.192499638757937,-0.192499638757937,0.185872039070354,-0.185872039070354,0.151100691888117,-0.151100691888117,2.69039873375583,1.2268126983343,-8.8020761207431,4.88486468865297,0.225805855371973,-0.225805855371973,"(604, 1497]",1.10611195595701,5.07084880418952,-8.50790091684594
11202,2215.6,Mediterranean Scrub,3.3344934068118,3.56128229292291,-0.00525830899878625,2.57587637288377,-9.46639376361969,-0.0789497938896472,-1.99727198642613,2.07622178031578,1.04726492066552,-1.04726492066552,-0.385266922087683,0.385266922087683,1.91651370038073,-0.16292784129911,-1.75358585908161,1.51038915274004,-1.51038915274004,0.656320725772563,-0.656320725772563,-0.284501689170876,0.284501689170876,2.33643754701618,-1.26050441177207,-1.0759331352441,-0.784673931419367,-0.190497468418477,0.975171399837845,0.210148548531747,-0.210148548531748,0.105215001227801,-0.105215001227801,0.277944666361297,-0.277944666361297,1.13817794770252,-0.223625393409071,-4.35075977845416,3.43620722416071,0.382515508922598,-0.382515508922597,"(1497, 8446]",0.181184346548388,3.43123614259828,-8.13391853441973
11203,1136.86666666667,Mediterranean Scrub,3.99777525170609,3.02375828711095,0.861074035026907,1.52605033862016,-9.4086579124641,0.376857884918723,-1.50701687321714,1.13015898829842,0.358202021362106,-0.358202021362106,0.20905375076167,-0.20905375076167,2.03486248863497,0.00100971931303783,-2.035872207948,1.27822234976935,-1.27822234976935,0.339430611656234,-0.339430611656235,-0.0186629788063433,0.0186629788063433,2.08476131301091,-0.569308808993536,-1.51545250401737,-0.605905408569151,-0.527943867099439,1.13384927566859,0.296749900106616,-0.296749900106616,0.214289101824584,-0.214289101824584,0.274282975874419,-0.274282975874419,0.364166108772126,-0.236607751656804,-3.06982109571302,2.9422627385977,0.0387469030996714,-0.0387469030996713,"(604, 1497]",-2.25449955766951,1.77882129009876,-4.96414085320324
11204,1093.66666666667,Mediterranean Scrub,3.86581046298091,2.93262849435157,0.729074781963699,1.96121846325633,-9.48873220255251,-0.0503921109544579,-1.74600771962961,1.79639983058407,0.654166409825089,-0.654166409825089,-0.240767413422463,0.240767413422463,1.81332432084196,-0.331969853400212,-1.48135446744174,1.27700216879223,-1.27700216879223,0.483745928057775,-0.483745928057775,0.0530617916131644,-0.0530617916131645,2.06106528859309,-1.08230298376697,-0.978762304826125,-0.706441944299777,-0.372239856213103,1.07868180051288,0.230771767671486,-0.230771767671486,0.0999382071224284,-0.0999382071224284,0.416352007882945,-0.416352007882945,0.472087572773629,-0.515859148006962,-2.97259492082827,3.0163664960616,0.291913593053162,-0.291913593053162,"(604, 1497]",-1.86215076564451,1.72445112879071,-6.83858274736484
11205,1697.26666666667,Mediterranean Scrub,3.69858488585062,2.92907878576588,0.763841883923054,2.17482885763332,-9.56633441317286,0.18850532046705,-1.84401930142503,1.65551398095798,0.628103842134075,-0.628103842134075,-0.170332557440624,0.170332557440624,2.03765055662222,-0.238001654012235,-1.79964890260999,1.25999898479964,-1.25999898479964,0.423053337508525,-0.423053337508525,-0.0231522840208431,0.0231522840208432,2.06035609500829,-0.866726654701612,-1.19362944030667,-0.923755072589014,-0.208419977053706,1.13217504964272,0.291887311706079,-0.291887311706079,0.162111936383914,-0.162111936383914,0.321717229909247,-0.321717229909247,0.66066396123191,-0.306612325375113,-3.38238730660264,3.02833567074584,0.210700850185488,-0.210700850185489,"(1497, 8446]",-1.25786317714759,1.86561224593834,-5.89650313531178
11206,1866.4,Mediterranean Scrub,2.67248936446054,1.52337238055576,-0.215743355186876,0.592333792047047,-4.57245218187647,0.166781191347492,-1.49999726770185,1.33321607635436,0.297249049745053,-0.297249049745053,0.177332446505354,-0.177332446505354,1.77534475173994,-0.0919222699962557,-1.68342248174369,1.11763127912023,-1.11763127912023,0.244862725862952,-0.244862725862952,0.0212515386581537,-0.0212515386581536,2.03786093040926,-0.553935677088469,-1.48392525332079,-0.638567968948409,-0.461181212440303,1.09974918138871,0.322539388759462,-0.322539388759461,0.220028276438892,-0.220028276438892,0.292458424083002,-0.292458424083002,-0.0224705353221812,-0.437985979283847,-2.088666850252,2.54912336485802,0.0320485587333769,-0.0320485587333768,"(1497, 8446]",-1.92966721172232,0.830993890601256,-3.78967966466252
11207,1744.33333333333,Mediterranean Scrub,4.08145936181673,2.8636585558835,0.755973801890267,1.68056333657912,-9.38165505616961,0.320221650503353,-1.50884487113751,1.18862322063416,0.426666440860837,-0.426666440860837,0.076214013257906,-0.0762140132579061,1.93080315796871,-0.118741880776956,-1.81206127719176,1.1994208972012,-1.1994208972012,0.286774441119673,-0.286774441119673,0.0359867498125445,-0.0359867498125447,2.07713807636125,-0.446683989676419,-1.63045408668484,-0.504965493345502,-0.603405566158754,1.10837105950426,0.30652698328024,-0.30652698328024,0.226833604963021,-0.226833604963021,0.282478242290951,-0.282478242290951,0.381513275875042,-0.485987291829681,-2.83736254899316,2.9418365649478,0.00134468929098569,-0.00134468929098559,"(1497, 8446]",-2.49410601011265,1.22010858373338,-4.67623373937923
11208,1314.06666666667,Mediterranean Scrub,4.15807257140905,2.67012455656266,0.95532612847073,1.57948043754372,-9.36300369398616,0.0882967627321481,-1.51636787094929,1.42807110821715,0.432181560470695,-0.432181560470695,0.0688447013865934,-0.068844701386593,1.82643705466987,-0.0608444812157229,-1.76559257345415,1.19926319336769,-1.19926319336769,0.303722437812652,-0.303722437812652,0.181549355868268,-0.181549355868268,2.15913178344698,-0.535495397323085,-1.6236363861239,-0.647096706042995,-0.496523847563621,1.14362055360662,0.236420255290468,-0.236420255290468,0.149008610144708,-0.149008610144708,0.335179582774952,-0.335179582774952,-0.126604125029519,-0.311746558165116,-2.44337385301552,2.88172453621016,0.0496174611155717,-0.0496174611155718,"(604, 1497]",-2.74354108036709,1.43099558641788,-5.34570081124813
11209,2594.26666666667,Mediterranean Scrub,3.36447118087538,3.49834249758679,0.0963517799052419,2.53038275903279,-9.4895482174002,0.246605714987541,-2.21013005783376,1.96352434284622,0.959829099039613,-0.959829099039613,-0.238041337661059,0.238041337661059,2.04204368226045,0.0168013942254178,-2.05884507648587,1.4445816492673,-1.4445816492673,0.614482503240424,-0.614482503240424,-0.254602438934129,0.254602438934129,2.35347081428456,-1.1659823045318,-1.18748850975276,-0.840073346533355,-0.131528085862288,0.971601432395642,0.251381157228022,-0.251381157228023,0.121309360656676,-0.121309360656676,0.275721403941902,-0.275721403941902,1.1559577933615,-0.222410502485973,-4.08314021352657,3.14959292265105,0.254509617614901,-0.254509617614901,"(1497, 8446]",0.298020565482576,3.14830142349345,-7.14521165461927
11210,1904.26666666667,Mediterranean Scrub,2.41726529723244,1.88458716502882,-0.623849982169371,0.97119919281263,-4.64920167290452,-0.0504407482482507,-1.8749900402993,1.92543078854755,0.74882888287097,-0.74882888287097,-0.279807893967711,0.279807893967711,2.04453887894828,-0.30814015936468,-1.7363987195836,1.34924037504303,-1.34924037504303,0.498448330595145,-0.498448330595145,-0.0236813060891233,0.0236813060891235,2.19941311302685,-1.12930099220859,-1.07011212081826,-0.867268458871383,-0.23287943653351,1.10014789540489,0.251996914737144,-0.251996914737144,0.0765562189118146,-0.0765562189118145,0.32755530008394,-0.32755530008394,0.614557164041161,-0.50086224294333,-3.19210532572916,3.07841040463133,0.315701552614339,-0.315701552614339,"(1497, 8446]",-0.610608755579278,2.32550868158811,-7.06198651736138
11301,568,Deserts & Drylands,3.42159122102741,2.96328363154487,1.24977635921656,2.06428439678077,-9.69893560856961,0.309835674619202,-1.42129917279242,1.11146349817322,0.626381484247684,-0.626381484247684,0.0444737430082482,-0.0444737430082481,2.16024448604127,0.260388521336511,-2.42063300737778,1.10523490204312,-1.10523490204312,0.513183690897391,-0.51318369089739,-0.335373121935389,0.335373121935389,2.01395980233481,-0.695715094494407,-1.3182447078404,-0.721794657160187,-0.210969033394196,0.932763690554383,0.394228680182135,-0.394228680182135,0.267217744702562,-0.267217744702562,0.178008416347091,-0.178008416347092,2.50226247152217,1.94597447367942,-9.04318618515362,4.59494923995203,-0.0372512636489605,0.0372512636489604,"[54, 604]",0.949790584619178,3.91266864648874,-4.92115695906194
11302,978.8,Deserts & Drylands,3.83157524466245,2.91611473284429,1.06890395908002,1.70798391836969,-9.52457785495644,0.530860265122559,-1.58940327107753,1.05854300595497,0.463381015870725,-0.463381015870725,-0.129912558974407,0.129912558974407,2.19160060732196,0.219744276322061,-2.41134488364402,1.04274977188188,-1.04274977188188,0.339980088138996,-0.339980088138996,-0.120086125863832,0.120086125863832,2.16835202635431,-0.295501214235856,-1.87285081211846,-0.684165823523885,-0.327490879585152,1.01165670310904,0.532105430975389,-0.532105430975389,0.156488897693272,-0.156488897693272,0.251648678672599,-0.2516486786726,2.31541101757053,1.80816321515242,-8.90580822464819,4.78223399192524,-0.0573175881885497,0.0573175881885498,"(604, 1497]",-0.666420689569838,3.905043695558,-4.83810065822206
11304,1020.6,Deserts & Drylands,3.75048623672246,2.83756251139621,1.1029614560081,1.88708041477378,-9.57809061890055,0.544238392796464,-1.68577600736275,1.14153761456628,0.526455067593627,-0.526455067593627,-0.381607371588331,0.381607371588331,2.14349658531806,0.203684016130868,-2.34718060144893,1.06716539670576,-1.06716539670576,0.427104368963525,-0.427104368963525,-0.128854899457995,0.128854899457995,2.3357678747178,-0.388811628335624,-1.94695624638217,-0.838238996483717,-0.184657416129963,1.02289641261368,0.566499815488793,-0.566499815488793,0.113981418875079,-0.113981418875079,0.252480252156796,-0.252480252156796,2.21937325448595,1.97425079645296,-8.93785600622457,4.74423195528566,-0.00666183059923525,0.00666183059923517,"(604, 1497]",-0.116947864034861,4.21136255248391,-5.24591316957531
11305,660.2,Deserts & Drylands,3.57436882814674,3.24725703428509,0.581766447601672,2.13991106564822,-9.54330337568171,0.374771546030493,-1.68525190979224,1.31048036376175,0.860653904138722,-0.860653904138722,-0.187346724720705,0.187346724720705,2.20214464886797,0.285222036685907,-2.48736668555387,1.38749484188866,-1.38749484188866,0.516854701216342,-0.516854701216342,-0.250231418365222,0.250231418365222,2.18272304161198,-0.655947341907293,-1.52677569970469,-0.601716826399562,-0.437094846705008,1.03881167310457,0.250517869246732,-0.250517869246732,0.20493811563657,-0.20493811563657,0.0718723793330709,-0.0718723793330707,0.630539129304642,-0.303770108072192,-3.10713048897873,2.78036146774628,0.00115340304895754,-0.00115340304895743,"(604, 1497]",0.248454652979218,2.58249684162103,-5.40566438291552
11306,277,Deserts & Drylands,3.61298125925972,3.19372282901922,0.826599214887602,1.92521150355571,-9.55851480672225,0.493273473043571,-1.58616806863626,1.09289459559269,0.758661311763147,-0.758661311763147,0.458145365937078,-0.458145365937078,2.2444749284494,0.160237214506069,-2.40471214295547,1.29127255967596,-1.29127255967596,0.415774751709532,-0.415774751709532,-0.277017189048614,0.277017189048614,1.86807211250657,-0.485065259650306,-1.38300685285627,-0.763104608079423,-0.378692909169091,1.14179751724851,0.294287188320184,-0.294287188320184,0.377352536779689,-0.377352536779689,0.0324438111029372,-0.0324438111029374,2.56825091832462,1.79054634973661,-9.00310563008145,4.64430836202022,-0.0458542132447495,0.0458542132447495,"[54, 604]",0.507078971130889,3.84023360445049,-5.71769590056565
11307,777.933333333333,Deserts & Drylands,3.58158004456133,2.85179873082161,1.37713521925163,1.8525589159667,-9.66307291060127,0.43800859797347,-1.55709179527262,1.11908319729915,0.496138319426039,-0.496138319426039,-0.202732554054082,0.202732554054082,2.17313083836744,0.219387751090936,-2.39251858945837,1.0413485530698,-1.0413485530698,0.420514123686804,-0.420514123686804,-0.129518237187408,0.129518237187408,2.18468810796506,-0.368884562514368,-1.81580354545069,-0.779408908259557,-0.183635891724788,0.963044799984344,0.652215245520859,-0.652215245520859,0.135862875210511,-0.135862875210511,0.320556160718446,-0.320556160718446,2.20792096189866,2.05611494903066,-8.96853226645036,4.70449635552104,-0.00588242078979315,0.0058824207897931,"(604, 1497]",-0.429186167879,3.85777870094186,-4.72937046816447
11308,800.933333333333,Deserts & Drylands,3.93092745369487,2.88303025760578,1.11301077501413,1.55022458143687,-9.47719306775165,0.577695355847627,-1.61952922148859,1.04183386564096,0.507960286411498,-0.507960286411498,-0.111571775657105,0.111571775657105,2.22827004022838,0.316965420350544,-2.54523546057892,1.08322645933473,-1.08322645933473,0.350424700461019,-0.350424700461019,-0.132553875206621,0.132553875206621,2.04629772570263,-0.235380682472104,-1.81091704323052,-0.612911052926559,-0.315198806114841,0.928109859041399,0.498115090882272,-0.498115090882272,0.223656109021832,-0.223656109021832,0.191062004112502,-0.191062004112502,2.203976494625,1.82792527172313,-8.86637022772947,4.83446846138134,-0.0360003929357292,0.0360003929357292,"(604, 1497]",-0.328675082764155,3.92940936904974,-4.78831002062865
11309,1282.66666666667,Deserts & Drylands,3.91931815788414,2.9841589417056,0.973710271512718,1.585888389539,-9.46307576064146,0.478436659481595,-1.54900009720793,1.07056343772633,0.434412097317616,-0.434412097317616,0.0978722885630477,-0.0978722885630478,2.12761781669512,0.215450325218065,-2.34306814191318,1.15517354916477,-1.15517354916477,0.339309539998518,-0.339309539998518,-0.0933394310814552,0.0933394310814552,2.01312367638432,-0.400426034621846,-1.61269764176248,-0.566736846955428,-0.463451020838462,1.03018786779389,0.364928190650283,-0.364928190650283,0.271411762077994,-0.271411762077994,0.191830239070656,-0.191830239070656,2.40567097295306,1.58469042088323,-8.84427503220576,4.85391363836947,-0.0446459398441775,0.0446459398441772,"(604, 1497]",-0.727920166128986,3.58430651546671,-5.52376171845978
11310,911.866666666667,Deserts & Drylands,3.46129921071345,3.21511037028135,0.686309526936126,2.2322340336479,-9.59495314157882,0.428760157539995,-1.7352387721679,1.30647861462791,0.794900968958621,-0.794900968958621,-0.245103168281628,0.245103168281627,2.05909560751332,0.293933450804527,-2.35302905831784,1.32760058899331,-1.32760058899331,0.590101292496012,-0.590101292496012,-0.236857104321136,0.236857104321135,2.24891237948194,-0.904772859849047,-1.34413951963289,-0.581168555916359,-0.352484824226534,0.933653380142892,0.302864938518721,-0.302864938518722,0.180393165390198,-0.180393165390198,0.154947238861432,-0.154947238861432,2.63678629412382,1.6660073769656,-8.97646189247428,4.67366822138486,0.0419999872063693,-0.0419999872063692,"(604, 1497]",1.07360939258604,4.47175334512868,-7.23265094602444
30101,2044.6,Trop/Subtrop Forests,2.27710640233092,1.09235116920714,0.6883055077532,0.713516927099697,-4.77128000639096,0.458778692059956,-2.1989011496533,1.74012245759335,0.36681064424386,-0.36681064424386,-0.196280851636128,0.196280851636128,1.52422914907086,0.525351826187431,-2.04958097525829,0.756892530752516,-0.756892530752516,0.292221489479528,-0.292221489479528,-0.418046002895065,0.418046002895065,1.86275934602795,-0.436922987308133,-1.42583635871982,-1.37794342851943,0.248444042228445,1.12949938629098,0.374497389997456,-0.374497389997456,0.215146540088844,-0.215146540088844,0.126255300336168,-0.126255300336168,-0.0287882172484658,0.173965378362695,-2.32224082667924,2.17706366556501,-0.0286465152595791,0.0286465152595792,"(1497, 8446]",1.55734657503822,1.44110802995887,-0.376873364066018
30102,3436.93333333333,Trop/Subtrop Forests,1.33456927353379,0.594354582115862,0.798851464262804,1.09671070576828,-3.82448602568074,0.662532523284,-3.37465362509815,2.71212110181415,0.694111501013148,-0.694111501013148,-0.656653000475505,0.656653000475505,1.69149720126064,1.00401977366364,-2.69551697492428,0.797637799310798,-0.797637799310798,0.561947901255775,-0.561947901255775,-0.730443732012931,0.730443732012931,1.61587139529994,-0.593529461597393,-1.02234193370255,-1.19918465989965,0.509274011735309,0.689910648164344,0.312426729985733,-0.312426729985733,0.438323497764362,-0.438323497764362,0.186093038050432,-0.186093038050432,0.187472211337255,0.350667502037683,-1.91801603928068,1.37987632590574,-0.10149163585524,0.10149163585524,"(1497, 8446]",5.48168555444032,-0.439462796653404,0.540169683239332
30103,1889.33333333333,Trop/Subtrop Forests,1.78595823605875,0.716365840964157,0.51606178161977,0.880368817234427,-3.8987546758771,0.241721036455929,-2.16264675084806,1.92092571439213,0.503698140198224,-0.503698140198224,-0.44862126845173,0.44862126845173,1.53163961356271,0.784807226482902,-2.31644684004561,0.878350701194386,-0.878350701194386,0.413628554751879,-0.413628554751879,-0.547386756180472,0.547386756180472,1.65686571928598,-0.524969857086583,-1.1318958621994,-1.41252609485039,0.43476151628762,0.977764578562766,0.303760164529535,-0.303760164529535,0.316076333928552,-0.316076333928552,0.111089382952055,-0.111089382952055,0.11033472374599,0.261836395401671,-2.03282263231995,1.66065151317229,-0.113662635955442,0.113662635955442,"(1497, 8446]",3.71616783747362,0.235851231681282,-0.42241409422012
30105,550.2,Trop/Subtrop Forests,1.6425915303926,0.424434091074712,0.735646660936687,0.916028352912815,-3.71870063531682,0.337415828883273,-2.13068370258835,1.79326787370507,0.557890046145237,-0.557890046145238,-0.21304219765545,0.21304219765545,1.97375370725591,0.825293612860229,-2.79904732011614,0.75509147716938,-0.75509147716938,0.310586840467428,-0.310586840467428,-0.604155602962267,0.604155602962267,1.53605319130392,-0.468467480196126,-1.06758571110779,-1.0935150527353,0.183789024676183,0.90972602805912,0.478148033243927,-0.478148033243927,0.361373825168118,-0.361373825168118,0.298384026783358,-0.298384026783358,0.0804686752422436,0.319485575712744,-1.95975215328431,1.55979790232932,-0.0568296592362608,0.0568296592362607,"[54, 604]",2.62921218276365,-0.232266330096272,0.802451628830274
30107,1844.26666666667,Trop/Subtrop Forests,1.15665128233663,0.754306301564706,0.748056281219534,1.25950866777633,-3.9185225328972,0.332572827106784,-2.72378406826364,2.39121124115686,0.720509630404569,-0.720509630404569,-0.353196203654983,0.353196203654983,1.71767236084101,1.0325897401178,-2.75026210095881,0.786357039739703,-0.786357039739703,0.531039272667827,-0.531039272667827,-0.890070540637095,0.890070540637095,1.432177003402,-0.558932032474746,-0.87324497092725,-1.29844226384582,0.526631412066216,0.771810851779607,0.361030914239743,-0.361030914239743,0.518960972198788,-0.518960972198788,0.121010704745399,-0.121010704745399,0.183159208705908,0.36034545893499,-1.80376995979395,1.26026529215305,-0.17000394572676,0.17000394572676,"(1497, 8446]",5.60438672852444,-0.814799881879782,1.60321512181979
30108,1251.26666666667,Trop/Subtrop Forests,3.60238909698843,2.42946091434445,1.87093623399137,1.80792326616263,-9.71070951148689,0.0828713045140769,-1.73241866212417,1.6495473576101,0.316737424536774,-0.316737424536774,-0.0387290295195019,0.0387290295195021,1.60634127426966,0.513492690318305,-2.11983396458797,0.774970406784728,-0.774970406784728,0.052243003756447,-0.0522430037564468,-0.483705550324055,0.483705550324055,1.8241563555629,-0.241298944142199,-1.5828574114207,-1.13678880603246,0.138135734265761,0.998653071766698,0.452385444020647,-0.452385444020647,0.322132634531295,-0.322132634531295,0.0595016460308063,-0.0595016460308064,-0.00986086247131182,-0.0553232365480691,-2.14254691866996,2.20773101768934,-0.109433497273475,0.109433497273475,"(604, 1497]",0.22348430403091,1.19543488369264,0.737831734105329
30109,1925.66666666667,Trop/Subtrop Forests,1.77421772353939,1.11725664952615,0.499617021474347,0.809771949778186,-4.20086334431807,0.10325897597378,-2.2437778795911,2.14051890361732,0.538728044350399,-0.538728044350399,-0.142012880624335,0.142012880624335,1.44665131152074,0.829287888414766,-2.27593919993551,0.766564859685388,-0.766564859685388,0.25837140039704,-0.25837140039704,-0.681270137555892,0.681270137555892,1.67634558608719,-0.40619033660739,-1.27015524947981,-1.28467225991428,0.374629354097773,0.91004290581651,0.271807723294491,-0.271807723294491,0.320803956983007,-0.320803956983007,-0.00873929863697976,0.00873929863697993,0.0368994316027689,0.202691686445513,-1.94574272672127,1.70615160867299,-0.0660435943148422,0.0660435943148424,"(1497, 8446]",3.25248795491271,1.36110860225443,0.674557150809599
30110,631.6,Trop/Subtrop Forests,1.13493622173717,0.808114240948115,1.17065430433925,0.857304485138887,-3.97100925216341,0.74264572134125,-3.08599567514785,2.3433499538066,0.674036574149847,-0.674036574149846,-0.255412811882995,0.255412811882995,1.59297347243109,0.961148182745459,-2.55412165517654,0.782976400247181,-0.782976400247181,0.462775028643476,-0.462775028643476,-0.817770268168369,0.817770268168369,1.60357902676126,-0.645353352740462,-0.958225674020801,-1.57638818966307,0.561647516282823,1.01474067338024,0.412832957435041,-0.412832957435041,0.460747279874591,-0.460747279874591,0.190412702085508,-0.190412702085508,0.135372998104851,0.474348364944183,-2.11591880050164,1.50619743745261,-0.163139685974963,0.163139685974963,"(604, 1497]",4.9759164946095,-0.638440318062369,1.3148834697625
30111,2550.73333333333,Trop/Subtrop Forests,1.49693111309594,0.433873610619346,0.889933166184008,0.947091580023957,-3.76782946992325,0.834707071577542,-2.9793355254904,2.14462845391286,0.422735270734252,-0.422735270734253,-0.455850029082778,0.455850029082778,1.75344483648085,0.839694815062243,-2.5931396515431,0.732482363744454,-0.732482363744454,0.501438695116744,-0.501438695116744,-0.603459385630005,0.603459385630005,1.61067922910151,-0.619649068886539,-0.991030160214967,-1.24128119468581,0.373696898123903,0.867584296561909,0.498670026017424,-0.498670026017424,0.380625383931006,-0.380625383931006,0.212349501817369,-0.212349501817369,0.155836760753178,0.130139415257894,-1.92572118383304,1.63974500782196,-0.100652003853122,0.100652003853122,"(1497, 8446]",3.84220918921301,-0.364189618185383,1.01604046105896
30112,1335.46666666667,Trop/Subtrop Forests,2.10997988743331,1.15594882757631,0.707254984917327,0.431549103512262,-4.40473280343922,0.466995676550996,-2.00216261626887,1.53516693971787,0.152690824775591,-0.152690824775591,0.140782922717172,-0.140782922717172,1.83423930515428,0.737369177205554,-2.57160848235983,0.6605074123788,-0.6605074123788,0.202732554054082,-0.202732554054082,-0.563799912770681,0.563799912770681,1.87298368833375,-0.428876504302346,-1.4441071840314,-1.21781738443222,0.223628796762748,0.994188587669475,0.634049485663969,-0.634049485663969,0.276514298867009,-0.276514298867009,0.0905118490391774,-0.0905118490391773,0.00187383017471614,0.0223523615182569,-2.26680971114365,2.24258351945067,0.014085438483348,-0.0140854384833481,"(604, 1497]",0.818629873221297,2.09997278945386,1.72629464342683
30113,224.066666666667,Trop/Subtrop Forests,1.33439926500757,0.17124845520189,0.47873315494985,1.063246494507,-3.04762736966631,-0.104936913280011,-2.40752200627406,2.51245891955407,0.777314837969553,-0.777314837969553,-0.549306144334055,0.549306144334055,1.46954162418594,0.456543088240821,-1.92608471242676,0.806842101657776,-0.806842101657776,0.43996154385164,-0.43996154385164,-0.456650596512894,0.456650596512895,1.5999374090567,-0.250662560194293,-1.3492748488624,-0.951577528773981,0.104475145475333,0.847102383298648,0.382205100290718,-0.382205100290718,0.476781063335693,-0.476781063335693,0.178337471969366,-0.178337471969366,0.247075033634109,0.415697746069902,-2.03530735204242,1.37253457233841,-0.150210549114605,0.150210549114605,"[54, 604]",3.65274372738995,-1.41024063546303,-0.136433927659555
30114,1372.93333333333,Trop/Subtrop Forests,1.73202453335438,0.474290552136995,0.815733801480228,0.958007857144907,-3.98005674411651,0.602925574360877,-2.67043843579139,2.06751286143052,0.477015529928501,-0.477015529928501,-0.705493486855131,0.705493486855131,1.65195302001968,0.825018855779512,-2.4769718757992,0.79090871488619,-0.790908714886191,0.509450600480567,-0.509450600480567,-0.50457646501992,0.50457646501992,1.66985276436333,-0.569274304626899,-1.10057845973643,-1.47805726767959,0.453254081954575,1.02480318572501,0.337686348266184,-0.337686348266184,0.33472870471877,-0.33472870471877,0.154008541497279,-0.154008541497279,0.209822135166197,0.221943495698542,-2.16001518483702,1.72824955397228,-0.130352084315373,0.130352084315373,"(604, 1497]",4.2296152939672,-0.206367892838392,-0.199360031705407
30115,819.2,Trop/Subtrop Forests,1.84527303596978,1.24954796841731,-0.267268454136398,0.292347333799025,-3.11989988404972,-0.261141797375836,-1.68517648647857,1.94631828385441,0.512926467192841,-0.512926467192841,0.0901908459880641,-0.0901908459880641,1.35628592689781,-0.0345991079306824,-1.32168681896713,0.851812563746901,-0.851812563746901,0.297710144878595,-0.297710144878595,-0.313757582800501,0.313757582800501,1.6711049144016,-0.950560672501787,-0.720544241899815,-0.861831527077785,-0.230816127624846,1.09264765470263,0.319098230288764,-0.319098230288764,0.386594944116741,-0.386594944116741,0.0882601176149339,-0.0882601176149341,0.0935623973039874,-0.13527917512486,-2.30433287549438,2.34604965331526,0.133671194107329,-0.133671194107329,"(604, 1497]",0.411811559587284,0.586428100530047,-1.70361205648522
30116,2082.13333333333,Trop/Subtrop Forests,2.21145588838563,1.12711157151522,0.34513317724866,0.487505157883306,-4.17120579503282,-0.012469731637062,-2.0536900604967,2.06615979213376,0.363315242343367,-0.363315242343367,-0.127591452529413,0.127591452529413,1.76273969531879,0.596457177333896,-2.35919687265268,0.901170789279296,-0.901170789279296,0.260029900638846,-0.260029900638846,-0.358483488752831,0.358483488752831,1.71838075669215,-0.540401713643506,-1.17797904304864,-1.14790223959171,0.101327156322344,1.04657508326937,0.388917720755294,-0.388917720755294,0.36334128828842,-0.36334128828842,0.067960191816751,-0.067960191816751,0.235153574338861,-0.0641791153328953,-2.48846114330446,2.3174866842985,0.0256663008955525,-0.0256663008955524,"(1497, 8446]",1.39971744658193,0.966597281597021,-0.917725059789195
30117,3316.4,Trop/Subtrop Forests,2.14396841778179,-0.022555360055107,0.254870212229485,1.25041031575778,-3.62669358571395,0.0409507923542054,-2.46864847002417,2.42769767766996,0.90446890288157,-0.90446890288157,-0.778769737153224,0.778769737153225,1.91647310230963,1.38990131610038,-3.30637441841001,0.896005981300723,-0.896005981300723,0.486620021903017,-0.486620021903017,-0.450317417400801,0.450317417400801,1.61764396493859,-0.604069223646711,-1.01357474129188,-1.56275824317368,0.606295457195843,0.956462785977837,0.255584309054973,-0.255584309054973,0.471491487414514,-0.471491487414514,0.174053636295209,-0.174053636295209,0.0625813176942597,0.632114542287028,-2.27458410889657,1.57988824891528,-0.0695241102508643,0.0695241102508644,"(1497, 8446]",5.29029507629603,-0.654040156023956,-0.954781493512167
30118,3125.06666666667,Trop/Subtrop Forests,3.78421327998079,1.63328696420382,1.97061426714477,2.24214089937426,-9.63025541070363,0.422144360150356,-2.5835382442568,2.16139388410645,0.666379456663325,-0.666379456663325,-0.474136888863603,0.474136888863603,1.7260140337903,0.946792244459114,-2.67280627824942,0.912247583158477,-0.912247583158476,0.428029608788844,-0.428029608788844,-0.379832724011479,0.379832724011479,1.77062111673507,-0.674620276660502,-1.09600084007457,-1.56729443912457,0.561603045710677,1.00569139341389,0.339878211264769,-0.339878211264769,0.399894932545096,-0.399894932545096,0.166523573300718,-0.166523573300718,-0.129175582000269,0.437808864446062,-2.25034779613658,1.94171451369078,0.0420992178065074,-0.0420992178065075,"(1497, 8446]",2.84324369947019,0.579484442576593,-1.12311381533824
30119,1428.2,Trop/Subtrop Forests,3.44481478772405,2.49677535753531,1.88284341252887,1.94696794069841,-9.77140149848663,0.260120738216637,-2.26560790609162,2.00548716787498,0.223230123905544,-0.223230123905544,-0.202732554054082,0.202732554054082,1.89727418094892,0.763368939239703,-2.66064312018862,0.795275497390051,-0.79527549739005,0.328104786710616,-0.328104786710616,-0.429291207126754,0.429291207126754,1.65987340328663,-0.49865482304938,-1.16121858023725,-1.05488360007353,0.152927980559567,0.901955619513968,0.605316576224236,-0.605316576224236,0.388474140959663,-0.388474140959663,0.168817288465151,-0.168817288465151,0.194638361604283,-0.0473736740143096,-2.17560537986358,2.0283406922736,-0.0736872633583601,0.0736872633583602,"(604, 1497]",0.955092138257255,0.271996730851215,0.690655326411213
30120,1227.8,Trop/Subtrop Forests,2.00009147940904,0.484890497414103,0.301225757073681,0.634235785966423,-3.42044351986325,0.213725166080908,-1.76276840634649,1.54904324026558,0.479830414287124,-0.479830414287124,-0.129755597742542,0.129755597742542,1.81516309240596,0.480547679361392,-2.29571077176735,0.875832506013088,-0.875832506013088,0.218869038908342,-0.218869038908342,-0.27223199145741,0.27223199145741,1.61814982242538,-0.317684674641195,-1.30046514778418,-1.04105677133534,0.0727303153520075,0.96832645598333,0.408599914614962,-0.408599914614962,0.320877194317438,-0.320877194317438,0.249624035211774,-0.249624035211774,-0.0059581665293445,0.157787004691675,-2.05518592961268,1.90335709145036,-0.0342732712675552,0.0342732712675549,"(604, 1497]",1.11167818572872,0.0181152611627576,-0.845645343429954
30121,455.4,Trop/Subtrop Forests,3.52765791584542,2.50118315534373,1.72799326711025,1.97930769539115,-9.73614203369055,0.212508007693442,-2.06475927731631,1.85225126962287,0.537257368544525,-0.537257368544525,-0.0911607783969773,0.0911607783969772,1.33200802521354,0.668188459748118,-2.00019648496166,1.06013176810005,-1.06013176810005,0.201768233600879,-0.201768233600879,-0.628308268905679,0.628308268905679,1.67671060873494,-0.264654077948699,-1.41205653078624,-1.47635972631492,0.510372417260644,0.96598730905428,0.25404106891012,-0.25404106891012,0.3364209571996,-0.3364209571996,0.0232600078174467,-0.0232600078174464,-0.0888790064817759,0.374958107848296,-2.00252829331887,1.71644919195235,-0.20491120673856,0.20491120673856,"[54, 604]",2.5910303489311,0.584420997838487,-0.535174725773874
30122,225.8,Trop/Subtrop Forests,1.02384520958111,0.141456029382641,0.36459958069685,1.5066969813047,-3.03659780096531,3.46468222833687,-8.54985220529443,5.08516997695755,0.591347702939326,-0.591347702939325,-0.528026337124657,0.528026337124657,1.37062739429581,0.303267649131804,-1.67389504342761,0.497858932752739,-0.497858932752738,0.49606440413283,-0.49606440413283,-0.925911854985353,0.925911854985353,1.30789034401191,-0.546389482197481,-0.761500861814427,-1.33285836442907,0.384793132645267,0.9480652317838,0.591099502388188,-0.591099502388188,0.605877472383996,-0.605877472383996,0.241213074622146,-0.241213074622146,0.210236885746416,0.210236885746416,-1.96451483573774,1.54404106424491,-0.161986036928491,0.161986036928491,"[54, 604]",6.28363860211731,-3.43507732533264,3.31615290833726
30123,1005.93333333333,Trop/Subtrop Forests,1.28128175338275,0.375860693745495,0.63092184802801,0.946992923742477,-3.23505721889873,0.848555496322184,-2.91264461937138,2.0640891230492,0.397652449156624,-0.397652449156624,-0.371372060849659,0.371372060849659,1.65975300504474,0.545891153998602,-2.20564415904335,0.671951301172817,-0.671951301172817,0.414878854677151,-0.414878854677151,-0.654793226249993,0.654793226249993,1.54715667146301,-0.464616456070327,-1.08254021539268,-1.08359435067845,0.249590185127488,0.834004165550967,0.606700947307394,-0.606700947307394,0.417026316818592,-0.417026316818591,0.249690918452845,-0.249690918452844,0.159539185339641,0.247994605901505,-2.10338065126197,1.69584686002083,-0.0764472780297657,0.0764472780297658,"(604, 1497]",3.14875562360891,-0.769369978253364,1.67629192913111
30124,1380.2,Trop/Subtrop Forests,1.22970954215373,0.927785112986409,1.13772715244208,1.27416130472457,-4.56938311230679,0.262146398736011,-2.54121398217052,2.27906758343451,0.61247171432012,-0.61247171432012,-0.251952590460708,0.251952590460708,1.50307020460886,0.823406374386197,-2.32647657899505,0.78228775418842,-0.78228775418842,0.449589284716477,-0.449589284716478,-0.950256141392011,0.950256141392011,1.51703597500766,-0.564635221999447,-0.952400753008211,-1.48036991945434,0.557735998167588,0.922633921286752,0.380716544213038,-0.380716544213038,0.521796456538455,-0.521796456538455,0.0990957508503601,-0.0990957508503601,0.223197505161936,0.494440851270557,-2.21914953020727,1.50151117377477,-0.119025817201248,0.119025817201248,"(604, 1497]",5.02789807934516,-0.424026882286778,1.69636587786603
30125,1497.26666666667,Trop/Subtrop Forests,2.93273856757943,2.46355764508516,2.17587557263338,2.3375169241898,-9.90968870948777,0.741798484767639,-2.84172045368847,2.09992196892083,0.37076337570814,-0.37076337570814,-0.204644602273284,0.204644602273284,1.75605491888359,0.92108508348111,-2.6771400023647,0.716331222470745,-0.716331222470744,0.365775072100135,-0.365775072100135,-0.7497659672023,0.7497659672023,1.52401031148062,-0.359297914524797,-1.16471239695582,-1.05193238099879,0.366815724970837,0.685116656027955,0.566766018874463,-0.566766018874463,0.478399914142446,-0.478399914142445,0.16381538588423,-0.16381538588423,0.0915983965480028,0.101716526713588,-1.66355132706749,1.4702364038059,-0.11072870668704,0.11072870668704,"(604, 1497]",2.71428423030318,-0.113295628378002,2.39871393220169
30126,2619.93333333333,Trop/Subtrop Forests,1.10879454688801,0.590642883029946,0.842773971217408,1.0866534210108,-3.62886482214616,0.438847942164414,-2.95398118982723,2.51513324766281,0.604480172918488,-0.604480172918488,-0.588852438752663,0.588852438752663,1.64791874088743,0.9691870622257,-2.61710580311314,0.805586259123154,-0.805586259123154,0.540561210560874,-0.540561210560874,-0.817680798721946,0.817680798721946,1.54641068419796,-0.598782235044653,-0.94762844915331,-1.20475528165132,0.504955599929236,0.699799681722081,0.364996726972956,-0.364996726972956,0.494774543152361,-0.494774543152361,0.156689708973533,-0.156689708973533,0.212692956763202,0.349161209061034,-1.88540900763404,1.3235548418098,-0.129775661545438,0.129775661545438,"(1497, 8446]",5.5016374611295,-0.782748179208379,1.14635654725575
30127,360,Trop/Subtrop Forests,3.03916381115274,1.92442214055475,2.12287307927859,2.77519826531828,-9.86165729630435,0.0396864533386627,-2.5993708762766,2.55968442293793,0.515509498767791,-0.515509498767791,-0.578726394345522,0.578726394345522,1.60077173099637,0.813036131760506,-2.41380786275687,0.879689029862508,-0.879689029862508,0.307051986609746,-0.307051986609746,-0.647052154325905,0.647052154325905,1.4359174406525,-0.617623372595176,-0.818294068057327,-1.24217097959413,0.49016506916312,0.752005910431014,0.199135416237069,-0.199135416237069,0.388944204507518,-0.388944204507518,0.208580573935678,-0.208580573935678,0.0801893083682766,0.480948525439028,-1.87990547567899,1.31876764187169,-0.0583621371540707,0.0583621371540707,"[54, 604]",3.60602986705543,-0.44168032928738,-0.232097709799537
30128,702.866666666667,Trop/Subtrop Forests,2.59196750123216,2.53254408076136,2.08540627625262,2.71259548902077,-9.92251334726691,0.490518068356905,-3.00598949310958,2.51547142475267,0.408777945594233,-0.408777945594233,-0.22401236126348,0.22401236126348,1.74123118661587,0.950053661364533,-2.6912848479804,0.560295597693443,-0.560295597693442,0.442759536603701,-0.442759536603701,-0.940405623421978,0.940405623421979,1.60127605403391,-0.535323901485872,-1.06595215254804,-1.13704923750511,0.367028159271166,0.770021078233942,0.534663809561467,-0.534663809561467,0.413001942601027,-0.413001942601027,0.184394814774879,-0.184394814774879,0.0730717276198296,0.235238482435324,-1.66387950511323,1.35556929505808,-0.0760238148152398,0.0760238148152397,"(604, 1497]",3.19502159183389,0.333107719055562,2.9926034989367
30130,1808.26666666667,Trop/Subtrop Forests,1.53388665788635,0.550932005562308,0.99670833947272,1.13397932510053,-4.21550632802191,0.979351053989104,-3.40267558068478,2.42332452669567,0.519408255331038,-0.519408255331038,-0.637419460097284,0.637419460097284,1.74314894579012,0.906850872791914,-2.64999981858204,0.77714304617951,-0.77714304617951,0.559797506999753,-0.559797506999753,-0.60242005353447,0.602420053534471,1.61421868387026,-0.687272915302418,-0.926945768567838,-1.20822079742004,0.414365587857568,0.793855209562471,0.44790913838459,-0.44790913838459,0.447074802998471,-0.447074802998471,0.206627954947966,-0.206627954947966,0.158181032303479,0.264914231773277,-1.91033143884417,1.48723617476741,-0.131767498154263,0.131767498154263,"(1497, 8446]",4.7114265851092,-0.910548681181149,0.741439210703535
30201,283.133333333333,Trop/Subtrop Forests,4.04082667526561,2.3244909678548,1.87980514659335,1.22587867918669,-9.47100146890044,0.469232756594348,-1.14020515583975,0.670972399245404,-0.0178590413010396,0.0178590413010397,0.440599706031442,-0.440599706031442,1.92830546605051,0.550108315163237,-2.47841378121375,0.65816788625649,-0.65816788625649,0.186530842026753,-0.186530842026753,-0.496625886505142,0.496625886505142,2.08462902831194,0.0127920860173244,-2.09742111432927,-0.799026204297272,-0.16471952376026,0.963745728057531,0.763373098294494,-0.763373098294493,0.359674776476985,-0.359674776476985,0.217439496657229,-0.217439496657229,1.96265571858489,1.89811719744732,-8.79063282455656,4.92985990852435,0.112216521072041,-0.112216521072041,"[54, 604]",-1.65269378370258,4.77939267236708,-0.221535572852881
30202,2126.4,Trop/Subtrop Forests,3.26860798295424,1.72610955319525,2.31708855919634,2.50866332147078,-9.82046941681662,0.54503255307156,-2.67384327179664,2.12881071872508,0.521968146160708,-0.521968146160708,-0.48854546545056,0.48854546545056,2.12329206059639,1.23717492948545,-3.36046699008185,0.769809467992422,-0.769809467992422,0.443007983813782,-0.443007983813781,-0.711331002645383,0.711331002645383,1.60029679291769,-0.679765820126829,-0.920530972790858,-1.5098868193504,0.709525672961183,0.800361146389216,0.524399291477945,-0.524399291477945,0.494433148402154,-0.494433148402154,0.215572913319494,-0.215572913319494,-0.061482095443548,0.230576351608032,-1.78541896833284,1.61632471216836,0.0100040387999708,-0.0100040387999708,"(1497, 8446]",3.73653321799434,0.0499826510747873,1.57111530370782
30701,454.133333333333,Grasslands,3.34241513641226,2.71747620587885,1.29765915272031,2.39627144138842,-9.75382193639985,2.95737984215145,-8.34423652915157,5.38685668700012,0.0934386866649077,-0.0934386866649076,-0.222342910630723,0.222342910630723,1.69203171775383,0.581500336848512,-2.27353205460234,0.538705040508753,-0.538705040508753,0.573007263781347,-0.573007263781347,-0.564232625908895,0.564232625908895,2.02120053110004,-0.608413857714935,-1.41278667338511,-1.42411353745417,0.176956125309418,1.24715741214475,0.532911232922559,-0.53291123292256,0.0249635869782535,-0.0249635869782536,0.196363041165367,-0.196363041165367,0.165924280523717,0.530567394111626,-3.05295154434448,2.35645986970914,0.10693495726444,-0.10693495726444,"[54, 604]",2.21026752686271,2.42655294080816,0.118509862909677
30702,385.066666666667,Grasslands,1.91722192685375,0.79439538006505,0.425035276599002,0.288459741593251,-3.42511232511106,1.09428066638265,-2.67848027171199,1.58419960532933,-0.186756754150781,0.186756754150781,-0.148132908071586,0.148132908071586,2.39203283137694,1.09646732364681,-3.48850015502376,0.627036363188716,-0.627036363188716,0.333914686287828,-0.333914686287828,-0.35239889888996,0.35239889888996,1.72915783806344,-0.395444099735253,-1.33371373832818,-0.917780970893648,0.0358972930521275,0.88188367784152,0.755728752036948,-0.755728752036948,0.232681624844617,-0.232681624844617,0.252688009499213,-0.252688009499213,-0.184812046326034,0.110652166567802,-2.26425358800587,2.3384134677641,-0.0976173815985666,0.0976173815985667,"[54, 604]",0.743418034603959,1.01357248598843,1.780266860548
30704,4221.66666666667,Grasslands,2.31473552933262,1.02707390069328,0.459746893334367,0.358755581787204,-4.16031190514748,0.814348379536688,-2.68934828550226,1.87499990596557,0.207292389234356,-0.207292389234356,-0.347841018081567,0.347841018081567,1.73418474985256,0.68687975715418,-2.42106450700674,0.712938838885113,-0.712938838885113,0.40631617214343,-0.406316172143429,-0.378580272782833,0.378580272782833,1.97157160908267,-0.408834428700771,-1.5627371803819,-1.40687004216643,0.254418948978779,1.15245109318765,0.415663665982334,-0.415663665982334,0.15045134829414,-0.15045134829414,0.159616617163651,-0.15961661716365,-0.162380584650699,0.0312725381528061,-2.21650431834624,2.34761236484414,0.0514196772944607,-0.0514196772944607,"(1497, 8446]",1.43793717924313,2.08155622114663,-0.442741530173095
30705,1175.4,Grasslands,1.93737285215826,0.500245425239132,0.281692547633521,0.487899589416833,-3.20721041444774,0.993201740831108,-2.49570122125015,1.50249948041905,0.0911607783969772,-0.0911607783969773,-0.4177317013701,0.4177317013701,1.89742871392919,0.449163533796065,-2.34659224772525,0.60450231689865,-0.60450231689865,0.429621131256178,-0.429621131256178,-0.337094633407666,0.337094633407666,2.06795051701047,-0.340828077945291,-1.72712243906518,-1.25113118696366,0.174984668342902,1.07614651862076,0.757809578608223,-0.757809578608223,0.161945261793146,-0.161945261793146,0.393832405146532,-0.393832405146532,0.0778229845227286,0.0778229845227286,-2.5124441809231,2.35679821187764,-0.0676799404872604,0.0676799404872606,"(604, 1497]",0.709240538462949,0.576126251639884,0.695129029608348
30706,1464.66666666667,Grasslands,1.67975145875606,0.931945865658246,0.45668499561454,0.893773292153216,-3.96215561218206,0.714206814433789,-2.61799769574141,1.90379088130763,0.305393487373023,-0.305393487373023,-0.061934740856393,0.0619347408563929,1.61678010513706,0.81698172928958,-2.43376183442664,0.665760935732886,-0.665760935732886,0.396671076458438,-0.396671076458438,-0.70006504648627,0.70006504648627,1.59191636411078,-0.378771377352253,-1.21314498675852,-1.25363898480512,0.375964597223571,0.877674387581552,0.439247229135219,-0.439247229135219,0.297869496546307,-0.297869496546307,0.114293880871028,-0.114293880871028,-0.0390778008718398,0.263818140215769,-1.92992817274413,1.7051878334002,-0.0776709325987058,0.0776709325987058,"(604, 1497]",3.00257803746209,1.00347103438707,1.61806629333753
30707,2870.06666666667,Grasslands,1.7267941035392,0.493163433124985,0.708110217235016,0.758271183538227,-3.68633893743742,0.814386746127852,-2.54367114287369,1.72928439674583,0.351243404078039,-0.351243404078039,-0.468886310345027,0.468886310345028,1.7854820253946,0.664316852064012,-2.44979887745861,0.690247632949205,-0.690247632949205,0.478612070400204,-0.478612070400204,-0.478344304100225,0.478344304100226,1.71695214553054,-0.49740871404867,-1.21954343148187,-1.19380885967158,0.285499468992288,0.908309390679289,0.630668099602928,-0.630668099602928,0.319430433821379,-0.319430433821379,0.247348120918054,-0.247348120918054,0.192375724705619,0.111030085251666,-2.24885586157972,1.94545005162244,-0.0783238875120743,0.0783238875120743,"(1497, 8446]",2.64614241142614,-0.00924733685995321,0.893206221272956
30709,1020.26666666667,Grasslands,2.2384270983183,1.20445766591227,0.42813297887342,0.285816756693164,-4.15683449979715,0.631519597591256,-2.40102664908545,1.7695070514942,-0.103819682389122,0.103819682389122,0.103819682389122,-0.103819682389122,1.94619838398183,0.710548723002323,-2.65674710698415,0.750167788815139,-0.750167788815139,0.259155990897093,-0.259155990897094,-0.386847916548143,0.386847916548143,1.8823398221278,-0.652130985676321,-1.23020883645148,-0.874838696623831,-0.00498795157415383,0.879826648197984,0.678901202662792,-0.678901202662792,0.300983945210769,-0.300983945210769,0.124372755376568,-0.124372755376568,-0.025277954405999,0.0260153399815515,-2.38193026867032,2.38119288309477,0.000784313886313205,-0.000784313886313263,"(604, 1497]",0.217877588147972,1.56506440132403,0.961333549463862
30710,281.2,Grasslands,1.77382604077146,0.647239900060941,0.0929291643552114,0.688912596461509,-3.20290770164912,0.981286814282384,-2.19676701606556,1.21548020178318,0.0733017370959377,-0.0733017370959377,-0.131182132233746,0.131182132233746,1.66220092701752,0.397267422901894,-2.05946834991941,0.589790675600889,-0.589790675600888,0.237969182382775,-0.237969182382775,-0.551465974906313,0.551465974906313,1.93556518444585,-0.0719028576088975,-1.86366232683695,-1.04516473864305,0.0108879356062638,1.03427680303679,0.587492633726342,-0.587492633726342,0.23961014217533,-0.23961014217533,0.300898700985859,-0.300898700985859,-0.338204607980875,0.460303088236897,-2.53542918531709,2.41333070506107,-0.166288696179836,0.166288696179836,"[54, 604]",0.63806492898809,0.453992817287795,1.57135906804124
30711,1500.26666666667,Grasslands,3.39877930068675,2.61361322140655,1.93244223189332,1.83235877333634,-9.77719352732296,0.38194705742353,-2.10295959236447,1.72101253494094,0.262536707993946,-0.262536707993946,-0.0397937189591738,0.0397937189591739,1.85662412931305,0.756483956466887,-2.61310808577994,0.698679290362636,-0.698679290362635,0.219540859453575,-0.219540859453575,-0.542390404759824,0.542390404759824,1.78963692021293,-0.273565225942375,-1.51607169427055,-1.08869102174907,0.28856985427315,0.800121167475923,0.670394136075824,-0.670394136075824,0.365414123763817,-0.365414123763817,0.121893939447278,-0.121893939447278,0.0284661544310992,-0.052006198791474,-2.02051617976403,2.0440562241244,0.0270623075100561,-0.027062307510056,"(1497, 8446]",0.514420659718491,1.57531748445516,1.81038477574601
30712,1694.6,Grasslands,1.71995143986654,0.59886629534637,0.646934698387392,0.625036013079755,-3.59078844668006,0.683513663662427,-2.38665120467433,1.70313754101191,0.304646435061541,-0.304646435061541,-0.398539051704089,0.398539051704089,1.6244641965227,0.649904556524572,-2.27436875304727,0.757450314872062,-0.757450314872062,0.41973206774072,-0.41973206774072,-0.533887210091208,0.533887210091208,1.85575482022519,-0.601173984157378,-1.25458083606781,-1.34105414923165,0.351614417352175,0.989439731879473,0.484931652961901,-0.484931652961901,0.305454541161487,-0.305454541161487,0.184306321548804,-0.184306321548804,0.226453454961085,0.12598292459745,-2.2883061579766,1.93586977841806,-0.121081625315754,0.121081625315754,"(1497, 8446]",2.89427424962843,0.347532276407625,0.452009434514977
30713,984.6,Grasslands,2.32806601557183,0.826198564446358,0.057413969680793,0.28625554210964,-3.49793409180862,1.05061285254703,-2.2452240134573,1.19461116091027,-0.0882789260386022,0.0882789260386022,-0.317325486939168,0.317325486939168,1.91266900598495,0.370789244562142,-2.28345825054709,0.672551601989655,-0.672551601989655,0.475442688319327,-0.475442688319327,-0.222375698590996,0.222375698590995,2.16920369866452,-0.199248819317149,-1.96995487934737,-0.871810488299448,-0.054020862532226,0.925831350831674,0.92694562516753,-0.926945625167531,0.194569107410368,-0.194569107410368,0.404437961745474,-0.404437961745474,-0.177011427788542,0.00257414918653798,-2.4961258227338,2.6705631013358,-0.0333728397650232,0.0333728397650235,"(604, 1497]",-0.739232406078495,0.723804575557755,0.612104683203264
30714,248.666666666667,Grasslands,3.53291530346946,2.67271403824635,1.7099032907373,1.80087506894303,-9.71640770139615,0.660333822955528,-2.70696200703095,2.04662818407542,0.317994383359999,-0.317994383359998,0.100335347731075,-0.100335347731076,1.5853568972527,0.435689437784303,-2.021046335037,0.675532834618073,-0.675532834618073,0.212009258001956,-0.212009258001956,-0.423648930193602,0.423648930193602,1.79315116443833,-0.399949695714025,-1.39320146872431,-1.35271383785271,0.187731203094436,1.16498263475828,0.669520738134673,-0.669520738134672,0.182967134675765,-0.182967134675764,0.148518338809501,-0.148518338809501,2.28046793099714,2.28046793099714,-9.09269559159793,4.53175972960364,-0.102265852059805,0.102265852059805,"[54, 604]",0.880085475007293,3.44820340661504,-1.35877792435851
30715,1355.73333333333,Grasslands,2.02431162359411,1.35446000563768,0.761396283634719,0.222399782902033,-4.36256769576854,0.742287875538409,-2.547357020218,1.80506914467959,0.0573544738879808,-0.0573544738879808,0.130038403179946,-0.130038403179946,2.19205409585053,0.861410989280013,-3.05346508513054,0.650945273768671,-0.650945273768671,0.284525677464593,-0.284525677464593,-0.588652278621887,0.588652278621887,1.76943177589651,-0.102728118769583,-1.66670365712693,-1.14387158071117,0.304607870682251,0.839263710028918,0.851575961352802,-0.851575961352802,0.344124605792199,-0.344124605792199,0.176746545815622,-0.176746545815622,-0.151428051885804,0.053103652233807,-2.05566550454055,2.15398990419255,0.117957558496849,-0.117957558496849,"(604, 1497]",0.636402070537965,1.93330960326275,2.67514707577116
30716,1007.2,Grasslands,3.3002042606978,2.52921459337392,1.90949488136879,2.07994686260736,-9.81886059804787,0.770912488152688,-2.38912283669258,1.61821034853989,0.199056066901453,-0.199056066901453,-0.0107531026104818,0.0107531026104819,1.78383099541282,0.794857427459411,-2.57868842287223,0.617655259272071,-0.617655259272071,0.282093374780623,-0.282093374780623,-0.566783651850843,0.566783651850843,1.75088281520999,-0.270961234686508,-1.47992158052348,-1.21365124440231,0.277354070806613,0.936297173595694,0.623636281444466,-0.623636281444466,0.288906063271101,-0.288906063271101,0.16105565798384,-0.16105565798384,-0.012492370380528,0.13268963946397,-2.09193391206036,1.97173664297692,-0.0675181419019714,0.0675181419019715,"(604, 1497]",0.818170744336215,1.39951572089643,1.99472123799722
30717,2249.26666666667,Grasslands,2.27568024076186,1.36519143150381,0.581269226304932,0.594752576642219,-4.81689347521282,0.260652637069252,-2.10511135754633,1.84445872047707,0.129107666980454,-0.129107666980454,0.0122598085871592,-0.0122598085871593,1.78344409920527,0.626417134371533,-2.40986123357681,0.78502006061459,-0.785020060614591,0.241517813318156,-0.241517813318156,-0.432069939024031,0.432069939024031,1.79522319708716,-0.497622996445016,-1.29760020064215,-1.03078158221312,0.128907019864094,0.901874562349022,0.544201691648933,-0.544201691648933,0.323865869708018,-0.323865869708018,0.088222474152485,-0.0882224741524848,0.0656098255196202,-0.110432275789491,-2.21362790347743,2.25845035374731,0.0188165619330531,-0.0188165619330531,"(1497, 8446]",0.764242987200522,1.44962099306262,0.54603544306235
30718,486.733333333333,Grasslands,1.54151952475865,0.764758204157573,0.57309078494538,0.81022057823433,-3.68958909209594,3.60333993844745,-8.59839430548413,4.99505436703668,0.556500513060105,-0.556500513060105,-0.423648930193602,0.423648930193602,1.29561711716453,0.569513848921291,-1.86513096608582,0.74767185840376,-0.74767185840376,0.611587505654936,-0.611587505654936,-0.563391582817403,0.563391582817403,1.79961436807865,-0.885313415602701,-0.914300952475954,-1.64069359232157,0.485267964993161,1.15542562732841,0.343006393223036,-0.343006393223036,0.272928485881998,-0.272928485881998,0.0641271677618395,-0.0641271677618394,-0.0221927907981943,0.469401471039909,-2.21941736813441,1.7722086878927,-0.181808999086332,0.181808999086332,"[54, 604]",6.06337761008807,-0.392378194450966,-0.0616462660784057
30719,1351.86666666667,Grasslands,2.09871244606627,1.07914336473862,0.470337332612422,0.794124409706319,-4.44231755312363,0.560163505628021,-2.73567336037631,2.17550985474829,0.130099713378975,-0.130099713378974,-0.139474196241513,0.139474196241513,1.62927228258593,0.463700582785872,-2.09297286537181,0.688048811549688,-0.688048811549688,0.394911740397657,-0.394911740397657,-0.414618968792257,0.414618968792257,1.89211245269524,-0.521061400321162,-1.37105105237408,-1.26061935798268,0.153073977325327,1.10754538065735,0.494608941454674,-0.494608941454674,0.163720282295433,-0.163720282295433,0.20670871814933,-0.20670871814933,0.114620256267994,0.191809894959123,-2.48806942917639,2.18163927794927,-0.0328084272235111,0.032808427223511,"(604, 1497]",1.19093638081709,1.31547615616516,-0.0391039106090556
30721,1388.8,Grasslands,1.98556682863966,0.952623643479405,0.659275833491946,0.913741855935197,-4.51120816154621,0.383216061313053,-2.16882989131258,1.78561382999952,0.321315695211522,-0.321315695211522,-0.198841483833055,0.198841483833055,1.83446097170377,0.669185457331514,-2.50364642903528,0.651836082274512,-0.651836082274512,0.2987612429461,-0.2987612429461,-0.55748071333482,0.55748071333482,1.73043052658384,-0.361655289170196,-1.36877523741364,-1.27863641410055,0.237445928772548,1.041190485328,0.551980969207675,-0.551980969207675,0.268269351228865,-0.268269351228865,0.175149363399728,-0.175149363399728,0.0644587126247297,0.0752696287289452,-2.15474477143027,2.01501643007659,-0.0615625741085149,0.0615625741085147,"(604, 1497]",1.76519416679248,0.851230990064801,1.2172827734749
30722,2481.13333333333,Grasslands,1.98229498928573,0.557548303000901,0.600970464451179,0.515245923310211,-3.65605968004802,0.836741485924097,-2.34131234442385,1.50457085849975,0.224182227071127,-0.224182227071127,-0.444928737403,0.444928737403,1.84003105054818,0.551405879542719,-2.3914369300909,0.698170329096512,-0.698170329096512,0.441273311661235,-0.441273311661235,-0.376216203157085,0.376216203157085,1.86853634642474,-0.417109204231014,-1.45142714219373,-1.16288526868526,0.209206142256635,0.953679126428626,0.681598418963429,-0.681598418963429,0.264582707205997,-0.264582707205997,0.288523681807194,-0.288523681807194,0.126123145672963,-0.0177321302931953,-2.30162509027509,2.19323407489532,-0.0657740174634877,0.0657740174634878,"(1497, 8446]",1.55461153407156,0.309902440283676,0.581618467865177
30723,2020.33333333333,Grasslands,1.334500786341,0.694909710250022,0.807909682465806,1.15605520339174,-3.99337538244858,0.852362250104179,-3.36714545507193,2.51478320496775,0.593856141727078,-0.593856141727078,-0.392290693259789,0.392290693259789,1.60472589430816,0.780110794267242,-2.3848366885754,0.713793416591761,-0.713793416591761,0.547093751343877,-0.547093751343877,-0.768460093551857,0.768460093551857,1.66201858144465,-0.652319830002063,-1.00969875144259,-1.2497091781531,0.445294622610649,0.804414555542448,0.448873577080993,-0.448873577080993,0.439235549302785,-0.439235549302785,0.208649782877584,-0.208649782877583,0.185847137577541,0.334960023374842,-2.03940475201333,1.51859759106095,-0.124239778747529,0.12423977874753,"(1497, 8446]",4.67569115984588,-0.545043438886972,1.34000038939465
30725,2794.06666666667,Grasslands,2.31450705946755,1.30240768470655,0.62197638847191,0.763149985069416,-5.00204111771543,0.407583036293246,-2.29133468124569,1.88375164495244,0.13000506762423,-0.13000506762423,-0.0922489181082751,0.092248918108275,1.71687287326078,0.576964394220645,-2.29383726748142,0.736277352702149,-0.736277352702149,0.284027328290644,-0.284027328290644,-0.422489767837604,0.422489767837604,1.75448711525847,-0.516484618784655,-1.23800249647382,-1.11371078113064,0.163263585535632,0.950447195595005,0.554955921961022,-0.554955921961022,0.284430423039737,-0.284430423039737,0.112348374311805,-0.112348374311805,-0.0601487372884467,-0.0976318305431872,-2.02292269239576,2.1807032602274,0.0221879407003547,-0.0221879407003549,"(1497, 8446]",0.893818224045903,1.23896066024752,0.615262927327198
30726,476.866666666667,Grasslands,3.31968464661677,2.41420483084683,1.94204834823999,2.14428521473489,-9.82022304043847,0.858617677163608,-2.76572325581276,1.90710557864915,-0.110495348976554,0.110495348976554,-0.170162902968601,0.170162902968601,1.74678076426718,0.725946176641752,-2.47272694090893,0.675709515902939,-0.675709515902939,0.368352577449538,-0.368352577449538,-0.468526361661292,0.468526361661292,1.83621277261412,-0.397379448892978,-1.43883332372114,-0.845770299028903,-0.0409191288889566,0.88668942791786,0.696262455435264,-0.696262455435263,0.293633659632966,-0.293633659632966,0.270079307956432,-0.270079307956432,-0.188285255124965,0.153464038597091,-1.87468420869519,1.90950542522307,-0.0936514435720794,0.0936514435720794,"[54, 604]",0.0953730081272834,0.437498057796975,1.54605597017546
30907,740.533333333333,Grasslands,3.77616095261492,2.30845120000952,1.66748977262015,1.88041176986282,-9.63251369510741,0.87346923672519,-2.62303832474129,1.7495690880161,0.00751893868227047,-0.00751893868227015,-0.713092845073596,0.713092845073596,1.84648482763675,0.519157942604978,-2.36564277024173,0.811212553980456,-0.811212553980456,0.433594009433212,-0.433594009433212,-0.192337169219545,0.192337169219545,1.93461363854899,-0.396720867731042,-1.53789277081795,-0.966940071311764,0.0302027571914867,0.936737314120277,0.683126805118222,-0.683126805118222,0.315035247665302,-0.315035247665303,0.315769685585228,-0.315769685585227,-0.301851883828003,0.00183052997021866,-1.86403691141156,2.16405826526934,-0.198182932126525,0.198182932126525,"(604, 1497]",0.363244876554949,-0.952962938953046,-0.0768195466402896
31003,763.733333333333,Grasslands,3.30778771651859,1.77164838728265,-0.6337940911511,-1.32694127171105,-3.1187007409391,-0.568570792234288,-1.6390122039357,2.20758299616999,-0.0057804112005381,0.00578041120053806,0.219579476947318,-0.219579476947319,1.6123824444093,-0.103869472310608,-1.5085129720987,1.1855563700009,-1.1855563700009,0.35197904833208,-0.35197904833208,0.0858371080423647,-0.0858371080423647,2.33919004832978,-0.948678648025371,-1.39051140030441,-1.37025536185017,-0.152859537192089,1.52311489904226,0.162306505739535,-0.162306505739535,0.262618701213647,-0.262618701213647,-0.0442945395656238,0.0442945395656238,-0.0992106068595931,-1.16705123686095,-1.95550859722522,3.22177044094576,0.0374289954696749,-0.0374289954696746,"(604, 1497]",-1.43209217976564,1.8549546694106,-4.52620583347849
31004,4505.06666666667,Grasslands,2.42143263358473,1.49594772867836,0.249292366671784,0.205734392332654,-4.37240712126752,-0.087753651061487,-2.02714911909561,2.11490277015709,0.148240813201815,-0.148240813201815,0.0944580112596175,-0.0944580112596178,1.68873747018484,0.459285580557919,-2.14802305074276,0.905559709634123,-0.905559709634122,0.239093748068541,-0.239093748068541,-0.313697901498582,0.313697901498582,1.9112318385309,-0.692226866451517,-1.21900497207939,-1.08892691068471,0.0269420616067168,1.06198484907799,0.342724456567096,-0.342724456567096,0.277115873772019,-0.27711587377202,-0.0230503473031254,0.0230503473031254,-0.00595747279895113,-0.292816838499269,-2.1812031434164,2.47997745471462,0.0835848758866761,-0.0835848758866762,"(1497, 8446]",0.365313847911124,2.22971906739977,-1.18920540285197
31005,267.533333333333,Grasslands,3.92075600675227,2.7500904004441,1.58001914779385,1.25459674735922,-9.50546230234944,-0.127664084085369,-2.14256710462763,2.270231188713,0.435919484651661,-0.435919484651661,0.388264394749498,-0.388264394749498,1.19521712934206,0.0493519558234068,-1.24456908516547,0.95979642036897,-0.95979642036897,-0.0367812835885083,0.0367812835885085,-0.446908938011048,0.446908938011048,2.24789350598573,-0.700297822799262,-1.54759568318647,-1.00065427443488,-0.153356414047672,1.15401068848255,0.278033793939663,-0.278033793939663,0.272442321678955,-0.272442321678955,-0.14552737846521,0.14552737846521,-0.461763374089211,-0.39277050260226,-1.71452634258458,2.56906021927605,-0.0435056884948148,0.0435056884948149,"[54, 604]",-0.92511323657081,2.50957885088846,-1.00053589422461
31006,469,Grasslands,3.30548610330694,2.44701494232161,2.01882158313589,2.05272313481157,-9.824045763576,-0.118299406189194,-1.99010158309079,2.10840098927998,0.451433855771007,-0.451433855771007,0.140150982577079,-0.140150982577079,1.43472649559179,0.41574547661569,-1.85047197220748,0.837652668710863,-0.837652668710863,0.364008003105385,-0.364008003105385,-0.507175972525185,0.507175972525185,1.96823919932138,-1.23450724361694,-0.733731955704446,-1.20447991550412,0.121189823799336,1.08329009170479,0.369713966561976,-0.369713966561976,0.261707859063031,-0.261707859063031,0.0970780072204786,-0.0970780072204787,0.273639504585017,0.140108111960495,-2.31662766086081,1.9028800443153,-0.118798984027185,0.118798984027185,"[54, 604]",1.32861241018934,1.21830075186518,-0.684187015817867
31007,1568.86666666667,Grasslands,3.81621309587159,2.30199803081086,1.94968039224108,1.54110486171853,-9.60899638064206,0.227199645021815,-1.63093489315111,1.4037352481293,0.143841036225891,-0.14384103622589,0.00434785348377703,-0.00434785348377684,1.8162648407059,0.644907745008478,-2.46117258571438,0.734811246346612,-0.734811246346612,0.0907748270076863,-0.0907748270076865,-0.416260424404348,0.416260424404348,2.01660693430649,-0.458997322819193,-1.5576096114873,-1.1813456977705,0.083657325619366,1.09768837215114,0.453990217370264,-0.453990217370263,0.2747632256412,-0.2747632256412,0.0967525499415268,-0.096752549941527,-0.0192573439049465,-0.11318916373915,-2.28794088522331,2.42038739286741,-0.0309480004141569,0.0309480004141568,"(1497, 8446]",-0.425310112149126,2.07318276806396,0.472596508625259
31008,302.333333333333,Grasslands,4.32329294431983,2.44167714596992,1.77384777339426,0.724025648895584,-9.26284351257959,0.133797260906843,-1.81211288814847,1.67831562724163,0.027033610635138,-0.0270336106351377,0.210997205029687,-0.210997205029687,1.52293418060574,0.424321891937629,-1.94725607254337,0.806255055735535,-0.806255055735535,-0.0982167004933178,0.098216700493318,-0.373607200915111,0.373607200915111,2.39147064578831,-0.416663013870881,-1.97480763191743,-1.25768248578834,0.0173862402213263,1.24029624556701,0.417558720915166,-0.417558720915166,0.275823809143123,-0.275823809143123,0.00255755033338534,-0.00255755033338522,-0.373311998711516,-1.06645917927146,-1.40293141589267,2.84270259387565,-0.0306218126203594,0.030621812620359,"[54, 604]",-1.92730866337213,2.45363640495057,0.368060266035139
31009,1982.2,Grasslands,2.60208029929455,1.32964952587473,0.176078352925863,0.486798093444661,-4.5946062715398,0.0415135033072157,-1.87160682292511,1.83009331961789,-0.0121957265620796,0.0121957265620796,0.0990884642918745,-0.0990884642918743,1.7623026240254,0.403648952305936,-2.16595157633133,0.870163647797892,-0.870163647797892,0.223172327464544,-0.223172327464544,-0.257788113262294,0.257788113262294,1.90314933299832,-0.608135882725986,-1.29501345027234,-0.960861151242342,-0.0982958187243503,1.05915696996669,0.44444587884302,-0.44444587884302,0.311306332038097,-0.311306332038097,0.058082956415364,-0.0580829564153639,-0.0466250355392575,-0.189725879179931,-2.26219875154367,2.49854966626286,0.0096079817862157,-0.00960798178621592,"(1497, 8446]",-0.282055125064789,1.39702052813904,-0.736710291795654
31011,260.066666666667,Grasslands,4.02373388869549,2.1890493747504,1.32405193726379,1.95266059668617,-9.48949579739585,3.16984897675997,-8.43464368173575,5.26479470497577,0.902776395680196,-0.902776395680195,0.149246494277998,-0.149246494277998,1.2490494540793,0.555902273519359,-1.80495172759866,1.29613258405425,-1.29613258405425,0.281734678625707,-0.281734678625706,-0.393046646534695,0.393046646534695,1.92793708650132,-0.82983654995332,-1.098100536548,-1.84985411599104,0.54804115680733,1.30181295918371,0.19936553796341,-0.19936553796341,0.455385469325279,-0.455385469325279,-0.0221030462522478,0.0221030462522479,0.420653869976698,0.471947164364249,-3.21693228974969,2.32433125540874,-0.11901608190398,0.11901608190398,"[54, 604]",4.41825112641014,-0.101827797997951,-3.12393982656591
31012,1372.4,Grasslands,2.09182352084841,1.2316222556253,0.289014215433767,0.192870354880865,-3.80533034678833,-0.0978788914237996,-2.01026634844047,2.10814523986427,0.347908704557912,-0.347908704557912,-0.0105267045989162,0.0105267045989163,1.86718592597189,0.78741672510526,-2.65460265107715,0.848529801877273,-0.848529801877273,0.227572619366217,-0.227572619366217,-0.408171281926903,0.408171281926903,1.77101140411477,-0.702130404093647,-1.06888100002112,-1.18538612186207,0.151146729698756,1.03423939216332,0.393977487009306,-0.393977487009306,0.350828935113927,-0.350828935113927,0.0116284310821336,-0.0116284310821337,0.218853415298724,-0.0865282342524574,-2.43790349141594,2.30557831036967,0.0214525656701111,-0.0214525656701113,"(604, 1497]",1.57321365931613,1.5613123292666,-0.376160428771574
31013,201.2,Grasslands,3.98929589973799,2.82072502246297,1.70013382707608,0.937993775029188,-9.44814852430623,3.17961481298274,-8.43867116764532,5.25905635466258,0.183862390062659,-0.183862390062659,0.305454541161487,-0.305454541161487,1.24841992918335,0.233189249454289,-1.48160917863764,0.855858380777259,-0.855858380777259,-0.100335347731076,0.100335347731075,-0.528895147073927,0.528895147073927,2.03839410609473,-0.190083014745597,-1.84831109134913,-0.921683010736224,-0.116057846749588,1.03774085748581,0.322472539371034,-0.322472539371034,0.440504458864758,-0.440504458864758,-0.00395258975355653,0.00395258975355676,0.0471408044293577,-0.0959600392113156,-2.66090939667285,2.70972863145481,-0.106280720991837,0.106280720991836,"[54, 604]",0.918248437780394,0.664040377976395,0.452076058519147
31014,422.6,Grasslands,3.51047200037114,2.38039644224725,1.58644456256534,2.26432427099449,-9.74163727617823,0.298053623455351,-2.59231813444081,2.29426451098546,0.113789074191038,-0.113789074191038,-0.249977975764544,0.249977975764543,1.58255662124769,0.612561710401678,-2.19511833164937,0.757274348321785,-0.757274348321785,0.326436640711003,-0.326436640711003,-0.353285100446043,0.353285100446043,1.90471552360187,-0.774020289831567,-1.1306952337703,-1.02384310400471,0.00962988249243819,1.01421322151227,0.14040459658201,-0.140404596582009,0.0284706882000691,-0.0284706882000693,0.0936581078840227,-0.0936581078840225,0.0663880527359197,0.165478955380151,-2.41851859705208,2.18665158893601,0.13881586829914,-0.13881586829914,"[54, 604]",0.441766243835374,3.40327994780479,-1.88537663754562
31015,1650.8,Grasslands,2.26771782666476,1.04474852164817,0.316754609758054,0.30963714198919,-3.93885810006017,0.274641859436135,-2.41320563434856,2.13856377491242,0.205838154100403,-0.205838154100403,-0.192723120608836,0.192723120608836,1.53108981514113,0.510478068742251,-2.04156788388338,0.779727951282297,-0.779727951282297,0.316591857896194,-0.316591857896194,-0.400668663529645,0.400668663529645,1.97893245714904,-0.480181438077232,-1.49875101907181,-1.33252288743668,0.201407472489279,1.1311154149474,0.225201422465964,-0.225201422465964,0.173776570270929,-0.173776570270928,0.0518041044325319,-0.0518041044325318,-0.0838888700770345,0.139254681237175,-2.37305094273894,2.3176851315788,0.0237562857738222,-0.0237562857738223,"(1497, 8446]",1.51202104897716,2.30341497222773,-1.04179264693584
31201,1181.93333333333,Mediterranean Scrub,2.18183875688732,2.12086749459136,-0.122596475394892,-0.0685292541246157,-4.11158052195917,-0.33001530270555,-1.83409269948182,2.16410800218737,0.393927566050782,-0.393927566050782,-0.0576176317887925,0.0576176317887924,1.37690411695218,0.172551156757762,-1.54945527370994,0.977718760249493,-0.977718760249493,0.330088580661188,-0.330088580661188,-0.341282535614704,0.341282535614704,1.8246325513673,-0.918685788572366,-0.905946762794936,-0.659250108734075,-0.162076574136412,0.821326682870487,0.369856647538474,-0.369856647538474,0.35178443801118,-0.35178443801118,-0.0177767241918305,0.0177767241918305,0.351586328163989,-0.318213488398966,-2.70084128906655,2.66746844930152,0.234162183863008,-0.234162183863008,"(604, 1497]",0.382660069831813,2.15106221289024,-2.18834161155616
31202,3985.6,Mediterranean Scrub,2.31298072737822,1.94403955007093,-0.776749676808712,-0.00504017374566465,-3.47523042689477,0.0522799108828752,-2.08929341190397,2.03701350102109,0.384932492278019,-0.384932492278019,0.0178803319395491,-0.0178803319395492,1.37476568976303,-0.467633578025236,-0.907132111737797,0.898948573708631,-0.898948573708631,0.377103718660596,-0.377103718660596,-0.0941637904270835,0.0941637904270831,1.88839184442514,-1.101926740492,-0.78646510393314,-0.784662021339466,-0.367038708751492,1.15170073009096,0.275680466122295,-0.275680466122295,0.29545783379863,-0.29545783379863,0.00836107369309626,-0.00836107369309637,0.188309457102952,-0.487200581970886,-2.67745648999101,2.97634761485895,0.245253863887266,-0.245253863887266,"(1497, 8446]",-0.764999953694916,1.75676230809349,-3.39195684873237
31203,5417.46666666667,Mediterranean Scrub,2.53815264596514,2.34144235171908,-1.01949162778463,-0.320613772515697,-3.5394895973839,0.0293996501876437,-2.24578646861829,2.21638681843064,0.534030922234842,-0.534030922234842,-0.0580360856263771,0.058036085626377,1.30293835902563,-0.664866356081574,-0.638072002944053,0.929462398902571,-0.929462398902571,0.408596814406938,-0.408596814406938,-0.0387610254842571,0.0387610254842571,1.99305673218429,-1.36341538313725,-0.629641349047038,-0.708049163690966,-0.496816263402591,1.20486542709356,0.232016731129616,-0.232016731129616,0.317694173203876,-0.317694173203876,-0.0618380769162139,0.0618380769162139,0.186004485915198,-0.702203277216131,-2.67936596977555,3.19556476107648,0.284351225950314,-0.284351225950313,"(1497, 8446]",-0.898210243456693,1.86308621013199,-4.21273467030093
31302,500.466666666667,Deserts & Drylands,3.70775973326901,2.8857796808661,1.81186000478836,1.18933039144237,-9.59472981036584,0.500248100628526,-1.83915096548824,1.33890286485971,0.0886670076414578,-0.0886670076414579,0.0212798072093978,-0.021279807209398,2.08036618397408,0.863148152898121,-2.9435143368722,0.801984218314783,-0.801984218314783,0.405059428572725,-0.405059428572725,-0.435851127279212,0.435851127279211,2.00593203182326,-0.223893706888356,-1.78203832493491,-0.821277487482924,0.0237857351028631,0.797491752380061,0.864379958642536,-0.864379958642536,0.318507862224125,-0.318507862224125,0.121334986832282,-0.121334986832282,-0.29142082195689,-0.0502587651400016,-2.17849047098927,2.52017005808616,0.028220655452476,-0.028220655452476,"[54, 604]",-0.608106591685936,2.31721177876754,1.2936817018279
31305,183.533333333333,Deserts & Drylands,3.77867743810174,2.96774722188541,1.66846423775515,1.12946773702246,-9.54435663476474,1.1003173222237,-2.63735229605967,1.53703497383597,0.0849495183976987,-0.0849495183976987,0.325293783070575,-0.325293783070575,2.1187025535653,0.886558872272665,-3.00526142583796,0.649641492065131,-0.64964149206513,0.305227732357416,-0.305227732357416,-0.55757079530966,0.55757079530966,1.9802763103798,-0.296990974629955,-1.68328533574985,-0.657658466854625,-0.0616750347483274,0.719333501602952,1.00167109907059,-1.00167109907059,0.397249837410116,-0.397249837410116,0.22401236126348,-0.22401236126348,0.0261877595664517,-0.299234640868176,-2.17103681776977,2.44408369907149,0.0472454217104613,-0.0472454217104613,"[54, 604]",-1.10438913250157,1.9018704580772,2.87223644675602
31306,228.066666666667,Deserts & Drylands,3.71766970357059,2.80489391380388,1.32679200343086,1.75757491952332,-9.60693054032864,0.390533187129387,-1.4218455693014,1.03131238217202,0.0444737430082482,-0.0444737430082481,0.290960772724861,-0.29096077272486,1.61882820475633,0.569006080257655,-2.18783428501399,0.66750053336617,-0.66750053336617,0.394228680182135,-0.394228680182135,-0.609878336013599,0.609878336013599,2.03819505478312,-0.234789568434636,-1.80340548634848,-0.649260764402184,-0.121905838684982,0.771166603087166,0.757252509969267,-0.757252509969267,0.354246375117303,-0.354246375117303,0.220278213959717,-0.220278213959717,-0.457031778349733,0.236115402210213,-2.65425635568595,2.87517273182547,0.0853127585153815,-0.0853127585153818,"[54, 604]",-1.38610331354784,2.29953918272021,1.66218886058722
31309,1064.33333333333,Deserts & Drylands,2.2386852719627,1.42266399325222,0.15924373028286,-0.290957271666696,-3.52963572383108,0.518634154880287,-1.99704415357447,1.47840999869418,-0.189515925520004,0.189515925520005,0.124827338431271,-0.124827338431271,2.07161274938239,0.636947863209589,-2.70856061259198,0.791350328897792,-0.791350328897792,0.231918557165036,-0.231918557165036,-0.325880982198545,0.325880982198546,1.93815408217483,-0.444165978838074,-1.49398810333675,-0.6862740848257,-0.178049242759767,0.864323327585467,0.603531998447805,-0.603531998447804,0.327723754384013,-0.327723754384013,0.0830960874320354,-0.0830960874320356,0.112494939340691,-0.217746747529886,-2.50594310307183,2.61119491126103,0.01171356644757,-0.01171356644757,"(604, 1497]",-0.459555081507269,2.0034495175189,0.51303641282577
31311,859.4,Deserts & Drylands,3.1067645610712,2.19492817954642,2.28008598788673,2.30028869520425,-9.88206742370861,0.486343216487213,-2.44039618557983,1.95405296909261,0.329622814442132,-0.329622814442132,-0.0603139938943073,0.0603139938943074,2.12799583623656,1.08634257949168,-3.21433841572825,0.740698006047175,-0.740698006047175,0.406731893685711,-0.406731893685711,-0.791058868673858,0.791058868673859,1.69037004839039,-0.527745887977209,-1.16262416041318,-1.32325859097534,0.620185465584784,0.703073125390552,0.779809591044308,-0.779809591044308,0.45279470941216,-0.45279470941216,0.172074342059776,-0.172074342059776,-0.298410140158747,0.11055759850062,-1.71679281583014,1.90464535748827,0.129339624340846,-0.129339624340846,"(604, 1497]",2.07894365358484,1.38528900354739,2.6732264516298
31312,774.666666666667,Deserts & Drylands,3.29970110300175,1.96928720027632,2.36990968390869,2.18952799193257,-9.82842597911933,0.733563595104235,-2.79279692951193,2.05923333440769,0.299418250544352,-0.299418250544352,-0.292256669778575,0.292256669778575,2.24051795494693,1.06022763526456,-3.30074559021149,0.682620475961029,-0.682620475961029,0.426744915317562,-0.426744915317562,-0.621107601681191,0.621107601681191,1.6865853638104,-0.646771387850397,-1.03981397596,-1.41393904966144,0.567062419205139,0.846876630456306,0.707607413331379,-0.707607413331379,0.443190385402441,-0.443190385402441,0.255926686542822,-0.255926686542822,-0.364413365373654,0.0286292227359533,-1.53998669517789,1.87577083781559,0.0400213538367684,-0.0400213538367682,"(604, 1497]",2.15661819709711,0.323943827808182,2.23069432976047
31314,1844.93333333333,Deserts & Drylands,2.65663873535069,2.24774309214574,-0.229826767578407,-0.401677024505066,-4.27287803541296,0.248644447842742,-1.96972256606729,1.72107811822454,0.017923065886568,-0.0179230658865679,0.0148709845993687,-0.0148709845993689,1.78822812971259,0.63641180498102,-2.42463993469361,0.912087063956168,-0.912087063956168,0.239825828230598,-0.239825828230598,-0.32826085237585,0.32826085237585,1.89680317868255,-0.608450612436315,-1.28835256624624,-0.566217234655317,-0.230649566164531,0.796866800819848,0.408983468285363,-0.408983468285364,0.42754888338154,-0.42754888338154,-0.00411524956825773,0.00411524956825783,0.254069010630548,-0.36785066064103,-2.8039671462596,2.91774879627008,0.140045951592553,-0.140045951592553,"(1497, 8446]",-0.228135306869521,2.24016913053603,-0.923663787513819
31315,312.533333333333,Deserts & Drylands,3.62793216177378,3.23537045850153,1.15592891682169,1.5354185385266,-9.5546500756236,0.276540783076161,-1.22753661370011,0.950995830623953,-0.252278005376198,0.252278005376198,0.0705392991299528,-0.0705392991299526,1.78502523345555,0.573084259480436,-2.35810949293598,0.752778890973354,-0.752778890973354,0.246238242548897,-0.246238242548897,-0.465978424309277,0.465978424309277,1.80880928083936,-0.369183934568973,-1.43962534627039,-0.692200658390586,-0.138815420205799,0.831016078596386,0.530612378298245,-0.530612378298245,0.457318235889064,-0.457318235889064,0,0,1.88188906936919,2.32014400030035,-8.94039234525921,4.73835927558967,-0.0778266548558966,0.0778266548558968,"[54, 604]",0.166682144416755,3.52470000200551,-0.863973878541115
31316,795.666666666667,Deserts & Drylands,2.1231959684174,1.44779323315652,0.248832970654131,0.0256894193399209,-3.84551159156797,0.534194218837684,-1.82811010885798,1.2939158900203,-0.181696947093739,0.181696947093739,0.0488192347819581,-0.0488192347819581,4.90319221483256,3.7377399080386,-8.64093212287116,0.730832081547017,-0.730832081547017,0.30272080007042,-0.30272080007042,-0.499963813686878,0.499963813686878,1.735591745318,-0.284330106336207,-1.45126163898179,-0.801206706844617,0.0571257482662962,0.74408095857832,0.617447357332261,-0.617447357332261,0.37783376877064,-0.37783376877064,0.0287435454588407,-0.0287435454588408,0.0912849154007399,0.34581478053562,-3.04420930052841,2.60710960459205,-0.00193050432872983,0.00193050432872969,"(604, 1497]",2.36970704568274,4.97515522599315,2.65408410346615
31318,270.8,Deserts & Drylands,3.68003162247841,2.43523682363222,2.28570508966126,1.24961315797448,-9.65058669374637,3.84301945445915,-8.67053789081899,4.82751843635984,0.400388922376155,-0.400388922376156,0.21372200741347,-0.21372200741347,1.82260556134775,1.06431907861684,-2.88692463996459,0.848370822172342,-0.848370822172342,0.578726394345522,-0.578726394345522,-0.731417219121113,0.731417219121112,1.97902815469625,-0.079934855640042,-1.89909329905621,-1.38773300527508,0.638866055030376,0.748866950244704,0.702919478596431,-0.70291947859643,0.362199862032025,-0.362199862032025,0.00552491809329265,-0.00552491809329239,-0.173769192908466,-0.013426542833287,-2.21065112016951,2.39784685591126,0.176965728996491,-0.176965728996491,"[54, 604]",3.46432244183238,3.09103465685177,1.67511652149221
31320,459.466666666667,Deserts & Drylands,3.56593876490109,3.02341741032497,1.74924034732578,1.29725522358272,-9.63585174613456,0.477304983509348,-1.87407027365413,1.39676529014478,0.141884086565322,-0.141884086565322,0.413339286592234,-0.413339286592234,2.31241222991294,1.30742072762213,-3.61983295753507,0.880841006995389,-0.880841006995389,0.283457545208517,-0.283457545208517,-0.742315130920376,0.742315130920376,1.92568832768524,-0.175075983463413,-1.75061234422183,-0.963898386267414,0.179449796242087,0.784448590025328,0.64212255338286,-0.64212255338286,0.430514026599553,-0.430514026599553,-0.0596733788162831,0.0596733788162831,-0.19011513956659,-0.0398329365172516,-2.19159513977671,2.42154321586055,0.0150765190853436,-0.0150765190853438,"[54, 604]",0.606077492914498,3.33361285766977,2.04616564687228
31322,2918.2,Deserts & Drylands,2.82073384361728,2.51591548892251,-0.975665954207917,-0.873011800147834,-3.48797157818403,0.299150521754854,-2.37005984603109,2.07090932427624,0.0758580538589385,-0.0758580538589384,-0.111571775657105,0.111571775657105,1.40330981677077,0.0673345658405906,-1.47064438261137,0.972813331082342,-0.972813331082342,0.345573923169232,-0.345573923169231,-0.1674569985581,0.1674569985581,1.95895120204686,-0.883800119266754,-1.0751510827801,-0.463285631161161,-0.334245440980143,0.797531072141304,0.291379306655649,-0.291379306655649,0.37960100110774,-0.37960100110774,-0.062740100330582,0.0627401003305822,1.00950459529147,-0.559111322622375,-3.96030870428453,3.50991543161544,0.357683066320084,-0.357683066320085,"(1497, 8446]",-0.637284986565334,3.26695368832499,-3.32225571084023
31401,990.4,Trop/Subtrop Forests,1.39764121059701,0.516237737723294,0.710393752164252,1.10798480384151,-3.73225750432606,0.551277136993832,-2.71955842680508,2.16828128981125,0.651353822505812,-0.651353822505813,-0.614974145364598,0.614974145364598,1.57468334413618,0.776312643603263,-2.35099598773945,0.724800138218952,-0.724800138218952,0.597649465590579,-0.597649465590579,-0.66087791999116,0.66087791999116,1.57192168513528,-0.654778710333894,-0.917142974801385,-1.19974855130528,0.377601046577322,0.822147504727957,0.460646065787172,-0.460646065787173,0.462019209332491,-0.46201920933249,0.207610641526765,-0.207610641526765,0.196228274667998,0.304569418463962,-1.97158241746193,1.47078472432997,-0.149091681136222,0.149091681136222,"(604, 1497]",4.7282234662431,-1.16432846090072,0.939829400091258
31402,250.533333333333,Trop/Subtrop Forests,3.02680377090581,2.51975886997973,1.98345416091275,2.35612944619792,-9.88614624799621,3.48318162652548,-8.55656980355718,5.0733881770317,0.472230804420426,-0.472230804420426,-0.480705583577312,0.480705583577312,4.82596202661916,3.84513277360743,-8.67109480022658,0.579102192935178,-0.579102192935178,0.502951445281921,-0.502951445281921,-0.719406197701669,0.719406197701669,1.41525380872003,-0.603807221970895,-0.811446586749139,-0.749986336552075,0.0513744286481035,0.698611907903971,0.617244174125943,-0.617244174125943,0.431938494595057,-0.431938494595058,0.231786369457722,-0.231786369457723,0.0908099295026855,0.071761734531991,-1.48158671125107,1.31901504721639,-0.127725897273434,0.127725897273434,"[54, 604]",5.90257106764946,1.45681374366148,3.70728666339455
31403,373.4,Trop/Subtrop Forests,3.16971593881652,1.89131053970782,2.39758034693795,2.39758034693795,-9.85618717240024,3.93482232887739,-8.69324472671216,4.75842239783477,0.470003629245736,-0.470003629245735,-0.72172638747992,0.72172638747992,1.55064230534272,0.485315994308077,-2.0359582996508,0.63471501049029,-0.63471501049029,0.700239498055923,-0.700239498055924,-0.479707579253955,0.479707579253955,1.649833494895,-0.745384400132656,-0.904449094762343,-1.13244961322744,0.364659114232746,0.76779049899469,0.751384676058129,-0.751384676058129,0.439275201945654,-0.439275201945654,0.307079384620657,-0.307079384620657,0.189139585380709,0.2224760056483,-2.27895994609091,1.8673443550619,-0.151593129493873,0.151593129493873,"[54, 604]",4.5964999802278,-2.0297605970688,1.43141652962001
31405,525.066666666667,Trop/Subtrop Forests,3.16796936156886,2.37591810695,1.95045233213517,2.36596777609683,-9.86030757675086,0.199658003514232,-2.3906091619316,2.19095115841736,0.369021250233918,-0.369021250233918,-0.188404926173894,0.188404926173894,2.08182657156062,0.862417959104848,-2.94424453066547,0.716588973509371,-0.716588973509371,0.209996604335537,-0.209996604335537,-0.489569317766909,0.489569317766909,1.45319291448579,-0.286417095918851,-1.16677581856694,-1.12531257163431,0.147653104178581,0.977659467455724,0.583003103201043,-0.583003103201043,0.450642545628143,-0.450642545628142,0.13774053821122,-0.13774053821122,0.414416811091598,0.196414659277807,-2.55085625497769,1.94002478460828,-0.161258012563707,0.161258012563707,"[54, 604]",1.55642613426478,-0.311932946859902,1.44442967441236
40102,4117.06666666667,Trop/Subtrop Forests,1.38125331126506,-0.221800630559121,0.337815157376301,1.41011013772704,-2.90737797580927,-0.113411435292277,-3.23430685180027,3.34771828709255,1.29826546475592,-1.29826546475592,-1.04145387482816,1.04145387482816,1.87555928348377,0.929564853330728,-2.8051241368145,0.966345725335375,-0.966345725335375,0.790200718159453,-0.790200718159454,-0.612488763423434,0.612488763423434,1.25611622815035,-0.610304769846722,-0.645811458303631,-1.58413119146093,0.555180539709858,1.02895065175107,0.344797389477789,-0.344797389477789,0.572682094181006,-0.572682094181006,0.266070126431113,-0.266070126431114,0.303103305522489,0.458954777281945,-1.89595613471384,1.13389805190941,-0.270623694526044,0.270623694526045,"(1497, 8446]",7.35936751621944,-3.75245644607962,-0.974007431601846
40103,1365.26666666667,Trop/Subtrop Forests,1.76765816054032,0.264600651664793,0.105852262588905,1.19002386710222,-3.32813494189624,1.44064729815388,-7.62373916119922,6.18309186304533,1.33550446471093,-1.33550446471093,-1.02786250753126,1.02786250753126,1.74342831871874,0.935991991756664,-2.6794203104754,1.0089643707294,-1.0089643707294,0.702397187431906,-0.702397187431905,-0.415344683098396,0.415344683098396,1.21705919564331,-0.642358922058562,-0.574700273584747,-1.51177978104483,0.421519860418558,1.09025992062627,0.108319324859042,-0.108319324859042,0.390185741034319,-0.390185741034319,0.228379201247858,-0.228379201247857,0.16254906564504,0.593686528807332,-2.1120621753066,1.35582658085423,-0.0927405585421615,0.0927405585421617,"(604, 1497]",7.53517796442373,-2.72040327350575,-2.99531880039987
40104,587.733333333333,Trop/Subtrop Forests,2.79588882571482,1.6778584511896,1.86506999327775,3.40899329860122,-9.7478105687834,2.17393298793089,-7.9816856527927,5.8077526648618,1.36538922608988,-1.36538922608988,-0.585035626325127,0.585035626325127,2.22063338679688,1.1478527927423,-3.36848617953918,0.928858718509926,-0.928858718509926,0.795103275253106,-0.795103275253107,-0.855997250379596,0.855997250379596,0.988286394327204,-0.489658862172222,-0.498627532154982,-1.97623407512389,0.816973934318628,1.15926014080526,0.491846061780702,-0.491846061780702,0.80471895621705,-0.80471895621705,0.245311458224236,-0.245311458224236,0.336789224683273,0.631297262205454,-2.16191074723706,1.19382426034834,-0.288855506456689,0.288855506456689,"[54, 604]",8.50822793547142,-4.82585598813932,1.03465191166477
40105,190.333333333333,Trop/Subtrop Forests,1.24459766424022,0.357294469239319,-0.364840248193879,0.862389418296324,-2.09944130358199,3.78776076105439,-8.65544167776474,4.86768091671035,0.31982924780448,-0.31982924780448,-0.118194389032115,0.118194389032115,1.45310764277142,0.627471279165395,-2.08057892193682,0.756087303504447,-0.756087303504447,0.256839346374198,-0.256839346374199,-0.686695478141991,0.686695478141991,1.46932189950081,-0.200740634749727,-1.26858126475108,-0.898321653851185,-0.0439063256951171,0.942227979546302,0.552221604489451,-0.552221604489452,0.330070442045888,-0.330070442045888,0.146493562340737,-0.146493562340737,-0.113646476360779,0.204807254757756,-1.90540594558883,1.81424516719186,-0.0750303472878665,0.0750303472878667,"[54, 604]",3.7914593137489,-0.805397684999491,1.4480109741752
40106,417.2,Trop/Subtrop Forests,1.54488350700101,0.0141378631425726,0.637326455095608,0.707285043702518,-2.90363286894171,0.450032199061286,-2.91726363092519,2.4672314318639,0.863310083528547,-0.863310083528547,-0.567489966419492,0.567489966419492,1.60579323977478,0.665549266878137,-2.27134250665292,0.927934908260253,-0.927934908260253,0.647890176789529,-0.647890176789529,-0.411883681488505,0.411883681488505,1.24903731060005,-0.373472683401406,-0.875564627198642,-1.33980423696236,0.277932478286438,1.06187175867592,0.346573590279973,-0.346573590279973,0.354930330766843,-0.354930330766843,0.163496746333334,-0.163496746333335,0.198664782117824,0.642596171053784,-2.63454856193839,1.79328760876678,-0.0400213538367682,0.0400213538367684,"[54, 604]",4.5217523011093,-0.650374666670238,-1.61695095646978
40107,284.466666666667,Trop/Subtrop Forests,1.52073883856111,0.54257270296887,0.303343013903036,0.94092034330817,-3.30757489874119,0.94324904535991,-2.92795196554798,1.98470292018807,0.300898700985859,-0.300898700985859,-0.346573590279973,0.346573590279973,1.6431130519013,0.589132917253957,-2.23224596915526,0.684265952390025,-0.684265952390025,0.307447491830099,-0.307447491830099,-0.779609077727537,0.779609077727537,1.48868111200557,-0.132452840191725,-1.35622827181384,-0.761777281615495,0.0194771664547169,0.742300115160779,0.752038698388137,-0.752038698388137,0.381070026023448,-0.381070026023449,0.149922779322489,-0.149922779322489,0.364455684009579,0.306186775885603,-2.50722394087443,1.83658148097925,-0.0582051759222058,0.0582051759222056,"[54, 604]",2.52410459821199,0.00301425630000379,2.33000089527208
40108,551.266666666667,Trop/Subtrop Forests,1.60218244976958,0.385787125445088,0.822023892220006,0.963102490479911,-3.77309595791458,0.667951061451893,-3.13871142831843,2.47076036686653,0.42905438824571,-0.42905438824571,-0.501651054431892,0.501651054431892,1.68626574098026,0.608188054753859,-2.29445379573412,0.702124082368243,-0.702124082368243,0.424128086914508,-0.424128086914508,-0.597420160381332,0.597420160381332,1.34814467688153,-0.395666969936856,-0.95247770694467,-1.12627476827633,0.309891422883731,0.816383345392603,0.554045516311327,-0.554045516311327,0.288045312569464,-0.288045312569464,0.178698352533571,-0.178698352533571,0.314547808059579,0.270487818265548,-2.24181780571057,1.65678217938544,-0.0716552326371966,0.0716552326371968,"[54, 604]",3.53346297714339,-0.212132407570927,1.01592245758965
40111,348.466666666667,Trop/Subtrop Forests,1.61815285557638,0.79495254676824,0.15587258747857,0.912735582424623,-3.48171357224782,0.84954082139137,-2.44629604461296,1.59675522322159,0.199096174389542,-0.199096174389542,-0.0667656963122613,0.0667656963122614,1.50183994400278,0.353217234760011,-1.85505717876279,0.663899077219141,-0.663899077219141,0.231170378250083,-0.231170378250083,-0.683870476612072,0.683870476612071,1.80204474596419,0.106429137289037,-1.90847388325323,-0.658406887461929,-0.121014236311216,0.779421123773145,0.618041639648356,-0.618041639648356,0.305552378946751,-0.305552378946751,0.114857658238722,-0.114857658238722,-0.0116764646943196,0.00982974052664402,-1.8944077121281,1.89625443629578,0.0744779314750771,-0.0744779314750772,"[54, 604]",0.703442263962805,1.62669668002421,1.85260732483101
40112,241.466666666667,Trop/Subtrop Forests,3.4117364191568,2.27127702055319,2.00891275608569,2.10422293589002,-9.7961491316857,0.700888664903736,-2.79561889656274,2.09473023165901,0.66590308791791,-0.665903087917911,-0.320926943086197,0.320926943086197,1.46693224578529,0.62718159103347,-2.09411383681876,0.87120679756245,-0.87120679756245,0.161893538546949,-0.161893538546949,-0.57495279152783,0.57495279152783,1.30085983908746,-0.0611024213729046,-1.23975741771455,-0.830310949109425,0.0650730979454167,0.765237851164008,0.269112298977053,-0.269112298977053,0.314621689290233,-0.314621689290233,0.0610074752814819,-0.0610074752814818,0.110353017292629,0.203443440358641,-1.99378113697758,1.67998467932631,-0.120581028408444,0.120581028408444,"[54, 604]",2.21948636518077,0.421579733474526,-0.0456351570803361
40113,287.6,Trop/Subtrop Forests,1.4042542810177,0.573905978944272,0.355652412924254,1.02410698089383,-3.35791965378005,3.76897927251518,-8.65008455286519,4.88110528035001,0.638652038705743,-0.638652038705743,-0.159226865559267,0.159226865559268,1.61091541737306,0.61114896334158,-2.22206438071464,0.671867373350547,-0.671867373350548,0.267877503404258,-0.267877503404258,-0.794192251618134,0.794192251618134,1.40861441297926,-0.0281108017675243,-1.38050361121173,-0.714484917945884,-0.0336078299777531,0.748092747923637,0.549306144334055,-0.549306144334055,0.446240041590218,-0.446240041590218,0.145636370291255,-0.145636370291255,0.231879988192916,0.138353930182093,-2.00171223331418,1.63147831493917,-0.101208710398546,0.101208710398546,"[54, 604]",4.47945254679851,-0.981780855050909,2.3211093038994
40114,339.733333333333,Trop/Subtrop Forests,3.12585328681285,2.12255117794906,1.86472206864696,2.73281069870324,-9.84593723211211,3.28886934646418,-8.48282684746341,5.19395750099924,0.679669275565681,-0.679669275565681,-0.261624071882274,0.261624071882274,1.39679896360277,0.676036616009849,-2.07283557961262,1.05927997913765,-1.05927997913765,0.374358515857378,-0.374358515857378,-0.691431913011551,0.691431913011551,1.15223083155176,-0.298142386252651,-0.854088445299111,-1.18409350139997,0.350620864838193,0.833472636561778,0.325880982198546,-0.325880982198545,0.477440364572012,-0.477440364572012,0.0408390155071337,-0.0408390155071336,0.225466866408873,0.706439527025183,-2.38460292633313,1.45269653289908,-0.136352809131112,0.136352809131112,"[54, 604]",5.44897768950578,-1.39837421126344,-0.262204624670411
40115,313.4,Trop/Subtrop Forests,3.69705416845859,2.43010656497126,1.80149790554889,1.73695938441132,-9.66561802339005,0.377942398319726,-1.76212376517655,1.38418136685682,0.0729769563115398,-0.0729769563115399,-0.0351021293366243,0.0351021293366244,1.56758910367603,0.570230548713091,-2.13781965238912,0.767550146394134,-0.767550146394134,0.077075339913629,-0.0770753399136292,-0.446621168218932,0.446621168218932,1.8215056153469,0.101438074574957,-1.92294368992185,-0.944689975854765,0.0401634274566871,0.904526548398078,0.523393610401762,-0.523393610401762,0.265314125531085,-0.265314125531085,0.139943900362481,-0.139943900362481,0.031235406017993,-0.35822936074373,-2.01645743734726,2.343451392073,-0.0236264424252728,0.0236264424252727,"[54, 604]",-0.837804220311468,1.69796070376558,0.855135354947724
40118,5432.4,Trop/Subtrop Forests,1.30112999357368,0.354773705982695,0.0817098340404688,0.226392539334489,-1.96400607293133,0.0457616691841755,-1.88065468519014,1.83489301600596,0.141014882288996,-0.141014882288996,-0.331168798208374,0.331168798208374,1.68725618910196,0.651731771314241,-2.33898796041621,0.894847742503602,-0.894847742503602,-0.0277849255774052,0.0277849255774054,-0.749187657163683,0.749187657163683,1.32887864542085,-0.449897642982236,-0.878981002438609,-1.03499514779263,0.164158370097357,0.870836777695273,0.474029768612597,-0.474029768612597,0.460415283166253,-0.460415283166253,0.170647150814083,-0.170647150814083,-0.226424270681216,0.0965765545469491,-1.42776202736915,1.55760974350341,-0.136654143073404,0.136654143073404,"(1497, 8446]",2.44637305026612,-1.59879926910376,1.58723688205298
40119,1839.73333333333,Trop/Subtrop Forests,1.63224330831457,0.184764258155541,0.40600123119917,0.541439202094274,-2.76444799976356,0.349198171442128,-2.45416220946441,2.10496403802228,0.392542337942816,-0.392542337942815,-0.55312295676159,0.553122956761591,1.79248194583669,0.774305755877878,-2.56678770171457,0.85527772805842,-0.85527772805842,0.317207353447774,-0.317207353447774,-0.449981144297219,0.449981144297219,1.38424589254784,-0.291663655872878,-1.09258223667496,-1.42595543128174,0.342484595601168,1.08347083568058,0.320018677622999,-0.320018677622998,0.178337471969366,-0.178337471969366,0.140989071013661,-0.140989071013661,-0.0448184203645125,0.18570523824732,-1.90557076107952,1.76468394319671,-0.0171396387401487,0.0171396387401486,"(1497, 8446]",3.06371399456424,0.543027606690861,-0.725307952519439
40120,329.6,Trop/Subtrop Forests,1.57812469389995,0.719727940444699,0.198431016811413,0.942871491758909,-3.43915514291497,1.1653807993506,-3.13868429385357,1.97330349450297,0.288045312569464,-0.288045312569464,0.077075339913629,-0.0770753399136292,1.46498860568169,0.343386798788884,-1.80837540447058,0.606362797717765,-0.606362797717766,0.219508321139699,-0.219508321139699,-0.747141499591993,0.747141499591993,1.70364525217441,0.000551420032008662,-1.70419667220642,-0.676279653990411,-0.0956104568571561,0.771890110847567,0.606362797717765,-0.606362797717766,0.340859242368161,-0.340859242368161,0.0835270423315831,-0.0835270423315831,0.193187928160373,0.0500870845196994,-1.95524648500641,1.71197147232634,0.0177233744978738,-0.017723374497874,"[54, 604]",1.36562481531477,1.30381002033496,2.42417386435814
40121,501.266666666667,Trop/Subtrop Forests,1.82000117601379,0.302545653291339,0.240025296310005,0.138242602000063,-2.5008147276152,0.398154482552643,-2.66989845258097,2.27174397002833,0.530073003920157,-0.530073003920157,-0.82341272225286,0.82341272225286,2.06809337967481,0.854245827429116,-2.92233920710393,0.996510154646379,-0.996510154646379,0.322269740747284,-0.322269740747284,-0.230043096294195,0.230043096294195,1.26678325128933,-0.353583731676956,-0.913199519612379,-1.28199960551434,0.151547640456098,1.13045196505824,0.307109960985137,-0.307109960985137,0.186042943017165,-0.186042943017165,0.193954475794931,-0.193954475794931,0.0836276862691896,0.292172438162247,-2.35871934910002,1.98291922466858,-0.017434412825412,0.0174344128254118,"[54, 604]",2.99029165423578,-0.13784947865007,-2.40721917622151
40123,1054.66666666667,Trop/Subtrop Forests,1.44827509355187,0.604646962053631,0.798300084857136,1.30630483228149,-4.15752697274413,0.346379074799554,-2.71389171989201,2.36751264509245,0.767536748572619,-0.767536748572619,-0.423648930193602,0.423648930193602,1.67162694667508,0.911176084219023,-2.5828030308941,0.907287073497113,-0.907287073497113,0.378129801935001,-0.378129801935001,-0.73884105635466,0.73884105635466,1.19257164934629,-0.342528643441978,-0.850043005904313,-1.54664126836891,0.603181070072722,0.943460198296191,0.36027307737403,-0.36027307737403,0.481803528212643,-0.481803528212643,0.115900807028662,-0.115900807028662,0.2473015117724,0.510630872020124,-2.13811958680079,1.38018720300827,-0.153150679493925,0.153150679493925,"(604, 1497]",5.2443339020634,-1.25243102549967,0.60896009539441
40124,874.266666666667,Trop/Subtrop Forests,1.66048530704868,0.701634960755729,0.723141165976692,1.14035729062038,-4.22561872440148,0.489744137573962,-2.05400301223697,1.56425887466301,0.310546931459944,-0.310546931459944,-0.313697901498582,0.313697901498582,1.57469580412917,0.595256405406496,-2.16995220953566,0.800279415396485,-0.800279415396485,0.303842975572359,-0.303842975572358,-0.746962512656128,0.746962512656128,1.54542025768604,-0.164101113305042,-1.381319144381,-0.782659864018263,0.0582968210304939,0.724363042987769,0.568503548765377,-0.568503548765377,0.346573590279973,-0.346573590279973,0.0794705540749454,-0.0794705540749456,0.0853872418375618,0.0298173906827509,-1.82078257856824,1.70557794604792,0.0722906144055537,-0.0722906144055538,"(604, 1497]",2.11626478781734,1.10163484885011,1.33881555819085
40129,670.666666666667,Trop/Subtrop Forests,3.11731589191478,1.95325969499428,2.04988653068335,2.72978848449328,-9.85025060208569,0.649796137810546,-3.22140487309735,2.5716087352868,0.866867814555839,-0.866867814555839,-0.3108441082889,0.3108441082889,1.80673525899788,0.926271862669885,-2.73300712166776,1.04811347918592,-1.04811347918593,0.432071793998423,-0.432071793998423,-0.640284140787852,0.640284140787852,1.13995162098802,-0.335736772525563,-0.804214848462462,-1.36836331577721,0.49938206042877,0.868981255348438,0.350057924938019,-0.350057924938019,0.510229523891247,-0.510229523891247,0.113865357660558,-0.113865357660558,0.215929007126891,0.508916131808365,-2.16788152578974,1.44303638685448,-0.118758484424059,0.118758484424059,"(604, 1497]",4.40598816817854,-1.02195717924157,-0.34818258253
40134,664.066666666667,Trop/Subtrop Forests,1.65707441447663,0.417383527548614,0.38661186888186,0.618054223010765,-3.07912403391787,0.724343200578915,-2.32808441665162,1.60374121607271,0.152882873942538,-0.152882873942538,-0.306089059013139,0.306089059013139,1.63837295615852,0.564496911050053,-2.20286986720858,0.806888157016349,-0.806888157016349,0.331343986537618,-0.331343986537618,-0.525217716659442,0.525217716659442,1.67654360018268,-0.187009561064122,-1.48953403911855,-1.14626112558288,0.244829407800504,0.901431717782376,0.644397998317507,-0.644397998317507,0.128231027545283,-0.128231027545283,0.167184593212217,-0.167184593212217,0.0599389085297513,0.156399174717314,-2.36359879488196,2.14726071163489,0.103987664920519,-0.103987664920519,"(604, 1497]",1.42915116665238,1.94544816084794,0.258120500601721
40135,614.2,Trop/Subtrop Forests,3.29663382324392,1.93565727010832,2.05660988052598,2.53134911451755,-9.82025008839578,0.388063978104697,-2.3527760458205,1.96471206771581,0.353802631867588,-0.353802631867588,-0.454427876693318,0.454427876693319,1.54523611014979,0.766038075198313,-2.3112741853481,0.984720323232754,-0.984720323232754,0.485245594385917,-0.485245594385917,-0.57794833544508,0.577948335445081,1.56718310432711,-0.649459558866214,-0.917723545460893,-1.23951214542438,0.384453867572628,0.855058277851754,0.476361507598493,-0.476361507598493,0.219540859453575,-0.219540859453575,0.0880380202281121,-0.088038020228112,0.135521514545176,0.298974587034748,-2.13941204711836,1.70491594553843,0.0204632138546087,-0.0204632138546087,"(604, 1497]",2.64309172225723,1.2992606869697,-0.758435857392372
40136,391.133333333333,Trop/Subtrop Forests,1.28193565485653,0.0708453827617268,0.393618775024778,0.821812134210499,-2.56821194685353,2.32677532393899,-8.05474802954014,5.72797270560115,0.853481466283989,-0.853481466283989,-1.41660667202811,1.41660667202811,1.60919837060197,0.549425915250121,-2.15862428585209,0.764697602380282,-0.764697602380282,0.492985326256073,-0.492985326256073,-0.498790031718271,0.498790031718271,1.21470882836065,-0.505306736008567,-0.709402092352082,-1.47279809294825,0.355329020450678,1.11746907249757,0.234019174280391,-0.234019174280391,0.355371471225162,-0.355371471225162,0.311119605568447,-0.311119605568447,0.101437852628642,0.593163305021213,-2.12318569889569,1.42858454124584,-0.0727084999292519,0.0727084999292518,"[54, 604]",6.76370826902456,-3.21878663023192,-1.1859710030605
40137,4895,Trop/Subtrop Forests,1.17335042989805,0.349380199327251,0.236846519557011,0.499009394435663,-2.25858654321798,0.101954106576312,-2.31764744480392,2.21569333822761,0.373093900347671,-0.373093900347671,-0.38580939800072,0.38580939800072,1.71746588435552,0.713480014781335,-2.43094589913686,0.862225630029261,-0.862225630029261,0.175988211578589,-0.175988211578589,-0.674619635031697,0.674619635031697,1.36577299466765,-0.454724734662996,-0.911048260004651,-1.12161596917758,0.19340141158214,0.928214557595441,0.339118973397919,-0.33911897339792,0.353693295469298,-0.353693295469298,0.166260979225368,-0.166260979225368,-0.0799414304567948,0.126814151674442,-1.48646253706682,1.43958981584918,-0.0685781232340206,0.0685781232340209,"(1497, 8446]",3.11835252965663,-0.640673284254358,0.507791953570546
40144,585.933333333333,Trop/Subtrop Forests,1.4574725188886,0.209824651060005,0.055673971232747,0.706261537373896,-2.42923267855525,-0.0427152742306432,-2.81530399647042,2.85801927070107,1.10322061622057,-1.10322061622057,-0.877009570622604,0.877009570622604,1.6224089036003,0.798233460633951,-2.42064236423425,1.07881448062581,-1.07881448062581,0.545532541516363,-0.545532541516363,-0.521606754639161,0.521606754639161,1.18208955491987,-0.756561034122635,-0.42552852079724,-1.18676076555855,0.254258495250589,0.932502270307959,0.244215702951993,-0.244215702951993,0.375262146571624,-0.375262146571624,0.172069390559719,-0.172069390559719,0.0497425180733853,0.621392145572532,-1.88772876233606,1.21659409869015,-0.122299243157734,0.122299243157735,"[54, 604]",5.66744261516215,-1.94652295091232,-2.23748045755886
40146,2230.26666666667,Trop/Subtrop Forests,1.2372572234542,0.0933883431979683,0.445608936787321,1.37740385519744,-3.15365835863693,0.545378341560754,-3.42491357199137,2.87953523043061,1.11161829437499,-1.11161829437499,-0.663648010178967,0.663648010178967,1.93362571834949,0.931633489912514,-2.865259208262,0.82560178047586,-0.82560178047586,0.548960959646545,-0.548960959646545,-0.740853686987424,0.740853686987424,1.21317082871852,-0.514299776095273,-0.698871052623243,-1.28706715967576,0.363014953696478,0.924052205979278,0.545855475013708,-0.545855475013708,0.622968501712484,-0.622968501712484,0.247457755348577,-0.247457755348577,0.187510085258883,0.491468247025211,-1.87281041497417,1.19383208269008,-0.248771348011272,0.248771348011272,"(1497, 8446]",6.05421961382759,-3.34809290152413,1.18581463412082
40149,3999.8,Trop/Subtrop Forests,1.15663893119808,0.371055136029541,0.253989203308154,0.609857370276947,-2.39154064081272,0.0294700005457056,-1.94912279593997,1.91965279539426,0.419707738971459,-0.419707738971459,-0.290548838375661,0.290548838375661,1.67853223290659,0.644889148764884,-2.32342138167147,0.870631652606761,-0.870631652606761,0.185194992560349,-0.185194992560349,-0.744621165186167,0.744621165186167,1.28339533584197,-0.363349629004941,-0.920045706837029,-1.11168519819107,0.244089488640372,0.867595709550695,0.425129846577406,-0.425129846577406,0.457451403299654,-0.457451403299654,0.184729043815189,-0.184729043815189,-0.0305491831099754,0.217286980794606,-1.63856764888985,1.45182985120522,-0.132890197377855,0.132890197377856,"(1497, 8446]",3.27393677145635,-1.4026674904691,1.17703756631966
40150,587.266666666667,Trop/Subtrop Forests,2.99559898464536,2.17208998622217,1.79162618031942,2.89023846898753,-9.84955362017448,0.792951443985999,-3.13887418873833,2.34592274475233,0.456180726867133,-0.456180726867133,-0.24891921411959,0.24891921411959,1.54680042898104,0.698819275092701,-2.24561970407374,0.80312912975836,-0.803129129758361,0.320787686714318,-0.320787686714318,-1.04843347919685,1.04843347919685,1.51453278019428,-0.547637174976892,-0.966895605217392,-1.0797127332545,0.345047908693182,0.734664824561323,0.543192531049275,-0.543192531049275,0.459976869816446,-0.459976869816446,0.0654885564097129,-0.0654885564097129,-0.0306078702269855,0.304540739463719,-1.66821665962778,1.39428379039105,-0.118194389032115,0.118194389032115,"[54, 604]",3.55225800177393,-0.180739910526758,2.44330886014578
40151,1032.8,Trop/Subtrop Forests,1.75606983769611,0.770786234335002,0.372438593995701,1.27156152224749,-4.1708561882743,0.214096800925626,-2.25682360688763,2.04272680596201,0.51878819904087,-0.51878819904087,-0.326162593019845,0.326162593019845,1.48719043818044,0.624716567682911,-2.11190700586336,0.898940522484442,-0.898940522484442,0.393336619285384,-0.393336619285384,-0.859470390044674,0.859470390044674,1.48561182811889,-0.747330831819406,-0.738280996299488,-1.13956004660864,0.275536305414956,0.864023741193685,0.477960263322461,-0.477960263322462,0.446908938011048,-0.446908938011048,0.0931647890957467,-0.0931647890957468,0.0401932721880201,0.272815567456774,-1.6433526123998,1.33034377275501,-0.0922578715414693,0.0922578715414691,"(604, 1497]",3.92806113623299,-0.741912939627707,0.955810804645855
40152,613.4,Trop/Subtrop Forests,2.07137276253898,0.511634518657152,0.273223495212154,0.821789446960991,-3.67802022336927,-0.433827504563151,-2.16842855995126,2.60225606451441,0.739050955186507,-0.739050955186507,-0.743188909838437,0.743188909838437,1.76131111150812,0.664865670925099,-2.42617678243322,0.868504477228323,-0.868504477228323,0.388445084988169,-0.388445084988169,-0.29617124071899,0.29617124071899,1.325209794652,-0.586508989655036,-0.738700804996961,-1.22764823953137,0.0786034139149802,1.14904482561639,0.0418495094383235,-0.0418495094383236,0.317474470658479,-0.317474470658479,0.180605049552062,-0.180605049552062,-0.246980779868864,0.641773794196686,-1.93337973343909,1.53858671911127,-0.00995057715864745,0.0099505771586473,"(604, 1497]",3.37548098111429,-0.766338488507468,-2.39751958141961
40154,492.466666666667,Trop/Subtrop Forests,1.54483544935238,0.396212740109608,0.206169137221743,1.40781365178809,-3.55503097847182,3.42237705526365,-8.53423473063494,5.11185767537129,1.00458617291664,-1.00458617291664,-0.481405373754524,0.481405373754524,1.80037464933829,1.01684340731007,-2.81721805664836,0.964954903854436,-0.964954903854436,0.443218884362237,-0.443218884362237,-0.767497718089792,0.767497718089792,1.55732628522007,-0.475595240824876,-1.08173104439519,-1.21469651423894,0.338651931544115,0.876044582694827,0.437506630116875,-0.437506630116875,0.496838697744788,-0.496838697744787,0.147873316144256,-0.147873316144256,0.255464751567252,0.365667891700866,-2.07667914366834,1.45554650040022,-0.12044774838633,0.12044774838633,"[54, 604]",6.63873671974351,-1.52788834786492,0.24044643082568
40155,270.8,Trop/Subtrop Forests,3.81494434819987,2.09630714380078,1.14079569877334,2.52709005989323,-9.57913725066722,0.212302487412356,-2.18559278538601,1.97329029797366,0.90140465270732,-0.90140465270732,-0.657838396952969,0.657838396952969,1.62273831801816,1.00301860601303,-2.6257569240312,1.3511181156184,-1.3511181156184,0.397249837410116,-0.397249837410116,-0.373607200915111,0.373607200915111,1.81527490434284,-0.579247683976887,-1.23602722036596,-1.63637307696791,0.538378644516246,1.09799443245167,0.265314125531085,-0.265314125531085,0.214334002593914,-0.214334002593914,0.0707058270249143,-0.0707058270249142,0.185038305733969,0.379194320174926,-2.45401902388129,1.88978639797239,0.0142459778971533,-0.0142459778971531,"[54, 604]",3.21315007949939,1.29412434532525,-4.01380021808527
40158,1241.93333333333,Trop/Subtrop Forests,1.03286248644209,0.101304282437148,0.109814972105057,1.21966333404009,-2.46364507502439,0.335556828065205,-2.99664768211,2.6610908540448,1.08436983966377,-1.08436983966377,-0.63488027243197,0.63488027243197,1.99223276204096,0.749097876674569,-2.74133063871553,0.782586786861436,-0.782586786861437,0.49997038058054,-0.49997038058054,-0.79915819454512,0.79915819454512,1.02317041601101,-0.426176341849268,-0.596994074161738,-1.60406145179081,0.500072702479402,1.1039887493114,0.492089669948504,-0.492089669948504,0.568585641135896,-0.568585641135896,0.295847866366769,-0.295847866366769,0.0464645000954032,0.445320198815894,-1.77335292192781,1.28156822301651,-0.164281838856955,0.164281838856955,"(604, 1497]",5.7659848326328,-3.32839853708035,1.15264826708166
40159,746.733333333333,Trop/Subtrop Forests,1.71035072985226,0.758692854140818,0.387629172749986,0.989804575104204,-3.84647733184727,0.381546037021131,-3.14481448759503,2.7632684505739,1.05969679634578,-1.05969679634578,-0.659120448937437,0.659120448937438,1.7020455398691,0.589511912682378,-2.29155745255147,0.902293816741084,-0.902293816741084,0.31737610703539,-0.31737610703539,-0.614837576874652,0.614837576874652,1.12880218174936,-0.38654929160013,-0.742252890149231,-1.39179963459016,0.341252233811117,1.05054740077904,0.236511629559728,-0.236511629559728,0.354069982573043,-0.354069982573043,0.234312634637807,-0.234312634637807,0.069473980771522,0.171473148726643,-1.67637578715246,1.43542865765429,-0.045865467788772,0.0458654677887722,"(604, 1497]",4.40888216252275,-1.52188944688711,-0.974969787443706
40162,148.866666666667,Trop/Subtrop Forests,1.1403888200478,0.604084110980821,0.00331025055189029,1.08211991192382,-2.82990309350433,0.591788553150793,-2.49925390020752,1.90746534705673,0.415866671923046,-0.415866671923046,-0.189744810852452,0.189744810852452,1.22814170125485,0.316305319730077,-1.54444702098493,0.595851355867061,-0.595851355867061,0.225208247985215,-0.225208247985215,-0.817065262512236,0.817065262512236,1.64919238604304,0.182855317249612,-1.83204770329265,-0.805700084211474,0.0340505705403471,0.771649513671126,0.72965974806739,-0.72965974806739,0.462129450761666,-0.462129450761666,0.0241010509089389,-0.0241010509089389,0.508841499872357,0.437382535890212,-2.85845433011412,1.91223029435155,-0.00571434791181134,0.00571434791181139,"[54, 604]",2.21106322200456,0.640007629746934,2.84351467046309
40163,1529.53333333333,Trop/Subtrop Forests,1.29661593408628,0.201979793797805,0.485187585854665,0.858759330186875,-2.84254264392562,0.484532681005332,-3.17902896512431,2.69449628411898,0.905331811933604,-0.905331811933604,-0.596638757604594,0.596638757604594,1.7066134207398,0.930578580374086,-2.63719200111388,0.848865259789889,-0.848865259789889,0.490244760698216,-0.490244760698216,-0.600907070928949,0.600907070928949,1.19230674521836,-0.383711775626546,-0.808594969591812,-1.30525476681568,0.429971875080159,0.875282891735523,0.426934812775219,-0.426934812775219,0.45090136202957,-0.45090136202957,0.159342512605001,-0.159342512605001,0.161285047260925,0.343606604054879,-1.86865585064588,1.36376419933008,-0.163663451899511,0.163663451899511,"(1497, 8446]",5.32770754105981,-1.68393920544013,0.370898684740132
40166,401,Trop/Subtrop Forests,3.16005752951771,2.42875858299339,1.86077454538745,2.40628572714133,-9.85587638503988,0.543386411749118,-1.74914834539143,1.20576193364231,0.0611447888791372,-0.0611447888791372,0.183862390062659,-0.183862390062659,1.5378229962676,0.420861568931289,-1.95868456519889,0.662525367939586,-0.662525367939586,0.112142877946493,-0.112142877946493,-0.85648929568747,0.85648929568747,1.63808773026112,-0.0707226559861827,-1.56736507427494,-0.812829989586998,-0.0205919063828213,0.833421895969819,0.750774475211458,-0.750774475211458,0.363789688490715,-0.363789688490715,0.0837067368528343,-0.0837067368528343,-0.0751150415176303,-0.0751150415176303,-1.66620381528353,1.8164338983188,-0.0146148191574692,0.0146148191574694,"[54, 604]",-0.201973825951149,1.25751471703292,3.28138534053619
40167,571.8,Trop/Subtrop Forests,1.60443590531172,0.32283293971763,0.166672208962347,0.392628701653172,-2.48656975564487,0.649688573751374,-2.89127075028594,2.24158217653457,0.623516146893191,-0.623516146893191,-0.453579124155441,0.453579124155441,1.73128595845892,0.705200113859075,-2.436486072318,0.826831403085979,-0.826831403085979,0.306120270973573,-0.306120270973572,-0.385266922087683,0.385266922087683,1.40559452466352,0.0571156145404467,-1.46271013920397,-1.0766800238516,0.103610295830774,0.973069728020829,0.22976616468922,-0.22976616468922,0.269971511168359,-0.269971511168359,0.217099563711984,-0.217099563711984,0.180088772743239,-0.101078618687348,-1.80582671092577,1.72681655686988,-0.0790374091416963,0.0790374091416963,"[54, 604]",2.7689577248523,-0.134328318076211,-0.833433476334243
40168,559.2,Trop/Subtrop Forests,1.34003725322444,0.331984541602061,0.177833861774803,1.0633529349822,-2.91320859158351,0.949849921125303,-3.32681619789075,2.37696627676545,0.89444088470022,-0.89444088470022,-0.292256669778575,0.292256669778575,1.85934375645021,0.550010436466451,-2.40935419291667,0.736412426636085,-0.736412426636085,0.353625893370744,-0.353625893370744,-0.618381313574464,0.618381313574464,1.20301974245287,-0.153674148890727,-1.04934559356215,-1.00858351848098,0.127769098169981,0.880814420310995,0.64175297892416,-0.64175297892416,0.416864565590567,-0.416864565590567,0.299466445638129,-0.299466445638129,0.137925053109502,0.148181553276691,-1.95187927560588,1.66577266921969,-0.139126042006357,0.139126042006357,"[54, 604]",3.30474200053875,-1.83915422135896,1.27075545368193
40169,525.866666666667,Trop/Subtrop Forests,0.855190019940692,0.601875590993119,0.236150811534468,0.805000275416836,-2.49821669788512,0.416598242160764,-2.95069758782571,2.53409934566495,0.737544929951511,-0.737544929951511,-0.635231272797384,0.635231272797385,1.97252602153654,1.02938020235921,-3.00190622389575,0.895879734614028,-0.895879734614027,0.297028138957857,-0.297028138957857,-0.719469047302656,0.719469047302656,1.11913944145838,-0.424246778079584,-0.694892663378797,-1.11806113896466,0.290212128874006,0.827849010090654,0.485930291514483,-0.485930291514483,0.489723541392387,-0.489723541392387,0.289200781337199,-0.289200781337199,0.0562765119962921,0.623543446667235,-2.07842770835859,1.39860774969507,-0.278902916345092,0.278902916345092,"[54, 604]",4.98657818017288,-2.86697615922512,0.914082044023598
40170,1194.26666666667,Trop/Subtrop Forests,1.89710790770718,0.354844684440974,0.203873657531095,0.166133329548248,-2.6219595792275,0.184341138542985,-1.67887729466721,1.49453615612423,0.283856499084021,-0.283856499084021,-0.372220237473748,0.372220237473748,1.91447726911832,0.766165311897942,-2.68064258101627,0.913286555766098,-0.913286555766098,0.0796252179463214,-0.0796252179463214,-0.370371419655807,0.370371419655807,1.3629929347774,-0.33750686218795,-1.02548607258945,-1.05904953825705,0.127338361293442,0.931711176963612,0.458616841691013,-0.458616841691013,0.419134226833905,-0.419134226833905,0.234774076062793,-0.234774076062793,-0.159376677820306,0.18893001644791,-1.87109343937482,1.84154010074722,-0.168120524737094,0.168120524737094,"(604, 1497]",1.86243677534787,-1.49158626998424,0.164699102704054
40171,1233.06666666667,Trop/Subtrop Forests,1.6919863800951,0.618691899411284,0.593374091426994,0.67696080753526,-3.58101317846864,0.230817755387045,-1.92640148733548,1.69558373194843,0.463053928339786,-0.463053928339786,-0.332798614395857,0.332798614395857,1.64586655986412,0.579467891179661,-2.22533445104378,0.842579225503838,-0.842579225503838,0.180702559157067,-0.180702559157067,-0.606607835703557,0.606607835703557,1.29259067597303,-0.448798433866079,-0.843792242106948,-1.05235867755274,0.166288537702456,0.886070139850284,0.497793167272346,-0.497793167272346,0.429760900986459,-0.429760900986459,0.221798988901804,-0.221798988901804,0.0289736805486244,0.230566885301291,-1.92202553801416,1.66248497216424,-0.165739517571982,0.165739517571982,"(604, 1497]",2.67120743623289,-1.57184632991951,0.896251314574117
40172,3406.26666666667,Trop/Subtrop Forests,1.92784848394765,0.403708152025446,0.155085515410251,0.232643749756125,-2.71928590113947,0.107718584794872,-1.72869115817092,1.62097257337605,0.156802543037642,-0.156802543037642,-0.319768864977282,0.319768864977282,1.67277829455703,0.516464992550048,-2.18924328710708,0.891591425024095,-0.891591425024095,0.0834996277963897,-0.0834996277963898,-0.410553033602514,0.410553033602514,1.44062531527916,-0.358901183286551,-1.08172413199261,-0.957561954741725,-0.0146934639692215,0.972255418710946,0.367204319470686,-0.367204319470686,0.335881807267311,-0.335881807267311,0.231548817682461,-0.231548817682461,-0.103972982190481,-0.0651750126494989,-1.62915055100684,1.79829854584682,-0.107858287837853,0.107858287837853,"(1497, 8446]",1.21805654199743,-0.941420993411573,-0.195204581425701
40201,441.666666666667,Trop/Subtrop Forests,1.46729938085317,0.768355082608903,0.472890869715067,0.977446880467462,-3.68599221364461,0.875736434206234,-2.36294201795815,1.48720558375191,0.225157837136758,-0.225157837136758,-0.0238140244946272,0.0238140244946274,1.53629970021412,0.374739137231773,-1.91103883744589,0.560627382708935,-0.560627382708935,0.241099451169777,-0.241099451169777,-0.935901088450796,0.935901088450796,1.72174252910964,-0.0351702087882515,-1.68657232032138,-0.769467159438495,0.0920153359406649,0.67745182349783,0.753719372239489,-0.753719372239489,0.276566975166616,-0.276566975166616,0.157175159766971,-0.157175159766971,0.0446988317495249,0.167931472173473,-2.12026488336847,1.90763457944547,0.0822746935240785,-0.0822746935240784,"[54, 604]",1.32885979197134,1.84056623837204,3.22752924301179
40202,1780.53333333333,Trop/Subtrop Forests,1.57386482936269,0.279137661768293,0.534484353577138,0.647561498196108,-3.03504834290423,0.521038941231004,-2.54442667033766,2.02338772910666,0.439185748505931,-0.439185748505931,-0.601328074220595,0.601328074220595,1.81211629931577,0.73439745823594,-2.54651375755171,0.777671280686484,-0.777671280686484,0.391649138777121,-0.391649138777121,-0.451119489209252,0.451119489209252,1.47966105173753,-0.313845142825467,-1.16581590891206,-1.29587623181619,0.276520408937563,1.01935582287862,0.516592241672827,-0.516592241672827,0.22467623871353,-0.22467623871353,0.200637711911507,-0.200637711911507,0.0461825263091367,0.123891510636453,-1.8633599785753,1.69328594162971,-0.0437388430805273,0.0437388430805272,"(1497, 8446]",2.90262915949859,0.0450891174102811,0.0773132959654522
40203,183.8,Trop/Subtrop Forests,3.23781060099213,2.45369164222646,1.76054446166652,2.37958367007274,-9.83163037495785,0.637642812067388,-2.02494501495806,1.38730220289068,0.132553875206621,-0.132553875206621,-0.022225881285417,0.0222258812854168,1.33952442974052,0.35177473388422,-1.69129916362474,0.608937854747464,-0.608937854747464,0.163451392802531,-0.163451392802531,-0.835870897885128,0.835870897885127,1.89054647778856,0.23828856817153,-2.12883504596009,-0.471760632664381,-0.309241703166606,0.781002335830987,0.639875556606508,-0.639875556606507,0.262765885577843,-0.262765885577843,0.0572051755888721,-0.0572051755888721,-0.0805508167050035,-0.0805508167050035,-1.78529890894343,1.94640054235344,0.143841036225891,-0.14384103622589,"[54, 604]",-0.826257319407747,2.86288756490454,2.4367760444962
40204,484.333333333333,Trop/Subtrop Forests,3.05879718216457,2.20282624052394,2.01561469843579,2.60012803799294,-9.87736615911724,0.901234045873729,-2.57486464396154,1.67363059808782,0.339379221553923,-0.339379221553923,-0.0639166857549424,0.0639166857549425,1.40269110918348,0.352868984684804,-1.75556009386828,0.659801493310609,-0.659801493310609,0.312190161656427,-0.312190161656427,-0.798349443328335,0.798349443328335,1.64958814554966,-0.144305796207029,-1.50528234934263,-0.642626563207693,0.0179444469176395,0.624682116290054,0.791808606406179,-0.791808606406179,0.408508331136365,-0.408508331136366,0.192660271007848,-0.192660271007848,0.231247251301468,0.147365767320766,-2.15521932567328,1.77660630705105,-0.0305179452931845,0.0305179452931845,"[54, 604]",0.93553455716141,0.458329592880763,2.71889931244155
40206,813.533333333333,Trop/Subtrop Forests,1.74686124049101,0.607147276137348,0.317131480339347,0.585945068486745,-3.25708506545445,0.839477633863544,-2.09615071562074,1.2566730817572,0.105898687463454,-0.105898687463454,-0.126994113332654,0.126994113332654,1.49063236372746,0.466452669842123,-1.95708503356959,0.781322875463671,-0.781322875463671,0.205568636530315,-0.205568636530316,-0.550177984136468,0.550177984136468,1.7590127484793,-0.199460379876717,-1.55955236860258,-0.826403773933635,0.212190505008222,0.614213268925413,0.847363688838355,-0.847363688838355,0.327956398719951,-0.327956398719951,0.140282302341458,-0.140282302341458,0.146141644041977,0.00156041523086886,-2.30102467776318,2.15332261849033,0.062329587094701,-0.0623295870947012,"(604, 1497]",0.853666275974662,1.21439948928182,1.77724856951431
40207,502.6,Trop/Subtrop Forests,1.62258964879273,0.640290887801645,0.57966626598521,0.959813566109085,-3.80236036868867,0.962701069207147,-2.66607446083708,1.70337339162994,0.127446124814395,-0.127446124814395,-0.233511500553799,0.233511500553799,1.58943754648042,0.45150815447148,-2.0409457009519,0.734837985029471,-0.734837985029471,0.220155919719166,-0.220155919719166,-0.666183009547168,0.666183009547167,1.79479435783559,-0.032201917491912,-1.76259244034368,-0.868487870775703,0.178831123504856,0.689656747270847,0.742195860852622,-0.742195860852622,0.26673733777419,-0.26673733777419,0.0250469726594576,-0.0250469726594577,-0.0113528718439963,0.0458055419959523,-1.92827548402606,1.8938228138741,0.0801056522194746,-0.0801056522194747,"[54, 604]",1.43913975883921,2.00480470087445,2.03014697053084
40209,689.666666666667,Trop/Subtrop Forests,1.481539920702,0.732941435605837,0.529342480364598,1.25943317611623,-4.00325701278866,0.565053828909259,-2.08289244812325,1.51783861921399,0.25002676339204,-0.25002676339204,-0.0442766986707226,0.0442766986707224,1.55178211725513,0.534021925216119,-2.08580404247125,0.59566520545538,-0.59566520545538,0.3108441082889,-0.3108441082889,-0.98073396954312,0.980733969543119,1.59617852618325,-0.309322084534188,-1.28685644164906,-0.846541144209024,0.106117231836006,0.740423912373018,0.672474243190797,-0.672474243190797,0.433320411615167,-0.433320411615167,0.0891779602003038,-0.0891779602003039,0.0620024068247951,0.0866950194151666,-1.78105035679081,1.63235293055085,0.0141185850908052,-0.014118585090805,"(604, 1497]",2.29212430579207,0.755707054874543,3.41557888801834
40210,755.933333333333,Trop/Subtrop Forests,1.42215406124908,0.143415606350447,0.616703310797373,0.906432466870878,-3.08870544526777,0.544918573472797,-2.85627880818936,2.31136023471656,0.678301285656244,-0.678301285656244,-0.663899077219141,0.663899077219141,1.81854671089552,0.864302291694857,-2.68284900259038,0.836175868922335,-0.836175868922335,0.521061050356684,-0.521061050356684,-0.604966633148201,0.604966633148201,1.35106799885938,-0.403726276135201,-0.947341722724182,-1.2939650143787,0.341225394157814,0.952739620220888,0.454508986272538,-0.454508986272538,0.424858120625743,-0.424858120625743,0.182321556793955,-0.182321556793955,0.0840591434824991,0.202540747103022,-1.65264054856253,1.36604065797701,-0.0894494247582261,0.0894494247582262,"(604, 1497]",4.5880254221118,-1.19297344344055,0.391013952779869
40211,267.266666666667,Trop/Subtrop Forests,1.27314206104095,0.701691815458523,0.356851329166793,0.837823989783103,-3.16950919544937,0.473303657306292,-2.61773879605202,2.14443513874573,0.639040388239829,-0.639040388239829,-0.309519604203112,0.309519604203112,1.52084013012315,0.632085556057596,-2.15292568618074,0.541672408268661,-0.541672408268661,0.296531861001481,-0.296531861001481,-0.723459491468163,0.723459491468163,1.10224894179856,-0.40400473440031,-0.69824420739825,-1.04836989154286,0.104309618395522,0.944060273147342,0.648394608625929,-0.648394608625929,0.515960457084719,-0.515960457084719,0.284136925339269,-0.284136925339269,0.168920504321187,0.516116704305376,-2.19193349679683,1.50689628817027,-0.137084176642529,0.137084176642529,"[54, 604]",3.23238868828654,-2.34202014044995,2.64386607170258
40212,317.6,Trop/Subtrop Forests,3.18915065912277,2.21082453632916,1.85414959239043,2.58926097204941,-9.84338575989177,0.88583264064646,-2.92082984912386,2.0349972084774,0.440869175183748,-0.440869175183748,-0.572566152151501,0.572566152151501,1.56815020036785,0.519908271088689,-2.08805847145654,0.823125942778408,-0.823125942778408,0.318288414535776,-0.318288414535776,-0.640466922731032,0.640466922731032,1.54622065958098,-0.27238605968326,-1.27383459989772,-0.784159810635042,0.056145014261191,0.728014796373851,0.691582234055482,-0.691582234055482,0.418262881702646,-0.418262881702646,0.278771624166725,-0.278771624166725,0.271528924842012,0.0447556054772235,-1.88313603807541,1.56685150775618,-0.0790446217030935,0.0790446217030934,"[54, 604]",1.76091416714419,-1.06577460337552,1.12032885008938
40301,764.533333333333,Trop/Subtrop Forests,2.13001344598902,0.471785369385488,0.0663202612773233,-0.0672111313471995,-2.60090794530463,0.240704692905504,-1.55769931904122,1.31699462613572,0,0,0.0951768642456094,-0.0951768642456094,1.65388518982591,0.773526467177814,-2.42741165700372,0.856835516128309,-0.856835516128309,0.0911607783969772,-0.0911607783969773,-0.353502107610686,0.353502107610686,1.98852540610101,-0.371294201338021,-1.61723120476299,-1.13803412163058,-0.010601394426981,1.14863551605756,0.303067901785158,-0.303067901785158,0.0958337096060962,-0.0958337096060961,0.170064273912162,-0.170064273912162,0.187783986970882,-0.318777238008651,-2.37716537049066,2.50815862152843,0.0978981276886574,-0.0978981276886574,"(604, 1497]",-0.330239546648231,2.95155358180804,-1.16835733467268
40401,681.533333333333,Temp Forests,1.6763916313972,0.39356025215894,-0.241479297593725,-0.0248082607851322,-1.80366432517728,0.239298450083047,-2.063286642911,1.82398819282795,0.190855511050029,-0.190855511050029,-0.111571775657105,0.111571775657105,1.56479531371126,0.539870740834311,-2.10466605454557,0.907843711461645,-0.907843711461645,0.0212153035648526,-0.0212153035648526,-0.451357931391543,0.451357931391543,1.71599712228142,-0.252453425093308,-1.46354369718811,-0.906311222438288,-0.135386340835658,1.04169756327395,0.339379221553923,-0.339379221553923,0.201255448105366,-0.201255448105367,0.0759219368646718,-0.0759219368646716,-0.0252421095425066,-0.359611295966941,-1.48807654778473,1.87292995329418,0.0933489656968768,-0.0933489656968769,"(604, 1497]",0.471154857824722,1.60171189796414,-0.62738767984717
40403,511.266666666667,Temp Forests,4.06304992347817,2.35709044405344,1.33543919652146,1.70316397664678,-9.45874354069986,0.153319517701211,-1.24155858711007,1.08823906940886,-0.29061463217798,0.29061463217798,0.352862981383403,-0.352862981383403,1.86640730116923,0.844470380160091,-2.71087768132932,0.703372485795591,-0.703372485795591,-0.173862056709324,0.173862056709324,-0.604918961889167,0.604918961889167,1.99394135694744,-0.183242469505331,-1.81069888744211,-1.01547033747043,-0.0566199911774794,1.07209032864791,0.49771402621644,-0.49771402621644,0.310929048406322,-0.310929048406322,0.069418222427108,-0.0694182224271078,-0.241268938534975,-0.452578032202182,-1.58104328401997,2.27489025475713,-0.0803003572963703,0.0803003572963703,"[54, 604]",-1.76187579419378,2.0424845160756,2.29411056320256
40501,419.066666666667,Temp Forests,2.13812050633542,0.793874381459027,-0.758405117135125,-0.604254437307866,-1.56933533335145,-0.030825028588283,-2.17089119208455,2.20171622067284,-0.252278005376198,0.252278005376198,-0.262262234062076,0.262262234062076,1.49316310603382,0.198117416379075,-1.6912805224129,0.818640969302637,-0.818640969302637,-0.0554657803536408,0.0554657803536408,-0.532355368496214,0.532355368496214,1.96601539789746,-0.256881534492886,-1.70913386340457,-0.744497405502254,-0.312714989076716,1.05721239457897,0.505473337737942,-0.505473337737942,0.365334809941518,-0.365334809941518,0.0485818742268241,-0.0485818742268238,-0.236688268344241,-0.484524432248823,-1.38531097758701,2.10652367818008,0.170514026578537,-0.170514026578537,"[54, 604]",-0.817730617172572,0.972138333494404,0.599909521099586
40502,340.466666666667,Temp Forests,2.52171963671868,0.845342241609469,0.0721523533759873,-0.333312754732177,-3.10590147697196,0.331849606029091,-1.34579655643154,1.01394695040245,-0.265314125531085,0.265314125531085,0.303994686109819,-0.303994686109819,1.67454620617508,0.782066122994648,-2.45661232916973,0.623332694313625,-0.623332694313625,-0.167677770960569,0.167677770960569,-0.632833186665638,0.632833186665638,2.20203649983766,-0.172869254736015,-2.02916724510164,-1.26189704523395,0.101407797661239,1.16048924757271,0.592394992454581,-0.592394992454581,0.334183575780729,-0.334183575780729,0.127789413533682,-0.127789413533682,-0.182828147062909,-0.875975327622854,-1.31780807990189,2.37661155458766,-0.0258881347618601,0.02588813476186,"[54, 604]",-1.17401759297136,1.79092489138731,2.92473285926576
40701,220.533333333333,Grasslands,3.36505316803622,2.35556865926411,1.85246508159203,2.23195470329694,-9.8050416121893,0.973431145920405,-2.47655639991118,1.50312525399078,0.159971467335001,-0.159971467335001,0.0526802578289132,-0.0526802578289131,1.52421566476084,0.512614753082364,-2.03683041784321,0.638547534577449,-0.638547534577449,0.0572051755888721,-0.0572051755888721,-0.617372231496345,0.617372231496345,1.87243735895069,-0.320146838829028,-1.55229052012166,-0.986807423647084,0.158324880655919,0.828482542991165,0.756647025940599,-0.756647025940599,0.260488997615004,-0.260488997615004,0.0890376329562518,-0.0890376329562519,0.0919614190804645,0.131182132233746,-2.43376722522779,2.21062367391358,-0.0682877675028754,0.0682877675028754,"[54, 604]",0.0326256493782781,1.76377197181405,2.38870651283638
41001,1113.13333333333,Grasslands,1.85687015509209,0.674174749213441,0.294685127508538,1.23629366736698,-4.06202369918105,-0.593834323020288,-2.5397444720756,3.13357879509589,1.01789030278191,-1.01789030278191,-1.02706186684777,1.02706186684777,1.56412825555732,0.725430917300543,-2.28955917285786,1.12710575435492,-1.12710575435492,0.484827976206801,-0.484827976206801,-0.484806368134021,0.484806368134021,1.21105828703437,-0.511132107867399,-0.699926179166971,-1.42052836989549,0.401084062482243,1.01944430741325,0.187605349875181,-0.187605349875181,0.469236393700065,-0.469236393700065,0.174792324856854,-0.174792324856854,0.156182966819509,0.540256884946356,-1.93925891620677,1.2428190644409,-0.188189184903165,0.188189184903165,"(604, 1497]",5.58849343635698,-2.87202194718878,-2.36943020409854
41301,542.8,Deserts & Drylands,1.61340365893766,0.822400688373959,0.592223110402369,0.822400688373959,-3.85042814608795,0.738058045216664,-2.09515529883955,1.35709725362289,0.196330417931088,-0.196330417931088,0,0,1.49487870565327,0.457959985990503,-1.95283869164378,0.666363307705335,-0.666363307705335,0.256925672341264,-0.256925672341264,-0.872306345401177,0.872306345401176,1.72475608815804,-0.219272592797567,-1.50548349536047,-0.683905664554994,0.0460554891276677,0.637850175427326,0.73195567752547,-0.73195567752547,0.344336450082512,-0.344336450082512,0.0780205197792134,-0.0780205197792136,0.230079235631849,-0.12813298762577,-1.99993516452736,1.89798891652128,0.111234961902368,-0.111234961902368,"[54, 604]",1.31318608729237,1.92885602073001,2.73173694609293
41303,531.733333333333,Deserts & Drylands,3.42153440574361,2.48404146621886,1.69736822764809,2.17226184218802,-9.77520594179857,0.70960892228686,-1.61766878329756,0.908059861010698,-0.0167239670337699,0.0167239670337702,0.426960200573849,-0.426960200573849,1.66999512866067,0.380211667921628,-2.0502067965823,0.716407188377392,-0.716407188377392,0.152809886569224,-0.152809886569224,-0.769381477382082,0.769381477382082,1.90047100100249,-0.0339447686270893,-1.8665262323754,-0.542942568181844,-0.123392720191941,0.666335288373785,0.849213764717918,-0.849213764717918,0.39826276750689,-0.39826276750689,0.172024015214835,-0.172024015214835,-0.135770913173403,-0.0202580260515592,-2.08168106222872,2.23771000145368,0.0997079950766273,-0.0997079950766274,"[54, 604]",-1.50480264124851,2.09269123895004,2.89101365186668
41402,189.666666666667,Trop/Subtrop Forests,1.57624088493925,0.372268080613312,-0.0331970274948523,1.00825684733331,-2.92356878539102,3.78953480522815,-8.65594191248801,4.86640710725986,0.781458948399604,-0.781458948399604,-0.365443754271396,0.365443754271396,1.69392322059739,0.916218652009384,-2.61014187260678,0.584408273670679,-0.584408273670679,0.338170031121782,-0.338170031121782,-0.654166409825089,0.654166409825089,1.51344130839861,-0.370125710082565,-1.14331559831605,-0.769605214248227,-0.119017648107078,0.888622862355305,0.656093194483085,-0.656093194483084,0.392357187042718,-0.392357187042718,0.28690021146369,-0.28690021146369,0.388623470672573,0.542774150499831,-3.01257391098958,2.08117628981718,-0.151359974908161,0.151359974908161,"[54, 604]",4.53282819268645,-1.43751515334802,1.68729958677094
41405,765.933333333333,Trop/Subtrop Forests,2.34978889555616,1.64508089259514,2.01101516194667,3.67384094779883,-9.67972589789681,-0.591697472247615,-2.29644556448604,2.88814303673365,1.3902848052854,-1.3902848052854,-0.80471895621705,0.80471895621705,1.88635782578575,0.602342313786281,-2.48870013957203,0.792779787486654,-0.792779787486653,0.776189178391081,-0.776189178391081,-0.942390004325153,0.942390004325152,1.21793207966191,-0.936182374020582,-0.281749705641327,-1.62031298820613,0.645904460617045,0.974408527589081,0.615173044790413,-0.615173044790413,0.821962044252635,-0.821962044252635,0.401773620580525,-0.401773620580524,0.297976435188051,0.60744027846093,-1.96898148016284,1.06356476651386,-0.34102238337782,0.34102238337782,"(604, 1497]",6.60737218474187,-5.46314733584432,1.63704577864387
50201,726.4,Trop/Subtrop Forests,3.50255230177255,2.63108700127846,2.13611674930226,1.45414286934044,-9.72389892169371,0.713291093621584,-1.95393711296037,1.24064601933879,-0.0223679469206957,0.0223679469206957,0.103819682389122,-0.103819682389122,2.19800940786287,1.0156272361293,-3.21363664399217,0.786826855971901,-0.786826855971901,0.0760081036493127,-0.076008103649313,-0.638896358280602,0.638896358280602,1.6634016752069,-0.248235071280656,-1.41516660392624,-0.547208128244717,-0.106474881299095,0.653683009543811,0.536579402338957,-0.536579402338957,0.486683265905068,-0.486683265905068,0.00852899145228841,-0.00852899145228825,0.773824637303466,-0.041212360865516,-3.33704922686985,2.6044369504319,0.0100562048935478,-0.0100562048935477,"(604, 1497]",0.268164538277291,2.44139507569795,1.73076479082235
50302,3754.46666666667,Trop/Subtrop Forests,2.7018166663711,1.26862608104185,0.231027898128883,-0.165134817316968,-4.03633582822486,0.133449324995889,-1.6985522605106,1.56510293551471,-0.0760857304861751,0.0760857304861752,0.0459037746265614,-0.0459037746265613,2.0513341006804,0.964911058631812,-3.01624515931222,0.91512658699436,-0.915126586994359,0.0980290182609207,-0.0980290182609208,-0.324516782137207,0.324516782137208,1.81305316556486,-0.0680664779745853,-1.74498668759027,-0.903006210489751,-0.160000679794465,1.06300689028422,0.285763072015169,-0.285763072015169,0.356199239246628,-0.356199239246628,0.0304113306134623,-0.0304113306134624,0.290873558538546,-0.380401547202731,-2.5398857965561,2.62941378522029,-0.0966289726146365,0.0966289726146367,"(1497, 8446]",0.115224791913629,1.65919833357896,-0.473358272345322
50303,3714.33333333333,Trop/Subtrop Forests,2.72946765904068,1.58056544452042,0.5254077850986,0.13221276958225,-4.96765365824195,0.0190871951428202,-1.72048652091466,1.70139932577184,0.0196103565766405,-0.0196103565766407,0.0568125127538598,-0.0568125127538599,2.06881036163081,0.999157625674987,-3.0679679873058,1.01362019715105,-1.01362019715105,0.0776547813969513,-0.0776547813969513,-0.443066459926356,0.443066459926356,1.7651376776575,-0.179969580949227,-1.58516809670827,-0.640033185405383,-0.263141449741274,0.903174635146657,0.255881342293665,-0.255881342293665,0.460371921244655,-0.460371921244655,-0.029206893916913,0.029206893916913,0.464751381500131,-0.301688664525287,-2.57800583069872,2.41494311372388,-0.114578955667949,0.114578955667949,"(1497, 8446]",0.653321598568142,1.41522737581337,-0.444456583607657
50401,1495.06666666667,Temp Forests,4.16804313025607,2.25311392515901,1.1545016364909,1.81590011873626,-9.39155881064224,-0.248015730737157,-1.28946960556532,1.53748533630248,-0.600633221364097,0.600633221364097,-0.0997156921802076,0.0997156921802074,1.46199703504517,0.0525905340495264,-1.51458756909469,0.79411551046589,-0.794115510465889,-0.246522769956564,0.246522769956564,-0.2076216490449,0.2076216490449,1.53490031586122,0.0111759217011533,-1.54607623756238,-0.786005724075903,-0.28761666535092,1.07362238942682,0.453472434727959,-0.453472434727959,0.504171009366937,-0.504171009366937,0.297019738349653,-0.297019738349653,-0.424926316337584,-0.248469878996028,-1.44755269802777,2.12094889336138,-0.198094301868936,0.198094301868936,"(604, 1497]",-2.79275157241519,-2.4728567449501,1.01082284036651
50402,2287.4,Temp Forests,2.5757449751076,0.645149061025332,-0.217634516801252,0.201739021353044,-3.20499854068473,-0.0440933112784763,-1.45391816980856,1.49801148108704,-0.509574058656932,0.509574058656931,-0.125887681994269,0.125887681994269,1.50599064346073,0.208607355950413,-1.71459799941114,0.870674644252078,-0.870674644252078,-0.203588718646838,0.203588718646838,-0.276363053138194,0.276363053138194,1.5885531748227,-0.0347189503409449,-1.55383422448176,-0.749040475797469,-0.249927007959989,0.998967483757458,0.449449494581143,-0.449449494581143,0.482383987777065,-0.482383987777065,0.232425878894838,-0.232425878894838,-0.389822309737448,-0.277102576037611,-1.49986329422918,2.16678818000424,-0.155359870259399,0.155359870259399,"(1497, 8446]",-1.42304455095005,-1.91655492326907,0.778514062475
50403,2665.53333333333,Temp Forests,2.61760320729425,0.726917874619143,-0.212972772595886,0.187504794001239,-3.31905310331874,-0.0880665124556891,-1.41112868835206,1.49919520080775,-0.475584166440136,0.475584166440136,-0.110546835086383,0.110546835086383,1.49026361400767,0.172307031000497,-1.66257064500816,0.899466550569596,-0.899466550569596,-0.190949976428749,0.190949976428748,-0.262449675488826,0.262449675488826,1.62353315290923,-0.0563380345737893,-1.56719511833544,-0.788428495905664,-0.23280119098863,1.02122968689429,0.454086381885854,-0.454086381885854,0.505641313086849,-0.505641313086849,0.226323699894597,-0.226323699894596,-0.398679795309419,-0.191997521049281,-1.61635144399352,2.20702876035222,-0.173147178545738,0.173147178545738,"(1497, 8446]",-1.3665604402063,-2.04678481181196,0.608585261547192
50404,2308.4,Temp Forests,2.72826318271853,0.593603766234708,0.00331397111447016,0.175559875919683,-3.50074079598739,0.084617916749194,-1.4711314905714,1.38651357382221,-0.550704746644585,0.550704746644586,-0.162184607224985,0.162184607224985,1.54470537301975,0.191058089736522,-1.73576346275627,0.861755184346974,-0.861755184346974,-0.15690062022843,0.15690062022843,-0.20410054396352,0.20410054396352,1.63542133834739,0.0298556475957976,-1.66527698594319,-0.783168498213702,-0.219536640623389,1.00270513883709,0.482209232448572,-0.482209232448572,0.489675892069584,-0.489675892069584,0.238055617867266,-0.238055617867266,-0.384114902314676,-0.285876462731263,-1.66633990354036,2.3363312685863,-0.170293485366837,0.170293485366836,"(1497, 8446]",-1.53754719959406,-1.8811002828485,0.734219379957525
50405,1461.8,Temp Forests,2.7272048601171,0.628218722364297,0.199458051652611,0.147632983788024,-3.70251461792203,0.345587642318593,-1.57970321953398,1.23411557721539,-0.300218891227839,0.300218891227839,-0.019971933065822,0.0199719330658219,1.87239363344461,0.488513760419232,-2.36090739386384,0.866450368084341,-0.866450368084341,-0.0172430880355847,0.0172430880355846,-0.179472546236636,0.179472546236636,1.68791991421152,0.0460717576266698,-1.73399167183819,-0.761314014289391,-0.234488049176959,0.99580206346635,0.508833832180359,-0.508833832180359,0.426659804588298,-0.426659804588298,0.173470753171438,-0.173470753171438,-0.130363913169028,-0.418045985620809,-1.97928179623703,2.52769169502687,-0.144487448727043,0.144487448727043,"(604, 1497]",-1.15723449751615,-0.441374263013242,0.423173161397906
50406,1435.8,Temp Forests,4.33548112933871,2.33567273501893,1.02509019563473,1.57272979252344,-9.26897385251581,-0.238071420638963,-1.32569458773148,1.56376600837044,-0.526574957295676,0.526574957295676,-0.176066031379216,0.176066031379216,1.54662858547705,-0.0234169252463888,-1.52321166023066,0.896899102958952,-0.896899102958952,-0.188647115570734,0.188647115570734,-0.0873357140078551,0.0873357140078551,1.51136010371642,0.0916178085289921,-1.60297791224542,-0.830375343579569,-0.354593737053945,1.18496908063351,0.484445594215251,-0.48444559421525,0.47334537049467,-0.473345370494669,0.329137760138645,-0.329137760138645,-0.44199337393873,-0.305861199614149,-1.50983400394009,2.25768857749296,-0.19861531112372,0.19861531112372,"(604, 1497]",-3.0878013816344,-2.75538066681134,-0.0134239094675587
50407,1994.46666666667,Temp Forests,4.2804389319029,2.22575793990372,1.06434474999658,1.74350568858179,-9.31404731038499,-0.102065447919082,-1.33701418013932,1.4390796280584,-0.591127140185647,0.591127140185647,-0.0646345067252609,0.0646345067252607,1.61340249746758,0.126342689085286,-1.73974518655287,0.880694185675878,-0.880694185675878,-0.21319631410706,0.21319631410706,-0.168461394277472,0.168461394277472,1.52141671906435,0.027278018537603,-1.54869473760195,-0.800840922776806,-0.323609016298965,1.12444993907577,0.487465887815775,-0.487465887815775,0.521443783415005,-0.521443783415005,0.314593382863723,-0.314593382863723,-0.509912243836304,-0.210669348983447,-1.49852363729009,2.21910523010984,-0.210573802054391,0.210573802054391,"(1497, 8446]",-2.87303265203669,-2.66800055914205,0.618470692425133
50408,1031.26666666667,Temp Forests,4.35181627369119,2.35938610900098,0.866869534625783,1.67396097453495,-9.2520328918529,-0.147151834878743,-1.34239095923592,1.48954279411467,-0.487637943447585,0.487637943447585,-0.0943226170449975,0.0943226170449975,1.57884630521835,-0.0404804393449982,-1.53836586587335,0.873758479916701,-0.873758479916701,-0.183752172934471,0.183752172934471,-0.0892951045905483,0.0892951045905481,1.47513369181721,-0.0231398581392623,-1.45199383367795,-0.856713652130317,-0.38182003759039,1.23853368972071,0.483525670015443,-0.483525670015443,0.496287018311893,-0.496287018311893,0.362549390183274,-0.362549390183274,-0.658008585737576,-0.280246080178747,-1.21353438842147,2.1517890543378,-0.250420367540143,0.250420367540143,"(604, 1497]",-3.09195173528979,-3.37776242950167,0.204794867904625
50409,1572.2,Temp Forests,2.70971514699388,0.462136683512045,0.302100171507525,0.326591191515821,-3.80054319352927,0.300169484349829,-1.59316977769615,1.29300029334632,-0.362376259987638,0.362376259987638,-0.189744810852452,0.189744810852452,1.69457340925843,0.330699778576839,-2.02527318783527,0.900404652373986,-0.900404652373987,-0.079982324846339,0.0799823248463393,-0.150353591805241,0.150353591805241,1.59865313239884,0.101431255887291,-1.70008438828613,-0.806126756084284,-0.223104841113804,1.02923159719809,0.471518045924815,-0.471518045924815,0.477246520461998,-0.477246520461998,0.203846884802813,-0.203846884802813,-0.339089612354465,-0.319858250426577,-1.7549427757159,2.41389063849694,-0.178463242313382,0.178463242313382,"(1497, 8446]",-1.09377125498327,-1.56422025618284,0.314927519301172
50410,1956.4,Temp Forests,4.25296772906379,2.3713075424945,1.01486614452429,1.68570756756994,-9.32484898365252,-0.163267377511799,-1.41216186922925,1.57542924674105,-0.529940825743206,0.529940825743205,-0.104200634788503,0.104200634788503,1.52044010788641,0.000993213779031838,-1.52143332166544,0.881586006188071,-0.881586006188071,-0.200953644934928,0.200953644934928,-0.158074791316842,0.158074791316842,1.48608460683764,-0.0360438215842053,-1.45004078525343,-0.769026025944495,-0.360615407606574,1.12964143355107,0.512850503594451,-0.512850503594451,0.510500842981593,-0.510500842981593,0.313043294994832,-0.313043294994832,-0.592454778232624,-0.25481226646322,-1.31893837906016,2.166205423756,-0.208034830678481,0.208034830678481,"(1497, 8446]",-2.92301181755582,-2.94867097038886,0.511651752381961
50411,2770.53333333333,Temp Forests,2.6220179950913,0.84508653413286,-0.16651437754562,0.421272287356499,-3.72186243903503,0.00480562474721731,-1.44437324615655,1.43956762140933,-0.492575790722638,0.492575790722638,-0.0270731816849785,0.0270731816849785,1.57605411897949,0.163687517549827,-1.73974163652932,0.860228765943203,-0.860228765943203,-0.179774254567232,0.179774254567232,-0.250556591415193,0.250556591415193,1.57385487058374,-0.0603265722339618,-1.51352829834978,-0.787397661560394,-0.233787897685183,1.02118555924558,0.497964249635424,-0.497964249635424,0.495246915947829,-0.495246915947829,0.27238873377752,-0.272388733777521,-0.500764371179078,-0.179052550140986,-1.45627581620651,2.13609273752658,-0.152174562468496,0.152174562468496,"(1497, 8446]",-1.68128019353737,-2.11563900308809,0.880910400440792
50412,1426.6,Temp Forests,2.77430529423202,0.543892725642302,0.0574585550004701,0.292578297361395,-3.66823487223618,0.117165077714698,-1.44008708154883,1.32292200383414,-0.524739800045233,0.524739800045233,-0.156695214580994,0.156695214580994,1.60485714019353,0.268444142411233,-1.87330128260476,0.871532178787605,-0.871532178787605,-0.124132822715774,0.124132822715774,-0.214834354924525,0.214834354924525,1.653838227464,0.0747410320825677,-1.72857925954656,-0.885711942032691,-0.167085676171761,1.05279761820445,0.429588524877857,-0.429588524877857,0.46646030101792,-0.46646030101792,0.1898958112311,-0.1898958112311,-0.382747544738348,-0.305360881122927,-1.75761321003462,2.44572163589589,-0.147342801414559,0.147342801414559,"(604, 1497]",-1.32215625263186,-1.29513446323128,0.518687254095258
50413,3279.93333333333,Temp Forests,2.3177102807804,0.38136958274124,-0.448978719332191,0.00247150201779723,-2.25257264620725,0.0101791276359786,-1.49793053266823,1.48775140503226,-0.401618935296587,0.401618935296586,-0.1661377239973,0.1661377239973,1.56365624539158,0.208305639243963,-1.77196188463555,0.91496991577034,-0.91496991577034,-0.108612214237507,0.108612214237507,-0.262859649525505,0.262859649525505,1.64260032262713,-0.0281167655471728,-1.61448355707996,-0.750727360253755,-0.241812869415369,0.992540229669123,0.460465555715329,-0.460465555715329,0.478277552444542,-0.478277552444542,0.197202935807095,-0.197202935807095,-0.358130613209439,-0.209156821561715,-1.65607580449804,2.22336323926919,-0.154025570355819,0.154025570355819,"(1497, 8446]",-0.928491706347864,-1.66819258030674,0.380753832780373
50414,2407,Temp Forests,2.7933613315434,0.796588578605402,-0.250198642198121,0.406954935713919,-3.7467062036646,-0.082535201907401,-1.34622724093496,1.42876244284236,-0.575389759001567,0.575389759001567,-0.0646568783401595,0.0646568783401597,1.56535679025287,0.147228071110102,-1.71258486136297,0.86965062938174,-0.86965062938174,-0.239082163693746,0.239082163693746,-0.209319067649285,0.209319067649286,1.57624703092845,-0.0113447884444025,-1.56490224248405,-0.798326073617352,-0.255171562736001,1.05349763635335,0.471083318260356,-0.471083318260356,0.50407887503482,-0.50407887503482,0.302612237851316,-0.302612237851316,-0.594640132485312,-0.156168727908977,-1.42419916853513,2.17500802892942,-0.192169786127948,0.192169786127948,"(1497, 8446]",-1.97020603690005,-2.56230292878157,0.79163896706326
50415,2025,Temp Forests,4.33237198455889,2.210137298182,1.14677094857556,1.59045726950392,-9.27973750082037,-0.101143269153702,-1.31675026076098,1.41789352991468,-0.583286608363277,0.583286608363277,-0.0589953492064072,0.0589953492064074,1.56354335268571,0.104609807925846,-1.66815316061155,0.880515727430136,-0.880515727430136,-0.195739433066712,0.195739433066712,-0.145945496956475,0.145945496956475,1.56497753558661,0.0117311150038609,-1.57670865059047,-0.800083450209774,-0.311926626256496,1.11201007646627,0.500060023465936,-0.500060023465936,0.477010010220383,-0.477010010220383,0.297435259895262,-0.297435259895262,-0.526614569293246,-0.2972404682284,-1.40835291966074,2.23220795718239,-0.214509852258523,0.214509852258523,"(1497, 8446]",-2.94709709828174,-2.36756724688133,0.534343778675513
50416,1693.33333333333,Temp Forests,4.39797024788989,2.33672814169333,0.965248866358578,1.52205960336639,-9.22200685930819,-0.241797101821352,-1.27051195087208,1.51230905269343,-0.533556810804369,0.533556810804369,-0.14970276807392,0.14970276807392,1.60547963875155,0.081091139448721,-1.68657077820027,0.883666687775792,-0.883666687775792,-0.175698943418944,0.175698943418944,-0.092016210598792,0.0920162105987919,1.51327150653774,0.0480832029481823,-1.56135470948592,-0.858116272660431,-0.342650269337938,1.20076654199837,0.495354047008211,-0.495354047008211,0.507248127803469,-0.507248127803469,0.317823603749423,-0.317823603749423,-0.522250272556634,-0.371968069507296,-1.29995484114464,2.19417318320857,-0.245772075483896,0.245772075483896,"(1497, 8446]",-2.93439566750719,-3.04319858034192,0.321791164044779
50417,1193.86666666667,Temp Forests,2.96149988190789,0.973718726055931,-0.37912770099642,0.460622953755401,-4.01671386072281,0.0915344269789367,-1.28691675667993,1.19538232970099,-0.427703504568231,0.427703504568231,0.272613525241662,-0.272613525241661,1.71021119885457,0.117849475100372,-1.82806067395494,0.757709836690104,-0.757709836690104,-0.226483721046584,0.226483721046584,-0.278658203877351,0.278658203877351,1.81824635138812,-0.252537127548598,-1.56570922383953,-0.874120709775832,-0.294992107616827,1.16911281739266,0.518172949971055,-0.518172949971055,0.430413593680476,-0.430413593680476,0.28489384847286,-0.284893848472861,-0.531623449468657,-0.251008544239968,-1.53620678848849,2.31883878219712,-0.0692411758347668,0.0692411758347669,"(604, 1497]",-2.68215732715759,-0.907113437804769,1.05132239426643
50501,608.466666666667,Temp Forests,4.67197090999052,2.48608248644064,0.0437354510714333,1.77833650645954,-8.98012535396213,-0.906067524188743,-1.14722958100563,2.05329710519437,-0.472601037684288,0.472601037684288,-0.0511810063307848,0.0511810063307848,2.01875728310833,-0.0444237376997277,-1.9743335454086,0.830113438994285,-0.830113438994285,-0.0840418870655913,0.0840418870655911,-0.168236118310607,0.168236118310606,1.33411251179359,-0.244962536910391,-1.0891499748832,-0.723255627460007,-0.758346947271277,1.48160257473128,0.481947820241143,-0.481947820241143,0.388910528804525,-0.388910528804525,0.336134797769195,-0.336134797769195,-0.576989950394207,-0.810604801575712,-1.35714850794378,2.7447432599137,-0.0685636126687892,0.0685636126687893,"(604, 1497]",-4.12566601600468,-2.4532130209326,-0.596443916655925
50502,477,Temp Forests,4.64138855159439,2.72533136568875,-0.107881978367462,1.72469948538085,-8.98353742429653,-0.752406499413257,-1.17526335023329,1.92766984964655,-0.45239817622421,0.45239817622421,-0.182821806960746,0.182821806960746,1.8585601573423,-0.0769060325519351,-1.78165412479036,0.76323916673272,-0.76323916673272,-0.18078545727547,0.18078545727547,-0.217439496657229,0.217439496657229,1.36994494197743,-0.269798319952,-1.10014662202543,-0.852897246414067,-0.493952153940796,1.34684940035486,0.453243365888767,-0.453243365888767,0.395749979530184,-0.395749979530183,0.310316099791697,-0.310316099791697,-0.427388734403109,-0.68332210854031,-1.222318609273,2.33302945221642,-0.109622455449276,0.109622455449276,"[54, 604]",-3.39506159922296,-2.54318077154159,0.0747266985007332
50503,2332.86666666667,Temp Forests,4.39349853299758,2.77189008494323,0.943762971544297,1.07729436416882,-9.18644595365392,0.0238184495323154,-1.31271440202851,1.2888959524962,-0.315869276215651,0.315869276215651,0.288844284497559,-0.288844284497559,1.95233281961403,0.463198681633327,-2.41553150124735,0.896663433834034,-0.896663433834034,-0.0375175929714571,0.0375175929714571,-0.247974123582087,0.247974123582087,1.75744047140498,-0.134681707987572,-1.62275876341741,-0.766026058494025,-0.343672732357339,1.10969879085136,0.426560719330952,-0.426560719330952,0.429884022982036,-0.429884022982036,0.104466311625457,-0.104466311625457,0.0500519981520683,-0.699184649058921,-2.16552171785235,2.8146543687592,-0.114866049429315,0.114866049429315,"(1497, 8446]",-2.52348779450642,0.547140223996889,0.0148766718194287
50504,1101.13333333333,Temp Forests,2.6931875301237,0.951625464762555,-0.0981966597361228,0.576932015321144,-4.12354835047127,-0.0485520585003111,-1.33851531068177,1.38706736918208,-0.552719126869255,0.552719126869255,-0.0670078857091012,0.0670078857091012,1.52930889761546,0.14991905184211,-1.67922794945757,0.888046676241828,-0.888046676241828,-0.108274542794464,0.108274542794464,-0.230476896862909,0.230476896862909,1.50854514440632,-0.0966733524850772,-1.41187179192124,-0.861096584944262,-0.241416556266189,1.10251314121045,0.449499617382047,-0.449499617382047,0.495523002806047,-0.495523002806047,0.217425090133954,-0.217425090133954,-0.506076187398597,-0.149401243459864,-1.57651759910001,2.23199502995847,-0.187288527665411,0.187288527665411,"(604, 1497]",-1.44409258592102,-2.1954699434097,0.538824532030592
50505,1271.73333333333,Temp Forests,4.70018783899468,2.63991621342256,0.0622278301835964,1.54761309394772,-8.94994497654855,-0.211533249085625,-1.29244596065433,1.50397920973996,-0.42568559288742,0.42568559288742,0.254234955036766,-0.254234955036766,1.85855080133643,0.0238095095346865,-1.88236031087111,0.793275119651551,-0.793275119651551,-0.0666264787142576,0.0666264787142576,-0.227813037205688,0.227813037205687,1.69344344105714,-0.306265364744213,-1.38717807631292,-0.985106217954891,-0.326530381460035,1.31163659941493,0.480507707445187,-0.480507707445187,0.419081342808523,-0.419081342808523,0.208714419940565,-0.208714419940566,-0.534372889481051,-0.732823828204889,-1.55602413701303,2.82322085469897,-0.0110163574999413,0.0110163574999415,"(604, 1497]",-3.55395740739364,-0.554803510582831,0.14626036990639
50506,969.8,Temp Forests,4.55517073682159,2.51118650697848,0.479754184485009,1.53580685873432,-9.08191828701941,-0.369982599443952,-1.3115911393024,1.68157373874635,-0.286564753551073,0.286564753551073,-0.0108307483905897,0.0108307483905897,1.73884104194523,0.0188254775760178,-1.75766651952125,0.820528534339857,-0.820528534339857,-0.157246664951219,0.157246664951219,-0.148969286309485,0.148969286309485,1.63148428123424,-0.237015746271596,-1.39446853496264,-0.855982767853125,-0.381997713308204,1.23798048116133,0.517254701237675,-0.517254701237675,0.480570649019754,-0.480570649019753,0.337013069556583,-0.337013069556583,-0.506533943101308,-0.577992907083453,-1.2711400876434,2.35566693782816,-0.0351315030882482,0.0351315030882483,"(604, 1497]",-3.45306072595735,-1.99033832931303,0.0369734405505103
50507,1053.53333333333,Temp Forests,4.62560763242085,2.56640774569344,0.33026775210755,1.49787291226261,-9.02015604248446,-0.464357115132972,-1.19832629021317,1.66268340534614,-0.443195393089241,0.443195393089241,0.0833845718932348,-0.0833845718932349,1.82024276567228,-0.0142416482221137,-1.80600111745017,0.83940952902373,-0.83940952902373,-0.10877064788277,0.10877064788277,-0.229307491140863,0.229307491140863,1.60024701691887,-0.254032809290523,-1.34621420762834,-1.00201982985784,-0.358883069872561,1.36090289973041,0.470154676870042,-0.470154676870042,0.487964499096943,-0.487964499096943,0.294133774869735,-0.294133774869735,-0.467872510895862,-0.563182690700187,-1.53076671696189,2.56182191855794,-0.0569226590106721,0.0569226590106723,"(604, 1497]",-3.35064646403387,-1.83911778367358,0.0307842899646393
50508,1245.93333333333,Temp Forests,4.63387950569839,2.64749165546415,0.479942846274046,1.24907593381191,-9.0103899412485,-0.248976573713554,-1.4294188806293,1.67839545434285,-0.342034981204414,0.342034981204414,0.0391766571232578,-0.0391766571232576,1.69214069442021,0.069530253429571,-1.76167094784978,0.864927006684751,-0.864927006684751,-0.131870228282578,0.131870228282579,-0.17575200226125,0.17575200226125,1.75611615154919,-0.224479555494012,-1.53163659605518,-1.02636562578441,-0.253969073570327,1.28033469935474,0.474019715094368,-0.474019715094368,0.417140589473643,-0.417140589473643,0.226291515542617,-0.226291515542617,-0.38144314365102,-0.690447985571622,-1.38359516613157,2.45548629535421,-0.0392606660283991,0.0392606660283992,"(604, 1497]",-3.14443547733,-0.918523584470688,-0.197385967465968
50509,338,Temp Forests,4.47234762041557,2.69006689514206,-0.181612729741954,2.12097236325209,-9.10177414906777,-0.991296843879648,-1.57908350878177,2.57038035266141,-0.372666466865258,0.372666466865258,-0.0990884642918743,0.0990884642918745,1.86138466240022,-0.192739071295323,-1.6686455911049,0.797524587491,-0.797524587491,-0.223337688377414,0.223337688377414,-0.239538462725705,0.239538462725705,1.33845279051676,-0.521826625148055,-0.8166261653687,-0.631966576160217,-0.631966576160217,1.26393315232043,0.561071393039152,-0.561071393039152,0.366685990935227,-0.366685990935227,0.43409798901241,-0.43409798901241,-0.15583708951542,-0.886724598058213,-1.37223241383991,2.41479410141355,-0.0458151614229622,0.0458151614229622,"[54, 604]",-3.94700460393095,-2.99005353143463,-0.269372125759192
50510,1545.2,Temp Forests,3.14013970330674,1.09244685994149,-0.638687987470134,-0.121997244251745,-3.47190133152635,-0.0304632592627498,-1.40878945073346,1.43925270999621,-0.250332942353433,0.250332942353433,0.0864618971675916,-0.0864618971675917,1.69117017146234,0.0903160027196275,-1.78148617418196,0.846543970860513,-0.846543970860513,-0.123430038965763,0.123430038965763,-0.144380701685728,0.144380701685728,1.74198191464271,-0.244609473073668,-1.49737244156904,-0.81442237608608,-0.380207854691929,1.19463023077801,0.519415383067198,-0.519415383067198,0.465355696100297,-0.465355696100296,0.292817440287191,-0.292817440287191,-0.51520009250283,-0.384579910085766,-1.53556018427119,2.43534018685979,-0.0391027732026223,0.0391027732026223,"(1497, 8446]",-2.55594281908317,-1.46100691475525,-0.0518988329862977
50511,2043.6,Temp Forests,4.62521480111077,2.52749863918745,0.641248326538474,1.23502303328522,-9.02898480012191,-0.37151282021728,-1.1929143363009,1.56442715651818,-0.497858932752738,0.497858932752739,0.208756723312169,-0.208756723312169,2.00593270772311,0.22664222797479,-2.2325749356979,0.831972355599958,-0.831972355599958,-0.00751893868227015,0.00751893868227047,-0.205034054090063,0.205034054090063,1.64088040212407,-0.161574356220736,-1.47930604590333,-0.878526055298401,-0.381193111576885,1.25971916687529,0.440599706031442,-0.440599706031442,0.422715571699681,-0.422715571699682,0.186642261986633,-0.186642261986633,-0.360395602331814,-0.640697567485972,-1.86447299910809,2.86556616892587,-0.0984934363327407,0.0984934363327409,"(1497, 8446]",-3.12642320499582,-0.458837590139535,0.0475896615639123
50512,1417.33333333333,Temp Forests,4.68813017380935,2.6145195524403,0.511547513350273,1.15590452974079,-8.97010176934071,0.00787869773201246,-1.44861992206113,1.44074122432911,-0.401173236262469,0.401173236262468,0.227266853736802,-0.227266853736802,1.75515451389232,0.186538595978474,-1.94169310987079,0.845979468061052,-0.845979468061052,-0.0522719278756351,0.0522719278756352,-0.234648582534704,0.234648582534704,1.85309985250355,-0.222166317765802,-1.63093353473775,-0.954070212738981,-0.311781449412527,1.26585166215151,0.480058105707092,-0.480058105707092,0.416177300795814,-0.416177300795814,0.161865394109689,-0.161865394109689,-0.473970767154191,-0.628121446981449,-1.5444121788556,2.64650439299124,-0.0334004827707704,0.0334004827707704,"(604, 1497]",-3.17484511246828,-0.00036556654784535,0.127588488174978
50513,909.2,Temp Forests,2.42738621168059,0.897636459850189,0.266364683008331,0.459736075988871,-4.05112343052798,0.119117139842283,-1.61292309468415,1.49380595484187,0.267600714882068,-0.267600714882068,-0.386935195916193,0.386935195916193,1.695410064159,0.380662854331154,-2.07607291849015,0.931836025409171,-0.931836025409171,0.311620741907817,-0.311620741907817,-0.203245111761705,0.203245111761705,1.72139312532867,-0.0559776064472851,-1.66541551888139,-0.81093954766471,-0.172852144287792,0.983791691952503,0.518536135263398,-0.518536135263398,0.454357469032849,-0.454357469032849,0.206593577101037,-0.206593577101037,0.0127093843403043,-0.129606837839951,-2.08735144454227,2.20424889804192,-0.112784877748337,0.112784877748337,"(604, 1497]",0.512222038185075,-0.968277198278041,-0.787962001163186
50514,683.4,Temp Forests,4.59843366317267,2.56005360829061,0.291370066972245,1.59065305110251,-9.04051038953803,-0.487695392716049,-1.26636474671416,1.75406013943021,-0.454977456712535,0.454977456712535,-0.107555689808473,0.107555689808473,1.87480932332209,-0.0915666563255107,-1.78324266699658,0.875129869160651,-0.875129869160651,-0.134391060660648,0.134391060660649,-0.0690751692404087,0.0690751692404086,1.3696774380349,-0.210298441668879,-1.15937899636603,-0.782093700053702,-0.56794571164807,1.35003941170177,0.578215929778468,-0.578215929778468,0.364958014173517,-0.364958014173517,0.43260974350228,-0.43260974350228,-0.500279810102982,-0.67721051826206,-1.27798437869099,2.45547470705603,-0.168441921976817,0.168441921976817,"(604, 1497]",-3.9699943449554,-3.14773456316238,-0.519419914584303
50515,683.933333333333,Temp Forests,4.86783719117515,3.1090642209434,-0.232029236649052,1.02073373184632,-8.76560590731581,-0.618684606644484,-1.59951385965621,2.21819846630069,-0.319043701688459,0.319043701688459,0.256181451542439,-0.256181451542439,1.93100999984758,0.261073975812918,-2.1920839756605,0.829793848059786,-0.829793848059786,0.099766842837538,-0.0997668428375381,-0.279379994925763,0.279379994925763,1.72870635520415,-0.24597186402761,-1.48273449117654,-1.0701087539176,-0.270581169799081,1.34068992371668,0.458944726618926,-0.458944726618926,0.493569211102496,-0.493569211102496,0.169022591142836,-0.169022591142836,-0.246115992127016,-0.796162329046288,-2.11791816902861,3.16019649020191,-0.0350425854427801,0.0350425854427801,"(604, 1497]",-2.77404943457924,-0.507856202376954,-0.1762911307427
50516,1909.6,Temp Forests,3.35603592721491,1.34960405993973,-0.462774696491061,-0.0912111400585777,-4.151654150605,0.0695645132677503,-1.51843306792848,1.44886855466073,-0.246778374393581,0.246778374393581,0.187593374400952,-0.187593374400952,1.73374471867105,0.152155803422965,-1.88590052209402,0.882394176226631,-0.882394176226631,-0.0419928280365463,0.0419928280365464,-0.234494457907595,0.234494457907595,1.87554798732101,-0.231860162097975,-1.64368782522303,-1.03414341148743,-0.253703362028884,1.28784677351631,0.475772155163027,-0.475772155163027,0.428725115925611,-0.428725115925611,0.205636063494228,-0.205636063494228,-0.463198566270269,-0.432107979200238,-1.75897891984933,2.65428546531983,0.00852639419135973,-0.00852639419135966,"(1497, 8446]",-2.27949338799165,-0.228398432458111,-0.269096354694493
50517,2401.73333333333,Temp Forests,2.66273806474718,0.672881076130998,-0.0238059311340714,0.051314699334037,-3.36312790907814,0.140408405946819,-1.55966678059221,1.4192583746454,-0.29051494121962,0.29051494121962,-0.225788230033785,0.225788230033785,1.65195464602865,0.25956889551536,-1.91152354154401,0.926240818872525,-0.926240818872525,0.0156026751593958,-0.0156026751593957,-0.1457536470618,0.1457536470618,1.65456125043354,-0.031279199910773,-1.62328205052277,-0.840416879972048,-0.227618826576316,1.06803570654836,0.500251517245078,-0.500251517245077,0.47154446251444,-0.47154446251444,0.228439149692267,-0.228439149692267,-0.361293569090778,-0.244237013669761,-1.8082125520271,2.41374313478764,-0.157649403595627,0.157649403595627,"(1497, 8446]",-0.98947817160369,-1.69344556322346,-0.142943258246596
50518,1840.2,Temp Forests,4.66379772391281,2.4260232979282,0.406005176719164,1.50461746538727,-9.00044366394745,-0.300594235128192,-1.29384600813848,1.59444024326667,-0.426074647504378,0.426074647504378,0.0840807084484283,-0.0840807084484284,1.82605950421628,0.0790359288296155,-1.9050954330459,0.841952981904571,-0.84195298190457,-0.0792417211190061,0.0792417211190062,-0.115961619483128,0.115961619483128,1.5720257475927,-0.191954157528279,-1.38007159006442,-0.889835942508365,-0.410836750354052,1.30067269286242,0.519081953127868,-0.519081953127868,0.449197271524754,-0.449197271524754,0.295144897560119,-0.295144897560119,-0.578228980189004,-0.629522274576554,-1.43389509024672,2.64164634501228,-0.0751849784936761,0.0751849784936762,"(1497, 8446]",-3.57538633611909,-1.74936523625454,-0.0981983570499439
50519,1392.93333333333,Temp Forests,4.3223120713208,2.54735972040913,1.05039979140172,1.34338691608319,-9.26345849921484,0.255809432632112,-1.45388508354164,1.19807565090953,-0.0739600650383111,0.0739600650383111,0.281931039408437,-0.281931039408437,1.70662713956353,0.0353717961062146,-1.74199893566974,0.847372337187818,-0.847372337187818,-0.0681582785518754,0.0681582785518754,-0.294548425895573,0.294548425895573,1.9257749748272,-0.279204311796414,-1.64657066303079,-0.964366505220468,-0.262920521845828,1.2272870270663,0.482054303112324,-0.482054303112324,0.371760306211987,-0.371760306211987,0.190787408787566,-0.190787408787566,-0.421039795889723,-0.19303005492434,-1.88332006398754,2.4973899148016,-0.0243123074797758,0.0243123074797757,"(604, 1497]",-2.69825688726372,0.487803941032555,-0.0626431426092355
50520,493.4,Temp Forests,4.79143287384666,2.74778044001841,-0.312490354673149,1.63341979438216,-8.8601427535741,-0.655797345957071,-1.57208807783123,2.2278854237883,-0.227594271730297,0.227594271730298,-0.117982119871636,0.117982119871635,1.66829965053122,-0.0294308690485596,-1.63886878148266,0.886319213890638,-0.886319213890638,-0.135686667204929,0.135686667204929,-0.0835270423315831,0.0835270423315831,1.60482960705934,-0.43062578643625,-1.17420382062309,-0.698679652702935,-0.507624415940226,1.20630406864316,0.533609788130123,-0.533609788130124,0.447168610829141,-0.447168610829141,0.338978507532985,-0.338978507532985,-0.596694792947515,-0.596694792947515,-1.25062126035418,2.44401084624921,-0.00821036510616379,0.00821036510616385,"[54, 604]",-3.66181917978361,-2.37555986795433,-0.885867262132553
50521,189.133333333333,Temp Forests,4.71820862209203,2.98896950984531,-0.507538051621174,1.68968652571505,-8.88932660603121,-1.35917914796857,-1.35917914796857,2.71835829593715,-0.231311760974057,0.231311760974057,-0.0770753399136292,0.077075339913629,1.58194119755076,-0.0578020643786674,-1.52413913317209,0.864843520292839,-0.864843520292838,-0.208080198612456,0.208080198612456,-0.486724572857052,0.486724572857052,1.72465006767155,-0.616086791286876,-1.10856327638467,-0.420734953451929,-0.590633990247327,1.01136894369926,0.430100632611556,-0.430100632611556,0.687911530626298,-0.687911530626298,0.405465108108164,-0.405465108108164,-0.295055906028568,-0.536217962845456,-1.54781887452394,2.37909274339796,0.0292970821330264,-0.0292970821330263,"[54, 604]",-3.11706946756199,-3.15246750621553,0.115012677746578
50522,1185,Temp Forests,4.4659864566363,2.38295424682574,0.706576851716528,1.60736339705472,-9.16288095223329,-0.076754341534758,-1.26149578393281,1.33825012546756,-0.53484462459943,0.53484462459943,0.14765299878122,-0.14765299878122,1.74948184550262,0.189915763108694,-1.93939760861132,0.867300527694053,-0.867300527694053,-0.117884695618684,0.117884695618684,-0.198795525838629,0.198795525838629,1.62067875591506,-0.228185603990779,-1.39249315192428,-0.916537554050063,-0.335978592269397,1.25251614631946,0.514243991011843,-0.514243991011843,0.466004073884782,-0.466004073884782,0.266841880921021,-0.26684188092102,-0.553832386393061,-0.356006643063141,-1.49383964488453,2.40367867434073,-0.122766273103844,0.122766273103844,"(604, 1497]",-3.14284710920327,-1.58400925683576,0.381807580970199
50523,1884.13333333333,Temp Forests,2.84186070789995,0.655388922339993,0.124760671277822,0.260562212436884,-3.88257251395465,0.227027315016086,-1.59806857447956,1.37104125946348,-0.416454561467552,0.416454561467552,-0.204612255516035,0.204612255516035,1.68261788004915,0.254650822528689,-1.93726870257784,0.935165613937208,-0.935165613937208,0.000660938628958002,-0.000660938628957889,-0.132088956331782,0.132088956331782,1.70049190070221,0.0766996748164262,-1.77719157551864,-0.83939436792707,-0.21109583410805,1.05049020203512,0.472902734640817,-0.472902734640817,0.449499617382047,-0.449499617382047,0.195962093789202,-0.195962093789202,-0.373315448277508,-0.36426561275759,-1.77795894806559,2.51554000910069,-0.143091972415379,0.14309197241538,"(1497, 8446]",-1.27335426005197,-1.21490488239317,-0.143831574315925
50524,1560.86666666667,Temp Forests,2.62820397403077,0.814614507324034,-0.585473175928192,0.107674004631753,-2.96501931005837,0.0615615500237472,-1.32810549557478,1.26654394555104,-0.352260085366108,0.352260085366108,0.213464673388232,-0.213464673388232,1.6656275006621,0.117060303315026,-1.78268780397713,0.813613726998799,-0.813613726998799,-0.139139859886695,0.139139859886695,-0.278761503631146,0.278761503631146,1.76076094655727,-0.177709195233344,-1.58305175132393,-0.838070351273777,-0.271510090985543,1.10958044225932,0.532177590716564,-0.532177590716564,0.510505521322279,-0.510505521322279,0.332103126977472,-0.332103126977472,-0.557468331768306,-0.145849358085764,-1.38945195718247,2.09276964703654,-0.0795155594960834,0.0795155594960835,"(1497, 8446]",-2.1223482555545,-1.70783419558393,0.943910070409792
50525,262.066666666667,Temp Forests,4.70660836764202,2.88359635490986,0.244539025294604,1.09183688568181,-8.9265806335283,-0.512508443614605,-1.35980630400181,1.87231474761641,-0.0392358077207477,0.0392358077207477,-0.0588915178281917,0.0588915178281919,1.6756000769832,-0.0189956437912036,-1.656604433192,0.964167502116903,-0.964167502116903,-0.110393918810875,0.110393918810875,0.0404260483145475,-0.0404260483145476,1.76059121537185,-0.362249641842539,-1.39834157352931,-0.559366716918511,-0.760037412380662,1.31940412929917,0.588286915068911,-0.588286915068911,0.339580469292603,-0.339580469292603,0.391950771914205,-0.391950771914205,-0.553687283426404,-0.622680154913355,-1.18229594284878,2.35866338118854,-0.0855741280979149,0.0855741280979146,"[54, 604]",-4.30485480329589,-2.07866579364082,-1.73078208945995
50526,625.266666666667,Temp Forests,4.62481008266655,3.26580786383467,0.3441835624344,0.700858506373133,-8.93566001530876,0.105213617026304,-1.3487393925674,1.2435257755411,-0.0487276680753565,0.0487276680753566,0.406167848912532,-0.406167848912532,2.05310768062479,0.490922653041239,-2.54403033366603,1.03558281618799,-1.03558281618799,0.0591498490145119,-0.0591498490145118,-0.288715771393457,0.288715771393457,1.81021713209272,-0.224010161275946,-1.58620697081678,-0.757030825021906,-0.396017479484575,1.15304830450648,0.426781950982925,-0.426781950982925,0.441337060537585,-0.441337060537585,0.0285083402201178,-0.0285083402201179,-0.0346928530006103,-0.474059512784456,-2.23191743033683,2.7406697961219,-0.1489172219579,0.148917221957899,"(604, 1497]",-2.03244241389026,0.785864637888131,-0.757602238429107
50527,2232.2,Temp Forests,4.65172009093528,2.60543075657235,0.648591536984845,1.09590375502851,-9.00164613952099,0.178763079260762,-1.61781567640324,1.43905259714248,-0.257582012682294,0.257582012682295,0.248064966918978,-0.248064966918978,1.74707677099341,0.192894968680002,-1.93997173967341,0.907819371508999,-0.907819371508999,0.0214408637416328,-0.0214408637416329,-0.218331739482013,0.218331739482013,1.86406093477542,-0.188480937266781,-1.67557999750864,-0.980372080384921,-0.263445708058862,1.24381778844378,0.509647766919761,-0.509647766919761,0.4416239062863,-0.4416239062863,0.164335708492489,-0.164335708492489,-0.564726475986404,-0.589117929110563,-1.72547054576152,2.87931495085849,-0.0293086304106013,0.0293086304106013,"(1497, 8446]",-2.9006820726271,0.00196018604134911,-0.21068011359054
50528,1920.2,Temp Forests,4.72009360849157,2.50348147079468,0.291868156006356,1.43304005909326,-8.94848329438587,-0.353685840130358,-1.30819778482471,1.66188362495507,-0.465096818521573,0.465096818521573,0.129205845075834,-0.129205845075834,1.94649456912223,0.0190338671836795,-1.96552843630591,0.840940806539392,-0.840940806539393,-0.0230393059820379,0.0230393059820378,-0.145384587617133,0.145384587617133,1.57329910755266,-0.17702941554797,-1.39626969200469,-0.907229559475136,-0.446414356283807,1.35364391575894,0.476318526928047,-0.476318526928047,0.442857183318199,-0.442857183318199,0.238273363917336,-0.238273363917336,-0.511149136803279,-0.734292688117489,-1.66860192549432,2.91404375041509,-0.064406813227322,0.064406813227322,"(1497, 8446]",-3.57391960831043,-1.28701396549262,-0.277308407175075
50529,3239.33333333333,Temp Forests,2.32914985399129,0.51185708275807,-0.0264359357085312,0.114975718341297,-2.92954671938213,0.154557333141578,-1.75337356784852,1.59881623470694,0.0157080981166896,-0.0157080981166895,-0.348888409229344,0.348888409229344,1.66905369840675,0.352241565279788,-2.02129526368654,0.923436531979423,-0.923436531979423,0.156219518588528,-0.156219518588528,-0.180809611281416,0.180809611281416,1.67672374120377,-0.0659121749536186,-1.61081156625015,-0.776712008071226,-0.205954043582562,0.982666051653788,0.516412274065053,-0.516412274065053,0.421123672300568,-0.421123672300568,0.177124067932761,-0.177124067932761,-0.0837002499031118,-0.11415945738782,-2.09860327044538,2.29646297773631,-0.116842655465701,0.116842655465701,"(1497, 8446]",0.0614185209822823,-0.933302845912326,-0.531593590656217
50530,1460.46666666667,Temp Forests,4.58038155376869,2.64235957756238,0.339774484568335,1.48717693740588,-9.04969255330528,-0.380817315892562,-1.21706534009318,1.59788265598574,-0.448335472502251,0.448335472502252,0.261748341797167,-0.261748341797167,1.98133105746535,0.105014200209235,-2.08634525767459,0.787823261624101,-0.787823261624101,-0.0231801164695093,0.0231801164695095,-0.260732010985523,0.260732010985523,1.6321828226943,-0.185122738961447,-1.44706008373286,-0.87418844394503,-0.443784387489613,1.31797283143464,0.434815325204046,-0.434815325204046,0.467705886660467,-0.467705886660467,0.168805702575734,-0.168805702575734,-0.347300520717777,-0.582614607652242,-1.98952825597487,2.91944338434489,-0.0404533193064001,0.0404533193064002,"(604, 1497]",-3.28803829718943,-0.446775083566339,0.200811254576872
50601,352.866666666667,Boreal Taiga,4.78050755688917,2.33544681564837,-0.0316767984832519,1.81414989201508,-8.89842746606936,-0.679046387329715,-1.85770138367136,2.53674777100108,-0.13413199329734,0.13413199329734,-0.110446915790097,0.110446915790097,1.824809047125,-0.380049155066287,-1.44475989205872,0.969043711687052,-0.969043711687052,-0.12711706919212,0.12711706919212,-0.0223918013134866,0.0223918013134867,1.54464062246174,-0.32866871373042,-1.21597190873132,-0.631000394784167,-0.608010876559469,1.23901127134364,0.694633065754524,-0.694633065754524,0.474275797046188,-0.474275797046188,0.455659859576067,-0.455659859576067,-0.890190487833373,-0.484725379725209,-1.40101611159936,2.77593197915795,0.0250621935912844,-0.0250621935912843,"[54, 604]",-4.35438774390003,-3.31552252493408,-1.28945928633296
50602,832.466666666667,Boreal Taiga,4.50623687753474,2.51887001480108,0.544788988779068,1.55031085438117,-9.12020673549605,-0.473349936695036,-1.31167912709948,1.78502906379451,-0.402086716876725,0.402086716876724,-0.27603429115002,0.27603429115002,1.65314980562111,-0.173808400572839,-1.47934140504827,0.940867533023201,-0.940867533023201,-0.154004885978726,0.154004885978726,-0.00906369229627831,0.00906369229627849,1.30708359696,-0.00020343190240126,-1.3068801650576,-0.71324047832219,-0.550200851077686,1.26344132939988,0.490879094723193,-0.490879094723193,0.449892577216962,-0.449892577216962,0.413663575869627,-0.413663575869627,-0.352461631029387,-0.427969183537533,-1.58720609402208,2.367636908589,-0.204413227905435,0.204413227905435,"(604, 1497]",-3.44542602363912,-3.73025089652079,-0.979867558665386
50603,383.466666666667,Boreal Taiga,4.47161022905591,2.46788050911177,0.388438967431938,1.81555532307208,-9.14348502867171,-0.642630547850878,-1.33577772841082,1.9784082762617,-0.361067358716599,0.361067358716599,-0.171981454175185,0.171981454175185,1.83912392018734,-0.326750127264801,-1.51237379292254,0.765408478909087,-0.765408478909087,-0.187600725234169,0.187600725234169,-0.0408390155071336,0.0408390155071337,1.4131785120715,-0.193269861514238,-1.21990865055726,-0.740774537130413,-0.601012594755254,1.34178713188567,0.654717677797139,-0.65471767779714,0.438355872796748,-0.438355872796748,0.526880861251379,-0.526880861251379,-0.792077808537282,-0.240009226237242,-1.17156743024219,2.20365446501671,-0.137519839518302,0.137519839518302,"[54, 604]",-4.27837684455495,-4.04144667024746,0.0564636436183449
50604,66.8,Boreal Taiga,4.08444352830961,2.69814916718972,0.133199809728186,2.43578490272223,-9.35157740794976,-0.462098120373297,-1.84839248149319,2.31049060186648,-0.441194590099237,0.441194590099237,-0.202732554054082,0.202732554054082,1.89005607934115,-0.801187003444683,-1.08886907589646,0.601986402162968,-0.601986402162968,-0.13413199329734,0.13413199329734,-0.333239466738892,0.333239466738892,0.95320003307647,-0.43309432804342,-0.52010570503305,-0.491615919487112,-0.897081027595276,1.38869694708239,0.601986402162968,-0.601986402162968,0.197327096001974,-0.197327096001974,0.473690659472093,-0.473690659472093,-0.934417404570842,-0.241270224010897,-0.934417404570842,2.11010503315258,-0.0513270770300418,0.0513270770300416,"[54, 604]",-4.24651292019394,-3.36437119364224,0.457164678862822
50605,1091.8,Boreal Taiga,4.47581768871203,2.44921862840657,0.627606196028837,1.59700675321694,-9.14964926636438,-0.382133780002103,-1.39850797043324,1.78064175043534,-0.399684696907626,0.399684696907626,-0.124923269054539,0.124923269054538,1.67021907756702,-0.116867485961639,-1.55335159160538,0.948854023618718,-0.948854023618718,-0.145487399254378,0.145487399254378,-0.0625815714770031,0.0625815714770028,1.35905324582267,-0.0588464547125552,-1.30020679111011,-0.833102470389239,-0.449276537384555,1.28237900777379,0.502129752410056,-0.502129752410056,0.47624937319275,-0.47624937319275,0.376812549761373,-0.376812549761373,-0.516955390340888,-0.284023832660516,-1.58330681679078,2.38428603979218,-0.184941604813614,0.184941604813614,"(604, 1497]",-3.24015488821133,-3.38935292380773,-0.675616613319509
50606,487.733333333333,Boreal Taiga,4.75849922496571,2.78694664529706,-0.304095808061255,1.64181434099406,-8.88316440319558,-0.580885585406774,-1.96717994652667,2.54806553193344,-0.169607861283482,0.169607861283482,-0.334041605948365,0.334041605948364,1.92898705080107,-0.441509247809189,-1.48747780299188,1.10432663657992,-1.10432663657992,-0.042761086719081,0.0427610867190809,0.0631907704558076,-0.0631907704558076,1.16309445646528,0.0928711710598554,-1.25596562752513,-0.756663204914865,-0.623131812290342,1.37979501720521,0.739951930121099,-0.739951930121099,0.477271695370401,-0.477271695370401,0.568539284747953,-0.568539284747953,-0.551972399229538,-0.511150404709282,-1.42744113658344,2.49056394052226,-0.190734801275974,0.190734801275974,"[54, 604]",-3.89280833490534,-5.53590239909715,-1.88519849416671
50607,622,Boreal Taiga,4.73875828199055,2.40550088946342,-0.0959350622757928,1.87814596374622,-8.92647007292439,-0.591084163273612,-1.33075135946845,1.92183552274206,-0.362968501691468,0.362968501691468,-0.0902182710490916,0.0902182710490916,1.97060447225335,-0.379757100079277,-1.59084737217408,0.792159426169384,-0.792159426169384,-0.0565116942016976,0.0565116942016977,-0.0811404029552543,0.0811404029552544,1.36768962461705,-0.126063888817585,-1.24162573579947,-0.648372113572778,-0.676945486016834,1.32531759958961,0.707494156413436,-0.707494156413436,0.489199559079217,-0.489199559079217,0.468285742463257,-0.468285742463258,-0.936639641425153,-0.243492460865208,-1.6297868219851,2.80991892427546,-0.0752404754691478,0.075240475469148,"(604, 1497]",-4.4418579318472,-3.65482541410442,-0.0861036302253125
50608,607.733333333333,Boreal Taiga,4.56474634283816,2.43821676505942,0.386946100346281,1.68622908447654,-9.0761382927204,-0.502576654534946,-1.17833209238302,1.68090874691797,-0.492641801680553,0.492641801680553,-0.267670094764788,0.267670094764788,1.73089991240977,0.00185057148916913,-1.73275048389894,0.830753384032615,-0.830753384032616,-0.139168105016772,0.139168105016772,-0.0641905833241034,0.0641905833241035,1.27867770682471,-0.0538723782884879,-1.22480532853622,-0.828493677447521,-0.511581966680801,1.34007564412832,0.489466758923414,-0.489466758923413,0.425315043031507,-0.425315043031507,0.357467267372426,-0.357467267372426,-0.486112902477382,-0.432045681207106,-1.43057451131823,2.34873309500272,-0.201011381958596,0.201011381958596,"(604, 1497]",-3.29413932241412,-3.33659015725245,-0.251943157009534
50609,456.133333333333,Boreal Taiga,4.42009106684121,2.61373279819201,0.340135242071212,1.79542247467805,-9.16938158178249,-0.726103043447894,-1.27614938036717,2.00225242381506,-0.477755722513718,0.477755722513718,-0.436704502195445,0.436704502195445,1.7050365676639,-0.12487466752853,-1.58016190013537,0.87055786820465,-0.87055786820465,-0.158334804662517,0.158334804662517,-0.00529105466526851,0.00529105466526853,1.21564950800644,-0.0137125303243195,-1.20193697768212,-0.694710177055323,-0.674907549759143,1.36961772681447,0.545616090685243,-0.545616090685244,0.443840098916445,-0.443840098916445,0.498501056128664,-0.498501056128664,-0.392804174903476,-0.392804174903476,-1.46064480490483,2.24625315471178,-0.22361726049223,0.22361726049223,"[54, 604]",-3.70866365835478,-4.64380080881867,-0.726306219280922
50610,370.6,Boreal Taiga,4.51252925260245,2.58682181086465,0.0610931665563981,1.93289534345799,-9.09333957348149,-0.768660561634372,-0.982234661932431,1.7508952235668,-0.456447571436508,0.456447571436508,-0.172188708064163,0.172188708064163,1.88443729567337,-0.24907146727674,-1.63536582839663,0.821113867628546,-0.821113867628546,-0.171736716040098,0.171736716040098,-0.0770753399136292,0.077075339913629,1.2775510227429,-0.205370174066059,-1.07218084867684,-0.828193691987087,-0.683011682142589,1.51120537412968,0.603454831999623,-0.603454831999623,0.298121687460171,-0.298121687460171,0.44389461087097,-0.44389461087097,-0.38705276775488,-0.689333639627813,-1.32532240634781,2.4017088137305,-0.131381375113449,0.131381375113449,"[54, 604]",-4.45118482537565,-3.20814490928075,-0.637631858041996
50611,92.6,Boreal Taiga,6.25316488815319,5.42447221559703,-7.18063464771102,2.68363219167182,-7.18063464771102,-4.60517018598809,-4.60517018598809,9.21034037197618,-0.182321556793955,0.182321556793955,-0.394228680182135,0.394228680182135,1.55160859214465,-0.270003840233085,-1.28160475191157,0.957409780992641,-0.957409780992641,-0.136646667499841,0.136646667499841,-0.326162593019845,0.326162593019845,1.2327056532368,0.0332886654467284,-1.26599431868353,-0.276711732017459,-0.7362440613959,1.01295579341336,0.367555689829489,-0.367555689829489,0.555441190629962,-0.555441190629962,0.325880982198546,-0.325880982198545,-0.156588042765911,-0.251898222570236,-1.45587102689617,1.86435729223232,-0.157246664951219,0.157246664951219,"[54, 604]",-2.80748068018637,-6.93094663190666,-2.40207028863092
50612,294.133333333333,Boreal Taiga,4.51427885860758,2.80398033583851,0.0107723263959923,1.7453733817841,-9.07440490262618,-0.599768891621146,-1.29291607218109,1.89268496380224,-0.252123326333974,0.252123326333974,-0.268866538342958,0.268866538342957,1.87895835790531,-0.470344359656192,-1.40861399824912,0.907644983319125,-0.907644983319124,-0.0764196021147238,0.0764196021147238,-0.0214625223585169,0.021462522358517,1.23002307408318,-0.0578312142234631,-1.17219185985971,-0.802531182228444,-0.763310469075162,1.56584165130361,0.731983699719054,-0.731983699719054,0.468246719595837,-0.468246719595837,0.486230501670605,-0.486230501670605,-0.51902566010358,-0.51902566010358,-1.43531639197774,2.4733677121849,-0.144679259389517,0.144679259389517,"[54, 604]",-4.32377281969847,-4.68115108282445,-0.879448533171554
50613,698.266666666667,Boreal Taiga,4.73965464112873,2.47283677199331,-0.0394688519828023,1.75229061724525,-8.92531317838449,-0.878987501022959,-1.20922918789354,2.08821668891649,-0.324672278950776,0.324672278950776,-0.125969226631077,0.125969226631077,2.03470505419522,-0.22103713003875,-1.81366792415647,0.810360765018064,-0.810360765018064,-0.079713868464051,0.0797138684640511,-0.0815758203431174,0.081575820343117,1.38821137136519,-0.159838268967179,-1.22837310239801,-0.668141658050653,-0.681213739618006,1.34935539766866,0.683495804432681,-0.683495804432681,0.445072725884916,-0.445072725884917,0.480447519055455,-0.480447519055455,-0.671175709276304,-0.671175709276304,-1.36432288983625,2.70667430838886,-0.0747308811547291,0.0747308811547291,"(604, 1497]",-4.46448010688682,-3.49368569031572,-0.284766424055117
50614,313.466666666667,Boreal Taiga,4.52449980964995,2.65620026329956,-0.434842190058755,2.30599783386645,-9.0518557167572,-0.976247256389711,-1.05035522854343,2.02660248493314,-0.391649138777121,0.391649138777121,-0.296531861001481,0.296531861001481,1.94260150353757,-0.278153571208841,-1.66444793232873,0.908302733907293,-0.908302733907293,-0.094770902383721,0.0947709023837209,-0.145007897899,0.145007897899,1.15248189995975,-0.317895578370681,-0.83458632158907,-0.660378719357149,-0.830277756152547,1.4906564755097,0.644565306333122,-0.644565306333122,0.374921262118245,-0.374921262118245,0.454129280088445,-0.454129280088445,-0.577638315660806,-0.577638315660806,-1.3397783677077,2.49505499902931,-0.0688918511815266,0.0688918511815265,"[54, 604]",-4.28036167595497,-3.94393729037056,-1.0683864357897
50616,694,Boreal Taiga,4.59228474024442,2.4705408188739,0.273316241537679,1.71367782392785,-9.04981962458385,-0.604259390020968,-1.31802585778365,1.92228524780462,-0.326069578416284,0.326069578416284,-0.402393575851307,0.402393575851307,1.76599561422156,-0.0552862942728175,-1.71070931994874,1.00237532453912,-1.00237532453912,-0.111997126597261,0.111997126597261,0.0261839927586581,-0.0261839927586578,1.25068611857849,-0.00207684991687859,-1.24860926866161,-0.724776919156789,-0.670709697886513,1.3954866170433,0.605657105592152,-0.605657105592152,0.369619143880106,-0.369619143880106,0.439706050744395,-0.439706050744395,-0.459990392761483,-0.517148806601432,-1.55860268142959,2.53574188079251,-0.197747467894157,0.197747467894157,"(604, 1497]",-3.70955512883767,-3.91570576401234,-1.53331243106509
50617,438.466666666667,Boreal Taiga,4.65996485998991,2.54047085056885,-0.0244785068926895,1.80810295685562,-8.98406016052169,-0.651691459382145,-1.21967549698808,1.87136695637023,-0.369833598097419,0.369833598097419,-0.0975848496359019,0.0975848496359018,1.87602957176187,-0.111553273694014,-1.76447629806785,0.732783771007199,-0.732783771007199,-0.0791841578857309,0.0791841578857308,-0.150052296225169,0.150052296225169,1.42058247687474,-0.199465614671378,-1.22111686220336,-0.696750819261351,-0.696750819261351,1.3935016385227,0.683712938407754,-0.683712938407754,0.441750454525582,-0.441750454525582,0.420391589683005,-0.420391589683005,-1.06341915019784,-0.370271969637894,-1.26408984565999,2.69778096549572,-0.0599969792557267,0.0599969792557269,"[54, 604]",-4.36250343507123,-3.07771889294509,0.346088499096076
50701,1732.6,Grasslands,2.68099333875195,0.737916052780939,0.257962092682036,0.200332979845399,-3.87720446406032,0.343350695319064,-1.65923184083516,1.3158811455161,-0.175766772219157,0.175766772219157,-0.126678664955353,0.126678664955353,1.93997730504405,0.540223790550156,-2.48020109559421,0.899641170945521,-0.899641170945521,0.0343482656431174,-0.0343482656431174,-0.178170219918969,0.178170219918969,1.65692809396895,-0.0357525288693606,-1.62117556509959,-0.706184514495148,-0.297849963959031,1.00403447845418,0.520829765177939,-0.520829765177939,0.447929346528475,-0.447929346528475,0.175677583656461,-0.175677583656462,-0.157891815010105,-0.255530284574021,-2.07326524020534,2.48668733978946,-0.156510287793082,0.156510287793082,"(1497, 8446]",-0.765540020985885,-0.735337836806662,0.118571747968557
50801,1582.73333333333,Grasslands,2.97091540808547,0.892903459215224,-0.0822277726818648,0.490291420089466,-4.27188251470829,0.67596988219136,-1.6581870066785,0.982217124487138,-0.235973632227153,0.235973632227153,0.366471503862444,-0.366471503862444,1.81739930255098,0.366732657514411,-2.18413196006539,0.956856536258614,-0.956856536258614,-0.0442186502582813,0.0442186502582814,-0.27554650453672,0.27554650453672,1.80206679145426,-0.0310043483015484,-1.77106244315271,-0.83489366900485,-0.273598619549707,1.10849228855456,0.544709920241973,-0.544709920241973,0.444806622370033,-0.444806622370032,0.139178647201323,-0.139178647201323,-0.501279907742654,-0.257302269525602,-1.88757426886254,2.6461564461308,-0.128629085045807,0.128629085045807,"(1497, 8446]",-1.70606145035047,-0.0959380140319052,0.385596203440533
50802,1032.66666666667,Grasslands,4.49870004725358,2.39050909228776,0.69405980286403,1.55426106808714,-9.13753001049252,-0.304165291952441,-1.18718123494172,1.49134652689416,-0.622607881429993,0.622607881429993,-0.0304093700175197,0.0304093700175195,1.86178710146692,0.112287441528746,-1.97407454299566,0.81053861454556,-0.81053861454556,-0.140090592456829,0.140090592456829,-0.116311147634377,0.116311147634377,1.42891216123898,-0.137209707088209,-1.29170245415078,-0.823450410592934,-0.50136691142382,1.32481732201675,0.514157959638857,-0.514157959638857,0.382435680679196,-0.382435680679195,0.313662892804743,-0.313662892804742,-0.359017297118715,-0.55090830492882,-1.55771304434381,2.46763864639134,-0.205753711282064,0.205753711282064,"(604, 1497]",-3.51351064712911,-2.22835815403234,0.204801759639599
50803,1428.33333333333,Grasslands,2.94157142321324,0.919020951433787,0.182523330000228,0.143808817819537,-4.18692452246679,0.184686923660569,-1.26373921856633,1.07905229490576,-0.526574957295676,0.526574957295676,0.180290946306469,-0.180290946306469,1.91472141793415,0.439843175850136,-2.35456459378428,0.838548280453958,-0.838548280453958,-0.110393918810875,0.110393918810875,-0.220577737454039,0.220577737454038,1.66377065525326,-0.0355699305677712,-1.62820072468549,-0.706070999024551,-0.359016653072801,1.06508765209735,0.491180910180752,-0.491180910180752,0.425535724885422,-0.425535724885422,0.154984991431109,-0.154984991431109,-0.133478359628014,-0.509955930862926,-1.92523782885607,2.56867211934701,-0.162749094794618,0.162749094794618,"(604, 1497]",-2.00407691407959,-0.337639619874175,0.824198310721181
50804,3196.2,Grasslands,2.80572000633785,0.870461932291051,-0.0293414254740831,0.352792825871386,-3.9996333390262,0.0616446524631968,-1.40063561563462,1.33899096317142,-0.489429404512214,0.489429404512214,-0.0229459966283277,0.0229459966283277,1.67517094681603,0.278433636412163,-1.9536045832282,0.840991440732706,-0.840991440732707,-0.131318020262847,0.131318020262847,-0.233798444607585,0.233798444607585,1.62723090650647,0.0618198962338031,-1.68905080274027,-0.782799287444266,-0.233727134722838,1.0165264221671,0.476406194029136,-0.476406194029136,0.466521676396387,-0.466521676396387,0.235514898300524,-0.235514898300524,-0.373935845961301,-0.373935845961301,-1.51603324656915,2.26390493849175,-0.141465734846592,0.141465734846591,"(1497, 8446]",-1.71836980742483,-1.39740348246047,0.849169859401677
50805,1648.6,Grasslands,4.10823715111286,1.94224293301826,1.25536536547191,2.13083410282581,-9.43667955242883,-0.0618373513423385,-1.29658181433503,1.35841916567737,-0.367629332955036,0.367629332955036,-0.0231466419854224,0.0231466419854222,1.64311242302482,0.219806596928105,-1.86291901995292,0.679616219538467,-0.679616219538467,-0.148401328424295,0.148401328424295,-0.173987151353951,0.17398715135395,1.47712801130807,0.021131810220625,-1.49825982152869,-0.879424915781267,-0.277526406686466,1.15695132246773,0.537712382106592,-0.537712382106592,0.472628893613429,-0.472628893613429,0.285241058653127,-0.285241058653127,-0.398999266519047,-0.0588392568186492,-1.78529362763894,2.24313215097663,-0.243154388488953,0.243154388488953,"(1497, 8446]",-2.37465427492913,-2.21541846089215,1.43013833169668
50806,1417.73333333333,Grasslands,2.74018018824813,1.06799106525055,0.355612522762718,0.115332689205521,-4.27911646546692,0.256421170315112,-1.37534621851708,1.11892504820197,-0.287071944249166,0.287071944249166,0.166714047119992,-0.166714047119992,1.8488813728577,0.597820532432862,-2.44670190529056,0.882942402260855,-0.882942402260854,-0.0797839055838391,0.079783905583839,-0.307835934195827,0.307835934195827,1.76068899798213,-0.063860294068917,-1.69682870391321,-0.646945736299604,-0.268444989829795,0.915390726129398,0.501479557259914,-0.501479557259915,0.42324972857559,-0.42324972857559,0.104386805515629,-0.104386805515629,-0.0484194539786094,-0.277993895623109,-2.17153605916111,2.49794940876282,-0.0729390846962974,0.0729390846962973,"(604, 1497]",-1.30918722794104,0.695766503856235,0.668073682077276
50807,700.8,Grasslands,4.31086161140595,1.73343159272081,1.39695935609959,1.86696298534533,-9.30821554557168,0.24158099113011,-1.29528622846916,1.05370523733905,-0.762222349800354,0.762222349800354,0.219849139875203,-0.219849139875203,1.7235111965342,0.330149668191216,-2.05366086472542,0.837447564544372,-0.837447564544372,-0.19536865069896,0.19536865069896,-0.208129676619523,0.208129676619522,1.64164192794777,0.00932720085991223,-1.65096912880768,-0.890828092005174,-0.25403384799636,1.14486194000153,0.507583695296309,-0.507583695296309,0.380575954837001,-0.380575954837001,0.214928280616162,-0.214928280616162,-0.47444245868755,-0.337241337174065,-1.80357840596749,2.61526220182911,-0.188154261908354,0.188154261908354,"(604, 1497]",-3.13148338343029,-0.637248321779671,1.00932556733639
50808,1204.06666666667,Grasslands,4.62290400168014,2.56809215510694,0.397359193217694,1.43534686006937,-9.02370221007414,-0.224825827467528,-1.16437342150595,1.38919924897348,-0.544416129807235,0.544416129807235,0.195071826706866,-0.195071826706865,1.900009884437,0.0864154866057432,-1.98642537104274,0.793482528291021,-0.793482528291021,-0.0748871526137297,0.0748871526137298,-0.189666483915658,0.189666483915658,1.62507794895921,-0.24537378884451,-1.3797041601147,-0.939799528182605,-0.437170671620793,1.3769701998034,0.465237683433056,-0.465237683433056,0.422041211766615,-0.422041211766615,0.211368347308413,-0.211368347308413,-0.391335221229286,-0.442628515616837,-1.84662245383613,2.68058619068225,-0.118674811841116,0.118674811841116,"(604, 1497]",-3.41169460006255,-0.998088014531238,0.176671930896982
50809,472.133333333333,Grasslands,4.59014142554425,2.00130385290802,1.21854451365839,1.27916913547482,-9.08915892758547,-0.0782169702149629,-1.20035975629327,1.27857672650823,-0.612513106761884,0.612513106761884,0.0322692605687855,-0.0322692605687856,1.84301114654429,0.223497582121448,-2.06650872866574,0.852374046119213,-0.852374046119213,-0.0876555061538687,0.0876555061538686,-0.0342991581713761,0.034299158171376,1.56134112509209,0.0128119657449781,-1.57415309083706,-0.760363649043078,-0.506914748233539,1.26727839727662,0.573872488622877,-0.573872488622877,0.36130022373672,-0.36130022373672,0.198912825775103,-0.198912825775103,-0.206584285075291,-0.468948549542782,-2.07838646197688,2.75391929659496,-0.34525606646097,0.34525606646097,"[54, 604]",-3.18117300410688,-1.59278769426136,0.24116629138472
50810,796.066666666667,Grasslands,4.49989468606885,2.37034110296167,0.760903190527569,1.50811759235779,-9.13925657191588,-0.218004421271116,-1.05485832249724,1.27286274376835,-0.757486223090671,0.75748622309067,0.168608003787029,-0.168608003787029,1.85411530084152,0.252582567914534,-2.10669786875606,0.733168534396714,-0.733168534396714,-0.153139698133685,0.153139698133685,-0.250804484330533,0.250804484330533,1.5560590286916,-0.241382274003889,-1.31467675468771,-0.984532387137552,-0.364291977385695,1.34882436452325,0.51664147053786,-0.51664147053786,0.3823884183496,-0.3823884183496,0.265829855334416,-0.265829855334417,-0.508766652461125,-0.330518421054806,-1.6573893617039,2.49667443521983,-0.202732554054082,0.202732554054082,"(604, 1497]",-3.35505497301332,-1.41623748615581,1.15342531134702
50811,1128.93333333333,Grasslands,4.5009996853318,2.54175600540703,0.833646565465895,1.25138176616587,-9.1277840223706,-0.05104879059677,-1.19893212827166,1.24998091886843,-0.639482670444696,0.639482670444696,0.23116056653686,-0.23116056653686,1.89985494623733,0.123362949140066,-2.0232178953774,0.785007749134134,-0.785007749134134,-0.0459233982455517,0.0459233982455519,-0.197024137094129,0.19702413709413,1.58536370337761,-0.184847429644241,-1.40051627373337,-0.967034917644794,-0.388957066869636,1.35599198451443,0.496331855329365,-0.496331855329365,0.405596427872544,-0.405596427872544,0.238159464175104,-0.238159464175104,-0.348751322838779,-0.541654988963271,-1.82685323321179,2.71725954501384,-0.216902932654852,0.216902932654852,"(604, 1497]",-3.25726838396825,-1.26350993172367,0.596852550701833
50812,760.733333333333,Grasslands,4.44512501093195,2.2284012085443,1.07782918094548,1.44247229453339,-9.19382769495512,-0.219100527336079,-1.13112686042378,1.35022738775986,-0.787502858006308,0.787502858006308,-0.0249484855723116,0.0249484855723116,1.87089398012212,0.215845556435964,-2.08673953655808,0.827480583729092,-0.827480583729092,-0.174836874239874,0.174836874239874,-0.131482522750441,0.131482522750441,1.41471339561292,-0.0862292023579833,-1.32848419325494,-0.88446772471829,-0.395803672755151,1.28027139747344,0.507853846815567,-0.507853846815567,0.40688758417428,-0.40688758417428,0.271306570601438,-0.271306570601438,-0.384543723103152,-0.338023707468259,-1.81962824839247,2.54219567896389,-0.286728419673647,0.286728419673647,"(604, 1497]",-3.1354419088662,-2.23727998363597,0.628183468139906
50813,1203.06666666667,Grasslands,4.41797306721034,2.40980407884942,0.807055154566119,1.56474085626364,-9.19957315688952,-0.0130352533570601,-1.21847756566236,1.23151281901942,-0.591962936190323,0.591962936190323,0.324047258309501,-0.324047258309501,1.804279881895,0.108332726551615,-1.91261260844661,0.757992371688494,-0.757992371688494,-0.143537546080002,0.143537546080002,-0.24659769619486,0.24659769619486,1.76346990712767,-0.273125938025856,-1.49034396910181,-0.900145066520635,-0.31926518783177,1.2194102543524,0.511991775488648,-0.511991775488648,0.439927563763958,-0.439927563763958,0.241728126227639,-0.241728126227639,-0.409630161108768,-0.437409725215844,-1.60904714889884,2.45608703522346,-0.0697879277360191,0.0697879277360191,"(604, 1497]",-3.52685066356582,-0.560800379753577,0.964781397576654
50814,1615.26666666667,Grasslands,2.59481144230938,0.674125182478015,0.27632294711542,-0.0449974844851912,-3.50026208741762,0.352504505281835,-1.4691079270959,1.11660342181407,-0.325688883841825,0.325688883841825,0.177298330618547,-0.177298330618547,1.79652933434553,0.464381336595594,-2.26091067094112,0.817877610375737,-0.817877610375737,-0.110560652966721,0.110560652966721,-0.278218067509022,0.278218067509022,1.75867614478468,-0.00813127482988814,-1.75054486995479,-0.754964819557633,-0.231716675793085,0.986681495350717,0.494811002479852,-0.494811002479852,0.394300939738587,-0.394300939738587,0.117826200502959,-0.117826200502959,-0.210264473684897,-0.435603415562542,-1.85542046872108,2.50128835796852,-0.0824329499913068,0.0824329499913066,"(1497, 8446]",-1.48633138791369,0.510881660756845,0.96138790368975
50815,1915.33333333333,Grasslands,4.3232820587868,2.48669376323274,1.06636965352653,1.39179205396116,-9.26813752950723,0.0406519726718594,-1.18801344424445,1.14736147157259,-0.532510672116037,0.532510672116037,0.354447768764042,-0.354447768764042,1.97242058429655,0.41698275876326,-2.38940334305981,0.85857913940763,-0.85857913940763,-0.0610906568855998,0.0610906568855998,-0.268998999201549,0.268998999201549,1.72031818011173,-0.0858549142627086,-1.63446326584902,-0.716494475147727,-0.36555020591798,1.08204468106571,0.449392093168007,-0.449392093168007,0.449508055559738,-0.449508055559738,0.127309561976019,-0.127309561976019,-0.159082195609378,-0.48066581973684,-2.05620218049526,2.69595019584148,-0.152300230270922,0.152300230270921,"(1497, 8446]",-2.76197462250032,0.196918500874292,0.664270735277099
51101,596.133333333333,Tundra,4.83243900481462,2.65472724170198,-0.480766974227168,1.82181811876688,-8.82821739105631,-0.947536623817433,-1.53532328871955,2.48285991253698,-0.220528026605434,0.220528026605433,-0.0689797220701273,0.0689797220701274,1.96429659502996,-0.186603910632026,-1.77769268439793,0.860900440310572,-0.860900440310572,-0.00436683998437721,0.00436683998437721,-0.139856951401302,0.139856951401302,1.39062899894149,-0.181421381420994,-1.20920761752049,-0.581912933266187,-0.679893341626391,1.26180627489258,0.695799706674792,-0.695799706674792,0.54113157533329,-0.54113157533329,0.455195504873483,-0.455195504873483,-0.787996085215425,-0.436598198377536,-1.53521048704565,2.75980477063861,0.0271806046094437,-0.0271806046094436,"[54, 604]",-4.18120035297502,-3.44182850050125,-0.478211577760861
51102,192.266666666667,Tundra,4.96485033440548,2.33056628354288,-0.377483917559334,1.81974065977689,-8.73767336016591,-0.665353310913595,-2.2747912233477,2.94014453426129,-0.0285792069199742,0.0285792069199742,-0.171472375563415,0.171472375563415,1.64069363636667,-0.0156278619662835,-1.62506577440038,0.972955074527657,-0.972955074527657,-0.145760424379473,0.145760424379473,-0.0149264815748406,0.0149264815748407,1.64068808663833,-0.69468682917871,-0.946001257459616,-0.790102438759847,-0.33811731501679,1.12821975377664,0.510180045884181,-0.510180045884181,0.36879947156539,-0.36879947156539,0.317994383359999,-0.317994383359998,-0.835609421613808,-1.05875297292802,-1.05875297292802,2.95311536746984,0.0579159077625609,-0.057915907762561,"[54, 604]",-3.38267799990916,-2.05039868678792,-1.84683213618147
51103,306.2,Tundra,6.56026453398591,4.09641129339574,-7.1270479773292,3.59742012727675,-7.1270479773292,-0.954066960309823,-1.64721414086977,2.60128110117959,-0.257733001661247,0.257733001661246,0.0985840324554745,-0.0985840324554747,2.20403501229373,-0.678368575953261,-1.52566643634047,0.883830958824497,-0.883830958824497,0.0311211544386105,-0.0311211544386105,-0.0756998232276843,0.0756998232276842,1.46547179070866,-0.340676415971494,-1.12479537473717,-0.611317928946379,-0.638716903134493,1.25003483208087,0.854760685495542,-0.854760685495542,0.454495714696272,-0.454495714696272,0.471428879629439,-0.471428879629439,-1.23161519961046,-1.00847164829625,-1.00847164829625,3.24855849620295,-0.0521305051622047,0.0521305051622048,"[54, 604]",-5.93990775871716,-5.02669562312283,-1.41013463866646
51104,396.066666666667,Tundra,5.08557108598769,2.63736580305012,-0.973552109594107,1.85966123446211,-8.60904601390581,-0.896402371100244,-1.8126931029744,2.70909547407464,-0.220278213959717,0.220278213959717,-0.0258678371995946,0.0258678371995943,2.04304815803139,-0.432196580844873,-1.61085157718652,0.830618703897121,-0.830618703897121,0.0201369495689699,-0.02013694956897,-0.0653851155915972,0.0653851155915974,1.4631538710538,-0.21825754100539,-1.24489633004841,-0.499831479111351,-0.751145907392258,1.25097738650361,0.760464043564065,-0.760464043564065,0.485728556591432,-0.485728556591432,0.443025423342219,-0.443025423342218,-1.09202036363971,-0.735345419700978,-1.24617104346697,3.07353682680766,-0.022136411838994,0.0221364118389942,"[54, 604]",-4.7909865736109,-3.60130531141782,-0.509620753269256
51106,296.466666666667,Tundra,4.71946183071835,2.63328625685717,-0.284484475227113,1.85558168826916,-8.92384530061756,-0.801713893773046,-1.7180046256472,2.51971851942025,-0.163198292316236,0.163198292316236,-0.114267199974543,0.114267199974543,1.74911433352125,-0.48447788798584,-1.26463644553542,0.858825748537167,-0.858825748537166,-0.1489172219579,0.148917221957899,-0.0867554635558999,0.0867554635558997,1.49454389059904,-0.238804816472599,-1.25573907412644,-0.613142593414192,-0.587167107010932,1.20030970042512,0.730867034360733,-0.730867034360733,0.518885314705932,-0.518885314705932,0.400856780555702,-0.400856780555702,-0.443693724380414,-0.706057988847905,-1.62234872072206,2.77210043395038,0.0163057927943804,-0.0163057927943803,"[54, 604]",-4.31609446952034,-3.30659201240764,-0.47058575854951
51107,413.4,Tundra,5.06576630666059,2.66333587869683,-1.02554357541711,1.91889540374933,-8.62245401368965,-0.640652302677607,-2.10698937147103,2.74764167414864,-0.171472375563415,0.171472375563415,-0.038316613010458,0.0383166130104579,1.92526778323409,-0.41332774728299,-1.5119400359511,0.857525780304075,-0.857525780304075,-0.0877243387530964,0.0877243387530961,-0.117783035656384,0.117783035656383,1.58647430047529,-0.369588220044043,-1.21688608043125,-0.419990521305124,-0.778935613778396,1.19892613508352,0.729432526977363,-0.729432526977363,0.512157182475733,-0.512157182475733,0.440261754007762,-0.440261754007762,-0.915441554676344,-0.810081039018517,-1.32090666278451,3.04642925647937,0.0445168111851987,-0.0445168111851989,"[54, 604]",-4.80900355683394,-3.31197013411724,-0.637047839193398
51108,421.4,Tundra,4.90101550785482,2.53836617411812,-0.506156263605301,1.84521899355818,-8.77844441192582,-1.34600871054396,-1.34600871054396,2.69201742108792,-0.208080198612456,0.208080198612456,-0.0202456806773686,0.0202456806773685,2.05664227152129,-0.517495511994654,-1.53914675952664,0.819783826943065,-0.819783826943065,0.0520346799471034,-0.0520346799471032,-0.117419795538701,0.1174197955387,1.44351769296895,-0.224447558912443,-1.21907013405651,-0.449641390647773,-0.74813437920377,1.19777576985154,0.731529188665864,-0.731529188665864,0.510390652011721,-0.510390652011721,0.50580045583924,-0.50580045583924,-1.0848033676395,-0.63281824389644,-1.42127560426071,3.13889721579665,0.00189753548427582,-0.00189753548427584,"[54, 604]",-4.80837571102251,-3.68935120443897,-0.50868806486273
51109,73.8,Tundra,6.46649668760386,4.58772584138617,-7.17133269312297,3.28844285725591,-7.17133269312297,2.20702456895465,-7.9975680763654,5.79054350741076,0.122561229016493,-0.122561229016493,0.178337471969366,-0.178337471969366,2.29311860148681,-0.597253156409352,-1.69586544507746,1.89209481695913,-1.89209481695913,0.260648461816643,-0.260648461816643,0.180506672768665,-0.180506672768665,1.22221443755568,-0.467266182551952,-0.754948255003733,-0.204861619352281,-0.833470278774655,1.03833189812694,1.13218194008692,-1.13218194008692,0.601986402162968,-0.601986402162968,0.737953259904789,-0.737953259904789,1.06229386833856,1.7554410488985,-8.29886939337221,5.48113447613515,-0.0329789838958989,0.0329789838958986,"[54, 604]",-3.28578836472123,-6.11605956542216,-8.52333145583009
51110,161.4,Tundra,6.99462273206878,4.06609920820824,-6.75869161802559,2.45666129577414,-6.75869161802559,-0.926503055028118,-2.02511534369623,2.95161839872435,0.050891347154971,-0.0508913471549713,0.289368414691101,-0.289368414691101,2.50227865016767,-1.25113932508384,-1.25113932508384,1.05648211685924,-1.05648211685924,0.122098480256021,-0.122098480256021,0.0821515256456381,-0.0821515256456382,1.6979294351601,-0.254172684143133,-1.44375675101697,-0.644793362613259,-0.590726141342983,1.23551950395624,1.07588110162973,-1.07588110162973,0.507481129690592,-0.507481129690592,0.798801727393549,-0.798801727393549,-1.31437384300695,-1.31437384300695,-1.31437384300695,3.94312152902084,-0.0537101243104185,0.0537101243104185,"[54, 604]",-7.21522285109203,-6.34556837088082,-2.62539578425056
51111,650.266666666667,Tundra,4.91270049216554,2.53668793061668,-0.507834507106742,1.82754040871029,-8.76909432438578,-0.814115678456402,-1.20498198714341,2.01909766559981,-0.29096077272486,0.290960772724861,-0.0372380464507414,0.0372380464507416,2.01736305630814,-0.285222036685907,-1.73214101962223,0.792813631870191,-0.792813631870191,-0.0311384647607571,0.0311384647607574,-0.157609115130193,0.157609115130193,1.42966383993762,-0.195577737669607,-1.23408610226801,-0.627430550546796,-0.640333955382704,1.2677645059295,0.721867133434403,-0.721867133434403,0.535994209977969,-0.535994209977969,0.454528713640318,-0.454528713640318,-0.901653069519828,-0.515990588707844,-1.432281320582,2.84992497880967,0.0062422783311228,-0.00624227833112265,"(604, 1497]",-4.46004162063486,-3.3550043971826,0.0830049586033757
51112,137.2,Tundra,6.75427074915592,4.31527380067199,-6.95924064085324,2.84893673187857,-6.95924064085324,1.80705439884896,-7.80376353972435,5.99670914087539,0.0742100025591366,-0.0742100025591367,0.277762901341949,-0.277762901341949,2.48163544263856,-0.894244131039307,-1.58739131159925,1.38629436111989,-1.38629436111989,0.188238785617456,-0.188238785617456,0.141116233842108,-0.141116233842108,1.3919961837542,-0.0351201718859421,-1.35687601186826,-0.576202957788444,-0.709734350412967,1.28593730820141,1.08808558406919,-1.08808558406919,0.66087791999116,-0.66087791999116,0.822902778302488,-0.822902778302488,0.741465709987928,1.43461289054787,-7.98644851274396,5.81036991220816,-0.0825398751797244,0.0825398751797242,"[54, 604]",-4.19925369494182,-6.401985731317,-5.94433515669265
51113,301.266666666667,Tundra,5.06295373471192,2.67134779082111,-0.0028008586054194,0.913489873268736,-8.64499054019634,-0.370586005960204,-1.7143207526613,2.0849067586215,0.0331246927706001,-0.0331246927706003,0.0613011610461664,-0.061301161046166,1.8757800163386,-0.388583863835246,-1.48719615250336,1.07771372432888,-1.07771372432888,0.090291968447707,-0.0902919684477069,0.13501356860653,-0.13501356860653,1.37803663862131,-0.105800876807219,-1.27223576181409,-0.753839642680539,-0.481905927196897,1.23574556987744,0.789489352474696,-0.789489352474696,0.551154575274718,-0.551154575274718,0.552996197982866,-0.552996197982866,-1.0719015147636,-0.484114849861479,-1.58272713852959,3.13874350315466,-0.0656680010305435,0.0656680010305434,"[54, 604]",-4.31199319888559,-4.27443056247814,-1.82249432456239
51114,302.933333333333,Tundra,4.99046838920088,2.57702070339502,-0.790275126591453,1.91777507451076,-8.6949890405152,-0.953093723608711,-1.80039158399592,2.75348530760463,-0.0841676574096074,0.0841676574096074,0,0,2.13694418679505,-0.610326727460446,-1.5266174593346,0.946002442109556,-0.946002442109555,0.108532252618914,-0.108532252618914,-0.00436683998437721,0.00436683998437721,1.32281848880772,-0.305311556638538,-1.01750693216918,-0.513005149379185,-0.736148700693395,1.24915385007258,0.895879734614028,-0.895879734614027,0.463773943199395,-0.463773943199395,0.536461401276399,-0.536461401276399,-1.04783420705235,-0.893683527225094,-1.04783420705235,2.9893519413298,-0.0344964357434756,0.0344964357434757,"[54, 604]",-4.86134436579165,-4.44514701106934,-1.0796865254034
51115,279.066666666667,Tundra,6.66000205006893,4.1079560974433,-7.04787784370298,3.32779753989373,-7.04787784370298,-0.91470875252534,-1.76200661291254,2.67671536543788,-0.0928585728975465,0.0928585728975463,0.14552737846521,-0.14552737846521,2.26600719283736,-0.738774916236546,-1.52723227660082,0.902636594197389,-0.902636594197389,0.143841036225891,-0.14384103622589,0.0241592886354039,-0.0241592886354038,1.44250817874985,-0.304799527907372,-1.13770865084248,-0.613454534730122,-0.677993055867693,1.29144759059781,0.972955074527657,-0.972955074527657,0.435301273851364,-0.435301273851363,0.634044469486797,-0.634044469486797,-1.67193296375104,-0.755642231876888,-0.978785783191097,3.40636097881903,-0.0315290679835685,0.0315290679835684,"[54, 604]",-6.43230109801934,-5.65786692208669,-1.86600891776779
51116,427.266666666667,Tundra,4.97314302874738,2.80066662110035,-1.11135638432779,2.02413783160136,-8.6865910971213,-0.834202075629134,-1.68149993601634,2.51570201164547,-0.207610641526765,0.207610641526765,-0.0472792913125063,0.0472792913125064,1.97231995388619,-0.35190431421134,-1.62041563967485,0.888144773727962,-0.888144773727962,-0.0147503321983491,0.014750332198349,-0.179106111628809,0.17910611162881,1.44485093601766,-0.367851707055637,-1.07699922896202,-0.539111800372582,-0.64635733072618,1.18546913109876,0.679748083982583,-0.679748083982583,0.545503844641445,-0.545503844641445,0.454018795058717,-0.454018795058717,-0.867885426541644,-0.375408941443849,-1.65634278690591,2.89963715489141,0.0207969486494185,-0.0207969486494185,"[54, 604]",-4.12398396454885,-3.5575146952618,-0.713391724560522
51117,614.266666666667,Tundra,4.73631111634426,2.63217696207405,-0.299016790342368,1.8410493731539,-8.91052066122985,-0.742141244009494,-1.43528842456944,2.17742966857893,-0.239786540130943,0.239786540130943,-0.0854345315310834,0.0854345315310833,1.84215560022582,-0.177039272397991,-1.66511632782782,0.844937509819735,-0.844937509819735,-0.123281912761154,0.123281912761154,-0.124533618162001,0.124533618162001,1.5034639265536,-0.298877652004991,-1.20458627454861,-0.643844198073651,-0.630050875941315,1.27389507401497,0.621127495448477,-0.621127495448477,0.50580045583924,-0.50580045583924,0.436764436268037,-0.436764436268037,-0.557807079644437,-0.403656399817179,-1.56110918850822,2.52257266796984,-0.0238140244946272,0.0238140244946274,"(604, 1497]",-4.03898232189646,-3.19680688219637,-0.484246938339582
51118,72.3333333333333,Tundra,6.24007357956559,4.89889965372617,-7.29547695204081,3.45198067078985,-7.29547695204081,1.74946166593328,-7.77558945088261,6.02612778494933,0.0416908044695255,-0.0416908044695255,0.329622814442132,-0.329622814442132,2.18476315532812,-0.399234397104114,-1.785528758224,1.29513358272291,-1.29513358272291,0.0492200364066264,-0.0492200364066262,-0.138126688314079,0.138126688314079,1.2191331789596,-0.81229914353388,-0.406834035425716,-0.386011903046303,-0.540162582873562,0.926174485919865,0.94628208417501,-0.94628208417501,0.474540277348573,-0.474540277348573,0.507960286411498,-0.507960286411498,-0.742603616392425,-0.742603616392425,-1.43575079695237,2.92095802973722,0.12711706919212,-0.12711706919212,"[54, 604]",-3.57542493353045,-5.39125607892773,-3.16916356457344
51201,2756.33333333333,Mediterranean Scrub,2.65069291495783,1.36296312089349,-0.253721200061377,0.501119549503908,-4.26105438529385,0.478813470149858,-1.65152571803897,1.17271224788912,0.0637224732840603,-0.0637224732840602,0.43689473791709,-0.43689473791709,1.87698938791457,0.420408494066504,-2.29739788198107,0.944511387326631,-0.944511387326631,0.038638025688283,-0.0386380256882831,-0.410081250175306,0.410081250175306,1.80861012931633,-0.200046315705863,-1.60856381361046,-0.796916592008228,-0.233735737908309,1.03065232991654,0.457271664132392,-0.457271664132392,0.451091957432987,-0.451091957432987,0.0757749490636005,-0.0757749490636003,-0.0229999374394309,-0.36366505232068,-2.13216765938447,2.51883264914458,-0.0942163141941362,0.0942163141941361,"(1497, 8446]",-0.741879523377764,0.665191323133828,0.186396638509476
51202,2779.66666666667,Mediterranean Scrub,3.12208035248095,1.40014466463393,-0.244799936257076,0.386215463195863,-4.66364054405367,0.474927111027782,-1.65889120153013,1.18396409050234,-0.0372561015549214,0.0372561015549213,0.353962887328032,-0.353962887328032,1.78759884923678,0.220759545937696,-2.00835839517448,0.970546978686492,-0.970546978686492,-0.0157080981166895,0.0157080981166896,-0.322041126685944,0.322041126685943,1.91872553244537,-0.117799952110057,-1.80092558033532,-0.923619010923433,-0.266547886837297,1.19016689776073,0.467364452922454,-0.467364452922454,0.450061036708941,-0.450061036708941,0.0831456176921267,-0.0831456176921267,-0.38689935376179,-0.219845269098624,-2.02265457451326,2.62939919737368,-0.0721517448032168,0.0721517448032168,"(1497, 8446]",-1.5084128904572,0.418434946500867,-0.197539753299245
51203,2222.06666666667,Mediterranean Scrub,4.30323780238055,2.64208768889914,0.768887887730912,1.54904644528049,-9.2632598242911,0.414491655243176,-1.59949770603041,1.18500605078724,-0.0860586933098565,0.0860586933098565,0.453464020973152,-0.453464020973152,1.8236159746643,0.314770988404558,-2.13838696306886,0.934893226791256,-0.934893226791256,0,0,-0.364228591586342,0.364228591586342,1.80167285486164,-0.251194935365687,-1.55047791949595,-0.965149037272447,-0.183107830908255,1.1482568681807,0.447742025194185,-0.447742025194185,0.455238381004368,-0.455238381004368,0.0768555113763444,-0.0768555113763443,-0.281296907727381,-0.297963960212593,-2.18671569542796,2.76597656336793,-0.0713259885106659,0.0713259885106658,"(1497, 8446]",-1.91487903770151,0.699062811099874,0.0551178759836485
51301,1398,Deserts & Drylands,4.04754138070482,3.02576514098469,1.52012402223223,0.783804669807074,-9.37723521372881,0.578684848005363,-1.74370287228486,1.1650180242795,0.0977833917719877,-0.0977833917719877,0.434402032804084,-0.434402032804084,2.05636470805899,0.757365855199283,-2.81373056325827,0.926347639113045,-0.926347639113045,0.0855513365945833,-0.0855513365945832,-0.526990067323671,0.526990067323671,1.7948829058645,-0.204294272372304,-1.59058863349219,-0.676804577131352,-0.19321210382372,0.870016680955073,0.449940988603882,-0.449940988603881,0.500604207674189,-0.500604207674189,-0.0412094732077097,0.0412094732077099,0.434014854009719,-0.27947201078735,-2.96049353950164,2.80595069627927,-0.0735215414735846,0.0735215414735846,"(604, 1497]",-0.55683390997693,2.17719771491615,0.635845038921693
51302,2303,Deserts & Drylands,2.56050260638907,1.25534257098484,0.304806260597521,-0.0751797622096585,-4.04547167576178,0.221085766874626,-1.68927944476128,1.46819367788665,-0.0735922827488342,0.0735922827488341,0.125124449039434,-0.125124449039434,1.93442475218113,0.718156710998158,-2.65258146317929,0.963127203887924,-0.963127203887925,0.0708989559301288,-0.0708989559301287,-0.317365117581602,0.317365117581602,1.83503607351954,-0.141551327782817,-1.69348474573673,-0.531480352984479,-0.353799175747027,0.885279528731506,0.338729359985544,-0.338729359985544,0.471109476298509,-0.471109476298509,0.0077208650626573,-0.0077208650626575,0.515332863396402,-0.47036731984992,-2.54980886152976,2.50484331798327,-0.106136939538653,0.106136939538653,"(1497, 8446]",-0.168783518499754,1.1492931172265,-0.327380736431717
51303,2908.33333333333,Deserts & Drylands,4.06362775833822,2.96003041448119,1.36989525430162,0.989839861718819,-9.38339328883984,0.229987307176186,-1.54557747613189,1.3155901689557,-0.119432570664414,0.119432570664414,0.320639256081713,-0.320639256081713,2.03922091417056,0.78584849923683,-2.82506941340739,0.965355464660959,-0.965355464660958,0.0203530228847364,-0.0203530228847365,-0.409131965820899,0.4091319658209,1.83679730135506,-0.111216635292453,-1.72558066606261,-0.466613232156928,-0.414583560711065,0.881196792867993,0.341402121079357,-0.341402121079357,0.478695572414507,-0.478695572414507,-0.0157279778725688,0.0157279778725686,0.530116905853217,-0.577306012497048,-2.73974447374785,2.78693358039168,-0.0893675905813637,0.0893675905813635,"(1497, 8446]",-1.34522817331122,1.92013065455811,-0.0526262655051642
51304,2747.46666666667,Deserts & Drylands,4.43245554812593,2.88888506067945,0.730727951534144,1.08912554878432,-9.14119410912385,-0.0190770219057777,-1.33025075255756,1.34932777446334,-0.337307466215509,0.337307466215509,0.471634679163523,-0.471634679163523,2.03999631228181,0.359032154697533,-2.39902846697934,0.837778730784495,-0.837778730784496,0.0776464422030177,-0.0776464422030176,-0.355120806959623,0.355120806959623,1.76445683436096,-0.248754615436817,-1.51570221892414,-0.806890353533749,-0.31936029237128,1.12625064590503,0.409396183694639,-0.409396183694639,0.449550864100878,-0.449550864100878,0.0725740491598313,-0.0725740491598315,-0.147857323895111,-0.672381792019263,-2.09376747295042,2.9140065888648,-0.0692427411253865,0.0692427411253865,"(1497, 8446]",-2.43737109191922,0.960643967667439,0.401534821121733
51305,2572.46666666667,Deserts & Drylands,4.49299265473166,2.72002109936924,0.572311586560396,1.32863766874187,-9.11396300940316,0.121140852582976,-1.51774426117743,1.39660340859445,-0.378739019470543,0.378739019470543,0.421091379860217,-0.421091379860217,1.99572355117146,0.227045889402633,-2.2227694405741,0.8499378778061,-0.849937877806101,0.0643357972631367,-0.0643357972631368,-0.33696630780766,0.33696630780766,1.80178751354154,-0.281627017075069,-1.52016049646647,-0.876594818110814,-0.305704953602173,1.18229977171299,0.464865332691253,-0.464865332691253,0.49805472514912,-0.49805472514912,0.100522754030121,-0.100522754030121,-0.399596877968364,-0.622740429282574,-1.91806301219674,2.94040031944768,-0.0472247355505336,0.0472247355505337,"(1497, 8446]",-2.63978162227987,0.341121037681552,0.478114349569512
51306,771.8,Deserts & Drylands,3.71634815536815,2.92088375932741,1.72971991329405,1.21889428952806,-9.58584611751768,0.607786528485952,-1.84178075485674,1.23399422637079,0.171599359691082,-0.171599359691082,0.38476007967226,-0.38476007967226,2.37943204828145,1.09763946511097,-3.47707151339242,0.87459992740463,-0.87459992740463,0.184361641227453,-0.184361641227454,-0.592106827172737,0.592106827172737,1.66271545475572,-0.300402266469019,-1.3623131882867,-0.595129273534648,-0.121344921449006,0.716474194983654,0.465283709115419,-0.465283709115419,0.508203921451037,-0.508203921451037,-0.0158115942152561,0.0158115942152561,0.672193402696853,-0.0300036133830103,-3.34418961805554,2.70199982874169,-0.0625173495258519,0.0625173495258518,"(604, 1497]",0.446417871004655,2.45873829125207,1.0186034898383
51307,2139.66666666667,Deserts & Drylands,3.83407386987702,2.8602888074671,1.66420417599017,1.17690904963437,-9.53547590296866,0.14043154353782,-1.76573827686798,1.62530673333016,0.0398220315299626,-0.0398220315299629,0.0391436106646458,-0.0391436106646455,2.12806753939685,0.889242995113382,-3.01731053451023,1.0263556520411,-1.0263556520411,0.0965044355714339,-0.096504435571434,-0.359584642961573,0.359584642961573,1.76094015749922,-0.180786857405988,-1.58015330009323,-0.431834081404253,-0.383714833060055,0.815548914464308,0.311833904714137,-0.311833904714137,0.486304581232189,-0.486304581232189,-0.0244829323880255,0.0244829323880257,0.757813084672676,-0.338270757642075,-2.9184875872344,2.4989452602038,-0.139253358676529,0.139253358676529,"(1497, 8446]",-0.172897500780107,1.45036561198226,-0.668179381186554
51308,1638.73333333333,Deserts & Drylands,4.32626825229352,3.01620845207439,0.672074356167471,1.18289997993346,-9.19745104046884,0.488378805110935,-1.66079607458358,1.17241726947264,-0.113822342097501,0.113822342097501,0.705218333220745,-0.705218333220745,2.05886520343163,0.483586209808846,-2.54245141324047,0.939947509240522,-0.939947509240522,0.0946819197096838,-0.0946819197096838,-0.450546937578362,0.450546937578362,1.85926756706897,-0.27064622496328,-1.58862134210569,-0.81766680304453,-0.200720083369999,1.01838688641453,0.423648930193602,-0.423648930193602,0.504553572400039,-0.504553572400039,-0.0250406599665259,0.0250406599665258,0.0598848066027066,-0.509883352796734,-2.58932489447657,3.0393234406706,-0.073827872338355,0.0738278723383549,"(1497, 8446]",-1.64192396928411,1.80158305497053,0.365787250572924
51309,1965.8,Deserts & Drylands,4.50275089754203,2.50777851248864,0.541665656115811,1.57128507329697,-9.12348013944345,0.0696661575790184,-1.40037119295726,1.33070503537825,-0.495621411690097,0.495621411690097,0.367853397489371,-0.367853397489371,1.93341155011214,0.174877728512403,-2.10828927862454,0.801568957913822,-0.801568957913821,-0.00651899716906501,0.00651899716906482,-0.27935078590601,0.27935078590601,1.77185792461331,-0.323801602665929,-1.44805632194738,-0.975122974613085,-0.291108277616413,1.2662312522295,0.523834635568788,-0.523834635568789,0.445027114186396,-0.445027114186396,0.17186792642815,-0.17186792642815,-0.567524083675561,-0.479416816165295,-1.76276320803274,2.8097041078736,-0.0245302354846469,0.024530235484647,"(1497, 8446]",-3.18278729478102,-0.0184123289029348,0.614094180081709
51310,2001.26666666667,Deserts & Drylands,3.89023941248551,2.82746778798745,1.41152473294543,1.38335385597873,-9.51258578939712,0.490971207372167,-1.59066091568749,1.09968970831532,-0.00341298253519999,0.00341298253519991,0.501565136397486,-0.501565136397486,2.09400506089742,0.69420888034366,-2.78821394124108,0.882204422547172,-0.882204422547172,0.040125013005793,-0.040125013005793,-0.474211005028474,0.474211005028474,1.76265306639124,-0.175656336672632,-1.58699672971861,-0.602557842649957,-0.25758633768788,0.860144180337837,0.441589275029611,-0.441589275029611,0.505094739420036,-0.505094739420036,0.0295710918259613,-0.0295710918259614,0.377645172039,-0.261917762386839,-2.80962531341387,2.69389790376171,-0.0523013263973621,0.0523013263973622,"(1497, 8446]",-1.15411387523681,1.84117203825988,0.758938846297176
51311,685.6,Deserts & Drylands,3.61431055410669,2.72079374688109,1.89316865209259,1.44118352834953,-9.66945648142991,0.369682388653563,-1.85739515183234,1.48771276317877,0.0911607783969772,-0.0911607783969773,0.177727343766752,-0.177727343766751,2.15751987890521,1.01606743156061,-3.17358731046582,0.867739316664733,-0.867739316664733,-0.0130848588666923,0.0130848588666924,-0.562608017093043,0.562608017093043,1.65765107982459,-0.12650379001825,-1.53114728980634,-0.439231096158374,-0.298531214055239,0.737762310213613,0.471685845238413,-0.471685845238413,0.442184493412082,-0.442184493412082,-0.046872704585487,0.0468727045854871,0.703858504741133,0.0718657473345187,-3.31252451601126,2.5368002639356,-0.0821515256456382,0.0821515256456381,"(604, 1497]",-0.0511926268276804,2.31083020205251,1.00627926439713
51312,1122.93333333333,Deserts & Drylands,3.8228182426738,2.60930208030096,1.75282984363772,1.3946176203801,-9.57956778699258,0.348954172088616,-1.62974579978969,1.28079162770107,0.0266729903526462,-0.0266729903526463,0.217852496648941,-0.217852496648941,1.98592691918811,0.734668841872161,-2.72059576106027,0.867300527694053,-0.867300527694053,-0.018704051033085,0.018704051033085,-0.414741812056038,0.414741812056038,1.65012511580637,-0.188154369056583,-1.46197074674978,-0.476276953788744,-0.384469404535621,0.860746358324364,0.510000200549228,-0.510000200549228,0.466671760128437,-0.466671760128437,0.060261381698752,-0.0602613816987519,0.229829526096033,-0.353316759249583,-2.32739778527159,2.45088501842514,-0.0538927470560041,0.0538927470560043,"(604, 1497]",-1.26728816986496,1.12727803942066,0.812548363774972
51313,1010.13333333333,Deserts & Drylands,4.8346910026614,2.9361926578054,-0.094630935559863,1.13751274573277,-8.81376547063971,-0.273226325660148,-1.18148488583704,1.45471121149719,-0.465365708014475,0.465365708014475,0.38088059620493,-0.38088059620493,2.11447194681325,0.0311718794458821,-2.14564382625913,0.750834748853867,-0.750834748853867,0.069993596483697,-0.0699935964836969,-0.287812808496453,0.287812808496453,1.75488620211402,-0.256886925419315,-1.49799927669471,-0.960245331199151,-0.495188125888741,1.45543345708789,0.395909354033488,-0.395909354033488,0.445213610642118,-0.445213610642118,0.130066060341775,-0.130066060341775,-0.439826994278778,-0.875145065536623,-1.76896294155872,3.08393500137412,-0.0385398712714398,0.0385398712714396,"(604, 1497]",-3.57378000799873,0.0644986826423584,0.143509182136081
60101,3634.13333333333,Trop/Subtrop Forests,1.7464395962073,0.278523164095313,0.00744524669556703,0.305551836483232,-2.33795984348141,-0.0349058623020737,-1.97647760975879,2.01138347206086,0.539146143088576,-0.539146143088576,-0.150904725855496,0.150904725855496,1.67979037881438,0.772202303765711,-2.45199268258009,0.93163602985085,-0.93163602985085,0.296940324385034,-0.296940324385034,-0.320398587982436,0.320398587982436,1.69263726242526,-0.606428130170615,-1.08620913225465,-1.04328624065058,0.0778208840654326,0.965465356585148,0.245532038353544,-0.245532038353544,0.33457670593359,-0.33457670593359,0.131409888083417,-0.131409888083417,0.495166762626881,-0.0791722668614356,-2.58060821860065,2.1646137228352,-0.092073948143,0.092073948143,"(1497, 8446]",2.36151263202988,0.475863954996083,-1.57024622639781
60102,1006.93333333333,Trop/Subtrop Forests,1.6318801401793,0.406268160749878,0.188966885059897,0.832352556060778,-3.05946774204985,0.441010721447308,-2.70887223193394,2.26786151048663,0.690508652009523,-0.690508652009524,-0.470491672232263,0.470491672232263,1.84234976239212,0.777754359002261,-2.62010412139438,0.756435857021525,-0.756435857021525,0.529255342249792,-0.529255342249791,-0.478467466406145,0.478467466406145,1.82317839760031,-0.340820532107585,-1.48235786549273,-1.03580531539655,0.128620191841128,0.907185123555425,0.494017318366498,-0.494017318366498,0.411747773312173,-0.411747773312173,0.249201551883717,-0.249201551883717,0.765302215541479,0.332057543326239,-3.23747515315513,2.14011539428741,-0.127098137327898,0.127098137327898,"(604, 1497]",3.36374875801805,-0.152657131600481,-0.204486001124221
60103,4934.66666666667,Trop/Subtrop Forests,1.48377246776119,-0.0682108502144675,0.0523651287326325,0.830069697320641,-2.2979964436,-0.0964220770663059,-2.48288865404105,2.57931073110736,0.763845622442289,-0.763845622442289,-0.53135089368117,0.531350893681169,1.84620714607036,1.02455279432588,-2.87075994039624,0.878841431423666,-0.878841431423666,0.540488100808333,-0.540488100808333,-0.368265151209066,0.368265151209066,1.76861244098795,-0.379544618134623,-1.38906782285333,-1.15982823501034,0.225821588542926,0.934006646467412,0.262166665532917,-0.262166665532918,0.324607802339577,-0.324607802339578,0.270771222815485,-0.270771222815485,0.665176422036291,0.223431639847477,-2.62592109860414,1.73731303672037,-0.135310775768667,0.135310775768667,"(1497, 8446]",3.94040097302563,-0.163950655457869,-1.59917474632363
60104,4969.33333333333,Trop/Subtrop Forests,1.50842358038096,0.4146964992789,0.146320045721273,0.547313731496036,-2.61675385687717,0.0130957847580698,-2.37464711657628,2.36155133181821,0.562806445243308,-0.562806445243308,-0.400454328877655,0.400454328877655,1.65064851052069,0.850758371108524,-2.50140688162922,0.848831499045519,-0.84883149904552,0.430145009340428,-0.430145009340428,-0.391765621014107,0.391765621014107,1.80439966592648,-0.349537971335194,-1.45486169459129,-0.968410911294921,0.076670262908226,0.891740648386695,0.328213827308857,-0.328213827308857,0.35426774078852,-0.35426774078852,0.182629987414689,-0.182629987414689,0.581635816569391,0.106387067370508,-2.76475332859777,2.07673044465787,-0.0307308794284064,0.0307308794284062,"(1497, 8446]",2.75951747668627,0.614665648074952,-1.10553502795969
60105,3513.2,Trop/Subtrop Forests,1.51715947524335,0.0163661536682694,0.173790158840497,0.629334005200548,-2.33664979295267,-0.240515551693881,-1.92691450526411,2.16743005695799,0.627757000933629,-0.627757000933629,-0.246054249906526,0.246054249906527,1.9335003181528,1.19745417036508,-3.13095448851789,0.919850548535824,-0.919850548535824,0.446574222892598,-0.446574222892598,-0.527494597272551,0.527494597272551,1.66981908166732,-0.478811853068341,-1.19100722859898,-1.29271081648988,0.275719072216846,1.01699174427303,0.274414710824463,-0.274414710824463,0.39300497465902,-0.393004974659019,0.103197026758667,-0.103197026758667,0.513176721353752,0.283673408523565,-2.42576471785349,1.62891458797618,-0.200813165900499,0.200813165900499,"(1497, 8446]",4.18350869600278,0.117394617612545,-0.542730642942516
60106,357.733333333333,Trop/Subtrop Forests,2.93287381925513,2.23972663869519,2.04867140193248,2.67376511924741,-9.89503697913021,0.357161207093286,-2.63857106646071,2.28140985936742,0.742692631882061,-0.742692631882061,-0.0476550899021625,0.0476550899021625,4.7405074192003,3.95795365092477,-8.69846107012506,0.665150045882658,-0.665150045882658,0.373607200915111,-0.373607200915111,-0.880953253039187,0.880953253039187,1.76343793067227,-0.310670265032208,-1.45276766564006,-1.16822982875332,0.454453310430803,0.713776518322515,0.343515476771255,-0.343515476771255,0.444059927453729,-0.444059927453729,0.122885588418072,-0.122885588418072,0.623434956823568,0.48367301444841,-2.79974133155736,1.69263336028538,-0.127381353779911,0.127381353779911,"[54, 604]",5.23315142382109,4.21292636757111,2.99354141360361
60107,1922.6,Trop/Subtrop Forests,1.34872481474307,-0.149160611785283,0.103182094221189,1.73678607250247,-3.03953236968145,0.142001099994433,-3.38435942462173,3.2423583246273,1.03413412054086,-1.03413412054086,-0.483996053125523,0.483996053125523,1.76485357024943,1.0723331524803,-2.83718672272973,0.738096958713078,-0.738096958713078,0.790567068135624,-0.790567068135624,-0.712286721318017,0.712286721318017,1.60589609779978,-0.556307391842348,-1.04958870595743,-1.47301003444737,0.421529303845023,1.05148073060234,0.466443747138351,-0.466443747138351,0.490079393506379,-0.490079393506379,0.183785074460216,-0.183785074460216,0.611579812219703,0.589106956367645,-2.63546688961519,1.43478012102785,-0.246961263013762,0.246961263013762,"(1497, 8446]",6.21742249552747,-1.51354354076084,0.540913066248394
60109,2662.13333333333,Trop/Subtrop Forests,1.67689100591472,0.374117616844689,-0.22139109415134,0.494745604633304,-2.32436313324137,-0.0398578488100574,-2.29519005695356,2.33504790576361,0.64478236733067,-0.64478236733067,-0.184497714163387,0.184497714163387,1.89712233565951,1.15855971395566,-3.05568204961516,1.06289896568164,-1.06289896568164,0.47292476705785,-0.47292476705785,-0.451489693617958,0.451489693617958,1.63497765719517,-0.399364816497278,-1.2356128406979,-1.06185013955453,0.0920413448383548,0.969808794716174,0.151848972502149,-0.151848972502149,0.320309786044255,-0.320309786044255,0.112238887163673,-0.112238887163673,0.592538683736024,0.219508851381013,-2.26539779840699,1.45335026328995,-0.190950502297549,0.190950502297549,"(1497, 8446]",3.87868033763987,0.378667971955984,-1.91516353911414
60111,1914,Trop/Subtrop Forests,2.0483643251626,0.43273444248058,0.566265835105103,0.908158139195655,-3.95552274194394,0.374188509896867,-2.77854751246679,2.40435900256992,0.740010146272442,-0.740010146272442,-0.506499267972559,0.506499267972559,1.77589212384275,0.99482948884257,-2.77072161268532,0.894530206129445,-0.894530206129445,0.564527393787735,-0.564527393787735,-0.465264257268464,0.465264257268464,1.69397226217378,-0.250916957747424,-1.44305530442636,-1.16287920259041,0.192809709453406,0.970069493137,0.338508899315031,-0.338508899315031,0.34149167188497,-0.34149167188497,0.162544004094706,-0.162544004094706,0.599503563682708,0.49047331913592,-2.88173652565298,1.79175964283436,-0.148034184078867,0.148034184078867,"(1497, 8446]",4.04712906874028,0.24126745072284,-1.10804590159359
60112,1888.13333333333,Trop/Subtrop Forests,1.92944715711748,0.329681539325886,0.222536901874558,0.340319937530942,-2.82198553584886,0.0151224856306434,-2.15393121473888,2.13880872910824,0.445044179740066,-0.445044179740066,-0.303893665804394,0.303893665804394,1.82182831064651,1.05121363160864,-2.87304194225514,1.05577460294467,-1.05577460294467,0.383768999070264,-0.383768999070264,-0.418185851195064,0.418185851195064,1.71643812827735,-0.400073698201599,-1.31636443007575,-1.21495866501008,0.213660320514604,1.00129834449547,0.240623360409958,-0.240623360409958,0.331064018260041,-0.331064018260041,0.0938831081710931,-0.0938831081710933,0.369854428286892,0.131158463965198,-2.30182812864444,1.80081523639235,-0.133314331626974,0.133314331626974,"(1497, 8446]",3.27483127597935,0.53768008668101,-1.57863423295099
60113,1114.66666666667,Trop/Subtrop Forests,2.19436225329951,0.710865564223258,0.538494338282472,0.632904022753546,-4.07662617855879,-0.162165252388906,-1.82039332899244,1.98255858138135,0.480401231330926,-0.480401231330926,-0.140451192733201,0.140451192733201,1.82995010519895,1.08998855760529,-2.91993866280423,0.997369372969338,-0.997369372969338,0.294233006377167,-0.294233006377167,-0.409876402415754,0.409876402415754,1.66669372663152,-0.342932236809898,-1.32376148982162,-1.12147385228024,0.0927906380822444,1.02868321419799,0.212536789748271,-0.21253678974827,0.336374110823626,-0.336374110823626,0.117529826714644,-0.117529826714644,0.195998532005804,0.229255753762287,-2.19228128209312,1.76702699632503,-0.151175161775978,0.151175161775978,"(604, 1497]",2.54101645628172,0.520621456650153,-1.25204515723966
60114,511.866666666667,Trop/Subtrop Forests,2.03297307619329,0.624205859221345,0.28043432011852,0.445514070477969,-3.38312732601113,0.0534475500250597,-2.14377702731116,2.0903294772861,0.59885159565617,-0.59885159565617,-0.0588915178281917,0.0588915178281919,1.78693063448825,1.19115761795348,-2.97808825244174,0.894158562518541,-0.894158562518541,0.375152797199947,-0.375152797199947,-0.470402648818871,0.47040264881887,1.90386053229572,-0.338315432902761,-1.56554509939296,-1.2484842209137,0.200114023542343,1.04837019737136,0.0845717322066998,-0.0845717322066998,0.326963233703332,-0.326963233703332,0.00857163849321894,-0.00857163849321886,0.523270019626259,0.72394071508841,-3.7533960993898,2.50618536467513,-0.112233589122359,0.112233589122359,"[54, 604]",3.36097622123061,2.34675645707374,-1.55086027962721
60115,2500,Trop/Subtrop Forests,1.94645811797997,0.421280549163612,0.470551598170395,1.335549035657,-4.17383930097098,0.183806340243748,-3.11203052576058,2.92822418551683,0.98078608816515,-0.980786088165151,-0.578726394345522,0.578726394345522,1.83157411849183,1.19200215427219,-3.02357627276403,0.9530084704602,-0.9530084704602,0.774524239006353,-0.774524239006353,-0.605600253723695,0.605600253723695,1.50763648577514,0.00635071593645882,-1.5139872017116,-1.19955284122232,0.199373266803466,1.00017957441886,0.267484554531352,-0.267484554531352,0.43488992368341,-0.43488992368341,0.11096164745449,-0.11096164745449,0.859055562383966,0.541738841052506,-2.78423511937206,1.38344071593559,-0.277230082536307,0.277230082536307,"(1497, 8446]",5.81416691441026,-0.700677387002735,-1.04066764752458
60117,637.8,Trop/Subtrop Forests,1.45068829359564,0.176511230596459,-0.0241594648656916,0.464193303048241,-2.06723336237465,0.230392245524216,-2.33455711193732,2.10416486641311,0.780408612714013,-0.780408612714013,-0.601986402162968,0.601986402162968,1.88700394935483,1.32991532981015,-3.21691927916498,1.11615794857374,-1.11615794857374,0.481339967253024,-0.481339967253025,-0.531044178933619,0.531044178933619,1.6350384002673,-0.233022657418693,-1.4020157428486,-1.54541269902135,0.447017465668852,1.0983952333525,0.299969175620972,-0.299969175620973,0.5024080568475,-0.5024080568475,-0.0401217655250261,0.0401217655250262,0.752070942258859,0.579601681907916,-2.76443728591429,1.43276466174752,-0.420431604088212,0.420431604088212,"(604, 1497]",6.11556613972626,-1.06826713721963,-0.877579307199561
60118,2282.2,Trop/Subtrop Forests,1.57777273054807,0.316977590355438,-0.611483677138972,0.822142058686691,-2.10540870245123,-0.109535367527517,-2.74859269714278,2.85812806467029,0.781709512173326,-0.781709512173327,-0.482149975530258,0.482149975530258,1.8165723376678,1.24322635692048,-3.05979869458828,0.950408423383604,-0.950408423383604,0.513334055773289,-0.513334055773289,-0.49339209170607,0.49339209170607,1.67222816389911,-0.397026532473733,-1.27520163142538,-1.29847218656651,0.256061015492824,1.04241117107369,0.20881782186421,-0.20881782186421,0.424019273148093,-0.424019273148093,0.0843816460036282,-0.0843816460036283,0.623069339907784,0.441380494302289,-2.64776622389113,1.58331638968105,-0.225073039763732,0.225073039763732,"(1497, 8446]",4.9836072760439,-0.485775143076649,-1.283359790009
60119,2985.53333333333,Trop/Subtrop Forests,1.73398455849474,0.290400764864554,0.28092202091001,0.52728594403106,-2.83259328830036,0.227749413416405,-2.3823203793256,2.1545709659092,0.56579115395284,-0.56579115395284,-0.277556651983554,0.277556651983554,1.84798194738222,0.926145345280581,-2.7741272926628,0.89558725142347,-0.89558725142347,0.437900785719591,-0.437900785719591,-0.448904733314253,0.448904733314253,1.71985335546988,-0.346394109046911,-1.37345924642297,-1.03741266650926,0.147274230930095,0.890138435579164,0.356104807686147,-0.356104807686147,0.330594268939925,-0.330594268939925,0.124169922616548,-0.124169922616549,0.508189366885396,0.295470332907071,-2.62880297666478,1.82514327687231,-0.0910164990712034,0.0910164990712034,"(1497, 8446]",3.20258362665554,0.830887882326612,-0.779506387650273
60120,1130.93333333333,Trop/Subtrop Forests,1.5295454835292,0.854680347806705,0.358243461492814,1.33010404452178,-4.0725733373505,0.114221402289711,-2.77615035560645,2.66192895331674,0.684006158141221,-0.684006158141221,-0.538436151015852,0.538436151015852,1.46571592050848,1.15130717508484,-2.61702309559332,0.998679355445678,-0.998679355445678,0.645730129224526,-0.645730129224526,-0.776197987023541,0.776197987023541,1.68499895848908,-0.484689461038537,-1.20030949745054,-1.11751423610448,0.34342366801118,0.774090568093295,0.246095772110549,-0.246095772110549,0.533998826424251,-0.533998826424252,0.10678705014903,-0.10678705014903,0.834105751262117,0.440616834200668,-3.02511906859906,1.75039648313627,-0.125837849980568,0.125837849980568,"(604, 1497]",5.53653548254745,-0.238670579863818,-0.720765502074374
60121,6881.66666666667,Trop/Subtrop Forests,2.04103243845643,0.195205747958099,-0.154890224882591,0.492740116852892,-2.57408807838483,-0.419404641172857,-2.02884255360696,2.44824719477981,0.681496167958523,-0.681496167958523,-0.337596688471675,0.337596688471675,1.92528380074433,1.28042628384286,-3.20571008458719,1.1857889822405,-1.1857889822405,0.636468355437471,-0.636468355437471,-0.151445584017179,0.151445584017179,1.8375353431924,-0.493296415922951,-1.34423892726945,-1.08717007437964,0.117775019765238,0.969395054614399,0.0510119440003038,-0.0510119440003039,0.186130101209504,-0.186130101209504,0.189512644152593,-0.189512644152593,0.584917704800461,0.274921142163276,-2.63221747558996,1.77237862862622,-0.0572501757496172,0.0572501757496174,"(1497, 8446]",3.35739262444804,1.4764486704635,-4.39842326263453
60124,2004.06666666667,Trop/Subtrop Forests,1.57498838589916,0.290743279133436,-0.176279721974162,1.02052459287316,-2.70997653593159,0.355220615186144,-3.49492698652392,3.13970637133777,1.02413959084963,-1.02413959084963,-0.67879212761873,0.67879212761873,1.68478264159363,1.17638554314086,-2.86116818473449,1.00972377197979,-1.00972377197979,0.78776818037921,-0.78776818037921,-0.493429711019159,0.493429711019159,1.73445047078747,-0.540609948816484,-1.19384052197099,-1.44815951308465,0.401522603876113,1.04663690920853,0.315211961043295,-0.315211961043295,0.483394419194372,-0.483394419194372,0.195942924990892,-0.195942924990892,0.820282816201892,0.776239000440453,-3.30505784638917,1.70853602974683,-0.234871453521882,0.234871453521882,"(1497, 8446]",6.20763514332423,-1.30345660253533,-1.94006649830944
60125,3722.2,Trop/Subtrop Forests,1.65902164530317,0.0250862612686787,0.433214486796327,1.43314211417008,-3.55046450753825,0.663728831308317,-3.65375928222799,2.99003045091968,0.919010593522064,-0.919010593522064,-0.610786999901472,0.610786999901472,1.74008793379082,1.00746860258165,-2.74755653637247,0.797651700749598,-0.797651700749598,0.686154059572575,-0.686154059572575,-0.570841417774873,0.570841417774873,1.70758211556093,-0.500288950169778,-1.20729316539115,-1.17106243572255,0.285712807231538,0.88534962849101,0.418419200537497,-0.418419200537497,0.362577284030456,-0.362577284030456,0.226929399579657,-0.226929399579657,0.676740922856129,0.472317877775427,-2.84249488968791,1.69343608905635,-0.162119834092789,0.162119834092789,"(1497, 8446]",5.19438372511772,-0.435101310288511,-0.491690069171544
60127,1354.06666666667,Trop/Subtrop Forests,1.79478304017253,0.864684335332043,0.568049651608148,1.13890725440982,-4.36642428152254,0.409628669285272,-2.59605393512189,2.18642526583661,0.634914114524778,-0.634914114524777,-0.402812581993318,0.402812581993318,1.66928901915839,1.0405598124512,-2.7098488316096,0.851546916071199,-0.851546916071199,0.435249450534279,-0.435249450534279,-0.649167782887111,0.649167782887111,1.75259756046012,-0.344235723931588,-1.40836183652853,-1.143063253638,0.285133599135902,0.857929654502096,0.388494023990635,-0.388494023990635,0.426524003457799,-0.426524003457799,0.107193347784388,-0.107193347784388,0.496013768932298,0.300705016611532,-2.53250832744468,1.73578954190085,-0.15335195761268,0.15335195761268,"(604, 1497]",4.03818917155055,0.237611443278761,0.299686182221084
60128,1981.26666666667,Trop/Subtrop Forests,1.08269913412156,-0.221485820608908,0.532815783104368,1.59107677624891,-2.98510587286593,2.80596681003965,-8.27710209369825,5.4711352836586,0.894978021114452,-0.894978021114452,-0.270403227988963,0.270403227988963,1.8818124513662,1.09916458033895,-2.98097703170515,0.710821731360152,-0.710821731360153,0.605938991916525,-0.605938991916525,-0.957306571166699,0.957306571166699,1.44798110416958,-0.361441161901515,-1.08653994226806,-1.29269448516679,0.405142729531785,0.887551755635008,0.478746286416245,-0.478746286416245,0.508098198424509,-0.508098198424509,0.110467616209491,-0.110467616209491,0.681313272184655,0.5165580391086,-2.50947958394072,1.31160827264747,-0.285938980792762,0.285938980792762,"(1497, 8446]",7.66612240316771,-1.60553136450789,2.22752663850506
60129,4372.66666666667,Trop/Subtrop Forests,1.6841709733671,0.289971432740095,0.23401277909205,0.818329535267726,-3.02648472046697,0.33501064565533,-3.20884303640835,2.87383239075302,0.840172118775835,-0.840172118775834,-0.654453848752235,0.654453848752235,1.76899984112026,1.01821365902103,-2.7872135001413,0.941268564607589,-0.941268564607589,0.659828601662699,-0.659828601662699,-0.458302573924539,0.458302573924538,1.64230813621224,-0.219639586695505,-1.42266854951673,-1.07159815380157,0.140986113859288,0.930612039942279,0.276902365302559,-0.276902365302558,0.318600298859629,-0.318600298859628,0.147568306281653,-0.147568306281653,0.696427146500465,0.485532217262454,-2.71895487015365,1.53699550639073,-0.214799735135504,0.214799735135504,"(1497, 8446]",4.94233583037493,-0.201372206534542,-1.6138626278739
60130,3777.4,Trop/Subtrop Forests,1.71155563217906,0.419676863059683,0.267909974587701,0.821156314237644,-3.22029878406408,0.247068387306191,-2.90688789146269,2.6598195041565,0.80471895621705,-0.80471895621705,-0.483886343854649,0.483886343854649,1.87608324585847,1.11703880290346,-2.99312204876193,0.955813066137455,-0.955813066137455,0.577885351254029,-0.577885351254029,-0.487152563467392,0.487152563467392,1.64927992537767,-0.182721660128821,-1.46655826524885,-1.09237010490649,0.159939245980742,0.932430858925743,0.290589355671043,-0.290589355671044,0.352501084884546,-0.352501084884546,0.125191294738197,-0.125191294738197,0.714781804726652,0.427099732274871,-2.71920539975849,1.57732386275697,-0.212042501577647,0.212042501577647,"(1497, 8446]",4.61166422017251,0.0545814123131843,-1.24841767129959
60131,606.4,Trop/Subtrop Forests,1.61757474757905,0.651134232019426,0.16383910566363,1.16481292476782,-3.59736101002993,-0.00644765428104367,-2.77903637652083,2.78548403080187,0.74763338354706,-0.74763338354706,-0.394228680182135,0.394228680182135,1.52015881955409,1.3034877827455,-2.82364660229959,1.18268074956911,-1.18268074956911,0.558200915115804,-0.558200915115804,-0.718328735476891,0.718328735476891,1.56952714487925,-0.376383004176064,-1.19314414070319,-1.40257834501396,0.526382245727584,0.876196099286371,0.199151976092668,-0.199151976092668,0.521129676058489,-0.521129676058489,0.0791120026074472,-0.0791120026074471,0.769241364944994,0.513307990807793,-2.84706739633411,1.56451804058132,-0.190840101542361,0.190840101542361,"(604, 1497]",5.90101998408321,-0.588320151934539,-1.41053797024605
60132,1539.46666666667,Trop/Subtrop Forests,1.22388305034765,0.172436230121968,0.147743617531596,1.70939086612935,-3.25345376413056,0.209995673130832,-3.28651188833565,3.07651621520482,1.03911360622372,-1.03911360622372,-0.46036266447101,0.46036266447101,1.86740499119008,1.12500242198151,-2.99240741317159,0.661923164510982,-0.661923164510982,0.767009141804128,-0.767009141804128,-0.769436974357554,0.769436974357554,1.70335639702815,-0.516341036160131,-1.18701536086802,-1.34855551448599,0.349326439939234,0.999229074546758,0.502672873625055,-0.502672873625055,0.423429101656317,-0.423429101656317,0.294133774869735,-0.294133774869735,0.674346771976126,0.530558879184414,-2.72239625933665,1.51749060817611,-0.223226303086666,0.223226303086666,"(1497, 8446]",5.65284192711546,-1.07618047285746,0.838427854811601
60134,510.933333333333,Trop/Subtrop Forests,1.82977981805064,0.625807013724702,0.261163900136793,0.934108373379219,-3.65085910529135,3.27539911582447,-8.47747701877636,5.20207790295189,0.704554519443031,-0.704554519443031,-0.555928757709065,0.555928757709065,1.63877705189386,0.745243307142325,-2.38402035903619,0.907774165596035,-0.907774165596035,0.503402369707494,-0.503402369707494,-0.352387609277532,0.352387609277532,1.77193163377152,-0.150539942311781,-1.62139169145973,-0.8083603150229,0.000746746631913897,0.807613568390986,0.220485898282537,-0.220485898282537,0.266538116350405,-0.266538116350405,0.243773969448323,-0.243773969448322,0.447363725580968,0.0718794496847395,-2.21812686110245,1.69888368583674,0.0210728107253817,-0.0210728107253817,"[54, 604]",4.35487667274965,0.166412543143451,-1.93253038547897
60135,2552.93333333333,Trop/Subtrop Forests,1.23686080784054,0.0280609627662877,0.458306099872939,1.52854769141183,-3.2517755618916,0.375396352146115,-3.24894458083025,2.87354822868414,0.848007206134835,-0.848007206134835,-0.415338489575582,0.415338489575582,1.76657634176349,0.942819563989427,-2.70939590575292,0.60247937730766,-0.60247937730766,0.600084053641136,-0.600084053641136,-0.759254183762556,0.759254183762556,1.65977122900988,-0.468911028773116,-1.19086020023677,-1.30521655837326,0.341329142375919,0.963887415997338,0.549879210299366,-0.549879210299366,0.384972882677929,-0.384972882677929,0.236291881826584,-0.236291881826584,0.573072955547847,0.458568927555046,-2.68039751408485,1.64875563098196,-0.140847015303579,0.140847015303579,"(1497, 8446]",4.81605855629158,-0.423802199879747,1.42786481893315
60136,4998.06666666667,Trop/Subtrop Forests,1.75428015643108,0.295576712492724,-0.152613340281782,0.606745068803238,-2.50398859744526,-0.17384855860597,-2.11049938224849,2.28434794085446,0.675361447667512,-0.675361447667512,-0.21372200741347,0.21372200741347,1.81189970612772,1.18388929070116,-2.99578899682889,1.04843997234074,-1.04843997234074,0.513504999037543,-0.513504999037543,-0.394380678967315,0.394380678967315,1.72126898848012,-0.367142934947007,-1.35412605353311,-1.07329802897939,0.106301522074969,0.966996506904421,0.141634100278874,-0.141634100278874,0.313188765062162,-0.313188765062162,0.149773386550656,-0.149773386550656,0.502599014412892,0.28605358523136,-2.3924565927957,1.60380399315145,-0.130468356238153,0.130468356238153,"(1497, 8446]",3.60235825735555,0.660440456668831,-2.26113113501658
60137,1409.26666666667,Trop/Subtrop Forests,1.30612033872025,0.0474226347050715,0.558248258471062,1.50652203619827,-3.41831326809466,0.565784781071162,-3.08487346022258,2.51908867915141,0.678780170902044,-0.678780170902043,-0.444928737403,0.444928737403,1.75435609224809,0.799319593798094,-2.55367568604618,0.61539934558865,-0.61539934558865,0.53082829107284,-0.53082829107284,-0.878319043217418,0.878319043217418,1.6215784335941,-0.351379627683291,-1.2701988059108,-1.03255808475374,0.201897736297274,0.830660348456462,0.630625271394331,-0.630625271394331,0.430560644472879,-0.430560644472879,0.144330992169065,-0.144330992169065,0.434847795875635,0.386205988653289,-2.38950286092274,1.56844907639381,-0.182125900364144,0.182125900364144,"(604, 1497]",4.5859920114511,-0.504636730862781,2.40381636213816
60138,653.2,Trop/Subtrop Forests,0.979996033553802,-0.160463365049808,0.0879979942486916,1.81788205975866,-2.72541272251135,2.60950782512604,-8.18745578151807,5.57794795639203,0.988713954687859,-0.988713954687859,-0.559615787935423,0.559615787935423,1.87566738597639,1.00397807246503,-2.87964545844142,0.480585029025794,-0.480585029025794,0.689493083906583,-0.689493083906583,-0.935901088450796,0.935901088450796,1.9517708868314,-0.740883628792834,-1.21088725803857,-1.47890947339689,0.388073417068752,1.09083605632814,0.65803296210232,-0.65803296210232,0.33428795991472,-0.33428795991472,0.355648249532811,-0.355648249532811,0.765244809372575,0.598748293723018,-3.22989310276608,1.86589999967049,-0.16388826482683,0.16388826482683,"(604, 1497]",6.7050524888201,-1.01409366798081,1.91045303276867
60139,914.4,Trop/Subtrop Forests,1.57030597829159,0.661057529042846,0.446647657697391,1.39712975431983,-4.07514091935165,0.938372192674732,-3.36569290052944,2.42732070785471,0.578120700752373,-0.578120700752373,-0.468046679585168,0.468046679585167,1.86453113596805,0.894684299624931,-2.75921543559298,0.495673878601473,-0.495673878601473,0.377899072760806,-0.377899072760806,-0.727542595997996,0.727542595997996,1.96681809203264,-0.434102901682266,-1.53271519035038,-1.1653050902133,0.276833007122679,0.888472083090625,0.710478171410405,-0.710478171410404,0.323424055286661,-0.323424055286661,0.249652889966565,-0.249652889966565,0.382699050611994,0.26572737402649,-2.70834340274632,2.05991697810784,-0.0699233458644979,0.0699233458644977,"(604, 1497]",3.09400539497424,0.620835849580211,2.33026622776228
60140,2358.86666666667,Trop/Subtrop Forests,1.5376187818376,0.444485958934113,0.58210733681016,1.10217582765733,-3.6663879052392,0.60700614392209,-3.32481948880224,2.71781334488015,0.667906789736276,-0.667906789736276,-0.321163966081866,0.321163966081866,1.72339971364599,0.897505370352356,-2.62090508399835,0.68928615751299,-0.68928615751299,0.529094333258732,-0.529094333258732,-0.640197162810812,0.640197162810812,1.58272384908666,-0.483688192302837,-1.09903565678383,-1.3003795994982,0.360857808296042,0.939521791202159,0.514389363883183,-0.514389363883183,0.363043514818906,-0.363043514818906,0.195877497405571,-0.195877497405571,0.425975949408125,0.417280242440571,-2.71385666811962,1.87060047627093,-0.0715752043536124,0.0715752043536122,"(1497, 8446]",4.07217891671991,0.0913914930990843,0.812765976492986
60142,3433,Trop/Subtrop Forests,1.47499028564371,-0.0380842610014061,0.454392224096388,1.54321011517221,-3.4345083639109,0.566182765030077,-3.94467674148677,3.3784939764567,0.882803378208798,-0.882803378208798,-0.364980576841331,0.364980576841331,1.85563079797839,1.20176086927248,-3.05739166725087,0.796947428491772,-0.796947428491772,0.662378171158398,-0.662378171158398,-0.725404675177042,0.725404675177041,1.51967514942537,-0.355314973952407,-1.16436017547296,-1.2938264748193,0.378212241883094,0.915614232936205,0.336902108858407,-0.336902108858407,0.43692013097229,-0.43692013097229,0.113046392272613,-0.113046392272614,0.659404430063695,0.561257368924171,-2.54447579984415,1.32381400085628,-0.296927232539519,0.296927232539519,"(1497, 8446]",6.24290830182282,-0.817364381119621,0.569681219616582
60143,1652.93333333333,Trop/Subtrop Forests,1.27792071243046,0.00760316792345215,-0.0006956348912429,1.55744898315531,-2.84227722861798,2.66023327363389,-8.21083830516395,5.55060503153005,1.01640513019905,-1.01640513019905,-0.601986402162968,0.601986402162968,1.80388275323635,1.11222035394398,-2.91610310718033,0.774655959699438,-0.774655959699438,0.838345069721634,-0.838345069721634,-0.682092935182844,0.682092935182844,1.6988543321234,-0.57309875725614,-1.12575557486726,-1.45998506497043,0.459301215372714,1.00068384959771,0.448200973510183,-0.448200973510183,0.468577935169059,-0.468577935169058,0.252503988704854,-0.252503988704854,0.663206326926901,0.54163643253902,-2.76647052605712,1.5616277665912,-0.207507346412256,0.207507346412256,"(1497, 8446]",7.54117665442688,-1.8762582596312,0.0858789581292586
60145,5584.93333333333,Trop/Subtrop Forests,2.11713983323721,0.359281915684838,-0.170062755848391,0.457091055556801,-2.76345004863046,-0.242150944984479,-2.14342894001902,2.3855798850035,0.704739444206565,-0.704739444206564,-0.301533373726449,0.301533373726449,1.85033144537295,1.14693046128836,-2.99726190666131,1.2270215375662,-1.2270215375662,0.598988534509801,-0.598988534509801,-0.227670134322599,0.227670134322599,1.68537567573459,-0.219446529513385,-1.4659291462212,-1.10756439709352,0.0847933007455656,1.02277109634795,0.0634946148447853,-0.0634946148447853,0.219807911262523,-0.219807911262523,0.160189090768548,-0.160189090768548,0.689945839429452,0.274670720092049,-2.60102187514107,1.63640531561957,-0.153585119415716,0.153585119415716,"(1497, 8446]",3.54631543411221,0.805535964160611,-4.06110624340866
60146,1949.2,Trop/Subtrop Forests,1.9590151190044,0.485532842806328,0.0389808745956418,0.0968748530145444,-2.58040368942091,0.0668589578765805,-1.97230868466532,1.90544972678873,0.381818529157245,-0.381818529157245,-0.197183107520058,0.197183107520058,1.85723400174076,0.968324380691581,-2.82555838243234,1.10250335888914,-1.10250335888914,0.225701101647595,-0.225701101647595,-0.395106643533268,0.395106643533268,1.66129590887762,-0.31546636037181,-1.34582954850581,-1.13343139574245,0.0976223671861589,1.03580902855629,0.224587943267155,-0.224587943267155,0.350821704194516,-0.350821704194515,0.055590553278141,-0.0555905532781408,0.355324818760655,0.165098082459587,-2.4094207260181,1.88899782479786,-0.188032739085488,0.188032739085488,"(1497, 8446]",2.71620735529521,0.351007598534092,-1.5809840030143
60148,892.133333333333,Trop/Subtrop Forests,2.07555623768709,0.587156653630046,0.654815302103861,0.700485338937049,-4.01801353235805,0.783270063051613,-2.84550546699262,2.06223540394101,0.532911232922559,-0.53291123292256,-0.511552368079982,0.511552368079982,1.89274221333753,0.705645709935491,-2.59838792327302,0.692605761990529,-0.692605761990529,0.361127632359008,-0.361127632359008,-0.407391892766159,0.407391892766159,1.8063974637564,-0.247726269939147,-1.55867119381725,-0.894219211715606,0.0967624127601388,0.797456798955467,0.66087791999116,-0.66087791999116,0.301430166943922,-0.301430166943922,0.180177898427519,-0.180177898427519,0.30479628260957,0.281265785199375,-2.76325665252405,2.1771945847151,-0.0568691627560448,0.0568691627560449,"(604, 1497]",2.18270190847962,0.755293895102606,0.613582529911381
60150,4385.8,Trop/Subtrop Forests,1.53051418520126,0.428546188686177,0.220001436793119,0.562077581310699,-2.74113939199125,0.106388070240711,-2.1373565227304,2.03096845248969,0.482827227496245,-0.482827227496246,-0.108861741922435,0.108861741922435,1.64548877338511,0.829057560978438,-2.47454633436355,0.805129044408995,-0.805129044408995,0.313121627457677,-0.313121627457677,-0.540934443470182,0.540934443470182,1.76232924046964,-0.440633600239616,-1.32169564023003,-1.02839130663205,0.159086757357401,0.869304549274645,0.38034869019574,-0.38034869019574,0.351098508039932,-0.351098508039932,0.115571638578541,-0.115571638578541,0.477722457966839,0.00301293768369066,-2.50866395316891,2.02792855751839,-0.0713552236917594,0.0713552236917595,"(1497, 8446]",2.59999800904752,0.941768837910705,0.120274478209408
60151,959.533333333333,Trop/Subtrop Forests,3.32743731541334,1.90784922619399,2.04398140051857,2.53088684056691,-9.81015478269281,0.533110963525302,-2.75030338248047,2.21719241895517,0.749563445808209,-0.749563445808209,-0.499264415055564,0.499264415055564,1.96829624727103,0.993073737020536,-2.96136998429156,0.792591496030473,-0.792591496030474,0.470439329913451,-0.470439329913451,-0.510825623765991,0.510825623765991,1.76781220506896,-0.359605168487754,-1.4082070365812,-1.09603382449775,0.284290369635635,0.811743454862117,0.420648170999253,-0.420648170999253,0.469491071538113,-0.469491071538113,0.177227369585823,-0.177227369585823,0.533851315986394,0.29146551844979,-2.57073536247968,1.7454185280435,-0.115061514522868,0.115061514522868,"(604, 1497]",3.22440803363983,0.1804113112887,0.179553518926765
60152,1436.73333333333,Trop/Subtrop Forests,1.81344057977465,0.501499198772463,0.514157595644386,1.0325020518244,-3.8615994260159,0.342768894162766,-2.48059215345044,2.13782325928767,0.680757166060702,-0.680757166060702,-0.440179361324046,0.440179361324046,1.86498924137676,0.894994330530747,-2.75998357190751,0.739645308896909,-0.739645308896909,0.456466573089655,-0.456466573089655,-0.528390547411491,0.528390547411491,1.78083871515586,-0.402989814565318,-1.37784890059054,-1.14233349617885,0.268653477531411,0.87368001864744,0.460900193842562,-0.460900193842562,0.397678521376679,-0.39767852137668,0.198894196978708,-0.198894196978708,0.527536566540207,0.172195845614611,-2.5358543554876,1.83612194333278,-0.0956367112743855,0.0956367112743854,"(604, 1497]",3.45260331967803,0.17624594281787,0.338713125698612
60153,4445.13333333333,Trop/Subtrop Forests,1.79127019160888,0.340031547528042,-0.0117081612239592,0.497885935292785,-2.61747951320575,-0.584820215852387,-1.53450922812839,2.11932944398078,0.583396900542091,-0.583396900542091,0.0370539860768609,-0.037053986076861,1.91677708965825,1.33945188515436,-3.25622897481261,1.07934260408012,-1.07934260408012,0.436569545785545,-0.436569545785546,-0.441631997178134,0.441631997178134,1.77871410832512,-0.513113743989432,-1.26560036433569,-1.10129330932134,0.173119786440284,0.928173522881058,0.144794325361181,-0.144794325361181,0.339935275606464,-0.339935275606464,0.0545873305598917,-0.0545873305598915,0.69081339283467,0.231149821248548,-2.67176915269971,1.74980593861649,-0.136497747171115,0.136497747171115,"(1497, 8446]",3.45926765869222,1.45973054735054,-1.92773579487417
60154,4076.4,Trop/Subtrop Forests,1.88622705838563,0.349528743440087,0.484041329929103,0.678870156075451,-3.39866728783027,0.201709602914944,-2.39118568493715,2.18947608202221,0.586048797897743,-0.586048797897744,-0.499909784619187,0.499909784619187,1.82674683142852,0.941932231656379,-2.7686790630849,0.858104458069698,-0.858104458069698,0.521564654997705,-0.521564654997705,-0.423708799678197,0.423708799678197,1.66506431629516,-0.329360980935074,-1.33570333536009,-1.0645294329486,0.17031774690515,0.894211686043452,0.375561353784637,-0.375561353784637,0.328148709072528,-0.328148709072528,0.158230518500912,-0.158230518500912,0.443253447370857,0.282962310495946,-2.60601959311116,1.87980383524436,-0.0869502271987732,0.0869502271987732,"(1497, 8446]",3.42174184979053,0.465730132060976,-0.826665479144375
60155,1310,Trop/Subtrop Forests,1.52777709133661,0.373284344274047,0.231508881874442,0.707290488400066,-2.83986080588517,0.310151015228886,-2.28011615021694,1.96996513498805,0.635231272797385,-0.635231272797384,-0.407624938680423,0.407624938680423,1.76862163569879,0.926747301127732,-2.69536893682652,0.912343568763243,-0.912343568763243,0.39680885546179,-0.39680885546179,-0.526921938572613,0.526921938572613,1.72860110760497,-0.356194175351965,-1.37240693225301,-1.1150276986447,0.199977578727892,0.915050119916804,0.414621886697007,-0.414621886697007,0.414183168649094,-0.414183168649094,0.132514282222477,-0.132514282222477,0.409516279347122,0.280549946641353,-2.39562504593041,1.70555881994193,-0.162916919208079,0.162916919208079,"(604, 1497]",3.65585047275019,-0.165807839361293,-0.228221337454334
60156,1567.86666666667,Trop/Subtrop Forests,0.950908853852407,-0.166052573483899,0.0877279472922002,1.84736786709814,-2.71995209475885,2.21458956510223,-8.00119424417908,5.78660467907685,1.08570501541113,-1.08570501541113,-0.285893161777839,0.285893161777839,1.64053391192857,0.906311604332148,-2.54684551626072,0.648574255800814,-0.648574255800814,0.782094927344534,-0.782094927344534,-0.915920224261795,0.915920224261795,1.51884675512974,-0.508795291189952,-1.01005146393979,-1.6065802236651,0.560339004175786,1.04624121948932,0.451166189811724,-0.451166189811724,0.494727653865747,-0.494727653865747,0.222039972117972,-0.222039972117972,0.636865410111815,0.591496805081964,-2.4786680632548,1.25030584806102,-0.322140045177429,0.322140045177429,"(1497, 8446]",8.01272242525616,-2.52117404439611,1.68787869948978
60157,626.533333333333,Trop/Subtrop Forests,1.02545284565438,-0.294396416057361,0.0214565333611161,1.71093715346875,-2.46345011642688,2.68280357389452,-8.22119278959978,5.53838921570527,1.02834227727861,-1.02834227727861,-0.244774112659353,0.244774112659353,1.87249205939749,0.98240369991736,-2.85489575931485,0.60698644383026,-0.60698644383026,0.706134923761576,-0.706134923761576,-0.760054902153661,0.760054902153661,1.70224395929687,-0.603461261033421,-1.09878269826345,-1.76702119740535,0.489519957087285,1.27750124031807,0.504592239383426,-0.504592239383426,0.367195069546997,-0.367195069546997,0.353234012267803,-0.353234012267803,0.68328033549375,0.713494114090246,-3.02417550419312,1.62740105460913,-0.258163850459987,0.258163850459987,"(604, 1497]",6.88415604313728,-1.83605881979875,0.980469092074111
60158,572.4,Trop/Subtrop Forests,1.40756574804957,0.276163636558473,-0.30365485869447,1.56263766239615,-2.94271218830973,2.34524883041035,-8.06352416551616,5.71827533510581,1.16228199985641,-1.16228199985641,-0.610607305380221,0.610607305380221,1.77054607017457,1.20383998801412,-2.97438605818868,0.743269888055473,-0.743269888055473,1.03479462261841,-1.03479462261841,-0.633528389876257,0.633528389876256,1.81794880211514,-0.579946470683232,-1.23800233143191,-1.94750872848131,0.657647049458263,1.28986167902305,0.508415980548016,-0.508415980548016,0.4616115843249,-0.4616115843249,0.334072939177264,-0.334072939177264,0.725996307773415,0.554931905504094,-2.95661353332693,1.67568532004942,-0.144670911935073,0.144670911935073,"[54, 604]",7.65000395479295,-1.93695138390839,-0.426719565570952
60160,5377.93333333333,Trop/Subtrop Forests,1.51223569341178,0.0911552162064748,0.0139109491249568,0.658076742644632,-2.27537860138784,-0.163660678543643,-2.07420368376166,2.23786436230531,0.720030906605094,-0.720030906605094,-0.347379392227144,0.347379392227143,1.66452499555726,0.842689545858671,-2.50721454141593,0.952440995110685,-0.952440995110685,0.436038428679667,-0.436038428679666,-0.401017039953679,0.401017039953679,1.68139971372306,-0.446471176679394,-1.23492853704366,-1.08150265241856,0.129452090774499,0.952050561644057,0.206347730153367,-0.206347730153367,0.341826392596822,-0.341826392596822,0.210752466894601,-0.2107524668946,0.66519648824159,0.103555103443793,-2.59806420732813,1.82931261564274,-0.132747078738209,0.132747078738209,"(1497, 8446]",3.42439641879827,-0.106868630848216,-1.82357700798556
60161,1529.13333333333,Trop/Subtrop Forests,2.00361274191219,0.6173183807923,0.839118748560042,0.926578053888628,-4.38662792515316,0.447676712629985,-2.7910017395344,2.34332502690441,0.693869202346062,-0.693869202346062,-0.343040006668426,0.343040006668427,2.00416335821124,1.06450059793022,-3.06866395614146,0.809723413655711,-0.809723413655711,0.49022633804572,-0.490226338045721,-0.525819327712538,0.525819327712538,1.63513460634062,-0.330978250032209,-1.30415635630841,-1.10889410875143,0.22861008819903,0.8802840205524,0.382121551121838,-0.382121551121838,0.370267901402044,-0.370267901402044,0.1206223148954,-0.1206223148954,0.537703366420778,0.421818224672474,-2.86045911154622,1.90093752045297,-0.159615215093353,0.159615215093354,"(1497, 8446]",3.94417368667577,0.564949058477242,-0.0496966003705487
60162,1630.73333333333,Trop/Subtrop Forests,1.74607685145877,0.25303404940621,0.422933086201607,0.215293721423363,-2.63733770848995,0.253083888490342,-2.50148632824676,2.24840243975642,0.55553952871662,-0.55553952871662,-0.308093069711908,0.308093069711908,1.7402125666385,0.980544703736995,-2.7207572703755,0.976395151606564,-0.976395151606564,0.381657052800594,-0.381657052800594,-0.497893868471031,0.497893868471031,1.61415512589453,-0.344603165638631,-1.2695519602559,-1.11436392460448,0.16870439338622,0.945659531218257,0.249093424079193,-0.249093424079193,0.31652162824512,-0.31652162824512,0.0731831046897533,-0.0731831046897533,0.574245565103134,0.381282630938916,-2.91118155058677,1.95565335454472,-0.090988394323558,0.090988394323558,"(1497, 8446]",3.61574775227507,1.00755473132131,-1.29582464816339
60163,1515.13333333333,Trop/Subtrop Forests,1.05569609959164,-0.309245137057682,0.198759610366667,1.83495497197032,-2.78016554487094,2.12356861925476,-7.95745197334352,5.83388335408876,0.985177905400684,-0.985177905400683,-0.295682243125002,0.295682243125001,1.76752894091626,0.996004332001842,-2.76353327291811,0.689060759682008,-0.689060759682008,0.762016005652909,-0.762016005652909,-0.950422191988432,0.950422191988432,1.40130974209876,-0.395200329887893,-1.00610941221087,-1.45400574272929,0.486532862524116,0.96747288020517,0.481227722304796,-0.481227722304796,0.56318307572514,-0.56318307572514,0.115731329864087,-0.115731329864087,0.680065240575129,0.636981654438818,-2.4860123987261,1.16896550371215,-0.368325070916729,0.368325070916729,"(1497, 8446]",8.28428931929885,-2.6485281689775,2.17313708240242
60164,1089.33333333333,Trop/Subtrop Forests,2.14262955753691,0.700122051576464,0.480374089263392,0.967184836825509,-4.29031053520227,0.200083929282995,-1.79711951415987,1.59703558487687,0.427207664078034,-0.427207664078034,-0.315313411789306,0.315313411789306,1.62403139161355,0.551910718392419,-2.17594211000597,0.760292287539205,-0.760292287539205,0.269735610921478,-0.269735610921478,-0.427104368963525,0.427104368963525,1.59004338956555,-0.211646647865109,-1.37839674170044,-0.925614625423013,-0.0127194825499959,0.938334107973008,0.599622331564995,-0.599622331564995,0.41771931762253,-0.41771931762253,0.132283757576104,-0.132283757576104,0.309066444736892,0.284065142531474,-2.69908834881566,2.10595676154729,-0.138156672422511,0.138156672422511,"(604, 1497]",1.68858680463686,-0.394812604772051,0.666351041177217
60165,1206.66666666667,Trop/Subtrop Forests,1.93538501748242,0.613193542555286,0.552568920738851,0.217484609392486,-3.31863209016904,0.0105780318014064,-1.76012802822882,1.74954999642741,0.175328435806585,-0.175328435806585,0.0625815714770028,-0.0625815714770031,2.19372445381121,1.17611318625845,-3.36983764006967,0.883257354965374,-0.883257354965374,0.101398725418149,-0.101398725418149,-0.462949795490396,0.462949795490396,1.74823940728256,-0.54317238511336,-1.2050670221692,-0.783470107600211,0.0322793950520669,0.751190712548144,0.361432855808898,-0.361432855808897,0.420681562433694,-0.420681562433695,-0.0518342889930176,0.0518342889930174,0.753561213479077,-0.0714113598602907,-2.98013225642465,2.29798240280587,-0.0872335893394052,0.0872335893394052,"(604, 1497]",1.95853378774366,2.00026682410619,0.361529290220533
60166,4111.2,Trop/Subtrop Forests,1.2471870129511,0.0581641133198285,0.50780043974113,1.3803499683593,-3.19350153437136,0.136346932419205,-2.88407795372516,2.74773102130595,0.803174155812103,-0.803174155812103,-0.287958544673368,0.287958544673368,1.78431352327124,1.01779709662455,-2.80211061989579,0.703475143541388,-0.703475143541387,0.573507615574145,-0.573507615574145,-0.807083725626555,0.807083725626554,1.49597147411709,-0.407884729074589,-1.0880867450425,-1.35815088358722,0.404312216152408,0.953838667434808,0.4432374293245,-0.4432374293245,0.418520680110007,-0.418520680110007,0.0939831216416363,-0.0939831216416365,0.605330082047253,0.496751999498847,-2.55252104098317,1.45043895943707,-0.243169428601759,0.243169428601759,"(1497, 8446]",5.47735683449263,-0.433070569290871,1.44181165164146
60167,4547.66666666667,Trop/Subtrop Forests,1.9684408118721,0.413241404912005,-0.0829202646669713,0.361846695788807,-2.66060864790594,-0.196725153330918,-2.55175672169751,2.74848187502842,0.798507696217772,-0.798507696217772,-0.49389896116391,0.49389896116391,1.81441463613114,1.1067424133414,-2.92115704947254,1.17385276413726,-1.17385276413726,0.627457910928235,-0.627457910928235,-0.253532146304496,0.253532146304496,1.70904203238473,-0.243369135687037,-1.4656728966977,-0.996982996628017,0.0352462523955117,0.961736744232505,0.105916986478512,-0.105916986478512,0.237289907404227,-0.237289907404227,0.181960278465345,-0.181960278465345,0.664315179748676,0.466718627756327,-2.81042610523585,1.67939229773085,-0.123509192871565,0.123509192871565,"(1497, 8446]",3.87013071208738,0.630046720247311,-3.93912523900131
60168,833.2,Trop/Subtrop Forests,0.905514215156393,0.119993714465433,0.481495699152481,1.80698986124541,-3.31399349001971,0.17073466124537,-2.92030779211295,2.74957313086757,0.984254990486277,-0.984254990486277,-0.170874646861028,0.170874646861028,1.94820817590751,1.11154871372536,-3.05975688963287,0.510429427231789,-0.51042942723179,0.576172110374161,-0.57617211037416,-1.05892549489735,1.05892549489735,1.80714441996812,-0.562986715227448,-1.24415770474068,-1.3828341060331,0.350514601038543,1.03231950499455,0.550474369164565,-0.550474369164565,0.390529526441413,-0.390529526441413,0.299914847436165,-0.299914847436166,0.678050203707131,0.39036813125535,-2.48473615451003,1.41631781954755,-0.26267686216445,0.26267686216445,"(604, 1497]",5.28542443402058,-0.493338160994628,2.74637261234819
60169,1309,Trop/Subtrop Forests,1.61893378970043,0.346213542775753,-0.835513652602863,0.439849147809746,-1.56948282768306,-0.0668902318207172,-3.11141266954414,3.17830290136486,1.10871364232687,-1.10871364232687,-1.09861228866811,1.09861228866811,1.71613213444692,1.2973334954693,-3.01346562991622,1.37447347959137,-1.37447347959137,0.90254650004876,-0.90254650004876,-0.274371502786831,0.274371502786831,1.78827092216732,-0.587876738003742,-1.20039418416358,-1.42076728589108,0.300040447364693,1.12072683852639,0.211283721569532,-0.211283721569531,0.556563165776182,-0.556563165776182,0.216333965394113,-0.216333965394113,0.797316727555814,0.747306306981153,-3.38625896839423,1.84163593385726,-0.184766549441051,0.184766549441051,"(604, 1497]",6.49633859978709,-2.15219616662403,-4.85361878253607
60170,1234.66666666667,Trop/Subtrop Forests,1.48139215600832,-0.0187559626280692,0.32608452366366,1.57407421340637,-3.36279493045028,0.413904377436261,-2.98729300422589,2.57338862678963,0.909944318474946,-0.909944318474946,-0.577653816172328,0.577653816172328,2.02503431589476,1.01523520650554,-3.0402695224003,0.596688510498595,-0.596688510498595,0.537842392012203,-0.537842392012203,-0.639614770841766,0.639614770841766,1.75240785467513,-0.556456693803755,-1.19595116087138,-1.11536913844807,0.176614543200584,0.938754595247481,0.616295804815794,-0.616295804815794,0.363464085208704,-0.363464085208704,0.262333337588931,-0.262333337588931,0.521496440496554,0.49271747594651,-2.72251535764319,1.70830144120012,-0.20440200468684,0.204402004686839,"(604, 1497]",4.38472175489572,-0.662185897513182,1.22375065812226
60171,540.266666666667,Trop/Subtrop Forests,1.87903108906215,0.12247525502708,-0.0866165428314799,0.546632496147396,-2.46152229740515,0.938332634721625,-3.28117507045448,2.34284243573286,0.634478827207674,-0.634478827207675,-0.441750454525582,0.441750454525582,1.8528787571541,0.987881319667497,-2.8407600768216,1.16821599918395,-1.16821599918395,0.472639134373704,-0.472639134373704,-0.221239477927823,0.221239477927823,1.92778204784932,-0.181073379036807,-1.74670866881251,-0.891088905226157,-0.0462571373341473,0.937346042560304,0.408380568263561,-0.408380568263561,0.258929825211685,-0.258929825211685,0.287019557448264,-0.287019557448264,0.347740288655095,0.0230792129622267,-2.18793868650633,1.81711918488901,-0.141145611908452,0.141145611908452,"[54, 604]",2.58846194840854,-0.0573132398489392,-2.73066066765491
60173,2686.86666666667,Trop/Subtrop Forests,1.33036059048501,0.0360486190767744,0.410742068518185,1.90645121562394,-3.68360249370392,0.289764972878869,-3.22178046595215,2.93201549307328,0.994924759048357,-0.994924759048357,-0.438859228543958,0.438859228543958,1.77072590226153,0.97772466829805,-2.74845057055958,0.677570640388273,-0.677570640388273,0.786703907153359,-0.786703907153359,-0.823589120208474,0.823589120208474,1.74206818913552,-0.578567296607903,-1.16350089252762,-1.36537432426406,0.416906401009447,0.948467923254617,0.52312590861515,-0.52312590861515,0.413502020523695,-0.413502020523695,0.294710326096887,-0.294710326096887,0.645806044874905,0.472569560303421,-2.62938492650588,1.51100932132755,-0.22653425417109,0.22653425417109,"(1497, 8446]",5.68915483017832,-1.02746537974502,0.99583395319091
60174,2538.06666666667,Trop/Subtrop Forests,1.38671701283244,0.0619354519335868,0.342489910461135,1.37149601882209,-3.16263839404925,0.176191601756757,-3.2250057799054,3.04881417814864,0.898731066170118,-0.898731066170119,-0.369304777318351,0.369304777318351,1.83658370341393,1.3867870120426,-3.22337071545653,0.873682878377236,-0.873682878377236,0.653332281890931,-0.65333228189093,-0.757769769546936,0.757769769546936,1.52918848198208,-0.353761225310576,-1.1754272566715,-1.36982899969402,0.413177678424445,0.95665132126957,0.262318034519698,-0.262318034519698,0.473187742511568,-0.473187742511568,0.0485758184286999,-0.0485758184286999,0.769737936473145,0.538696143134695,-2.65266165283961,1.34422757323177,-0.275304192717774,0.275304192717774,"(1497, 8446]",6.4704591166294,-0.431988969037513,0.201272717121765
60175,1062.53333333333,Trop/Subtrop Forests,1.57502941533759,0.447217971977217,-0.195376929419897,0.233291075767932,-2.06016153366284,-0.110796557515834,-2.01503401017058,2.12583056768641,0.747746826542441,-0.747746826542441,-0.379552574175871,0.379552574175871,1.74363549241922,1.20538665527277,-2.94902214769199,1.20856701735314,-1.20856701735314,0.432593712568989,-0.432593712568989,-0.622237373817633,0.622237373817633,1.65406270809026,-0.293701009614376,-1.36036169847588,-1.37264876858611,0.265870353148837,1.10677841543727,0.194272115309914,-0.194272115309914,0.501315089359618,-0.501315089359618,0.0387904757753753,-0.0387904757753753,0.868077709757994,0.425266962290978,-3.01789461847021,1.72454994642124,-0.311564596828874,0.311564596828874,"(604, 1497]",5.14751454053834,-0.705350479281404,-1.75003259009006
60176,2891.53333333333,Trop/Subtrop Forests,1.88250058232867,0.586332492294762,0.417602362704346,0.270178745761669,-3.15661418308945,0.362129387228923,-2.24232241320886,1.88019302597994,0.319478925856371,-0.319478925856371,-0.20343529485845,0.20343529485845,1.97537528872812,0.876362439269551,-2.85173772799767,0.873534640135119,-0.873534640135119,0.268062818998833,-0.268062818998833,-0.417293102062805,0.417293102062805,1.67023950185334,-0.231971908055631,-1.43826759379771,-0.889605663258675,0.0462455944699741,0.843360068788701,0.43392222333136,-0.43392222333136,0.359271463914786,-0.359271463914786,0.118097452234603,-0.118097452234603,0.401852128057624,0.0411851628493542,-2.55865145361262,2.11561416270565,-0.0612459606133388,0.0612459606133387,"(1497, 8446]",1.963951858292,0.915239012679647,-0.115675282893722
60177,955.333333333333,Trop/Subtrop Forests,1.88820162117591,0.608646135683965,0.301491959819364,0.29019240456543,-3.08853212124467,0.222629620914974,-2.10464808466944,1.88201846375447,0.343160607744773,-0.343160607744773,-0.100335347731076,0.100335347731075,1.97295831986489,1.08190347912058,-3.05486179898547,1.05777327316098,-1.05777327316098,0.175869854376001,-0.175869854376001,-0.577220369110526,0.577220369110526,1.57338379138958,-0.20447914207595,-1.36890464931363,-1.17764842274255,0.134010956988761,1.04363746575379,0.267936562475209,-0.267936562475209,0.435657635994197,-0.435657635994197,0.0166404708827485,-0.0166404708827486,0.43256539575232,0.282701049105747,-2.63806818597479,1.92280174111672,-0.222213393728043,0.222213393728043,"(604, 1497]",3.12096113612937,0.253957131129604,-0.386584703092122
60178,1677.2,Trop/Subtrop Forests,1.86788796886549,0.372860407609136,0.568604984735231,1.12185132438517,-3.93120468559503,0.61096837026364,-3.34027534831779,2.72930697805415,0.73472236472603,-0.734722364726031,-0.449295577387377,0.449295577387377,1.90083539126381,1.04323186746778,-2.94406725873158,0.888411143523829,-0.88841114352383,0.539432762866638,-0.539432762866638,-0.567620293541304,0.567620293541304,1.5601839413198,-0.0698358114447833,-1.49034812987502,-1.17643351223935,0.19748955707799,0.978943955161365,0.387251974434676,-0.387251974434675,0.35756304363936,-0.35756304363936,0.0744514721850941,-0.074451472185094,0.713408024095992,0.383252429085483,-2.6207786472832,1.52411819410173,-0.240054325551965,0.240054325551965,"(1497, 8446]",4.67509585449888,-0.0440148246299335,-0.205279360940921
60179,386.466666666667,Trop/Subtrop Forests,1.53759907593314,0.65339665861049,0.193864329232049,1.00479454544838,-3.38965460922406,3.32575123425858,-8.49732915901549,5.17157792475691,0.712017344551369,-0.712017344551369,-0.394228680182135,0.394228680182135,1.85230434957969,1.2617263360403,-3.11403068561999,1.01088794991501,-1.01088794991501,0.402071978265985,-0.402071978265985,-0.678511989409889,0.678511989409889,1.62158751567011,-0.102260747941733,-1.51932676772838,-0.924974809242959,0.082287700836923,0.842687108406036,0.291044321893741,-0.291044321893741,0.454685144514791,-0.454685144514791,0.114974802891605,-0.114974802891605,0.422133332060579,0.191609673448747,-2.00561490388747,1.39187189837815,-0.126724450404769,0.126724450404769,"[54, 604]",5.79163716043493,-0.646882646847157,-0.221919236788519
60180,1148,Trop/Subtrop Forests,1.43783379978283,-0.226808666998363,0.281310595169885,1.24677856302012,-2.73911429097448,0.736974473898127,-3.40616025249341,2.66918577859528,0.874156074734559,-0.874156074734559,-0.72172638747992,0.72172638747992,1.91019355593698,0.929364302925249,-2.83955785886222,0.599632805127106,-0.599632805127106,0.558608738249572,-0.558608738249572,-0.535524564869478,0.535524564869478,1.76313124686527,-0.468226336840403,-1.29490491002487,-1.28044483151504,0.260939617674043,1.019505213841,0.6563255364947,-0.6563255364947,0.345167119591665,-0.345167119591665,0.315091111934902,-0.315091111934902,0.419606947465305,0.349709507847926,-2.56354654388183,1.7942300885686,-0.138012493954784,0.138012493954784,"(604, 1497]",4.2043541758793,-0.908158953152947,0.89546600605045
60181,1458.06666666667,Trop/Subtrop Forests,1.75565367513176,0.404044871999763,0.714199800303603,0.660397094310627,-3.53429544174576,0.430360610932501,-2.38054697560942,1.95018636467691,0.483093851509389,-0.483093851509389,-0.422777090391188,0.422777090391188,1.90748066711654,0.853965817557761,-2.7614464846743,0.723779082402661,-0.723779082402661,0.399923640573414,-0.399923640573414,-0.512114284273141,0.512114284273141,1.71398580284666,-0.403090842424912,-1.31089496042175,-1.03509384500615,0.254036767660091,0.781057077346062,0.594225835395854,-0.594225835395854,0.382549317043321,-0.382549317043321,0.152855890308106,-0.152855890308106,0.449173112096911,0.30299060191883,-2.87506322842912,2.12289951441337,-0.0727352564979958,0.0727352564979958,"(604, 1497]",3.00212296408159,0.570899773127623,0.872509569401844
60182,1998.26666666667,Trop/Subtrop Forests,1.35283182373893,0.0588175556954987,-0.0510489218830335,1.16892422378934,-2.52952468134074,0.492341071503217,-3.53301061923193,3.04066954772871,0.954625416069594,-0.954625416069594,-0.569409354573075,0.569409354573075,1.79101277963704,1.11298533071379,-2.90399811035084,0.834694634782383,-0.834694634782383,0.738296784480308,-0.738296784480308,-0.594792033436918,0.594792033436918,1.75826636112547,-0.557969214480869,-1.2002971466446,-1.37558823102051,0.40218499623281,0.973403234787696,0.471764637355425,-0.471764637355425,0.441838906693293,-0.441838906693293,0.234497019022191,-0.234497019022192,0.686107007765595,0.542095417249583,-2.97745463836405,1.74925221334887,-0.156364052188934,0.156364052188934,"(1497, 8446]",5.57320414960313,-0.801638437260835,-0.449310249233271
60201,993.733333333333,Trop/Subtrop Forests,1.62662684263226,0.174637222246976,0.0142945721717962,1.30564100670632,-3.12119964375735,0.380927835660416,-2.91490903034391,2.5339811946835,0.735908267279026,-0.735908267279026,-0.601986402162968,0.601986402162968,1.88105261761326,1.02538650755554,-2.90643912516879,0.683835924510944,-0.683835924510944,0.536627176539014,-0.536627176539014,-0.548596421006942,0.548596421006942,1.69779979028726,-0.222518410895944,-1.47528137939131,-1.18712896325747,0.216377526743542,0.970751436513928,0.470655999968978,-0.470655999968978,0.355443002448664,-0.355443002448663,0.200370079189756,-0.200370079189756,0.681361833095166,0.428908452527128,-2.89818095698131,1.78791067135901,-0.150591379835342,0.150591379835342,"(604, 1497]",4.15809079238525,-0.126145770031072,0.327312594068953
60202,2377.8,Trop/Subtrop Forests,1.59395543941043,1.03045111773532,0.599668201642864,0.733636561720265,-3.95771132050888,0.437620839367438,-2.73206474130999,2.29444390194255,0.473690659472093,-0.473690659472093,-0.297561238196166,0.297561238196166,1.67925568494851,0.87008271783505,-2.54933840278356,0.661462373593651,-0.661462373593651,0.406375026466657,-0.406375026466657,-0.599490141361407,0.599490141361408,1.88343931498703,-0.326935481736066,-1.55650383325097,-0.940532834777354,0.141899885014487,0.798632949762867,0.487310954218696,-0.487310954218696,0.338479888370644,-0.338479888370644,0.155150665235427,-0.155150665235426,0.507626889044336,0.128973038386828,-3.00256077632623,2.36596084889506,0.0418754294698481,-0.0418754294698481,"(1497, 8446]",2.43748489537676,1.72571015261696,0.684940338330673
60204,1625.33333333333,Trop/Subtrop Forests,3.82298289647768,2.32968463395623,1.87015230457779,1.58247023212601,-9.6052900671377,0.458250110564565,-1.94751921866471,1.48926910810015,-0.0493245405349197,0.0493245405349198,-0.0339451677714256,0.0339451677714257,1.96858738775182,0.806307026281964,-2.77489441403378,0.937263115988759,-0.937263115988759,0.0751821153873776,-0.0751821153873775,-0.353067188043378,0.353067188043378,1.76775463789487,0.00641576536752888,-1.7741704032624,-0.777558210645238,-0.167477628783906,0.945035839429144,0.389988559369658,-0.389988559369658,0.444631029743118,-0.444631029743118,0.0149552875664948,-0.0149552875664948,0.346401124220086,-0.179313112039655,-2.66421976182766,2.49713174964722,-0.123225302731414,0.123225302731414,"(1497, 8446]",-0.23245468905834,1.23007861329141,0.0437001645051027
60205,2461.46666666667,Trop/Subtrop Forests,3.47756256728379,2.38421344865995,2.05088586871821,1.85306012538829,-9.76572201005024,0.555386897109746,-2.40397773227337,1.84859083516362,-0.00619842648841447,0.0061984264884143,-0.0965956145154292,0.0965956145154294,2.03970472764725,1.01103183207012,-3.05073655971737,0.737859880504013,-0.737859880504013,0.199954769131781,-0.199954769131781,-0.513700554354834,0.513700554354834,1.68035193341763,-0.245977170438581,-1.43437476297905,-0.856981268957405,0.0147958555145788,0.842185413442826,0.457739521758951,-0.457739521758951,0.382231821825609,-0.382231821825609,0.0529384222854036,-0.0529384222854039,0.471232534299866,0.154620763547393,-3.15754299574436,2.53168969789711,0.0166362114990602,-0.0166362114990599,"(1497, 8446]",0.653324668264363,2.18457683826304,0.93410161908772
60206,1911.8,Trop/Subtrop Forests,1.67362603576852,0.603071699895565,0.440320239295707,0.421540344644111,-3.1385583196039,-0.16176490325355,-1.60212648564372,1.76389138889727,0.318813552087157,-0.318813552087157,0.129755597742542,-0.129755597742542,1.93795492537358,0.960982370535137,-2.89893729590871,0.872661277467648,-0.872661277467648,0.231918557165036,-0.231918557165036,-0.617623298536518,0.617623298536519,1.76736084561534,-0.579315503433988,-1.18804534218135,-0.77076213184166,0.0271639999514623,0.743598131890198,0.382870701264867,-0.382870701264867,0.485874980760172,-0.485874980760172,-0.0354371697933285,0.0354371697933285,0.745882205520776,0.134973123197803,-2.88357382812236,2.00271849940378,-0.120347982494181,0.120347982494181,"(1497, 8446]",2.57533080483374,1.38344182954001,0.716637279295154
60207,735.866666666667,Trop/Subtrop Forests,1.36895821235507,0.223825908052066,0.0696752282248074,1.26359769669724,-2.92605704532918,0.601047111927792,-3.24910048978227,2.64805337785447,0.564458819081719,-0.564458819081719,-0.299810561274561,0.299810561274561,2.00187489566836,0.860702992581454,-2.86257788824981,0.663988095349402,-0.663988095349402,0.519856008784191,-0.519856008784191,-0.725416441128731,0.725416441128731,1.51364633225136,-0.163664231582074,-1.34998210066929,-1.14785333566097,0.187147731071372,0.960705604589595,0.586667917432023,-0.586667917432023,0.380651878392973,-0.380651878392973,0.175597739087053,-0.175597739087053,0.533476802416601,0.437595030713318,-2.6853990224516,1.71432718932168,-0.149956336144268,0.149956336144268,"(604, 1497]",3.95241459089879,-0.242760496056156,1.57254109436716
60209,2321.73333333333,Trop/Subtrop Forests,1.88289388568754,0.354949007504626,0.579830178717377,0.473697760280969,-3.29137083219051,0.602751679748976,-2.6424414534366,2.03968977368762,0.439714569284998,-0.439714569284998,-0.395669603369579,0.395669603369579,1.88621171427776,0.845169277431129,-2.73138099170889,0.796023084861116,-0.796023084861116,0.42250170215684,-0.42250170215684,-0.42354036434799,0.42354036434799,1.80746842366893,-0.327683725024915,-1.47978469864401,-0.967538446333959,0.131073842334151,0.836464603999808,0.506657354078107,-0.506657354078107,0.300401228797477,-0.300401228797476,0.151617242729633,-0.151617242729633,0.448706471751808,0.186088367963243,-2.81959423644392,2.18479939672886,-0.0597368265671456,0.0597368265671456,"(1497, 8446]",2.594817390474,1.11210126222525,-0.126135866530357
60210,2101.73333333333,Grasslands,2.34060306771517,1.05874372473216,0.860292786008321,0.385399171468394,-4.64503874992404,0.187405372925234,-1.6584213175731,1.47101594464786,0.0525513752402372,-0.0525513752402372,0.173390803140037,-0.173390803140037,2.08436864439644,0.835725146196306,-2.92009379059274,0.785864784293562,-0.785864784293562,0.112525844366919,-0.112525844366919,-0.408380568263561,0.408380568263561,1.85326970288423,-0.387990091842473,-1.46527961104176,-0.761244123002254,-0.017956794942642,0.779200917944895,0.526667601357457,-0.526667601357457,0.367664975466148,-0.367664975466148,0.0635207908595754,-0.0635207908595751,0.478067180055994,-0.232990927070481,-2.57238999318724,2.32731374020173,-0.0457094219573181,0.0457094219573179,"(1497, 8446]",0.353593247752803,1.94025854259684,0.952390630692276
60211,1496.4,Trop/Subtrop Forests,1.74271321911226,0.37583694384947,0.63918691564172,0.529987623676728,-3.28772470228018,0.495634758006373,-2.50009751554762,2.00446275754124,0.351691342226986,-0.351691342226986,-0.215636496032019,0.215636496032018,1.8494600024045,0.867029468025803,-2.71648947043031,0.78957977656392,-0.78957977656392,0.328834726842749,-0.328834726842749,-0.519777269512254,0.519777269512254,1.67223009232835,-0.366415892722021,-1.30581419960633,-1.08939404082817,0.209161405983713,0.880232634844458,0.472614460683255,-0.472614460683255,0.354946556235963,-0.354946556235963,0.108350411546005,-0.108350411546006,0.444306382665116,0.312537105033992,-2.9693135189956,2.21247003129649,-0.0670481024197408,0.0670481024197407,"(604, 1497]",2.72469956111315,1.00357116724128,0.430158721064923
60212,2622.13333333333,Trop/Subtrop Forests,1.55415063139027,0.389958697076181,0.659985834289241,0.763818465769014,-3.36791362852471,0.661344188153177,-2.93322458648952,2.27188039833634,0.4587584867987,-0.4587584867987,-0.240063318438592,0.240063318438592,1.77984093264409,0.845729907394523,-2.62557084003861,0.671837875695602,-0.671837875695602,0.369117659179539,-0.369117659179539,-0.563444189477455,0.563444189477455,1.74970131109247,-0.369821209882903,-1.37988010120957,-1.12792724655215,0.241253177195489,0.88667406935666,0.584955146666188,-0.584955146666187,0.331647108705132,-0.331647108705132,0.184950766635204,-0.184950766635204,0.38630415984643,0.106068138178728,-2.57852057624448,2.08614827821933,-0.0599372792710402,0.0599372792710401,"(1497, 8446]",2.71726403889369,0.706284286529473,1.19937484469134
60213,548.533333333333,Trop/Subtrop Forests,1.63925053746331,0.78703866227368,0.346482234354245,0.906098022289668,-3.6788694563809,0.650226860492368,-3.06334520621194,2.41311834571957,0.583116238171544,-0.583116238171545,-0.549306144334055,0.549306144334055,1.52847226009281,0.715816417909014,-2.24428867800183,0.84792957241059,-0.847929572410589,0.425199319032726,-0.425199319032726,-0.541080341888052,0.541080341888052,1.63031105893359,-0.340059387691879,-1.29025167124172,-0.965673850105637,0.251997798578461,0.713676051527178,0.504609128137206,-0.504609128137206,0.458145365937078,-0.458145365937078,0.137014991641727,-0.137014991641727,0.67160881107535,0.48550653144149,-3.29868310247677,2.14156775995993,-0.0898148825641217,0.0898148825641216,"[54, 604]",3.76572393211986,-0.215884405491061,-0.0120107315158269
60214,650.866666666667,Trop/Subtrop Forests,3.30768429999681,2.0679934130688,1.95829449581237,2.48636192601287,-9.82033413489086,0.657632764590987,-2.6004637734305,1.94283100883951,0.464356625936356,-0.464356625936356,-0.10678705014903,0.10678705014903,1.98154777365562,0.822728138370116,-2.80427591202573,0.772536268239599,-0.772536268239599,0.319094148139594,-0.319094148139594,-0.580134185045603,0.580134185045603,1.77189787904777,-0.144114676951353,-1.62778320209642,-0.968669959837238,0.150885502676115,0.817784457161124,0.648907816218156,-0.648907816218156,0.38387902217556,-0.38387902217556,0.100089587096981,-0.10008958709698,0.577383343685619,0.240911107064406,-2.75482116648959,1.93652671573956,-0.13085329302426,0.13085329302426,"(604, 1497]",1.72237140898429,1.10259364947242,1.3312216350498
60215,672.466666666667,Trop/Subtrop Forests,1.36130575256483,0.933112393379113,0.456188321288803,1.0698713304945,-3.82047779772725,0.197907133473978,-2.36704222398756,2.16913509051358,0.577187931593282,-0.577187931593282,-0.157926474709239,0.157926474709238,1.62386703060355,0.945701403659225,-2.56956843426278,0.810059460927217,-0.810059460927217,0.361880908189776,-0.361880908189776,-0.828664600069258,0.828664600069258,1.84813641806593,-0.334740710862144,-1.51339570720379,-0.848462034039602,0.238028894096163,0.610433139943439,0.478524362173161,-0.478524362173162,0.53987874395224,-0.53987874395224,0.102107770714345,-0.102107770714346,0.522550680951452,0.318567627376318,-2.52197175677197,1.6808534484442,-0.0685344712714834,0.0685344712714834,"(604, 1497]",3.64339521318585,0.581070547133275,1.53293186699823
60217,1944.53333333333,Trop/Subtrop Forests,1.79748148681909,0.545940265574048,0.587787375509549,0.368733809446864,-3.29994293734955,0.59840855906818,-2.52248685743982,1.92407829837164,0.19877213730836,-0.19877213730836,-0.196443162950652,0.196443162950652,2.13635453897829,1.00427115120332,-3.14062569018161,0.75900868721486,-0.75900868721486,0.257708418952719,-0.257708418952719,-0.511793108188495,0.511793108188495,1.62286539802048,-0.285779613374652,-1.33708578464583,-0.989198317867469,0.133678592800272,0.855519725067198,0.512252158257194,-0.512252158257194,0.386097544120939,-0.386097544120939,0.102331996019686,-0.102331996019686,0.299411392946098,0.235897987223772,-2.86337496527106,2.32806558510119,-0.0315383426146702,0.0315383426146702,"(1497, 8446]",2.18798716992115,1.16291863978514,0.965008551968583
60220,309.8,Trop/Subtrop Forests,1.40778446787093,0.696288148642791,0.420876168782824,0.767747112624936,-3.29269589792148,0.73942599551135,-2.84409294294476,2.10466694743341,0.673754168042367,-0.673754168042367,-0.107555689808473,0.107555689808473,1.54286067474885,0.548098327433203,-2.09095900218206,0.807786450500808,-0.807786450500808,0.236126674489876,-0.236126674489876,-0.800857933170095,0.800857933170095,1.73736735543139,-0.175536497155751,-1.56183085827564,-0.780632440858197,0.0490902747074995,0.731542166150697,0.552730815256842,-0.552730815256842,0.507545658309124,-0.507545658309124,0.0575978560457163,-0.0575978560457163,0.319699996379876,0.439501196192497,-2.58902090018449,1.82981970761211,-0.0853127585153818,0.0853127585153815,"[54, 604]",3.05738421784345,0.3275406583063,1.57896352846982
60221,604.066666666667,Trop/Subtrop Forests,2.89013637804115,2.18391711591385,2.02757104552315,2.78765770875821,-9.88928224823635,0.713011212960694,-3.07117842095757,2.35816720799687,0.55800201568999,-0.558002015689989,-0.105654546833604,0.105654546833604,1.88023680528776,0.914222638061177,-2.79445944334894,0.554256679825411,-0.554256679825411,0.42960410824106,-0.42960410824106,-0.867646428780142,0.867646428780142,1.74320352736633,-0.385671472168681,-1.35753205519765,-1.09781391924036,0.233050636940198,0.864763282300163,0.672767000890508,-0.672767000890508,0.352897071130356,-0.352897071130356,0.127298173933008,-0.127298173933008,0.333985613256642,0.359091534387719,-2.49078886215371,1.79771171450935,-0.0636854184057687,0.0636854184057684,"(604, 1497]",2.59760442817671,1.36127319832609,2.7287209351862
60223,344.066666666667,Trop/Subtrop Forests,3.27409324486041,2.63405588961442,2.03934878186772,1.86944974507232,-9.81694766141488,0.209708440598338,-2.18818683220003,1.97847839160169,0.413339286592234,-0.413339286592234,0.490414626505863,-0.490414626505863,2.20580452940764,1.31523868877192,-3.52104321817956,0.836988216785836,-0.836988216785836,0.304443418471103,-0.304443418471103,-0.834263414402053,0.834263414402053,1.85748447813998,-0.342382108659075,-1.51510236948091,-0.961819247697912,0.136793040970198,0.825026206727714,0.335918696986597,-0.335918696986597,0.449098494215728,-0.449098494215728,-0.0693751542501573,0.0693751542501573,0.960137503313295,0.221733731165229,-3.0741031348391,1.89223190036058,-0.146452008216466,0.146452008216466,"[54, 604]",2.40031312808608,2.98663511110791,1.42323052992586
60224,535.466666666667,Trop/Subtrop Forests,3.21416761508202,2.38073479483199,2.00494545486994,2.25235362818378,-9.85220149296773,0.807077851642286,-3.12474778108204,2.31766992943975,0.703900283170427,-0.703900283170427,-0.297991716053149,0.297991716053149,1.65083616169181,0.827763558649754,-2.47859972034156,0.931792601899655,-0.931792601899655,0.356158548333833,-0.356158548333833,-0.858222066000808,0.858222066000808,1.5629955573604,0.14417800453495,-1.70717356189535,-1.11413805453658,0.204715025787779,0.909423028748801,0.545546728127041,-0.545546728127041,0.502697079918005,-0.502697079918004,0.0200026673068497,-0.0200026673068495,0.411550332784588,0.377933721985603,-2.43833006375684,1.64884600898665,-0.0826464281902501,0.0826464281902501,"[54, 604]",3.1913271145319,0.431101033986977,1.16815140461711
60226,468.933333333333,Trop/Subtrop Forests,2.9150436789709,2.4761306367952,2.13965840017398,2.37979952785676,-9.91063224379685,0.635034131526496,-2.64211060146568,2.00707646993919,0.605703891406727,-0.605703891406727,-0.116807425590753,0.116807425590752,1.55767974914302,0.578507497338927,-2.13618724648195,0.743456963241093,-0.743456963241093,0.300068492670531,-0.300068492670531,-0.744621165186167,0.744621165186167,1.783550595148,-0.315435542604807,-1.46811505254319,-0.78885218665425,0.167879514778416,0.620972671875835,0.68488252958434,-0.68488252958434,0.561542572593418,-0.561542572593418,0.121865092461299,-0.121865092461299,0.35212083245193,0.0498399605789961,-2.2237575955418,1.82179680251087,0.00699312098737,-0.00699312098736998,"[54, 604]",1.80619555495299,0.46660309521712,2.13735036010657
60227,520.466666666667,Trop/Subtrop Forests,3.64983204869588,2.53952372026457,2.12222415450941,1.35496900179574,-9.6665489252656,0.719655951260966,-1.96592139398919,1.24626544272822,0.0248807547795318,-0.024880754779532,0.111571775657105,-0.111571775657105,2.46203188646215,1.26420035015829,-3.72623223662044,0.767664970140189,-0.767664970140189,0.149348566341229,-0.149348566341229,-0.538779439735139,0.538779439735139,1.71016459197813,-0.319861590138357,-1.39030300183977,-0.70841702590371,-0.0152698453437648,0.723686871247475,0.539296710888809,-0.539296710888809,0.413339286592234,-0.413339286592234,0.027583190654354,-0.0275831906543539,0.790562144807839,0.0173722565743569,-3.56614668188175,2.75821228049956,0.00761049700517766,-0.00761049700517766,"[54, 604]",0.408742265586248,3.01800140089789,1.31950870859746
60228,2145.73333333333,Trop/Subtrop Forests,2.11013561738388,0.965290133676561,0.682851911730791,0.342186796849542,-4.10046445964077,0.489992603764249,-2.01642025124472,1.52642764748047,0.115185627217832,-0.115185627217831,-0.10115001186242,0.101150011862421,2.16258277133833,1.03977151121278,-3.2023542825511,0.773781254358006,-0.773781254358006,0.181714595502148,-0.181714595502148,-0.513527473951403,0.513527473951403,1.68886693976641,-0.152759044438135,-1.53610789532827,-0.877160143978619,0.00564440486549457,0.871515739113124,0.463455150350808,-0.463455150350808,0.375797693812771,-0.375797693812771,0.0682470372916261,-0.068247037291626,0.309019366263078,-0.0319072207075156,-2.72445323527376,2.4473410897182,-0.0165395454882923,0.0165395454882922,"(1497, 8446]",1.2863328260069,1.78832253012505,0.93674806848406
60229,441.933333333333,Trop/Subtrop Forests,2.95692754487358,1.63517170489126,2.04063681299943,3.16277959907773,-9.795515661842,0.220916567791858,-2.66945519010431,2.44853862231245,0.507365402343704,-0.507365402343704,-0.0303123109082173,0.0303123109082174,2.0869650441245,1.12188414808092,-3.20884919220542,0.502162040679739,-0.502162040679739,0.479991195686102,-0.479991195686102,-0.87459992740463,0.87459992740463,1.62498666919767,-0.447735922233424,-1.17725074696424,-1.12498744866932,0.23900115493627,0.885986293733053,0.681933662666223,-0.681933662666223,0.404023769548802,-0.404023769548802,0.152475075041931,-0.152475075041931,0.243834075562768,0.612597816820505,-2.67393665652151,1.81750476413824,-0.130363131231626,0.130363131231626,"[54, 604]",2.90307444870156,0.778607001743526,3.1974546288933
60230,2388.26666666667,Trop/Subtrop Forests,1.80858875464256,0.732024603196209,0.630464403046713,0.48204439792844,-3.65312215881392,0.576900274663337,-2.52768640380274,1.9507861291394,0.236726224546549,-0.236726224546549,-0.164148395802986,0.164148395802986,1.95755897567998,0.906585752432136,-2.86414472811212,0.701178695068784,-0.701178695068784,0.301397056454206,-0.301397056454206,-0.579866835995961,0.579866835995961,1.67931554592763,-0.38391818552535,-1.29539736040228,-0.950922564362257,0.143713575926213,0.807208988436044,0.502842772558986,-0.502842772558986,0.403687184786624,-0.403687184786624,0.0753230016714044,-0.0753230016714044,0.417749066051286,0.1564537487727,-2.86744940174799,2.293246586924,-0.0113262671141246,0.0113262671141249,"(1497, 8446]",2.3312519628445,1.37899193125892,1.26140732476876
60232,347.733333333333,Trop/Subtrop Forests,3.35015965348862,2.24490282210185,2.22470011478433,1.99644146280335,-9.81620405317814,0.914822715272952,-2.93532488643711,2.02050217116415,0.338026373600323,-0.338026373600323,0.157540523319948,-0.157540523319948,1.87089398012212,0.621310664544129,-2.49220464466625,0.756702289825707,-0.756702289825706,0.146611126413698,-0.146611126413698,-0.709021529717236,0.709021529717235,2.12433907687473,0.248349873618924,-2.37268895049366,-0.577313205547021,-0.0527887374228677,0.630101942969889,0.58299384557044,-0.58299384557044,0.518310306320071,-0.518310306320071,-0.0181015243319803,0.0181015243319804,0.89479872372511,0.146081692010354,-3.40926636947906,2.3683859537436,-0.0141518880814259,0.014151888081426,"[54, 604]",0.73939004834619,2.7587652178741,1.97004185017275
60233,1181.66666666667,Trop/Subtrop Forests,1.70909273347121,0.489698906150461,0.634150188889006,0.288277177983087,-3.12121900649376,0.782344136641684,-2.79420613249833,2.01186199585665,0.346573590279973,-0.346573590279973,-0.288045312569464,0.288045312569464,1.81093512778484,0.749523122802825,-2.56045825058767,0.764191393838696,-0.764191393838697,0.242340171830834,-0.242340171830834,-0.578025094128052,0.578025094128052,1.65040719895767,-0.216656653334517,-1.43375054562315,-0.928119725946232,0.162460391024613,0.765659334921619,0.594734059061527,-0.594734059061527,0.439242397851691,-0.439242397851691,0.100995588154492,-0.100995588154492,0.420058110840001,0.116544573171539,-2.75277377552679,2.21617109151525,-0.0631711445260266,0.0631711445260268,"(604, 1497]",2.52410805036401,0.480398311146003,1.36222161612766
60235,1310.8,Trop/Subtrop Forests,1.77519653324048,0.576794773964003,0.864476846415785,0.601186227088163,-3.81765438070844,0.432498260542837,-2.12602020658841,1.69352194604557,0.352123036813997,-0.352123036813997,-0.208982635436198,0.208982635436198,2.03224245720629,0.925947672366162,-2.95819012957245,0.71782990827319,-0.71782990827319,0.266867496112542,-0.266867496112542,-0.546016658785034,0.546016658785034,1.6655840988544,-0.294355898411349,-1.37122820044305,-0.878594859817804,0.137211525166074,0.741383334651729,0.679140662446108,-0.679140662446108,0.416129991511332,-0.416129991511332,0.0884300233842163,-0.0884300233842163,0.456942040715291,0.116859691869978,-2.74851076382077,2.1747090312355,-0.0178042137336839,0.0178042137336839,"(604, 1497]",2.09384562538745,1.14705327556778,1.66368205758458
60301,388.8,Trop/Subtrop Forests,3.08389281285485,2.64922855005442,1.88708849800753,2.24376344194626,-9.86397330286305,0.16692509597083,-1.94328810437576,1.77636300840493,0.65954280571322,-0.659542805713221,-0.197656368322073,0.197656368322073,1.57410500258542,0.777058227007325,-2.35116322959275,0.855316962207843,-0.855316962207843,0.387281286022727,-0.387281286022727,-0.727871874695881,0.727871874695881,1.51589572528731,-0.485584274922817,-1.03031145036449,-0.937465935748713,0.234171487934286,0.703294447814428,0.521848265535997,-0.521848265535998,0.581575404902841,-0.581575404902841,0.0526802578289132,-0.0526802578289131,0.577257581789854,0.481947401985529,-3.07340065950388,2.0141956757285,-0.0636451188070155,0.0636451188070157,"[54, 604]",2.86850417351425,0.238350488527773,0.925073951093421
60302,334.6,Trop/Subtrop Forests,3.6648242492986,2.04256564843544,1.60431071750429,2.36977855964386,-9.68147917488219,0.470466760750322,-2.62057569260799,2.15010893185767,0.699683221343622,-0.699683221343622,-0.757063866314888,0.757063866314888,2.1500797360901,1.33105230964116,-3.48113204573126,0.823538381967018,-0.823538381967018,0.519446526983244,-0.519446526983244,-0.480705583577312,0.480705583577312,1.94688338575642,-0.253260901683129,-1.6936224840733,-1.1105082720038,0.231726099322061,0.878782172681739,0.541942240978933,-0.541942240978933,0.489914376339071,-0.489914376339071,0.199833995211919,-0.199833995211919,0.507302705836267,0.425957066382315,-2.95843319696346,2.02517342474488,-0.115261829305916,0.115261829305916,"[54, 604]",3.1067756304599,0.200568263466262,0.0246513258774987
60303,4566.86666666667,Trop/Subtrop Forests,2.03153266860982,0.393742341584851,0.328477340211914,0.273505316966901,-3.02725766737348,0.145128829168016,-2.20162748213917,2.05649865297115,0.379464354968557,-0.379464354968557,-0.314522147183593,0.314522147183593,1.9013477446814,0.949781735574142,-2.85112948025554,0.945377776843043,-0.945377776843044,0.398291383904094,-0.398291383904094,-0.33286934995015,0.33286934995015,1.76575100445927,-0.333569357895579,-1.43218164656369,-1.0910997732976,0.0947472811692876,0.996352492128313,0.313862128435052,-0.313862128435052,0.311537965228816,-0.311537965228816,0.143248969845282,-0.143248969845282,0.347819624082101,0.126558721582508,-2.52511707199196,2.05073872632735,-0.0871619874737689,0.0871619874737686,"(1497, 8446]",2.43667443423324,0.793290140299165,-1.35182706923201
60304,326.8,Trop/Subtrop Forests,3.33847580257763,2.21001055075984,1.54671633334957,2.68379490284548,-9.77899758953251,3.17358809942139,-8.43618719153876,5.26259909211737,0.845331676178343,-0.845331676178343,-0.895879734614027,0.895879734614028,1.70267667843721,1.3610849767098,-3.06376165514701,1.12083816995353,-1.12083816995353,0.873563657603643,-0.873563657603643,-0.630227657059262,0.630227657059262,1.73306566191647,-0.461067722850073,-1.2719979390664,-1.38141507355852,0.401976145999019,0.979438927559502,0.321775119710287,-0.321775119710287,0.628498636317078,-0.628498636317078,0.143149951112415,-0.143149951112415,0.868626435237668,0.336966724568835,-3.01293736270577,1.80734420289927,-0.159226865559267,0.159226865559268,"[54, 604]",7.1170854324855,-1.69749443198994,-1.60681433331994
60305,832.933333333333,Trop/Subtrop Forests,3.57004874192823,2.1231297589919,1.75666680868701,2.28052193274333,-9.73036724235048,-0.234488049176959,-1.64325526614891,1.87774331532587,0.535220705850707,-0.535220705850707,-0.365443754271396,0.365443754271396,1.61878242549967,1.15511907814852,-2.7739015036482,1.06300485357852,-1.06300485357852,0.370167711040022,-0.370167711040022,-0.512132326021749,0.512132326021749,1.77340889686141,-0.337398304096649,-1.43601059276476,-1.45104153115393,0.340717938074129,1.1103235930798,0.240507520789394,-0.240507520789394,0.427648109585657,-0.427648109585657,0.142474541797856,-0.142474541797856,0.695251392062989,0.252915748146497,-2.75700116039945,1.80883402018996,-0.206233151783574,0.206233151783574,"(604, 1497]",2.90650923925568,0.017667679366118,-1.38314582362235
60306,365.266666666667,Trop/Subtrop Forests,4.01773702716568,1.92940653806859,1.59293430144738,1.96449785787986,-9.50457572456152,0.326181875206863,-2.27650781023752,1.95032593503066,0.885778380955268,-0.885778380955268,-1.242453324894,1.242453324894,1.6786316536185,0.785871419154537,-2.46450307277304,1.09176286648903,-1.09176286648903,0.590491643050619,-0.590491643050619,-0.165926645382459,0.165926645382459,2.27897246284054,-0.227211585394746,-2.05176087744579,-1.15765472667728,0.0640176547480595,1.09363707192922,0.44385867971505,-0.443858679715049,0.429038497321015,-0.429038497321015,0.354625294063262,-0.354625294063262,0.579998812313958,0.301795483816721,-2.97534924917546,2.09355495304478,-0.295246513249931,0.295246513249931,"[54, 604]",2.70282005512417,-1.64209430302845,-3.06813401617205
60307,424.133333333333,Trop/Subtrop Forests,3.97909325779785,2.36227523806613,1.95681012995796,1.20650453555807,-9.50468316138,0.627009111525473,-2.17635126938106,1.54934215785559,-0.0326913796314259,0.0326913796314259,-0.103819682389122,0.103819682389122,2.1485755937368,0.947237837048873,-3.09581343078568,0.834900531080596,-0.834900531080596,0.190179593488544,-0.190179593488544,-0.25027703672208,0.250277036722081,1.73883091052539,-0.184142453186821,-1.55468845733857,-0.860099459993924,-0.0383349016118856,0.89843436160581,0.495563186848985,-0.495563186848985,0.365242425498795,-0.365242425498795,0.104584403415071,-0.104584403415071,0.485672350554444,0.0582283357275038,-3.34296904593465,2.79906835965271,-0.0329789838958989,0.0329789838958986,"[54, 604]",-0.213364676640626,1.86597869149871,-0.132469478770314
60308,1604.13333333333,Trop/Subtrop Forests,2.16807261795105,0.945781233101427,0.333322963791624,0.386165445166004,-3.8333422600101,0.0562947655400535,-2.04219497111048,1.98590020557042,0.239326685412609,-0.239326685412609,-0.0631468626621461,0.063146862662146,1.93509957705892,1.05785936005664,-2.99295893711557,0.892077434921418,-0.892077434921418,0.211570309633443,-0.211570309633443,-0.454004555521217,0.454004555521217,1.73652527059613,-0.273141329541047,-1.46338394105508,-0.952389564860285,-0.0157022050784845,0.96809176993877,0.22436466566905,-0.22436466566905,0.407494496396185,-0.407494496396185,-0.0123463062951858,0.0123463062951858,0.347775257290188,0.132663877673243,-2.57538632342897,2.09494718846554,-0.102729529666293,0.102729529666293,"(1497, 8446]",2.0704264632652,1.36777365839424,-0.316844815965928
60309,3203.86666666667,Trop/Subtrop Forests,2.13857955982428,0.721513540037639,0.301233346144334,0.182517039304952,-3.34384348531121,0.153415361430654,-2.14481242619444,1.99139706476378,0.169143285175727,-0.169143285175726,-0.143425581278847,0.143425581278847,1.95178768972424,1.07518470611733,-3.02697239584157,0.861684017871388,-0.861684017871388,0.243461798910614,-0.243461798910614,-0.395494103192278,0.395494103192277,1.81967197388514,-0.311613717989998,-1.50805825589514,-1.08352328398448,0.0747725862192445,1.00875069776524,0.240893378071521,-0.240893378071521,0.335892276209292,-0.335892276209292,0.027966282126365,-0.0279662821263649,0.311220653032499,0.0364224268533968,-2.72419010433967,2.37654702445377,-0.037036383851938,0.0370363838519379,"(1497, 8446]",1.86263652717672,1.8768836257702,-0.616595909868552
60310,4660.13333333333,Trop/Subtrop Forests,2.27910692799676,0.641055758584326,0.141960474603825,-0.138941910862577,-2.92318125032233,0.178279963976111,-2.01894461336011,1.840664649384,0.062139999451996,-0.062139999451996,-0.138355648511715,0.138355648511715,1.96946756400364,0.909316453953308,-2.87878401795695,0.947540435133506,-0.947540435133506,0.219197892960588,-0.219197892960588,-0.262783288166853,0.262783288166853,1.80918982461862,-0.189221850463948,-1.61996797415467,-0.958251286242409,-0.0833273595802746,1.04157864582268,0.261500599848062,-0.261500599848062,0.345042556225372,-0.345042556225372,0.0706458481915661,-0.070645848191566,0.235147130498829,-0.242617631006273,-2.36922464112854,2.37669514163598,-0.0540496527280309,0.0540496527280309,"(1497, 8446]",0.970194998178665,1.27628077392046,-1.15501933463812
60402,283.4,Temp Forests,5.13879435914578,2.5811979759895,0.635287826934189,0.229822718826024,-8.5851028808955,-0.554430095951815,-1.0340031762137,1.58843327216552,0.693147180559945,-0.693147180559945,0.141116233842108,-0.141116233842108,2.01280323076795,0.0174448062986535,-2.0302480370666,0.884534029012992,-0.884534029012992,-0.169162902635268,0.169162902635268,0.0177009635254578,-0.0177009635254581,1.76029619537108,-0.239681174954508,-1.52061502041657,-1.03765371302199,-0.485585130721948,1.52323884374394,0.221395532860425,-0.221395532860425,0.461704099821509,-0.46170409982151,0.282334427893407,-0.282334427893407,-0.073139762382821,-0.835279814429718,-2.08804278292509,2.99646235973763,-0.146937021349851,0.146937021349851,"[54, 604]",-2.84543306544986,-1.27436431093547,-2.27174305574254
60404,1302.33333333333,Temp Forests,2.52126151282398,0.545982164309864,-0.581829279050509,-0.294147206598728,-2.19126719148461,0.110206391189551,-1.43371691413392,1.32351052294437,0.243895026682084,-0.243895026682084,0.313402616211612,-0.313402616211612,2.19007418821378,0.666037901933021,-2.8561120901468,1.02765627944007,-1.02765627944007,-0.16680191151871,0.16680191151871,-0.297645695278094,0.297645695278093,1.76196590898713,-0.689191756064234,-1.07277415292289,-0.895034805922959,-0.190672554542874,1.08570736046583,0.235093989017082,-0.235093989017082,0.366200327141304,-0.366200327141304,0.104424155563692,-0.104424155563692,0.260673743152868,-0.754871946816628,-2.18561807050735,2.67981627417111,-0.129226217068421,0.129226217068421,"(604, 1497]",-0.206377322637267,0.605457382651874,-1.24588131244418
60702,425.4,Grasslands,1.48324130897243,0.321616052475585,0.296923439885213,1.2901752128955,-3.39195601422872,0.589369327048698,-2.84461787743645,2.25524855038775,0.525605024886763,-0.525605024886763,-0.333239466738892,0.333239466738892,1.77227292211706,0.794051232512418,-2.56632415462948,0.686582534839049,-0.686582534839049,0.298720048301381,-0.298720048301381,-0.729748882571593,0.729748882571593,1.61981806766363,-0.299993328424319,-1.31982473923931,-1.05963970228592,0.251534028365863,0.808105673920057,0.626943597853825,-0.626943597853825,0.470865615858997,-0.470865615858997,0.126853100862188,-0.126853100862188,0.544866934593769,0.428230030868009,-2.53704303520127,1.5639460697395,-0.252418790960684,0.252418790960684,"[54, 604]",3.86669524971993,-0.880837970352629,2.2918263144274
60703,3169,Grasslands,1.5175634153733,0.744756302264113,-0.0259491126417071,0.242736459119419,-2.47910706411513,0.0341459312428526,-2.6514314140073,2.61728548276445,0.634255662731754,-0.634255662731754,-0.411929643707593,0.411929643707593,1.49068367535004,0.857654761843573,-2.34833843719361,0.966092997965097,-0.966092997965097,0.46115893608434,-0.46115893608434,-0.366817195506398,0.366817195506398,1.75702248319111,-0.504740615282682,-1.25228186790843,-0.90403483310375,-0.0347326106655142,0.938767443769264,0.190922841142642,-0.190922841142642,0.374128771635232,-0.374128771635232,0.0946481508605134,-0.0946481508605133,0.64805983620485,0.159903012251572,-3.12735011006137,2.31938726160494,0.00175482757215128,-0.00175482757215132,"(1497, 8446]",3.07919874121625,0.864935784847997,-2.34081631168734
60704,8445.93333333333,Grasslands,1.67897301362774,0.695786269779233,0.220329733959349,0.530241619364921,-3.12533063673125,0.452360251660511,-2.8102509667155,2.35789071505499,0.467133308994634,-0.467133308994634,-0.253631255934833,0.253631255934832,1.61200842956516,0.814897898152441,-2.42690632771761,0.781396666088179,-0.781396666088179,0.413250416135502,-0.413250416135502,-0.415024929121304,0.415024929121304,1.80700249847043,-0.397057375471645,-1.40994512299879,-1.00750211372539,0.0672426935360805,0.940259420189305,0.382582886481717,-0.382582886481717,0.317565201906292,-0.317565201906292,0.144205183357421,-0.144205183357421,0.501723837661047,0.138818343971678,-2.95010770648026,2.30956552484754,0.013486489079673,-0.0134864890796729,"(1497, 8446]",2.32693165817935,1.27652734960132,-0.672696400810907
60707,1423.26666666667,Grasslands,1.7638703634436,0.437679926393412,0.214536375079202,1.05825641411852,-3.47434307903473,0.567187692612115,-3.03012456797633,2.46293687536422,0.8028974605778,-0.8028974605778,-0.544151459504624,0.544151459504624,1.80982196106881,1.05742400303005,-2.86724596409886,0.81636568991463,-0.81636568991463,0.648503835146563,-0.648503835146563,-0.517066199821682,0.517066199821682,1.97605927670942,-0.628239419540662,-1.34781985716876,-1.1732862794557,0.280260308673358,0.893025970782343,0.494901079275355,-0.494901079275355,0.393336619285384,-0.393336619285384,0.227127636138798,-0.227127636138798,0.510621211533321,0.354829842248603,-2.72478391528609,1.85933286150417,-0.101931700284355,0.101931700284355,"(604, 1497]",4.24017903405964,0.121388337656508,-0.44672072153688
60708,1720.13333333333,Grasslands,1.86926070313185,0.650399286312162,0.545038770654336,0.379246515811592,-3.44394527590994,0.380274712492473,-2.32777548860974,1.94750077611726,0.226904471662878,-0.226904471662877,-0.112623300755494,0.112623300755494,1.84248230876914,0.745852181305026,-2.58833449007417,0.773860836287771,-0.773860836287771,0.186946656116175,-0.186946656116175,-0.466841237293012,0.466841237293012,1.74399642063319,-0.398700169631853,-1.34529625100134,-0.913921380570993,0.108131796226849,0.805789584344144,0.514346423868993,-0.514346423868993,0.406007197528568,-0.406007197528568,0.0710412568068865,-0.0710412568068864,0.514779110103883,-0.205767044644177,-2.73946385860161,2.4304517931419,-0.0468231793814242,0.0468231793814241,"(1497, 8446]",1.64472676971596,1.03342943606511,0.815288697880183
60709,2678.4,Grasslands,1.67000116751978,0.361345367837729,0.333060653999147,1.1902624695033,-3.55466965885995,0.517992146724002,-2.99355329210702,2.47556114538302,0.767884702070775,-0.767884702070775,-0.407445308716213,0.407445308716213,1.75557055590269,0.977045718696886,-2.73261627459958,0.724429096763374,-0.724429096763374,0.618813451353582,-0.618813451353582,-0.631940528539673,0.631940528539673,1.76945762075383,-0.635008659606481,-1.13444896114735,-1.21843042681677,0.308508294560374,0.9099221322564,0.550211121956675,-0.550211121956675,0.38151613099923,-0.38151613099923,0.203095004233056,-0.203095004233056,0.514520817884706,0.468083903591948,-2.84063262527604,1.85802790379939,-0.101975589770657,0.101975589770656,"(1497, 8446]",4.30048882007796,0.092579468714988,0.469048622959645
60710,1919.53333333333,Grasslands,2.21093658921691,0.617959953836882,0.240665722695413,0.204298078524539,-3.27386034427375,0.0389923752020162,-1.70475787483968,1.66576549963766,0.244832336822446,-0.244832336822446,0.0222258812854168,-0.022225881285417,1.92154072071665,0.628256554815646,-2.5497972755323,0.887546208371422,-0.887546208371422,0.160593674553708,-0.160593674553708,-0.265130841071555,0.265130841071555,1.73500564578928,-0.656074397484622,-1.07893124830466,-0.838296125293018,-0.072242173924985,0.910538299218003,0.346866587651381,-0.346866587651381,0.405393232883431,-0.405393232883431,0.0491538804637413,-0.0491538804637414,0.378432933415716,-0.299088929241148,-2.51984400398756,2.44049999981299,-0.0717585259943431,0.071758525994343,"(1497, 8446]",0.947846143076848,0.816933613051367,-0.695783379682942
60801,1045.33333333333,Grasslands,2.481086123196,0.906790919355006,0.60704597445395,0.0327599967707336,-4.02768301377569,0.275739850789988,-1.53955011584826,1.26381026505827,0.012658903992145,-0.012658903992145,0.363123564493145,-0.363123564493145,2.03083209221068,0.701577556137236,-2.73240964834791,0.87459992740463,-0.87459992740463,-0.00587550826775949,0.00587550826775939,-0.358833398867132,0.358833398867132,1.65773635609184,-0.385761539727481,-1.27197481636436,-0.776055862340092,-0.117594239768036,0.893650102108128,0.509695314871907,-0.509695314871907,0.373312093782658,-0.373312093782658,0.0418779769199268,-0.0418779769199269,0.443265844115198,-0.242038158983721,-2.79148332990929,2.59025564477782,-0.120207568911435,0.120207568911435,"(604, 1497]",-0.127386244313373,1.34890676820225,0.558484744963696
60802,354.066666666667,Grasslands,3.98520374934502,2.61725852689333,1.50029709955702,1.38251406390064,-9.48527343969601,0.0166107912492918,-1.08200149741882,1.06539070616953,-0.0575346648923936,0.0575346648923936,0.789489352474696,-0.789489352474696,2.38731256123579,1.03351736750886,-3.42082992874465,0.829114038301766,-0.829114038301766,0.0145995773461312,-0.014599577346131,-0.489533569009164,0.489533569009164,1.90740425962052,-0.673894235842548,-1.23351002377797,-0.43095734764323,-0.479747511812662,0.910704859455892,0.442845145712719,-0.442845145712719,0.287859597751001,-0.287859597751001,-0.100758002025051,0.100758002025051,0.849605863694857,-0.249006424973252,-3.24473869852724,2.64413925980564,-0.203717776047732,0.203717776047732,"[54, 604]",-1.22323107668414,3.52514759068652,0.748622059343413
60803,962.466666666667,Grasslands,3.85205014663202,2.20129036463601,1.90313699231694,1.63971954186479,-9.59619704544975,0.157445672495061,-1.34963022727747,1.19218455478241,-0.0531111066276538,0.0531111066276537,0.476978117380315,-0.476978117380315,1.9091989054012,0.661461073108509,-2.57065997850971,0.845145004531598,-0.845145004531598,-0.0621994545306251,0.0621994545306251,-0.345592235696048,0.345592235696048,1.75483724242888,-0.557589373409959,-1.19724786901892,-0.624149148626252,-0.290657540143177,0.914806688769429,0.379312554969726,-0.379312554969726,0.397632049735965,-0.397632049735965,0.0156908003705839,-0.015690800370584,0.343466218067487,-0.342076363107239,-2.33450652779744,2.3331166728372,-0.103168216498914,0.103168216498914,"(604, 1497]",-1.29170364038141,1.66968501044853,0.476707514466514
60805,552.733333333333,Grasslands,3.23442895688524,1.4870174781115,-1.19400405060279,-0.724000421357057,-2.80344196303689,-0.352596764715951,-0.863422388481942,1.21601915319789,0.323313582462526,-0.323313582462526,0.545588655090296,-0.545588655090296,2.18103738846474,0.466238960372816,-2.64727634883756,0.875232705384045,-0.875232705384045,-0.141476965627918,0.141476965627917,-0.244886107284079,0.244886107284079,1.9896656110532,-0.860700812229262,-1.12896479882394,-0.539847644764098,-0.60438616590167,1.14423381066577,0.338997687769672,-0.338997687769671,0.315866267783014,-0.315866267783014,0.109015678070937,-0.109015678070937,0.385049764664158,-0.842179901826045,-2.28909888476237,2.74622902192426,-0.136505941351994,0.136505941351994,"[54, 604]",-1.95195288954053,1.1693253165158,-1.11229507627973
60904,1085.33333333333,Grasslands,2.44919639792921,0.789013286489877,0.468845758893608,0.487537891905761,-4.19459333521846,0.183402793611176,-1.71994774102534,1.53654494741417,0.373286173616763,-0.373286173616763,-0.486309031590666,0.486309031590666,1.64601687337568,0.500078962004219,-2.1460958353799,1.01165321566932,-1.01165321566932,0.297353553873347,-0.297353553873346,-0.204765903745359,0.204765903745359,1.68503238927981,-0.0742279125552907,-1.61080447672452,-0.907747948061909,-0.0556596593520732,0.963407607413983,0.499119403453619,-0.499119403453619,0.413417016868333,-0.413417016868333,0.166087310275957,-0.166087310275957,0.245385296626577,0.0586093894832424,-2.58044794013202,2.2764532540222,-0.116165988684308,0.116165988684308,"(604, 1497]",1.19890280374572,-0.578652587601701,-1.3674949190445
60907,1099.73333333333,Grasslands,3.48789609305715,2.06298689580948,1.92833001066322,2.28770401157112,-9.76691701110096,0.82134977300739,-3.10062356327392,2.27927379026654,0.361650109365316,-0.361650109365316,-0.578492147445008,0.578492147445008,1.86703088054936,0.70662678622374,-2.5736576667731,0.604634245950323,-0.604634245950323,0.342152694989242,-0.342152694989242,-0.388324451202636,0.388324451202636,1.90813392061965,-0.347931156739507,-1.56020276388014,-0.865713039549819,0.0735672105490349,0.792145829000784,0.770628200009014,-0.770628200009014,0.26202359247884,-0.26202359247884,0.302532856255236,-0.302532856255236,0.34745862677811,-0.0848537313662428,-2.59037966835698,2.32777477294511,-0.0131779223526813,0.0131779223526813,"(604, 1497]",0.638656851683769,0.724580276845145,1.0085059538818
60908,486.733333333333,Grasslands,1.79860725016927,0.547803146159232,0.334881148916561,0.368217569184153,-3.04950911442921,-0.00273225573472626,-1.506809652511,1.50954190824573,0.0514286927198538,-0.0514286927198539,0.166886589826024,-0.166886589826024,1.93649039357616,0.776206284252552,-2.71269667782871,0.715554188454842,-0.715554188454842,-0.0184352679041639,0.0184352679041637,-0.521835585318404,0.521835585318404,1.65530923133351,-0.490090278138122,-1.16521895319539,-0.855408018297846,-0.0132252585774126,0.868633276875258,0.468046679585167,-0.468046679585168,0.386975606487621,-0.386975606487621,-0.0514924072787167,0.0514924072787169,0.518190825146137,-0.186790813060811,-2.53816607022429,2.20676605813896,-0.0652007498077975,0.0652007498077975,"[54, 604]",0.973770963058348,1.63839169015445,1.60291132001713
60909,493.133333333333,Grasslands,3.72547319795536,2.28549868737184,1.89463237868483,1.75487043630967,-9.66047470032169,0.259839865198408,-2.11506588937526,1.85522602417686,0.251045971898618,-0.251045971898618,0.108111554234818,-0.108111554234818,1.77039108771098,0.724242368578611,-2.49463345628959,0.813060206197018,-0.813060206197018,0.0860845926649683,-0.0860845926649683,-0.257733001661247,0.257733001661246,1.91163716924614,-0.406512440289016,-1.50512472895713,-0.942030106776844,0.0478489817547999,0.894181125022045,0.534290000784617,-0.534290000784617,0.301293801757109,-0.301293801757109,0.1209568269981,-0.1209568269981,0.69150158915659,-0.0871677648415175,-3.41937227501672,2.81503845070165,-0.00473937197727197,0.00473937197727191,"[54, 604]",-0.52887920544354,2.15811671651673,-0.349468048930519
61001,345.733333333333,Grasslands,4.69008044881241,2.53992338233417,0.964387021575756,0.782065464781801,-8.97645631750414,-0.23252725920927,-1.55428309919159,1.78681035840086,0.308093069711908,-0.308093069711908,0.246238242548897,-0.246238242548897,2.64018310122034,0.665054406165889,-3.30523750738623,1.10448779693587,-1.10448779693587,-0.104860265491035,0.104860265491034,-0.0870113769896297,0.0870113769896299,2.07775653957363,-1.2416108238409,-0.836145715732732,-0.437988266512087,-0.744718533934562,1.18270680044665,0.328183964528324,-0.328183964528324,0.351125973776432,-0.351125973776432,-0.00189753548427584,0.00189753548427582,0.910161815455314,-1.18307304835686,-2.28168533702497,2.55459656992651,-0.386329621743839,0.386329621743839,"[54, 604]",-1.41819732417546,0.387614426091136,-2.20408267094837
61002,794.733333333333,Grasslands,4.17591253944265,2.64788190164388,1.6362809899654,0.891840515017907,-9.35191594606984,-0.155016201805396,-1.2864183132965,1.44143451510189,0.234282907238054,-0.234282907238054,0.286501434358941,-0.286501434358941,2.6384645260919,1.33242019098359,-3.97088471707549,1.03405352830286,-1.03405352830286,0.0429952239277614,-0.0429952239277612,-0.215169186426652,0.215169186426652,2.04866970977711,-0.883883662155352,-1.16478604762175,-0.394806533015499,-0.413734542901018,0.808541075916518,0.298735985318291,-0.298735985318291,0.401423048908185,-0.401423048908185,-0.052863039772093,0.0528630397720928,1.09535428932047,-0.616362472234053,-2.89362975724381,2.4146379401574,-0.191716196554141,0.191716196554141,"(604, 1497]",-0.269971598631485,2.60099699861719,-1.23970500135069
61003,1480.13333333333,Grasslands,2.45254101509475,0.677588664183076,-0.192892531659785,-0.149089909001392,-2.78814723861665,-0.566914115457354,-0.927355542191563,1.49426965764892,0.322840321660511,-0.322840321660511,0.272613525241662,-0.272613525241661,1.99828749459768,1.00904776307736,-3.00733525767503,1.17184145577016,-1.17184145577016,0.025515740006223,-0.0255157400062229,-0.433405337305393,0.433405337305393,1.89378767682487,-0.726460320832894,-1.16732735599197,-1.12349319892683,0.0287285403466646,1.09476465858016,0.236098478073633,-0.236098478073633,0.450263264087796,-0.450263264087796,-0.0268488116679084,0.0268488116679085,0.508995771507522,-0.118400031489643,-2.45175678315044,2.06116104313256,-0.209338760807379,0.209338760807379,"(604, 1497]",1.61984149935316,0.774137007380671,-1.33078873840355
61004,259.533333333333,Grasslands,2.47666293553039,1.33496706072597,-1.02588694039205,-1.24903049170626,-1.53671256415804,-2.03973263787251,0.157491939463709,1.8822406984088,0.604918961889167,-0.604918961889167,0.050891347154971,-0.0508913471549713,1.88393969978508,1.40827033300367,-3.29221003278875,1.37879796882682,-1.37879796882682,0.16666378997087,-0.166663789970871,-0.177670360462798,0.177670360462798,2.32837763333449,-1.05261704101014,-1.27576059232435,-1.16934609416347,0.099165231300035,1.07018086286344,0.219361164932323,-0.219361164932323,0.340488322469845,-0.340488322469845,0.0107531026104819,-0.0107531026104818,0.339623351361596,-0.598646287231334,-1.8795801326934,2.13860306856314,-0.074107972153722,0.0741079721537218,"[54, 604]",1.13868749468982,1.69510869446746,-3.8865248710609
61006,2007.4,Grasslands,2.18929242064101,0.714805347485656,-0.956809809900335,-0.352390744949074,-1.59489721327725,-0.872863182028926,-1.16662430055709,2.03948748258601,0.678625346674686,-0.678625346674686,-0.0510647475381898,0.05106474753819,2.07256788333149,1.32222089220607,-3.39478877553756,1.32210139955573,-1.32210139955573,0.340918897561217,-0.340918897561217,-0.210402886642823,0.210402886642823,1.81978172369909,-0.707158307795463,-1.11262341590363,-1.24335377329092,0.055201673520961,1.18815209976996,0.0766824125849597,-0.0766824125849597,0.379683893940251,-0.379683893940251,0.104148521598608,-0.104148521598608,0.47703599456062,-0.0273690614024478,-2.45778752590638,2.00812059274821,-0.162326251685163,0.162326251685163,"(1497, 8446]",2.67059474366268,0.294079909657994,-4.00983259148819
61008,422.4,Grasslands,4.96298248500247,3.1776539061047,1.30585172920311,-0.773589812476723,-8.67289830783356,-0.154110424609127,-1.10962186963656,1.26373229424569,0.35197904833208,-0.35197904833208,0.58428543863751,-0.58428543863751,2.48320313165601,1.030045825307,-3.51324895696301,1.02182621691413,-1.02182621691413,-0.19488309928253,0.19488309928253,-0.27913989119634,0.27913989119634,2.10248595584445,-0.848510423868145,-1.25397553197631,-0.513755511943559,-0.499769269968819,1.01352478191238,0.251501449042391,-0.251501449042391,0.313834625590219,-0.313834625590219,-0.0223679469206957,0.0223679469206957,0.644255484673952,-1.65832960832009,-1.65832960832009,2.67240373196624,-0.201977836929655,0.201977836929655,"[54, 604]",-1.97952222353678,2.611362896137,-1.01474504211211
61010,476.866666666667,Grasslands,4.33171616239297,3.06476855890564,1.97857879023609,-0.218645787100128,-9.15641772443458,-0.00939029232223193,-1.61882820475633,1.62821849707856,0.080921512725207,-0.0809215127252072,0.591347702939326,-0.591347702939325,2.37161149563394,0.770205754897103,-3.14181725053104,0.896794647952565,-0.896794647952566,0.137365460052352,-0.137365460052351,-0.243047421254137,0.243047421254137,2.12360907525715,-0.652649375871597,-1.47095969938555,-0.190932957978876,-0.614747204755237,0.805680162734112,0.382992252256106,-0.382992252256106,0.405204215850745,-0.405204215850745,-0.098298092293274,0.0982980922932739,1.2639095347044,-0.822858047067506,-2.96292421056378,2.52187272292688,-0.146305309326465,0.146305309326465,"[54, 604]",-1.41595582112028,3.28953467703476,-0.433877037725903
61201,1233.46666666667,Mediterranean Scrub,2.49747137883992,0.629225815053178,-0.195257367567854,-0.0794255520427325,-2.85201427428251,0.281280412506431,-1.31942381995891,1.03814340745248,0.181121584452625,-0.181121584452625,0.598526180740681,-0.598526180740681,2.1341702842215,0.531116342397322,-2.66528662661882,0.938716014956831,-0.938716014956831,-0.0458421413445112,0.0458421413445111,-0.511969688332727,0.511969688332727,1.92312949484511,-0.712977980123725,-1.21015151472139,-0.538543468782093,-0.30189923024898,0.840442699031073,0.261450971655515,-0.261450971655515,0.391116026064793,-0.391116026064793,-0.016688080578499,0.0166880805784992,0.62270955168536,-0.962035748158369,-2.19070116507468,2.53002736154769,-0.0453091169603114,0.0453091169603115,"(604, 1497]",-0.238264646146627,2.3075547640829,-0.134245451931632
61304,4888.66666666667,Deserts & Drylands,1.72625036204305,0.820487394626858,0.534081646534682,0.682384356479517,-3.76320375968411,0.430775705353638,-2.68785470452351,2.25707899916987,0.510204119646192,-0.510204119646192,-0.340419666442674,0.340419666442674,1.76062538839157,0.868831558722951,-2.62945694711452,0.745138230046265,-0.745138230046265,0.414814472060369,-0.414814472060369,-0.470051593176896,0.470051593176896,1.81716876018297,-0.330846804810157,-1.48632195537281,-0.910324798713473,0.117024469933146,0.793300328780328,0.443831362010882,-0.443831362010882,0.352145299372681,-0.352145299372681,0.164532397671676,-0.164532397671676,0.581904748436191,0.16831423288411,-3.00277092814774,2.25255194682744,0.0136311633487165,-0.0136311633487166,"(1497, 8446]",2.52495740500954,1.30956535977186,-0.0802075745028904
61305,929.733333333333,Deserts & Drylands,1.9236089834138,0.916680977434714,0.520785320342701,0.772099748623607,-4.13317502981482,0.387442701018072,-2.21524698442631,1.82780428340824,0.485389458579112,-0.485389458579112,-0.327844809012523,0.327844809012522,1.64790071852411,0.693182609516065,-2.34108332804017,0.806735087981019,-0.806735087981019,0.388751049225831,-0.388751049225831,-0.463542488502518,0.463542488502518,1.76111922691886,-0.157100121991267,-1.60401910492759,-0.867454103955373,0.114521280986976,0.752932822968398,0.47507600038234,-0.47507600038234,0.388131043635226,-0.388131043635226,0.165623541289222,-0.165623541289222,0.35572001121485,0.329051764132688,-2.72225036057611,2.03747858522858,-0.00617836634445291,0.00617836634445269,"(604, 1497]",2.19234728778664,0.84624445952488,-0.0125028641372902
61306,269.733333333333,Deserts & Drylands,2.63605212758236,2.57996266093132,2.23963685499412,2.47886654405995,-9.93451818756775,0.36390523653635,-2.46930810751987,2.10540287098352,0.520009062201028,-0.520009062201028,0.0285792069199742,-0.0285792069199742,1.49847882850601,0.796281812426151,-2.29476064093217,0.752038698388137,-0.752038698388137,0.401423048908185,-0.401423048908185,-1.11822264524475,1.11822264524475,1.64423421937335,-0.49047000098154,-1.1537642183918,-0.67357998232844,0.287162512116549,0.38641747021189,0.49606440413283,-0.49606440413283,0.583026784731821,-0.583026784731821,-0.0342991581713761,0.034299158171376,0.398644674311828,0.305118616301004,-2.52809472775521,1.82433143714238,0.10339720665634,-0.10339720665634,"[54, 604]",3.25526511496126,2.02002405930794,2.67437486638932
61307,563.133333333333,Deserts & Drylands,3.61790307521753,2.17551924744659,1.99319769065264,1.92968428493031,-9.71630429824708,0.4112109616147,-1.75524195705477,1.34403099544007,0.271497453349691,-0.271497453349691,-0.0686005607567425,0.0686005607567427,1.97548921644232,0.660173824781007,-2.63566304122332,0.831198243070356,-0.831198243070356,0.122766273103844,-0.122766273103844,-0.428326232777212,0.428326232777212,1.94698870148811,0.102386750885676,-2.04937545237379,-0.753884505145712,-0.0354195166014766,0.789304021747188,0.59224295832622,-0.59224295832622,0.474299487553406,-0.474299487553406,0.137014991641727,-0.137014991641727,0.166172353655876,-0.139994533470008,-1.9467918800626,1.92061405987674,-0.108724567710327,0.108724567710327,"[54, 604]",-0.089117901502326,0.735952347686151,1.23839816337969
61308,761,Deserts & Drylands,2.94431577721448,2.16799109017563,2.1048121885541,2.67677381231182,-9.89389286825603,0.55799214452389,-2.77421236565131,2.21622022112742,0.446748861172799,-0.446748861172799,-0.149621447426428,0.149621447426428,1.84485549734408,0.682545848389907,-2.52740134573399,0.549306144334055,-0.549306144334055,0.378461607978591,-0.378461607978591,-0.858705916301722,0.858705916301722,1.66359434802642,-0.336597821999273,-1.32699652602715,-0.823058269956529,0.197301821811833,0.625756448144696,0.744377971040921,-0.74437797104092,0.38394730353388,-0.38394730353388,0.102608078916913,-0.102608078916913,0.320017810962225,0.38232169429838,-2.54218306996724,1.83984356470664,-0.0501509353507829,0.050150935350783,"(604, 1497]",2.21266631849622,1.25785756176949,3.1363995126066
61309,539.266666666667,Deserts & Drylands,3.35936834852217,2.09960418456782,2.16311759029014,2.19342293978547,-9.81551306316561,0.277289477274114,-2.00509290840241,1.7278034311283,0.581575404902841,-0.581575404902841,-0.238041337661059,0.238041337661059,2.32548806546448,1.4889084212973,-3.81439648676178,0.878277917017538,-0.878277917017538,0.281153789800567,-0.281153789800567,-0.551883469628387,0.551883469628387,1.80125999485046,-0.0597507104183667,-1.74150928443209,-1.16930583894534,0.307960300380277,0.861345538565064,0.493892351560155,-0.493892351560156,0.453902058998418,-0.453902058998418,0.0517448038610073,-0.0517448038610073,0.439362889505048,0.331942640884211,-2.63333042518507,1.86202489479581,-0.137769842813028,0.137769842813028,"[54, 604]",2.59193297325885,1.47061257639249,0.882092245810596
61312,219.266666666667,Deserts & Drylands,3.37099819564985,2.50457929381587,2.18949824717597,1.72687472522786,-9.79195046186956,0.682889961004361,-2.08969876123542,1.40680880023106,0.177272508840454,-0.177272508840454,0.181452746844684,-0.181452746844684,1.77454505817744,0.650614961525043,-2.42516001970248,0.576710262581553,-0.576710262581552,0.29891850037781,-0.29891850037781,-0.741416144081269,0.741416144081269,2.0779061482082,0.174921043869924,-2.25282719207813,-0.582785476818864,-0.000863931369143007,0.583649408188007,0.666664412769989,-0.666664412769989,0.405465108108164,-0.405465108108164,0.123817285661253,-0.123817285661253,2.43143550817294,2.19963389411562,-9.12015909795644,4.48908969566787,0.119975334815295,-0.119975334815296,"[54, 604]",0.61889469092861,5.38685864409652,0.576130852422609
61314,476.266666666667,Deserts & Drylands,3.48952420348313,2.80594647393934,2.00213372549187,1.41008266180329,-9.70768706471763,0.533801913578946,-1.98389455903205,1.4500926454531,0.146673904993729,-0.146673904993729,0.10514770441818,-0.10514770441818,2.4428713712923,1.21233153958164,-3.65520291087394,0.707697188803166,-0.707697188803166,0.244423358523608,-0.244423358523608,-0.59916949330384,0.59916949330384,1.60018513039617,-0.371367449272476,-1.2288176811237,-0.620723047812287,-0.0786824046983713,0.699405452510658,0.514809708590579,-0.514809708590579,0.426600968289074,-0.426600968289074,0.0605835668203123,-0.0605835668203119,0.770895561351309,0.0357841816923316,-3.51956387979708,2.71288413675344,0.0755201287064329,-0.0755201287064329,"[54, 604]",0.562514766328857,2.94663286587538,1.31874357819253
61315,953.133333333333,Deserts & Drylands,2.45757007315189,0.841487617999124,0.344455316365469,-0.390656063293509,-3.25285694422298,0.348762156555457,-1.64366800813475,1.29490585157929,0.175988211578589,-0.175988211578589,0.469134819296465,-0.469134819296465,2.0757008131476,0.688275869657421,-2.76397668280502,0.960082637001883,-0.960082637001883,0.00833352624260591,-0.00833352624260576,-0.472780557087134,0.472780557087134,1.96603007375547,-0.47583906435255,-1.49019100940292,-0.587524612547801,-0.214424788941668,0.801949401489469,0.412022579147078,-0.412022579147078,0.47607610724541,-0.47607610724541,-0.0960388658696597,0.0960388658696597,0.885922794240701,-0.523255860712778,-2.720480438049,2.35781350452107,-0.130964788174683,0.130964788174683,"(604, 1497]",0.532367788322562,2.08461779573127,0.413064385171539
61316,1026,Deserts & Drylands,3.7201069719404,2.71886884729746,1.74147012938253,1.43999473479841,-9.62044068341879,0.190147484073982,-1.64686857674219,1.45672109266821,-0.00930259391551728,0.00930259391551701,0.269019093645438,-0.269019093645438,2.10653950622469,0.982097595179137,-3.08863710140383,0.787188302088641,-0.787188302088641,0.12740669108276,-0.127406691082761,-0.497056364362124,0.497056364362124,1.82197711000083,-0.203347606003845,-1.61862950399699,-0.689149370442369,-0.196292440219194,0.885441810661564,0.423981045782033,-0.423981045782033,0.445208349394887,-0.445208349394887,-0.0161541216163289,0.0161541216163288,0.552154704902303,-0.104624831486767,-2.92600371789598,2.47847384448045,-0.0650462650638362,0.0650462650638363,"(604, 1497]",-0.282611704959929,2.37258541225114,1.01251834763959
61401,1518.93333333333,Trop/Subtrop Forests,1.84098485490485,0.27236893699101,0.367679116795335,1.08962828825899,-3.57066119695019,0.583363773032765,-2.70503811448405,2.12167434145128,0.620516314354939,-0.620516314354939,-0.498571414251625,0.498571414251625,1.8575453592042,0.793568567198847,-2.65111392640305,0.706606522189851,-0.706606522189851,0.440677551275255,-0.440677551275255,-0.491205140504523,0.491205140504523,1.80747985057566,-0.392914301521839,-1.41456554905382,-0.987441617549718,0.113390427856705,0.874051189693013,0.615888253348494,-0.615888253348495,0.360232616115663,-0.360232616115663,0.19371934010662,-0.19371934010662,0.364841159450235,0.276222323506535,-2.50801701595322,1.86695353299645,-0.109032164440833,0.109032164440832,"(1497, 8446]",2.96697467521557,0.027296358253419,0.683584272199636
61402,788.266666666667,Trop/Subtrop Forests,1.62473269143985,0.938505953724479,0.536483189807288,0.938505953724479,-4.0382277886961,0.306009450590899,-2.1788971991971,1.8728877486062,0.633809034743146,-0.633809034743146,-0.361067358716599,0.361067358716599,1.57543998440352,0.747200130652097,-2.32264011505562,0.802360461277981,-0.802360461277981,0.365930846370318,-0.365930846370318,-0.66929528158134,0.66929528158134,1.64729362802578,-0.363068353250227,-1.28422527477555,-0.876269864957035,0.242751295342282,0.633518569614753,0.584536659857031,-0.584536659857031,0.516664998288847,-0.516664998288847,0.0713999100792844,-0.0713999100792844,0.370229795860972,0.292452094818288,-2.54076124923793,1.87807935855867,-0.0509266391966305,0.0509266391966303,"(604, 1497]",3.35564401953938,0.145694678175839,1.24389333798468
61403,1634.2,Trop/Subtrop Forests,1.81645539255741,0.321620862862314,0.533233216577334,0.677021109369046,-3.3483305813661,0.474746834741376,-2.46309146039371,1.98834462565234,0.587560087352077,-0.587560087352077,-0.538644759599644,0.538644759599644,1.77132279571609,0.780440857229559,-2.55176365294565,0.772084026719048,-0.772084026719048,0.437843431824945,-0.437843431824945,-0.521230064028805,0.521230064028804,1.68658443518558,-0.333480278918049,-1.35310415626753,-0.969625455174423,0.16491884271975,0.804706612454673,0.583248846579695,-0.583248846579695,0.421505763603259,-0.421505763603259,0.138222999592427,-0.138222999592428,0.432738748456011,0.341447328246604,-2.77944808826139,2.00526201155878,-0.139232708673429,0.139232708673429,"(1497, 8446]",3.38624549365266,-0.166340498069816,0.632636851294267
61404,618.2,Trop/Subtrop Forests,3.28956124836633,2.3308827381422,2.2220798782934,1.99027826423607,-9.832802129038,0.640788922540222,-2.12132849983226,1.48053957729204,0.189366022955548,-0.189366022955548,-0.0695564012313589,0.0695564012313588,1.90530306014131,0.615095577893919,-2.52039863803523,0.623641751365371,-0.623641751365371,0.283270778144192,-0.283270778144191,-0.682103786858523,0.682103786858524,1.68210099695287,-0.373320174485497,-1.30878082246737,-0.625638451300464,-0.00287206750231787,0.628510518802782,0.596572582836936,-0.596572582836936,0.438419769743839,-0.438419769743839,0.0895467580883595,-0.0895467580883594,0.665400430073882,0.304785888131069,-3.33280027159532,2.36261395339037,-0.0362574904882759,0.0362574904882762,"(604, 1497]",1.09769864419045,1.69136313732262,2.06603696414352
61405,426.866666666667,Trop/Subtrop Forests,3.1564853258858,2.00942065383175,1.84815250623562,2.81323340227921,-9.82729188823238,3.39656019845185,-8.52453673622429,5.12797653777244,0.713558177820073,-0.713558177820073,-0.209355167429092,0.209355167429093,1.76484023153921,0.758035492124222,-2.52287572366343,0.645187119620576,-0.645187119620576,0.458145365937078,-0.458145365937078,-0.71967446203789,0.71967446203789,1.61766878329756,0.00823087086345714,-1.62589965416101,-1.10154289807327,0.127122518843035,0.974420379230238,0.581575404902841,-0.581575404902841,0.495922156621202,-0.495922156621202,0.0835270423315831,-0.0835270423315831,0.603360112810242,0.68635703238121,-2.94241849766302,1.65270135247157,-0.262820354775566,0.262820354775566,"[54, 604]",4.7483678571753,-0.901567351556855,2.12675537543663
61406,1576.13333333333,Trop/Subtrop Forests,1.64429523019373,0.307650777717656,0.288722767832137,1.14055990065276,-3.38122867639628,0.327061771656756,-2.54461785322726,2.2175560815705,0.750555017774236,-0.750555017774236,-0.432498718743302,0.432498718743302,1.91648169579949,1.03994122903121,-2.95642292483069,0.788492083792181,-0.788492083792181,0.46043021378211,-0.46043021378211,-0.560379850789943,0.560379850789943,1.73776209220021,-0.393237259144478,-1.34452483305573,-1.09055127760972,0.209371706542385,0.881179571067336,0.464566542392691,-0.464566542392691,0.450725609005691,-0.45072560900569,0.209338232914857,-0.209338232914857,0.578581799998697,0.200245359278785,-2.46844376794284,1.68961660866536,-0.189271037551353,0.189271037551352,"(1497, 8446]",3.94545999343577,-0.594753839029391,0.427581131862545
61407,525.2,Trop/Subtrop Forests,1.73316336919673,0.572773720832379,0.643725456804663,0.697071437509956,-3.64673398434373,1.04677894680165,-3.18732755779561,2.14054861099397,0.460412943519773,-0.460412943519773,-0.270798641216372,0.270798641216372,1.72088069334826,0.864553426241663,-2.58543411958992,0.71430949276234,-0.71430949276234,0.314304329711187,-0.314304329711187,-0.640466922731032,0.640466922731032,1.93428106272183,-0.456314907594926,-1.47796615512691,-1.03566250038637,0.324790629549629,0.710871870836745,0.685952811833896,-0.685952811833896,0.326379559827329,-0.326379559827329,0.0884210455146646,-0.0884210455146644,0.203828703633538,0.203828703633538,-2.38643846181229,1.97878105454521,0.0140414843714126,-0.0140414843714127,"[54, 604]",2.80308576762603,1.65276788255047,1.62719945447459
70106,1104.26666666667,Trop/Subtrop Forests,1.95375917617252,0.545323689175412,0.180083382377756,0.574737574381705,-3.25390382210739,0.0395196532921452,-1.74176851606861,1.70224886277647,0.720733338494105,-0.720733338494105,-0.316861880044572,0.316861880044572,1.70629313443371,0.756291345217245,-2.46258447965096,0.860355061539103,-0.860355061539103,0.337157116113426,-0.337157116113427,-0.338916472793451,0.338916472793451,1.83295172544015,-0.265607376174162,-1.56734434926599,-1.24069292714078,0.251923026116484,0.9887699010243,0.360470521880587,-0.360470521880587,0.399200991192509,-0.399200991192509,-0.0499702240942436,0.0499702240942435,0.224617756110476,0.179722436202585,-2.15395324386149,1.74961305154843,-0.166842712857017,0.166842712857017,"(604, 1497]",3.09567540571107,0.684892642205727,-0.382365161463131
70113,349.4,Trop/Subtrop Forests,1.62110230590204,0.448878199890684,0.0741847504492735,0.585010374215264,-2.72917563045726,0.443317535728832,-2.41888334520064,1.9755658094718,0.893268762623452,-0.893268762623452,-0.370968672364689,0.370968672364689,1.65481530387563,0.920846128795427,-2.57566143267105,1.09737619409542,-1.09737619409542,0.278553188164998,-0.278553188164999,-0.49606440413283,0.49606440413283,1.73269065051899,-0.21321949853632,-1.51947115198267,-1.13523521154707,0.349499222386075,0.785735989160993,0.370633214452072,-0.370633214452072,0.419460424024578,-0.419460424024578,0.106166317604997,-0.106166317604997,0.336956332367142,0.282889111096866,-2.20201753869113,1.58217209522713,-0.207418623968514,0.207418623968514,"[54, 604]",4.04427747027439,-0.326085481388525,-0.947884546245701
70202,867.466666666667,Trop/Subtrop Forests,2.05670518591437,0.718985494943039,0.465204974166939,0.793709041138975,-4.03460469616333,0.156583902782522,-1.46082217930076,1.30423827651823,0.597343059378866,-0.597343059378866,0.0521800076621213,-0.0521800076621213,1.69017896139007,0.631162288806551,-2.32134125019662,0.845838005335536,-0.845838005335536,0.227156706751324,-0.227156706751324,-0.430018443082317,0.430018443082317,1.81599790272477,-0.25523244912467,-1.5607654536001,-0.944235292091581,0.0352343414041058,0.909000950687475,0.415814766114739,-0.41581476611474,0.43140752579267,-0.43140752579267,0.0141920596587175,-0.0141920596587176,0.212997450116995,0.0909824995540311,-2.14515749403186,1.84117754436084,-0.183092566969862,0.183092566969862,"(604, 1497]",1.87541447160031,0.636527067164238,0.359517152867232
70701,75.9333333333333,Grasslands,4.38087740410322,2.53505071360489,0.33782613626867,1.94726404870277,-9.20101830267955,-0.237165439742714,-0.824952104644833,1.06211754438755,0.895879734614028,-0.895879734614027,0.346573590279973,-0.346573590279973,5.1271415380359,3.39790242578918,-8.52504396382508,0.895879734614028,-0.895879734614027,0,0,-0.0492200364066262,0.0492200364066264,1.93910318432681,-0.714138780280408,-1.2249644040464,-1.38163228046164,-0.400803027449918,1.78243530791156,0.28355322983229,-0.28355322983229,0.390079278774788,-0.390079278774788,0.140925576070494,-0.140925576070494,-0.706057988847905,-0.118271323945786,-1.2168836126139,2.04121292540759,-0.309519604203112,0.309519604203112,"[54, 604]",0.245348035806338,1.85403345039917,-0.555079001555968
70702,299.066666666667,Grasslands,3.52746539213013,2.34881039578849,1.86330258000679,2.00848458985128,-9.74806295777669,0.345689657111534,-1.41529815344977,1.06960849633823,0.486724572857052,-0.486724572857052,-0.0575346648923936,0.0575346648923936,1.656604433192,0.55799214452389,-2.21459657771589,0.932814658897255,-0.932814658897255,0.210758408559336,-0.210758408559336,-0.405465108108164,0.405465108108164,1.65238664302329,-0.0895404524568862,-1.56284619056641,-0.737851949942561,-0.0564008091458073,0.794252759088369,0.574582283915471,-0.574582283915471,0.524389957460117,-0.524389957460117,0.0675512424282819,-0.0675512424282819,0.511265330186457,0.360983127137118,-3.24993478550711,2.37768632818353,-0.13671502487229,0.13671502487229,"[54, 604]",0.68316668504132,0.377384691582462,0.126842929231678
80101,3921.06666666667,Trop/Subtrop Forests,1.35532092029289,0.420405749410367,-0.0469903164282877,0.215373948039203,-1.94411030131417,-0.147729637132996,-1.69224800346778,1.83997764060078,-0.0400547684790768,0.0400547684790768,-0.151196461484175,0.151196461484175,1.67679786153895,0.594541438174457,-2.27133929971341,0.808919623375845,-0.808919623375845,-0.176383891788004,0.176383891788004,-0.857895151217054,0.857895151217054,1.35166614707429,-0.474442802168399,-0.877223344905894,-1.02988371725165,0.0868286130600741,0.943055104191579,0.478041600165874,-0.478041600165874,0.509789001235718,-0.509789001235718,0.213251751089128,-0.213251751089128,-0.241476887805178,0.0298560466450731,-1.31342092939113,1.52504177055123,-0.162834095633934,0.162834095633934,"(1497, 8446]",1.73705746553397,-2.03207089383977,2.57853939736407
80102,4590.66666666667,Trop/Subtrop Forests,1.56822130252686,0.716522214051172,0.214949795765664,0.261544569371661,-2.76123788171536,-0.169758852592382,-1.69420355219309,1.86396240478547,-0.00288660595565992,0.00288660595565956,-0.120288801632154,0.120288801632154,1.64233143583651,0.598527383663394,-2.2408588194999,0.761213267722235,-0.761213267722235,-0.0595775960389695,0.0595775960389695,-0.779374697904581,0.779374697904581,1.45035526765863,-0.479161071621005,-0.971194196037628,-1.11231499864991,0.117754106367741,0.994560892282165,0.471482783057983,-0.471482783057983,0.435962364459585,-0.435962364459586,0.178753054136383,-0.178753054136383,-0.2705672319687,0.0305728252389243,-1.44355649077467,1.68355089750444,-0.0945676180864424,0.0945676180864426,"(1497, 8446]",1.481342367641,-0.98108965394708,2.17160853156897
80401,1478,Temp Forests,4.53148933361171,2.24007754121579,0.907850401366173,1.44465151153542,-9.12406878772909,-0.122068542767399,-1.17394335358382,1.29601189635122,-0.358759408690616,0.358759408690616,0.579664480924636,-0.579664480924636,1.61060939058344,0.339043295124972,-1.94965268570841,0.79177324925068,-0.791773249250679,-0.0822567334314025,0.0822567334314026,-0.245255998183138,0.245255998183138,2.1596163933921,-0.584212176672415,-1.57540421671969,-1.03921913292688,-0.0980308494310011,1.13724998235788,0.369490858451872,-0.369490858451872,0.271906061381149,-0.271906061381149,0.186037657632838,-0.186037657632838,-0.743361406141097,-0.358515585235668,-1.63944943069773,2.7413264220745,0.00326798548989276,-0.00326798548989277,"(604, 1497]",-3.24911225588423,1.76198990521722,-0.0223193006761275
80402,4878.73333333333,Temp Forests,2.75093585045226,1.0531515746569,-0.46631074095885,-0.0265565593720534,-3.31122012477826,0.0790029521681999,-1.45328228400247,1.37427933183427,-0.428852423373784,0.428852423373784,0.379281115349506,-0.379281115349506,1.8542394446148,0.240992003764036,-2.09523144837884,0.883999915798396,-0.883999915798396,-0.157644033922192,0.157644033922192,-0.188624617876744,0.188624617876744,1.98851666315843,-0.311051836296186,-1.67746482686225,-0.886691717820418,-0.237897704810275,1.12458942263069,0.402912306090314,-0.402912306090314,0.362623112621633,-0.362623112621633,0.22758152573254,-0.22758152573254,-0.900856959026421,-0.727491714254537,-0.499515568102118,2.12786424138308,-0.10636926937606,0.10636926937606,"(1497, 8446]",-2.53832136169585,-0.33261860099588,0.329803519481027
80403,728.466666666667,Temp Forests,2.6279163947037,0.368681742583273,-0.0367833655248916,-0.237454060987043,-2.72236071077504,0.34205867680335,-1.20647048254376,0.864411805740408,-0.0331875344724363,0.0331875344724365,0.381578673066297,-0.381578673066297,1.6602327376274,0.250826236631757,-1.91105897425915,0.864021827420974,-0.864021827420974,-0.0230303866882672,0.0230303866882674,-0.153804659052203,0.153804659052203,1.98667077534293,-0.126034859977414,-1.86063591536552,-0.870410884367361,-0.210711637874955,1.08112252224232,0.552286779092304,-0.552286779092305,0.36918613928244,-0.369186139282441,0.177918301901502,-0.177918301901502,-0.0369398137002208,-0.661094122773215,-1.86506692709915,2.56310086357259,-0.0725250809983614,0.0725250809983614,"(604, 1497]",-1.89136752317527,0.601582143978054,0.0741447524900869
80404,1801.2,Temp Forests,4.44805808629928,2.11989919399313,1.2274191108127,1.40236056030903,-9.19773695141413,0.145481195943999,-1.28606975676401,1.14058856082001,-0.466891944660836,0.466891944660836,0.642255833404974,-0.642255833404974,1.66635815723173,0.46238535290579,-2.12874351013752,0.768180070248703,-0.768180070248703,-0.0703638297475587,0.0703638297475588,-0.245785841561528,0.245785841561528,2.09487712576286,-0.487379315936892,-1.60749780982597,-1.01095857955031,-0.0379235982654044,1.04888217781572,0.447418258621453,-0.447418258621453,0.301747806889886,-0.301747806889886,0.163890585125499,-0.163890585125498,-0.635734466768893,-0.443362574121437,-1.68989499286617,2.7689920337565,0.0144937684366261,-0.0144937684366262,"(1497, 8446]",-3.20001220129665,1.99604867367168,0.65677228119267
80405,2872.93333333333,Temp Forests,2.6899952925749,0.813907116515322,-0.640655215733572,-0.00338849356808291,-2.85985869978857,0.0417854714803552,-1.41642147122982,1.37463599974947,-0.509340454288048,0.509340454288048,0.481775102701687,-0.481775102701687,1.8343312523171,0.224459594484745,-2.05879084680185,0.864914701762999,-0.864914701762999,-0.244792337222421,0.244792337222421,-0.266935456441937,0.266935456441937,1.96471949155763,-0.301017498038436,-1.66370199351919,-0.902490506581463,-0.267386695671433,1.1698772022529,0.364478316628328,-0.364478316628328,0.332633163398569,-0.332633163398569,0.180743023517571,-0.180743023517571,-0.970557718033505,-0.52928315722863,-0.652103986914971,2.15194486217711,-0.178750524450519,0.178750524450519,"(1497, 8446]",-2.46037551969758,-0.256913356497381,0.684956900875924
80406,3067.2,Temp Forests,3.02816033420573,0.932119435581488,-0.313546271043118,0.183321000472166,-3.83005449921627,0.0256879661316572,-1.36487079377469,1.33918282764303,-0.222009033917019,0.222009033917019,0.415684441946801,-0.415684441946801,1.73743233732764,0.280721088134933,-2.01815342546258,0.864370930465595,-0.864370930465595,-0.0450017357746538,0.045001735774654,-0.177463600497286,0.177463600497286,2.02767619537085,-0.357744903202342,-1.66993129216851,-1.07835027495593,-0.133413945004813,1.21176421996075,0.397755704274573,-0.397755704274573,0.314917450572809,-0.314917450572809,0.175745646202464,-0.175745646202464,-0.694912119661568,-0.544251844774078,-1.37996208998889,2.61912605442454,-0.0450291236728334,0.0450291236728334,"(1497, 8446]",-2.19948658231311,0.697307162714541,-0.30967199060689
80407,271.733333333333,Temp Forests,3.91647963964312,2.39326290265615,1.33721022840683,1.89682601634225,-9.54377878704835,-0.00414083999951913,-1.20811364432546,1.21225448432497,-0.508467128826921,0.508467128826921,0.629477469371644,-0.629477469371645,2.04494063126555,0.596868910449415,-2.64180954171496,0.527776399603831,-0.527776399603831,-0.195269728945744,0.195269728945744,-0.363524366117813,0.363524366117813,1.99612762685686,-0.408736315257606,-1.58739131159925,-1.04348365919141,-0.183282393968295,1.2267660531597,0.543656366707088,-0.543656366707088,0.253871978614291,-0.253871978614291,0.297493708043851,-0.297493708043851,-0.716073114070971,-0.508433749292726,-1.20158092985267,2.42608779321637,0.0731639770730246,-0.0731639770730247,"[54, 604]",-3.96903818130963,1.77508256474794,2.20458510216144
80408,2632.2,Temp Forests,3.2927217842772,1.08464719091692,-0.188318484895969,0.343073416451499,-4.53212390674965,-0.125897354777796,-1.27547608703793,1.40137344181573,-0.529673785073083,0.529673785073083,0.417893756512542,-0.417893756512542,1.80388237375751,0.463073367031737,-2.26695574078925,0.728013849567283,-0.728013849567283,-0.0975958736572447,0.0975958736572447,-0.286042986756146,0.286042986756146,2.15484185487741,-0.37750163432488,-1.77734022055253,-1.13760077771805,-0.0474847168790283,1.18508549459708,0.433898190967772,-0.433898190967772,0.338072266913699,-0.338072266913699,0.209177858969621,-0.209177858969621,-0.879308586525014,-0.469929579095713,-1.31462665778286,2.66386482340359,-0.00527864140293838,0.00527864140293834,"(1497, 8446]",-2.61175465616688,1.01375559751449,0.956316640265474
80409,2832.93333333333,Temp Forests,2.61425404561614,1.06515562454937,-0.781304980391746,-0.18286575137342,-2.71523893840034,-0.0209328622387365,-1.35006880951868,1.37100167175742,-0.385416161645414,0.385416161645414,0.433123541318223,-0.433123541318223,1.87927869337894,0.101329864249743,-1.98060855762868,0.890765953483678,-0.890765953483678,-0.272587858549323,0.272587858549323,-0.244774112659353,0.244774112659353,2.01009789462586,-0.451694197862566,-1.5584036967633,-0.945408086286743,-0.282764360020212,1.22817244630696,0.35448480941786,-0.35448480941786,0.324366695495156,-0.324366695495156,0.191740445702912,-0.191740445702912,-1.10635462936176,-0.658778035903473,-0.249882392698519,2.01501505796375,-0.189505519151306,0.189505519151307,"(1497, 8446]",-2.51489661447232,-0.596042037047931,0.382022808759877
80410,431.866666666667,Temp Forests,4.0350526085627,2.57888856748232,1.19259420636243,1.64935260885815,-9.4558879912656,-0.0736244675932234,-0.997883369116555,1.07150783670978,-0.644833762715409,0.644833762715409,0.657533425915761,-0.657533425915762,2.08598496764185,0.59871468918196,-2.68469965682381,0.635815726399875,-0.635815726399875,-0.0324438111029374,0.0324438111029372,-0.409629320161405,0.409629320161405,2.31007282431726,-0.738581850691076,-1.57149097362618,-0.844209288922843,-0.0163295143927405,0.860538803315583,0.581808559488553,-0.581808559488553,0.197376726256618,-0.197376726256618,0.214928280616162,-0.214928280616162,-0.677855824193991,0.152492477879439,-2.12477480713032,2.65013815344487,0.0597454890007698,-0.0597454890007698,"[54, 604]",-3.27856778030821,3.33776850501566,1.65124401712764
80411,2163.86666666667,Temp Forests,2.40008944733972,0.948463096539237,0.171701775938158,0.356926092390074,-3.87718041220719,-0.115583936294523,-1.4038535932468,1.51943752954132,-0.835314294900994,0.835314294900994,0.105909811676416,-0.105909811676416,1.67773406124158,0.431631027598731,-2.10936508884031,0.600822257283173,-0.600822257283172,-0.193882765504382,0.193882765504382,-0.527253283409093,0.527253283409093,1.62050245909308,-0.57080494121505,-1.04969751787803,-0.940167167042102,-0.0727583466653026,1.0129255137074,0.511571122241064,-0.511571122241064,0.407743016376095,-0.407743016376095,0.282349684853306,-0.282349684853306,-0.44979445750861,-0.108491293617732,-1.4515569201868,2.00984267131315,-0.124837423244551,0.124837423244551,"(1497, 8446]",-1.31516197308216,-1.08064213669713,2.8225748234836
80412,2934.26666666667,Temp Forests,4.2886770687332,2.41744768421004,0.961805904533359,1.62799727510478,-9.29592793258137,0.0363374259101434,-1.33798074416303,1.30164331825289,-0.522721810393716,0.522721810393716,0.414974957766813,-0.414974957766813,1.75329301328588,0.28845362337057,-2.04174663665645,0.808114555006051,-0.808114555006051,-0.210100403380959,0.210100403380959,-0.269857316809064,0.269857316809064,1.8750794239526,-0.253294843733107,-1.62178458021949,-0.878316777482715,-0.207759610527876,1.08607638801059,0.464704101956524,-0.464704101956523,0.435347729300621,-0.435347729300621,0.27023715884406,-0.27023715884406,-0.918504207826772,-0.630822135374991,-0.672371138287864,2.22169748148963,-0.102739601734593,0.102739601734593,"(1497, 8446]",-3.43745768372611,-0.639295431381999,1.25165102703028
80413,1798.53333333333,Temp Forests,2.50495864016888,0.543147706738686,0.0564196345517557,0.289041929820509,-3.39356791127983,0.0406092386057259,-1.45561265823024,1.41500341962451,-0.635456143500523,0.635456143500523,-0.0711184563507046,0.0711184563507048,1.67975172278198,0.277389953483525,-1.95714167626551,0.71441458682191,-0.71441458682191,-0.210310436233185,0.210310436233185,-0.31139424980935,0.311394249809349,1.56986499947835,-0.229976577778155,-1.3398884217002,-0.874911811774392,-0.166650993404399,1.04156280517879,0.488113848549414,-0.488113848549414,0.481497192687846,-0.481497192687846,0.326689561009034,-0.326689561009034,-0.35267948094997,-0.158929228332393,-1.64053376925661,2.15214247853897,-0.150767092629966,0.150767092629966,"(1497, 8446]",-1.48379683597857,-2.05398906372758,1.67459523632478
80414,655.533333333333,Temp Forests,4.18821563040108,2.22655712437763,1.05098379457339,1.90964541361091,-9.375401962963,-0.379501027578267,-1.51259949231755,1.89210051989581,-0.860331773772163,0.860331773772162,-0.0498752013835297,0.0498752013835298,1.47276115686601,0.0561920314995242,-1.52895318836553,0.60955593277081,-0.60955593277081,-0.382435680679195,0.382435680679196,-0.428388302170874,0.428388302170874,1.59230646541706,-0.449579642428557,-1.1427268229885,-0.983224285824773,-0.166844464840879,1.15006875066565,0.407755538132647,-0.407755538132647,0.477049507707047,-0.477049507707047,0.332820267385056,-0.332820267385056,-0.0291607658044931,-0.550457689437779,-1.70313719937616,2.28275565461844,-0.0751091557047687,0.0751091557047687,"(604, 1497]",-2.93876045024732,-1.87508530920976,2.00219101955041
80415,3209.2,Temp Forests,1.5071233793439,0.322568660875064,-0.118487392335803,0.011300589417404,-1.72250523730056,0.00550267474530227,-1.56167542839892,1.55617275365361,-0.261466665931029,0.261466665931029,-0.0807722144260982,0.0807722144260985,1.67513139263825,0.560605707804819,-2.23573710044307,0.744529073598003,-0.744529073598003,-0.1880558728489,0.1880558728489,-0.638959212819568,0.638959212819568,1.46785715556615,-0.480131276190802,-0.987725879375347,-0.944426244477749,0.0271144409157316,0.917311803562017,0.511363795571619,-0.511363795571619,0.470336719270315,-0.470336719270315,0.229357312119998,-0.229357312119999,-0.379613211386945,0.0757237267613922,-1.38343198262337,1.68732146724892,-0.18127729167168,0.18127729167168,"(1497, 8446]",0.748704591015708,-1.75510043551948,2.51526359082938
80416,1767.73333333333,Temp Forests,4.40383146464084,2.09386626434918,1.31033502232096,1.42511053691339,-9.23314328822437,0.0509489753646873,-1.14389134539798,1.09294237003329,-0.503440676545283,0.503440676545283,0.50822344431231,-0.50822344431231,1.75523255275042,0.463749920183749,-2.21898247293417,0.726763545670577,-0.726763545670577,-0.070690083208297,0.070690083208297,-0.250072617168547,0.250072617168547,2.05395377644192,-0.342838960412353,-1.71111481602957,-1.06325706422265,-0.0394459886372351,1.10270305285988,0.459858496409121,-0.459858496409121,0.326989723067858,-0.326989723067858,0.22534510305655,-0.22534510305655,-0.753396802633701,-0.401420379476523,-1.47829268150823,2.63310986361845,-0.0112871610192695,0.0112871610192695,"(1497, 8446]",-3.21510752781771,1.34587066850833,0.998628522235878
80417,3080,Temp Forests,1.71979960874215,0.713055155687393,0.106919352117077,0.261070031944335,-2.80084414849096,-0.172751259972458,-1.552444937061,1.72519619703346,-0.306389703528858,0.306389703528858,-0.0508110967736096,0.0508110967736095,1.61027418310749,0.528955709715398,-2.13922989282288,0.701126073279251,-0.701126073279251,-0.236498240946296,0.236498240946297,-0.828521410521116,0.828521410521116,1.41050641547211,-0.539069426837514,-0.871436988634594,-1.04518161554909,0.0522309129271164,0.992950702621972,0.477026061676456,-0.477026061676456,0.522628532289962,-0.522628532289962,0.257378309063501,-0.257378309063501,-0.363311054402743,0.0367339862360826,-1.27286775409555,1.59944482226221,-0.171267390319481,0.171267390319482,"(1497, 8446]",0.810743278429919,-2.16619535613231,3.1715858076741
80418,1404.6,Temp Forests,4.54389076928452,2.26180419783881,0.735747894343761,1.56865701727886,-9.11009987874595,-0.389261435804863,-1.18594929530565,1.57521073111051,-0.389646565636573,0.389646565636573,0.49147732616202,-0.49147732616202,1.59010606446788,0.397114839272429,-1.98722090374031,0.7935206598449,-0.7935206598449,-0.0699217558851833,0.0699217558851835,-0.217158868864973,0.217158868864974,2.02335718184937,-0.406996764444277,-1.61636041740509,-1.03815752178857,-0.105780652162787,1.14393817395135,0.39225564243608,-0.39225564243608,0.354925432815656,-0.354925432815656,0.160158716484392,-0.160158716484392,-0.688958675302869,-0.391707151834937,-1.59567995616087,2.67634578329868,0.0536431854255201,-0.0536431854255205,"(604, 1497]",-3.21204516296669,1.29853027406376,0.104850639413919
80419,2156.93333333333,Temp Forests,4.42405174153007,2.2158763330071,1.04730545573208,1.52272915244716,-9.20996268271641,-0.014454331656144,-1.29484336642644,1.30929769808259,-0.625629038657974,0.625629038657974,0.434305530994375,-0.434305530994375,1.78821008890618,0.311682643898136,-2.09989273280431,0.766436672208128,-0.766436672208128,-0.163711200550648,0.163711200550647,-0.25204957050252,0.25204957050252,1.89651142691758,-0.286303679198486,-1.6102077477191,-0.942937141799981,-0.16483323876407,1.10777038056405,0.506247768796418,-0.506247768796418,0.410440273534748,-0.410440273534748,0.258200059732559,-0.258200059732559,-0.875525061244668,-0.461549263468595,-1.15469644402854,2.49177076874181,-0.102818258979468,0.102818258979468,"(1497, 8446]",-3.47107950147558,-0.266663137485443,1.34955188850131
80420,283.066666666667,Temp Forests,4.13438987176809,2.423011920991,1.19434650407469,1.65387883345313,-9.4056271302869,0.187816704756763,-1.21752585133382,1.02970914657706,-0.96641903374398,0.96641903374398,0.763028151747525,-0.763028151747525,1.71507514935634,0.37651219105764,-2.09158734041398,0.586223275339581,-0.586223275339581,0.0256466471937754,-0.0256466471937752,-0.390079278774788,0.390079278774788,2.45753593211821,-0.505308474590943,-1.95222745752727,-0.744834960048291,-0.212618146300982,0.957453106349272,0.540456355784354,-0.540456355784354,0.139101664248618,-0.139101664248619,0.236348919164714,-0.236348919164714,-0.945669815231115,0.110382859018199,-1.92649906824284,2.76178602445576,0.0803866102938758,-0.080386610293876,"[54, 604]",-4.36330054704455,3.68077435749342,1.65034755678808
80421,2332.33333333333,Temp Forests,2.58090687249929,0.954856446131409,-0.602653855369927,-0.108839577430472,-2.82426988583031,0.0702211369714349,-1.29521499402805,1.22499385705661,-0.403093026397175,0.403093026397175,0.47868537880881,-0.47868537880881,1.79596332715636,0.176816600595301,-1.97277992775166,0.846794589081503,-0.846794589081503,-0.252328451827333,0.252328451827333,-0.246387296060211,0.246387296060211,1.95996838296507,-0.38839935313445,-1.57156902983062,-0.943900145160362,-0.223624297212164,1.16752444237253,0.41433828792357,-0.41433828792357,0.38394423247888,-0.38394423247888,0.226871554186978,-0.226871554186978,-0.899340764879334,-0.615666713825092,-0.501907828468434,2.01691530717286,-0.144857090223169,0.144857090223169,"(1497, 8446]",-2.50664679538258,-0.652725511870104,0.831958264034956
80422,530.133333333333,Temp Forests,4.02220196530173,2.13135159342944,1.2683053760741,2.06681307229187,-9.48867200709715,0.0669235668208281,-1.24240975316293,1.17548618634211,-0.422273413507657,0.422273413507657,0.493693326778943,-0.493693326778943,1.55391640073722,0.450109295192011,-2.00402569592924,0.76018454218723,-0.76018454218723,-0.227212967651933,0.227212967651933,-0.422447006537905,0.422447006537905,1.75817595160374,-0.425309449849172,-1.33286650175457,-0.971609480918696,-0.0113995151097053,0.983008996028402,0.46087016832086,-0.46087016832086,0.379761124752409,-0.379761124752409,0.178142881579675,-0.178142881579675,-0.506701559832642,-0.0189983534875056,-1.66415434852369,2.18985426184383,-0.0686434368876267,0.0686434368876268,"[54, 604]",-2.27114213643285,0.516068423518126,1.60903394909683
80423,1012.53333333333,Temp Forests,2.48720405413071,0.195668797323252,-0.881203504708452,0.115626089649716,-1.91729543639523,-0.217652896554491,-1.35518060147227,1.57283349802677,-0.566757580174585,0.566757580174585,-0.126597948190306,0.126597948190306,1.53743741689165,0.0161676195750072,-1.55360503646666,0.78818048352783,-0.78818048352783,-0.267208067189554,0.267208067189554,-0.171120528351108,0.171120528351108,1.5341914548644,-0.160033139537222,-1.37415831532718,-0.934323017742577,-0.225985671688657,1.16030868943123,0.552574129823948,-0.552574129823948,0.477181339911781,-0.477181339911781,0.414639677442263,-0.414639677442263,-0.392405135769413,-0.341761402950658,-1.44037369161877,2.17454023033884,-0.182486873376714,0.182486873376714,"(604, 1497]",-2.11644275859207,-3.40746111710208,0.898244714127324
80424,2101.26666666667,Temp Forests,1.96764418735447,0.623567150730475,-0.098876399317901,0.11884708452697,-2.61118202329402,-0.0202770367737729,-1.4510231604645,1.47130019723827,-0.768558625427237,0.768558625427237,0.13935670123451,-0.13935670123451,1.62764353364917,0.430611758677466,-2.05825529232663,0.621817558036639,-0.621817558036639,-0.205813278526107,0.205813278526106,-0.579618455242272,0.579618455242272,1.58899134174136,-0.455858755168854,-1.13313258657251,-0.961147293465346,-0.0487101309071808,1.00985742437253,0.495199352013939,-0.495199352013939,0.432323483049503,-0.432323483049503,0.284197737793734,-0.284197737793734,-0.328476024315076,-0.0576821698918169,-1.51192719292022,1.89808538712711,-0.137200224157544,0.137200224157544,"(1497, 8446]",-0.874053437846962,-1.23327183834668,2.91478779964829
80425,632.133333333333,Temp Forests,3.98391836861015,2.2686549323722,1.47786928224834,1.78459954967081,-9.5150421329015,0.28834709872464,-1.26319683529056,0.974849736565917,0.0818725856105095,-0.0818725856105096,0.551494331633954,-0.551494331633954,1.69870615175215,0.330287142459221,-2.02899329421137,0.762565402987053,-0.762565402987053,-0.0195406750212356,0.0195406750212357,-0.356220191747312,0.356220191747312,2.07632286457241,-0.416564673546598,-1.65975819102582,-0.825979764242021,-0.146625905814412,0.972605670056434,0.517036883765269,-0.517036883765269,0.302078781779105,-0.302078781779105,0.124171328945874,-0.124171328945874,0.156371069551515,-0.799140375475922,-1.8207916230079,2.46356092893231,-0.0180431948872104,0.0180431948872104,"(604, 1497]",-2.30678439331809,2.13346950542151,0.704838206943241
80426,1791.8,Temp Forests,2.74161903388614,0.798975793976175,-0.0574964426870696,0.413850370105134,-3.89694875528038,-0.246720108781245,-1.36821669128294,1.61493680006419,-0.715112645172809,0.715112645172809,-0.0371457881518459,0.0371457881518457,1.62485791291567,0.230124683149919,-1.85498259606559,0.678151823718104,-0.678151823718104,-0.254604404269543,0.254604404269543,-0.373278966149827,0.373278966149827,1.59613782851801,-0.343091457546471,-1.25304637097154,-0.921035995859947,-0.159260308910905,1.08029630477085,0.474009435383433,-0.474009435383433,0.429079549909404,-0.429079549909404,0.28399201880297,-0.28399201880297,-0.356974276280259,-0.319795273038505,-1.57621455273698,2.25298410205575,-0.101772596622791,0.101772596622791,"(1497, 8446]",-1.85451135024533,-1.52777775543157,1.77647357384898
80427,1652.93333333333,Temp Forests,2.19684946230495,0.105359582108936,-0.569769092948331,0.0100494023046113,-1.74248935377016,0.00868326848499456,-1.60941270669222,1.60072943820723,-0.416366541046587,0.416366541046587,-0.251097367283358,0.251097367283358,1.69624103007393,0.307696949220019,-2.00393797929394,0.864803403794506,-0.864803403794506,-0.237185754032907,0.237185754032906,-0.191071136727201,0.191071136727201,1.50181546799632,-0.205278076816737,-1.29653739117959,-0.968565325600388,-0.136757524362504,1.10532284996289,0.500409344474842,-0.500409344474842,0.449800248716888,-0.449800248716888,0.309795040777036,-0.309795040777036,-0.458644430253729,-0.120042267374691,-1.44446122477649,2.02314792240491,-0.225256142999381,0.225256142999381,"(1497, 8446]",-0.842185127388613,-2.87386464753816,0.649032676393106
80428,2270,Temp Forests,2.2450297660738,0.0991511687762072,-0.7185587344255,-0.0356680540327441,-1.58995414639176,-0.0900930728922705,-1.54733916998445,1.63743224287672,-0.506939593842139,0.506939593842139,-0.221191025967903,0.221191025967903,1.70038319576637,0.201636302017032,-1.9020194977834,0.848783745581783,-0.848783745581782,-0.238125740092049,0.238125740092049,-0.186556071828199,0.186556071828199,1.5230488358023,-0.183164458163454,-1.33988437763884,-0.910193985797754,-0.212689499868853,1.12288348566661,0.484011037317202,-0.484011037317202,0.441475034503094,-0.441475034503094,0.333458084205538,-0.333458084205538,-0.391997488144122,-0.271115596583672,-1.48503873176278,2.14815181649057,-0.181602649409141,0.181602649409141,"(1497, 8446]",-1.35785521311382,-2.74356633854908,0.513394098350834
80429,1138,Temp Forests,3.28674849253786,1.05852781483267,-0.838592170053209,0.222279790632054,-3.72896392794937,-0.180407700316787,-1.2790199889849,1.45942768930168,-0.196435962541669,0.196435962541669,0.346573590279973,-0.346573590279973,1.73495724924509,0.065455096068342,-1.80041234531343,0.952662434470118,-0.952662434470117,-0.230929226390667,0.230929226390667,-0.150292738643844,0.150292738643844,1.87273908840564,-0.387063399868765,-1.48567568853687,-0.94105161387915,-0.300272418836521,1.24132403271567,0.362130400704507,-0.362130400704507,0.265545660612787,-0.265545660612787,0.185559464241734,-0.185559464241734,-1.12564017592554,-0.447760467496382,-0.884478119108651,2.45787876253057,-0.145535953103146,0.145535953103146,"(604, 1497]",-2.69882450756923,-0.429889936039602,-0.767895251965912
80430,1040.26666666667,Temp Forests,3.84885024907534,2.26407289846319,1.43372459638976,2.04253062851595,-9.58917837244424,-0.164304748341579,-1.27671035914202,1.4410151074836,-0.768956697012685,0.768956697012685,-0.00480772934972104,0.00480772934972084,1.7220146282444,0.408479621406938,-2.13049424965134,0.624306792474278,-0.624306792474278,-0.232116266376907,0.232116266376907,-0.49458379896444,0.49458379896444,1.43334306402659,-0.515858366112796,-0.917484697913794,-1.05369149409222,0.0117685872589938,1.04192290683322,0.50566475221512,-0.50566475221512,0.435919484651661,-0.435919484651661,0.253195513349062,-0.253195513349062,-0.452307679882953,0.0363563720801855,-1.74703484747735,2.16298615528012,-0.159054004710527,0.159054004710527,"(604, 1497]",-1.6801766448127,-1.38229315504512,2.65146956432129
80431,2593.66666666667,Temp Forests,3.06708055845483,0.906238166831031,-0.284861434558698,-0.0478608485830625,-3.6405964421441,0.0591618378969353,-1.32273691174992,1.26357507385298,-0.456468918431922,0.456468918431922,0.476165334178676,-0.476165334178676,1.69890781076871,0.281644610660024,-1.98055242142873,0.815792337398708,-0.815792337398708,-0.119124307298304,0.119124307298304,-0.191699007039743,0.191699007039743,1.96831157733023,-0.289118246685219,-1.67919333064502,-0.909363650661885,-0.21621647010194,1.12558012076383,0.459873976129007,-0.459873976129007,0.385780895791791,-0.385780895791791,0.231905829498907,-0.231905829498907,-0.867007905771627,-0.67810737787963,-0.887008572478296,2.43212385612955,-0.0647670260959513,0.0647670260959511,"(1497, 8446]",-2.82308182599369,-0.0744043761394655,0.69199318213394
80432,1576.93333333333,Temp Forests,2.93416136682597,0.650114394830833,-0.150663449921478,0.213558699652637,-3.64717101138796,0.112892289078859,-1.20661383116944,1.09372154209059,-0.376715862077556,0.376715862077556,0.458496120072823,-0.458496120072823,1.64788326067041,0.360696603411155,-2.00857986408156,0.745045577400767,-0.745045577400767,-0.137252205493371,0.137252205493371,-0.212035147969599,0.212035147969599,1.82831732450211,-0.37095015446391,-1.4573671700382,-0.789832502488338,-0.209358484432505,0.999190986920843,0.458693511433234,-0.458693511433234,0.377420374782643,-0.377420374782643,0.215527865085676,-0.215527865085676,-0.515770599681725,-0.413987905371782,-1.51260019403989,2.4423586990934,-0.0263218667427111,0.0263218667427109,"(1497, 8446]",-2.4042536376683,0.346018409821952,0.872155351911529
80433,2813.26666666667,Temp Forests,4.57752907014395,2.10120616404734,1.08853630517996,1.32801627581386,-9.09528781518512,0.0140978883772371,-1.38403093038966,1.36993304201242,-0.30322680850825,0.30322680850825,0.456555539478388,-0.456555539478388,1.73274220804331,0.295231086076734,-2.02797329412005,0.846722390201716,-0.846722390201716,-0.0698183184715021,0.0698183184715024,-0.181074278748941,0.18107427874894,2.07844911921781,-0.445045271346714,-1.6334038478711,-1.12947872443287,-0.0781725531616944,1.20765127759456,0.421436982085831,-0.42143698208583,0.301097605207059,-0.301097605207059,0.197381093764977,-0.197381093764977,-0.874087238426207,-0.604423671477105,-1.26185276943497,2.74036367933828,-0.0278866971866092,0.0278866971866095,"(1497, 8446]",-3.16725168256122,1.01378955103677,-0.108546900307587
80434,2488.46666666667,Temp Forests,1.81437598455234,0.664735512845,-0.0669169310980531,0.147927817401462,-2.56012238370075,-0.251390627465907,-1.46333160144102,1.71472222890693,-0.64213637336379,0.64213637336379,-0.0372320804687706,0.0372320804687704,1.58883719455222,0.459911770621943,-2.04874896517416,0.657838396952969,-0.657838396952969,-0.214000636565289,0.214000636565289,-0.672589635824048,0.672589635824048,1.49769650939952,-0.501565703252653,-0.996130806146863,-1.09459171191575,0.0354203306203445,1.0591713812954,0.49207651049541,-0.49207651049541,0.487996242105556,-0.487996242105556,0.291606459347817,-0.291606459347817,-0.354339804471402,-0.108409526699843,-1.30466028493187,1.76740961610311,-0.133774547234129,0.133774547234129,"(1497, 8446]",-0.170835095632398,-1.99571719532124,2.97760383989931
80435,743.133333333333,Temp Forests,4.56934724653763,2.25993618847318,0.859848505220956,1.40346395180994,-9.0925958920417,-0.374626834029318,-1.14079914960415,1.51542598363347,-0.439699007746895,0.439699007746895,0.545014272488359,-0.545014272488359,1.52080286531273,0.418253563685281,-1.93905642899801,0.828314421947114,-0.828314421947114,-0.0943781045023669,0.094378104502367,-0.168236118310607,0.168236118310606,2.29587791240059,-0.575372804048794,-1.7205051083518,-1.02403508411285,0.0257870403858227,0.998248043727032,0.424675624599523,-0.424675624599523,0.25837140039704,-0.25837140039704,0.143526075585555,-0.143526075585555,-0.880316011177419,-0.369490387411428,-1.69124622739375,2.9410526259826,0.0270922169764111,-0.0270922169764112,"(604, 1497]",-3.41569727995693,2.21883684314218,-0.122663491942957
80436,4026.26666666667,Temp Forests,2.92902779732928,0.928067682756033,-0.589562680424945,0.112318180103755,-3.37985097976413,-0.0632788648993297,-1.44607059546802,1.50934946036735,-0.526155217509678,0.526155217509678,0.466215480601416,-0.466215480601416,1.88896809337396,0.16718381398297,-2.05615190735693,0.90364329169648,-0.90364329169648,-0.251270136887802,0.251270136887802,-0.411132632087293,0.411132632087293,2.00046420108988,-0.388081848629139,-1.61238235246075,-0.959114572156862,-0.273391330668199,1.23250590282506,0.306343627859412,-0.306343627859412,0.298820997835471,-0.298820997835471,0.166588217890076,-0.166588217890076,-0.811514320151439,-0.432575966376704,-0.994883545977838,2.23897383250598,-0.270474033520005,0.270474033520005,"(1497, 8446]",-2.03018755923802,-0.289143768162945,0.554033134687132
80437,1732.86666666667,Temp Forests,1.53709281573322,0.560280365639202,0.0791361931452745,0.267727362952825,-2.44423673747052,-0.217096371166558,-1.72499786438124,1.94209423554779,-0.134068738189405,0.134068738189405,-0.189139483902004,0.189139483902004,1.67514792407508,0.586600422023116,-2.2617483460982,0.792482527957687,-0.792482527957687,-0.21034305105926,0.21034305105926,-0.895081649847617,0.895081649847616,1.31142550153621,-0.509826721916454,-0.80159877961976,-0.986263757601928,0.012265072509199,0.973998685092729,0.440257279354436,-0.440257279354436,0.547757676078788,-0.547757676078788,0.198284485899597,-0.198284485899597,-0.263908480911096,-0.00572707285601321,-1.15342897172065,1.42306452548776,-0.193201045812764,0.193201045812764,"(1497, 8446]",1.70240944013993,-2.43154610629192,2.84347568786699
80438,303.4,Temp Forests,2.38854324124289,0.650028286533647,-0.959409625900453,-0.0211399873075227,-2.05802191456856,-0.87195423754493,-1.68288445376126,2.55483869130619,-0.44783572233571,0.44783572233571,-0.169386866804746,0.169386866804746,1.50742750872744,0.0033501119511672,-1.51077762067861,0.676196404722105,-0.676196404722105,-0.227737764341413,0.227737764341413,-0.320251723537262,0.320251723537262,1.7050088417269,-0.329520143272109,-1.3754886984548,-0.808017407385489,-0.2913266641671,1.09934407155259,0.450540656605313,-0.450540656605313,0.536461401276399,-0.536461401276399,0.342389465444714,-0.342389465444715,-0.152552823570665,-0.360192188348909,-1.53884718469056,2.05159219661013,-0.0081745690007647,0.00817456900076481,"[54, 604]",-1.77427851464735,-2.42785696806213,1.05646993886801
80439,1297.86666666667,Temp Forests,2.35844179151197,0.418379612339079,0.0129145042309149,0.172879153923593,-2.96261506200556,0.0798035079260274,-1.49141319168788,1.41160968376185,-0.45501055943028,0.45501055943028,-0.0729533050260881,0.0729533050260883,1.69859770081219,0.340474216658993,-2.03907191747118,0.740880097530519,-0.740880097530519,-0.189465371958463,0.189465371958463,-0.37148440216802,0.37148440216802,1.52497971851483,-0.227890657526506,-1.29708906098832,-0.825229463874814,-0.175786717549597,1.00101618142441,0.504401552527066,-0.504401552527066,0.487478622767252,-0.487478622767252,0.319487664708873,-0.319487664708873,-0.321570295346576,-0.144639587187497,-1.50426570122523,1.9704755837593,-0.187200902525534,0.187200902525534,"(604, 1497]",-0.923041117647965,-2.2347217741116,1.77408943069105
80440,3333.33333333333,Temp Forests,2.15191678730972,0.153867578054217,-0.498788241150992,-0.160805430224412,-1.64619069398853,0.0881714952349257,-1.56495807669722,1.4767865814623,-0.324284456553981,0.324284456553981,-0.128147879315555,0.128147879315555,1.741533911747,0.268063886397296,-2.00959779814429,0.871118068667019,-0.871118068667019,-0.128100854026767,0.128100854026767,-0.227386533849531,0.227386533849531,1.55062606032362,-0.181990211085096,-1.36863584923853,-0.847036097770656,-0.18366107554438,1.03069717331504,0.49660939601191,-0.49660939601191,0.452105603109777,-0.452105603109777,0.279217226444796,-0.279217226444796,-0.384382612627521,-0.189409938280008,-1.47263211426008,2.04642466516761,-0.165966669396889,0.165966669396889,"(1497, 8446]",-0.803638940308258,-2.10087557276893,0.550345350685023
80441,2235.8,Temp Forests,2.25010211494347,0.236022478556408,-0.593599870672074,-0.0366831397058158,-1.85584158312199,-0.0865145100714011,-1.55403431111388,1.64054882118528,-0.471552838214858,0.471552838214858,-0.196982822405632,0.196982822405633,1.73653637969057,0.305146707550616,-2.04168308724119,0.846700074514606,-0.846700074514606,-0.22429923946287,0.22429923946287,-0.246828910071813,0.246828910071813,1.55754975938653,-0.172137281199143,-1.38541247818739,-0.907531402000934,-0.182295906889488,1.08982730889042,0.45124870487091,-0.45124870487091,0.436123224410897,-0.436123224410897,0.282284949886341,-0.282284949886341,-0.390539137849332,-0.263539447088025,-1.39953926782775,2.05361785276511,-0.183862390062659,0.183862390062659,"(1497, 8446]",-1.02828482972172,-2.26388113362405,0.701324002824083
80443,994.466666666667,Temp Forests,4.34024128234567,2.08457310913937,1.2578945359549,1.59776236157726,-9.28047128901719,-0.277877974191984,-1.20887485345583,1.48675282764782,-0.823354653615666,0.823354653615666,0,0,1.59756274730443,0.120358368779257,-1.71792111608369,0.616307634095628,-0.616307634095628,-0.284252367676334,0.284252367676334,-0.309202948081065,0.309202948081065,1.63733999874651,-0.164503589548167,-1.47283640919835,-0.900172949363518,-0.202183144327785,1.1023560936913,0.492334014659446,-0.492334014659446,0.438213066655114,-0.438213066655114,0.326110376425364,-0.326110376425364,-0.321791983369092,-0.588854768618138,-1.53623608756232,2.44688283954955,-0.080575937643121,0.0805759376431209,"(604, 1497]",-3.43093392235328,-1.32538044797749,1.98391377516922
80444,1002.26666666667,Temp Forests,4.61149391264626,2.10087890614806,0.896906101822119,1.45652188975754,-9.06580081037398,-0.259614981905609,-1.16151697632766,1.42113195823327,-0.66087791999116,0.66087791999116,0.237185754032906,-0.237185754032907,1.70594268208901,0.0394240589114734,-1.74536674100049,0.713994668463245,-0.713994668463245,-0.199833995211919,0.199833995211919,-0.173435471921056,0.173435471921056,1.74879399629074,-0.281960681669112,-1.46683331462163,-0.858756551933991,-0.310635143424303,1.16939169535829,0.537696999283051,-0.537696999283051,0.416818771754386,-0.416818771754386,0.293893332451059,-0.29389333245106,-0.679178143545216,-0.583867963740891,-1.32353515993573,2.58658126722184,-0.101262132055737,0.101262132055737,"(604, 1497]",-3.95713275667809,-1.14625769472521,1.14364462131935
80445,5377.86666666667,Temp Forests,2.80834273944615,0.994874451279487,-0.646111818889539,-0.0260869031585564,-3.13101846867754,-0.0685456656615015,-1.42438081929668,1.49292648495818,-0.430474713014723,0.430474713014723,0.357166600281671,-0.357166600281671,1.86536273563039,0.284471450431912,-2.1498341860623,0.88326994894797,-0.883269948947969,-0.15101129915642,0.15101129915642,-0.211785896572215,0.211785896572215,1.97101938308837,-0.353016236503642,-1.61800314658472,-0.952055514418125,-0.194037421160294,1.14609293557842,0.40023191185516,-0.40023191185516,0.349742455572247,-0.349742455572247,0.23186700811607,-0.23186700811607,-1.01904200685351,-0.790408963254526,-0.424651304741475,2.23410227484951,-0.106311836267027,0.106311836267026,"(1497, 8446]",-2.46175029615102,-0.425275617535375,0.326808020712086
80446,843.066666666667,Temp Forests,4.24102092733448,3.10359779758019,0.850020283692835,1.04673057793889,-9.24136958654639,0.153508295097064,-1.38693674585009,1.23342845075302,-0.343358145114828,0.343358145114827,0.71166781640012,-0.71166781640012,1.923126585714,0.653556498902255,-2.57668308461626,0.542520105561283,-0.542520105561283,0.0838967281155224,-0.0838967281155223,-0.353566711267343,0.353566711267343,2.63305975029801,-0.452919401103762,-2.18014034919425,-1.26890019766398,-0.0593872129624328,1.32828741062642,0.469266954603788,-0.469266954603788,0.201632443599281,-0.201632443599281,0.171404027535149,-0.171404027535149,-0.696228927245012,-0.240753398562186,-2.00841531621118,2.94539764201838,0.100860557863402,-0.100860557863402,"(604, 1497]",-3.51108494011465,4.06086366256675,1.10080573800235
80501,3922.33333333333,Temp Forests,3.1851483561709,0.821171672129417,-0.404780038915295,-0.124066635779607,-3.47747335360541,-0.10134763468963,-1.37764110059519,1.47898873528482,-0.355166002657023,0.355166002657023,0.414869774086912,-0.414869774086913,1.79167670344174,0.328324711491763,-2.1200014149335,0.887488094549033,-0.887488094549033,-0.108997294059009,0.108997294059009,-0.208341995856476,0.208341995856476,2.06515990599573,-0.379564954159438,-1.68559495183629,-1.03375349179584,-0.129371393291012,1.16312488508686,0.351425053448209,-0.351425053448209,0.304093764679449,-0.304093764679449,0.154722728415153,-0.154722728415153,-0.897593250840409,-0.686644972620017,-1.00127168031525,2.58550990377568,-0.0554892539810248,0.0554892539810248,"(1497, 8446]",-2.32344075483804,0.776593930965296,-0.155936001996564
80502,1095.66666666667,Temp Forests,4.56082080518382,2.55896550003403,0.680194653816349,1.27803165457197,-9.07801261360617,-0.314793162984412,-1.35761409202411,1.67240725500852,-0.733600499866346,0.733600499866346,0.326650636006373,-0.326650636006373,1.79514360285315,0.139014162906543,-1.9341577657597,0.603943351823536,-0.603943351823536,-0.130020691525676,0.130020691525676,-0.34212911657135,0.34212911657135,1.87286946770857,-0.483074093425284,-1.38979537428329,-0.90185224562525,-0.245746336745654,1.1475985823709,0.583524725110669,-0.583524725110669,0.370360635144214,-0.370360635144214,0.259662989265692,-0.259662989265692,-0.854362210172108,-1.095524266989,-0.967690895479111,2.91757737264022,-0.0569721296746089,0.0569721296746088,"(604, 1497]",-4.02423317042504,-0.306191238165734,2.05813447683393
80503,1203.26666666667,Temp Forests,3.2611289247735,1.0850110828583,-0.760815607640034,0.220013645371692,-3.80533804536346,-0.176943923991549,-1.32375831447754,1.50070223846909,-0.24633435018975,0.246334350189751,0.3809345063045,-0.3809345063045,1.77594889612726,0.053809061176961,-1.82975795730422,0.952576078291573,-0.952576078291573,-0.238214963845632,0.238214963845632,-0.167542155673182,0.167542155673182,1.87549468302004,-0.433005087123967,-1.44248959589607,-0.897781583280886,-0.321864493934151,1.21964607721504,0.349181838239418,-0.349181838239418,0.259661867566991,-0.259661867566991,0.169818205550029,-0.169818205550029,-0.975939888306286,-0.528627670262622,-1.00191537470955,2.50648293327846,-0.148256962159805,0.148256962159805,"(604, 1497]",-2.71601154295251,-0.230130847208818,-0.749557416364274
80504,1943.8,Temp Forests,4.57739425547017,2.27953234102837,0.939281918409887,1.28993879002306,-9.08614730493148,-0.100828985464483,-1.30122396844253,1.40205295390702,-0.410343195580847,0.410343195580847,0.419164595202222,-0.419164595202222,1.66857850683779,0.251335292047584,-1.91991379888538,0.816302485857817,-0.816302485857817,-0.190270849827854,0.190270849827854,-0.247323027444861,0.247323027444861,1.96178324889644,-0.252554045507377,-1.70922920338907,-1.03107845723545,-0.111021242565822,1.14209969980128,0.445393685517301,-0.445393685517301,0.372152938193749,-0.372152938193749,0.227590166825347,-0.227590166825347,-0.834791582585105,-0.638081288339051,-1.07991404061809,2.55278691154225,-0.069016938296419,0.0690169382964192,"(1497, 8446]",-3.3825151239776,0.145688054607774,0.701729367635804
80505,462.066666666667,Temp Forests,4.34541924165495,2.22823737199226,1.04958237565062,1.64428948339731,-9.26752847269514,-0.58064236516006,-1.27378954572001,1.85443191088006,-0.893348083635754,0.893348083635754,-0.0122455100041479,0.0122455100041478,1.67125703767118,-0.142481338275647,-1.52877569939554,0.559015187262606,-0.559015187262606,-0.302453273557793,0.302453273557793,-0.316119213736476,0.316119213736476,1.67194067870468,-0.368815720663922,-1.30312495804076,-0.815156015991654,-0.304330392225663,1.11948640821732,0.513830276347913,-0.513830276347913,0.436704502195445,-0.436704502195445,0.360502067531456,-0.360502067531456,-0.311470551850786,-0.822296175616777,-1.31477266071457,2.44853938818213,-0.0559140526279854,0.0559140526279853,"[54, 604]",-3.97033348459345,-1.71108003841296,2.0822292803086
80507,272.8,Temp Forests,4.38276931191635,3.20939694803913,0.305231868010627,1.22152259988478,-9.11892072785088,-0.502510543881454,-1.13849931060145,1.6410098544829,-0.309519604203112,0.309519604203112,0.902776395680196,-0.902776395680195,2.36541102031709,0.649075312906278,-3.01448633322337,0.434044315028139,-0.434044315028139,0.0125529605655383,-0.0125529605655381,-0.265939516481911,0.265939516481912,3.08835509055514,-0.392884998780549,-2.69547009177459,-1.0295011818683,-0.359343519533056,1.38884470140136,0.504871950465634,-0.504871950465634,0.160129121443197,-0.160129121443197,0.282485993567974,-0.282485993567974,-1.3111796963622,-0.500249480145871,-1.3111796963622,3.12260887287027,0.124970872234467,-0.124970872234467,"[54, 604]",-5.46370778933184,4.44786774320434,1.27105751809746
80508,182.2,Temp Forests,4.03392149997741,3.17913296786105,1.21552324170634,0.927841169254558,-9.35641887879936,0.0419932676201872,-1.31613021653301,1.27413694891282,-0.983825067845859,0.98382506784586,0.336472236621213,-0.336472236621213,4.91073928990788,3.72696919289947,-8.63770848280735,0.522272533698917,-0.522272533698917,0.13413199329734,-0.13413199329734,-0.304294896265941,0.304294896265941,2.07833292935664,-0.524356756087742,-1.5539761732689,-0.574453886250805,-0.262079201208652,0.836533087459457,0.799284120098598,-0.799284120098598,0.261624071882274,-0.261624071882274,0.200813165900499,-0.200813165900499,-0.671394336312538,-0.383712263860757,-1.77000662498065,2.82511322515394,-0.13721842285088,0.13721842285088,"[54, 604]",-1.838797670674,4.47444987755705,4.13154823614177
80509,2626.4,Temp Forests,2.46918782730574,1.20488144330417,-0.0399624340922532,0.113311437261471,-3.74741827377913,-0.340936154356062,-1.58664856485476,1.92758471921083,-0.390566777942872,0.390566777942872,-0.0030456946967009,0.00304569469670098,1.57792563963924,0.329845366083792,-1.90777100572303,0.710802996888146,-0.710802996888145,-0.122781577170136,0.122781577170136,-0.622643784205293,0.622643784205292,1.67478731787941,-0.473869292821894,-1.20091802505752,-0.949859797299638,-0.15718302139266,1.1070428186923,0.445623122508278,-0.445623122508278,0.347951634330963,-0.347951634330963,0.156857353305289,-0.15685735330529,-0.399913302621696,-0.261762964140879,-1.43138628845218,2.09306255521475,0.00612377526133843,-0.00612377526133845,"(1497, 8446]",-0.841706055838566,0.0441395714473217,1.59211877740374
80510,1007.13333333333,Temp Forests,2.65649797084398,0.333471068684761,-1.01026367801633,-0.0939729461421783,-1.88573241537023,-0.360604853473285,-1.4487458422741,1.80935069574738,-0.436800661589552,0.436800661589552,-0.199693031015891,0.199693031015891,1.58850163789034,-0.038954780046437,-1.54954685784391,0.807175963618265,-0.807175963618265,-0.223837076423823,0.223837076423823,-0.119389132730806,0.119389132730806,1.65503395521823,-0.0922737514389941,-1.56276020377923,-0.878641575452746,-0.248775844840321,1.12741742029307,0.533671447343358,-0.533671447343358,0.501702651356761,-0.501702651356762,0.416932116422671,-0.416932116422671,-0.395719047454815,-0.438278661873611,-1.41428862844939,2.24828633777781,-0.134406794073699,0.134406794073699,"(604, 1497]",-2.21013835736488,-3.23572772839725,0.418182380902252
80511,1489.86666666667,Temp Forests,2.28692119294769,0.134674610894546,-0.601032184084195,0.0701360897569753,-1.89069970951501,-0.172556059430987,-1.54687422950416,1.71943028893515,-0.570668616667226,0.570668616667225,-0.241680123155406,0.241680123155406,1.64563798137948,0.133800692693143,-1.77943867407262,0.789092684464998,-0.789092684464998,-0.276916784081577,0.276916784081577,-0.220512205072326,0.220512205072326,1.54087851020282,-0.20389002273177,-1.33698848747105,-0.978557833089568,-0.148759132568856,1.12731696565842,0.495256377561446,-0.495256377561446,0.453305057081716,-0.453305057081716,0.351581979401708,-0.351581979401708,-0.387045894138514,-0.302052681305121,-1.40066496997323,2.08976354541687,-0.156265012424145,0.156265012424145,"(604, 1497]",-1.48013455368109,-2.83493078534264,0.950149503866925
80513,639.133333333333,Temp Forests,4.4658715522957,2.46755555542823,1.01412189147071,1.21479258693286,-9.1623415861275,0.295980970526359,-1.18562357039786,0.889642599871498,-0.101391314332647,0.101391314332647,0.673010230990975,-0.673010230990975,1.62837853187391,0.612126449019702,-2.24050498089362,0.81124551733934,-0.81124551733934,-0.0416153270748619,0.0416153270748619,-0.401036381191134,0.401036381191134,2.17952251854623,-0.674587108236399,-1.50493541030983,-1.27306891820539,0.0806492724798857,1.19241964572551,0.389304204987587,-0.389304204987587,0.209670227300891,-0.209670227300891,0.134377031283131,-0.134377031283131,-0.463957382312947,-0.500325026483822,-1.85025174343284,2.81453415222961,0.0815198136222521,-0.0815198136222523,"(604, 1497]",-2.50308776245991,3.12409620208466,0.0204247648312981
80514,2154.13333333333,Temp Forests,1.96095178960144,0.780706546436458,-0.411837562065855,0.325761381064925,-2.65558215503697,-0.388834208070321,-1.68811719220058,2.0769514002709,-0.0655700002462236,0.0655700002462234,-0.0813427911385478,0.081342791138548,1.61622511477599,0.355785698782278,-1.97201081355826,0.802263045943446,-0.802263045943446,-0.0192047240574357,0.0192047240574356,-0.556500513060105,0.556500513060105,1.50184294089562,-0.551087475235889,-0.950755465659727,-0.952580441467479,-0.127987374774033,1.08056781624151,0.384581027076922,-0.384581027076922,0.376101426795541,-0.376101426795541,0.207747965788089,-0.207747965788089,-0.354351397663865,-0.105531358304131,-1.3794965344501,1.8393792904181,-0.0349324785546032,0.034932478554603,"(1497, 8446]",0.266124912483967,-0.946184901828089,0.643751484993706
80515,429.8,Temp Forests,4.22497544294792,2.46547683593809,0.887291467008089,1.7563293140317,-9.33407305992579,-0.379311381578805,-0.998350589985029,1.37766197156383,-0.466841237293012,0.466841237293012,0.690012374053148,-0.690012374053148,1.93800702436612,0.784275436476931,-2.72228246084305,0.748173411330709,-0.748173411330709,-0.0931647890957468,0.0931647890957467,-0.349506150006172,0.349506150006172,2.21044153797068,-0.572865400489126,-1.63757613748155,-1.20043659685878,0.12775013345383,1.07268646340495,0.511641284632033,-0.511641284632032,0.296734249184775,-0.296734249184775,0.126597948190306,-0.126597948190306,-1.14160092266248,0.244693438457407,-1.95253113887881,2.84943862308389,0.0359867498125445,-0.0359867498125447,"[54, 604]",-2.87775714580455,2.60619313050621,1.17812027935727
80516,3447.86666666667,Temp Forests,2.08041124392701,0.860683376646838,-0.0942559859851332,0.134078529896047,-2.98091716448476,-0.303143994191602,-1.74488965984771,2.04803365403931,-0.142241034860555,0.142241034860555,-0.095914133324373,0.0959141333243729,1.63547517366602,0.365172754342592,-2.00064792800861,0.77121754567758,-0.77121754567758,-0.0843172648119464,0.0843172648119466,-0.61372552005722,0.61372552005722,1.50432968690849,-0.481541733220893,-1.0227879536876,-0.88862748626159,-0.181874653645866,1.07050213990746,0.442468052943658,-0.442468052943658,0.44658181990975,-0.44658181990975,0.209029488854376,-0.209029488854377,-0.284939375224522,-0.175474184742564,-1.3657167962566,1.82613035622368,-0.0514526608459382,0.0514526608459381,"(1497, 8446]",0.0863418350909367,-1.26225995620954,1.39197735743739
80517,348.2,Temp Forests,4.09366996050617,2.86917742594906,0.860353451483177,1.55350063204312,-9.37670146998153,-0.388404931342178,-1.40000584302066,1.78841077436283,-1.20646657508146,1.20646657508146,-0.0463908667254832,0.046390866725483,1.51047275859764,0.361559731454729,-1.87203249005237,0.659360468143583,-0.659360468143583,-0.154419136209546,0.154419136209546,-0.716407188377392,0.716407188377392,1.64555838372103,-0.539581454400115,-1.10597692932092,-0.832065613900739,-0.230485626866284,1.06255124076702,0.481718755149928,-0.481718755149929,0.393539500197074,-0.393539500197074,0.0545093688313977,-0.0545093688313977,-0.253807669932265,-0.359168185590091,-1.57556350991458,2.18853936543694,-0.00947895687230712,0.00947895687230708,"[54, 604]",-2.20906454173952,0.336825154053704,2.72927075607152
80518,3964.73333333333,Temp Forests,2.11380215549671,0.954308202633813,0.0392086561298114,0.185676839785054,-3.29299585404539,-0.284228420382368,-1.57281611539588,1.85704453577825,-0.296571611369193,0.296571611369193,-0.0736854964209398,0.0736854964209396,1.55155750692567,0.363922125306359,-1.91547963223203,0.705966735550656,-0.705966735550656,-0.202182922252005,0.202182922252005,-0.723204558510006,0.723204558510007,1.55869377290135,-0.569857472813233,-0.98883630008812,-0.972127878717301,-0.106304108722583,1.07843198743988,0.448852746785408,-0.448852746785408,0.406238674402371,-0.406238674402371,0.185586017326766,-0.185586017326766,-0.346335114405929,-0.206979593495418,-1.25216671548995,1.8054814233913,-0.0326913796314259,0.0326913796314259,"(1497, 8446]",-0.153268043627852,-0.792572590401047,2.13681215860064
80519,1621.6,Temp Forests,4.71303938756955,2.2733946507972,0.628865418551829,1.35710391892304,-8.97240337584163,-0.331519776412544,-1.41274032236878,1.74426009878133,-0.599347873612546,0.599347873612546,0.104272375946529,-0.104272375946529,1.8689669029328,0.0115702700647679,-1.88053717299757,0.714939247432863,-0.714939247432863,-0.122561229016493,0.122561229016493,-0.151944941339317,0.151944941339317,1.73552195338084,-0.255399102474935,-1.48012285090591,-0.868442876953796,-0.300258056293272,1.16870093324707,0.605381443133841,-0.605381443133841,0.369761671175048,-0.369761671175048,0.358650531116687,-0.358650531116687,-0.78692340241568,-0.904706438072064,-1.19238851052384,2.88401835101159,-0.0528927525197443,0.0528927525197442,"(1497, 8446]",-4.18023092269414,-1.25161039905785,0.828911324229403
80520,1152.53333333333,Temp Forests,4.54502934976268,2.43798716000073,0.584669797773245,1.5291314066141,-9.09681771415075,-0.159176283284307,-1.25778857195242,1.41696485523672,-0.345643357453513,0.345643357453513,0.257116391043803,-0.257116391043803,1.68076620431637,0.0795976833647798,-1.76036388768115,0.894589411317282,-0.894589411317282,-0.200956353251898,0.200956353251898,-0.165973205581504,0.165973205581504,1.72721563068795,-0.296506198458569,-1.43070943222938,-0.855791389981521,-0.284861842145825,1.14065323212735,0.564144028407113,-0.564144028407113,0.457118671531157,-0.457118671531157,0.406415033756896,-0.406415033756896,-0.88700682570941,-0.346200369731483,-1.10473030955428,2.33793750499517,-0.0784212357464849,0.078421235746485,"(604, 1497]",-3.76838548298934,-1.95067246579474,0.203523352631026
80521,442.2,Temp Forests,4.06757025399117,2.34533684741173,1.18516666574418,1.85421629472507,-9.45229006187215,-0.592075235152139,-0.856767789379222,1.44884302453136,-0.6662750425566,0.6662750425566,0.520726937414081,-0.520726937414081,1.85015969585018,0.669128460766654,-2.51928815661684,0.516327160438156,-0.516327160438156,-0.330699241122682,0.330699241122682,-0.733168534396714,0.733168534396714,1.77427411475843,-0.724425857161903,-1.04984825759653,-0.849575387500318,-0.166478542793874,1.01605393029419,0.559232028610421,-0.559232028610421,0.432498718743302,-0.432498718743302,0.272055800699729,-0.272055800699729,-0.817511474009184,-0.244992281237853,-1.13596520512772,2.19846896037476,0.0257409779175718,-0.0257409779175716,"[54, 604]",-3.02947833491333,0.34907808656699,3.81563142709297
80601,1664.66666666667,Boreal Taiga,4.64177931295316,2.22646094997188,0.617023037537777,1.54655899616195,-9.03182229662477,-0.381532142382118,-1.370524706033,1.75205684841512,-0.609285801873545,0.609285801873544,0.0868640958754297,-0.0868640958754296,1.89128717262325,-0.0756763856298923,-1.81561078699336,0.714951583273663,-0.714951583273663,-0.114213789730408,0.114213789730407,-0.112746864329582,0.112746864329582,1.66880067802106,-0.273957876871912,-1.39484280114915,-0.799115563536103,-0.388016637709682,1.18713220124579,0.655108325331276,-0.655108325331276,0.364145492083428,-0.364145492083428,0.394743272596888,-0.394743272596888,-0.693197798299004,-0.658711622227834,-1.40404455595835,2.75595397648519,-0.0785927917612063,0.078592791761206,"(1497, 8446]",-4.29650803966048,-1.68762184765643,0.707676825986584
80602,485.933333333333,Boreal Taiga,5.0251312106374,2.10829287955307,0.532756518794652,1.04358214256064,-8.70976275154577,-0.211520986456594,-1.74545134638255,1.95697233283914,-0.0214625223585169,0.021462522358517,0.240407272674976,-0.240407272674976,1.74271485130708,-0.240236569428584,-1.5024782818785,1.06769334888716,-1.06769334888716,-0.0368059086716229,0.0368059086716231,0.0354758679861422,-0.0354758679861423,1.79562949060084,-0.181762796724827,-1.61386669387601,-0.804492385464514,-0.564819532199093,1.36931191766361,0.274387786691279,-0.274387786691279,0.169968221659441,-0.169968221659441,0.130879193720995,-0.130879193720995,-0.941077887307447,-0.678713622839956,-1.45190351107344,3.07169502122084,-0.222288119112395,0.222288119112395,"[54, 604]",-3.43172198292891,-0.161406801306633,-2.77965045400859
80603,560.733333333333,Boreal Taiga,3.04613827400897,0.582285033418799,-1.20947443580926,0.176819925310635,-2.59576879692915,-0.524849151077989,-1.39567750887539,1.92052665995338,-0.346573590279973,0.346573590279973,0.017342778993945,-0.017342778993945,1.79330089573364,-0.288452785704574,-1.50484811002907,0.785552846670967,-0.785552846670967,-0.230988659185753,0.230988659185754,-0.0711859903173228,0.0711859903173228,1.53113511480284,-0.391960356486307,-1.13917475831653,-0.713575520398175,-0.503010751290825,1.216586271689,0.643690905074982,-0.643690905074981,0.367805830538852,-0.367805830538852,0.402186407835085,-0.402186407835085,-0.802623900522321,-0.640104971024547,-1.33325215158449,2.77598102313136,-0.0511394245602092,0.0511394245602092,"[54, 604]",-3.62615694456436,-2.66397855360099,-0.0430496034237672
80604,108.4,Boreal Taiga,4.08102189517895,2.65963621424778,0.308260957084307,2.32316397762657,-9.37208304413761,-1.3073244454271,-1.3073244454271,2.61464889085421,-0.572566152151501,0.572566152151501,0.259937729642954,-0.259937729642954,2.03641586092146,-0.266169232072591,-1.77024662884886,0.554331312260806,-0.554331312260806,-0.194328994895892,0.194328994895892,-0.567489966419492,0.567489966419492,1.5634766766463,-0.834418596152066,-0.729058080494239,-0.408399736313274,-0.75670643058149,1.16510616689476,0.523393610401762,-0.523393610401762,0.399878457809102,-0.399878457809102,0.328389768194535,-0.328389768194535,-0.475733488687826,-0.812205725309038,-1.03534927662325,2.32328849062011,0.0376117106187938,-0.0376117106187938,"[54, 604]",-4.11493944670257,-1.3917757104656,1.83376215709981
80605,638.733333333333,Boreal Taiga,4.695637828419,2.5304526048274,-0.164174575942674,1.88994915775287,-8.95186501505659,-0.681408878462923,-1.4351806808393,2.11658955930223,-0.369833598097419,0.369833598097419,-0.0106955949906589,0.0106955949906587,2.04627005669391,-0.152901940926703,-1.89336811576721,0.773081899204747,-0.773081899204747,-0.0829925687371307,0.0829925687371304,-0.0751411015246689,0.075141101524669,1.43768175140128,-0.232910584186155,-1.20477116721512,-0.833546070018337,-0.444610263861383,1.27815633387972,0.790893190551795,-0.790893190551795,0.394043871457059,-0.394043871457059,0.504014739655441,-0.504014739655442,-0.930578557550043,-0.748257000756089,-1.24073348585388,2.91956904416002,-0.0492200364066262,0.0492200364066264,"(604, 1497]",-4.60490031361855,-3.12816342033127,0.228762424068614
80606,344.666666666667,Boreal Taiga,4.34170623812721,2.56863890191131,0.525565004402345,1.79853068021523,-9.23444082465609,-0.629641072560568,-1.47693893294777,2.10658000550834,-0.624447245858724,0.624447245858724,-0.0788144721017914,0.0788144721017915,1.81351588530923,-0.239257409288445,-1.57425847602079,0.570726223672301,-0.570726223672301,-0.341445340196378,0.341445340196378,-0.313528534365478,0.313528534365478,1.52821703403272,-0.305963151079284,-1.22225388295344,-0.734806948068938,-0.398334711447725,1.13314165951666,0.702435373346413,-0.702435373346413,0.476080679071077,-0.476080679071077,0.516827196196669,-0.516827196196669,-0.253447895900646,-0.872487104306869,-1.20895934092808,2.3348943411356,-0.0262590171417232,0.0262590171417233,"[54, 604]",-4.40056230431292,-3.05200253238704,2.11842881199445
80607,411.066666666667,Boreal Taiga,2.97186505544362,1.08166551340232,-1.18701802791605,0.112264956214212,-2.9787774971441,-0.730371597746659,-1.30091645621427,2.03128805396093,-0.608609015537978,0.608609015537978,-0.00436683998437721,0.00436683998437721,1.42030592068264,-0.306915027407845,-1.11339089327479,0.688122012633195,-0.688122012633195,-0.295682243125002,0.295682243125001,-0.359561333481603,0.359561333481603,1.69027525058427,-0.464067599268686,-1.22620765131558,-0.741252139901795,-0.384577195963063,1.12582933586486,0.448327378678648,-0.448327378678648,0.460994376494397,-0.460994376494397,0.309971888268325,-0.309971888268325,0.0374638104649883,-0.746655148300684,-1.48859249303006,2.19778383086576,-0.0562842590168028,0.0562842590168028,"[54, 604]",-2.73031381817064,-2.1800516324731,1.01312258596277
80608,2838.8,Boreal Taiga,4.6558887470653,2.12534413197646,0.868261502336572,1.37908712610256,-9.02858150748089,-0.144931761708657,-1.4899831642945,1.63491492600316,-0.483455361360332,0.483455361360332,0.432767723968492,-0.432767723968492,2.01564386175453,0.0557128644572799,-2.07135672621181,0.94236796284308,-0.94236796284308,-0.219803598090585,0.219803598090585,-0.247698097600564,0.247698097600564,1.95063286228851,-0.388679522425691,-1.56195333986282,-1.02201771267975,-0.342856774094543,1.36487448677429,0.213674950804334,-0.213674950804334,0.143169444452657,-0.143169444452657,0.0717795359856837,-0.0717795359856837,-0.944446786834247,-0.477256098965127,-1.17040327952507,2.59210616532445,-0.304277092217299,0.304277092217299,"(1497, 8446]",-2.97852755768294,0.721025465578588,-0.692234309434818
80609,920.333333333333,Boreal Taiga,4.58147293848194,2.16247749364348,0.658400096867209,1.68005134439919,-9.08240187339182,-0.396670688628875,-1.32904755825465,1.72571824688353,-0.759912876872207,0.759912876872206,-0.0149823943509681,0.0149823943509684,1.90393821545116,-0.183535497925945,-1.72040271752521,0.682907914888175,-0.682907914888175,-0.0951579781476639,0.095157978147664,-0.089192825336358,0.089192825336358,1.53551810161349,-0.311504046289619,-1.22401405532387,-0.81862833129559,-0.427449180434902,1.24607751173049,0.666023763009434,-0.666023763009433,0.36027307737403,-0.36027307737403,0.400081476015857,-0.400081476015857,-0.630712624670831,-0.824868639111788,-1.26670139139083,2.72228265517345,-0.087531597171816,0.0875315971718159,"(604, 1497]",-4.40520477780392,-2.1890714181607,0.831774381837481
80610,766.333333333333,Boreal Taiga,4.55619101311805,2.17175489369368,0.842618946413738,1.53576612697368,-9.10633098019915,-0.480605766019113,-1.16014729452328,1.64075306054239,-0.664567973639971,0.664567973639971,0.284277651487116,-0.284277651487116,1.65962941880904,0.00268917238993587,-1.66231859119898,0.806714966851819,-0.806714966851819,-0.258205001029946,0.258205001029946,-0.28686333966691,0.28686333966691,1.79718723157863,-0.530433939576739,-1.26675329200189,-1.03134773526585,-0.0392189270001918,1.07056666226604,0.544920151297636,-0.544920151297636,0.413680079516935,-0.413680079516935,0.29179248902421,-0.291792489024209,-0.70656963846299,-0.604786944153048,-1.33072394753598,2.64208053015202,-0.15507746415192,0.15507746415192,"(604, 1497]",-3.34883350374771,-1.38114462587948,1.19749711337662
80611,1080.6,Boreal Taiga,4.57553396696485,2.18428955003639,0.797995188916501,1.5319643639967,-9.08978306991445,-0.280111633210651,-1.19640236508481,1.47651399829546,-0.60616246241706,0.60616246241706,0.229024324790524,-0.229024324790524,1.74495855205818,0.0302971196511048,-1.77525567170929,0.752517396366301,-0.752517396366301,-0.154307641059123,0.154307641059124,-0.204369216726567,0.204369216726567,1.66354556307963,-0.26817995098373,-1.3953656120959,-0.960449986193968,-0.221022053070016,1.18147203926398,0.549306144334055,-0.549306144334055,0.430352941240819,-0.430352941240819,0.328173888047837,-0.328173888047837,-0.585727934348567,-0.607234139569531,-1.3913530983352,2.5843151722533,-0.114182747647681,0.114182747647681,"(604, 1497]",-3.61235746645121,-1.53565027223101,1.00803704114248
80801,352.333333333333,Grasslands,4.2548603282334,2.42709042148231,1.0800167735157,1.55958985377759,-9.32155737700899,0.325980854013137,-1.32470001695501,0.998719162941875,-1.00186485997207,1.00186485997207,0.693147180559945,-0.693147180559945,1.90559526636173,0.607650075073132,-2.51324534143487,0.432903413221082,-0.432903413221082,-0.0838077047021295,0.0838077047021296,-0.31652162824512,0.31652162824512,2.42013081748557,-0.660759264408729,-1.75937155307684,-0.815773610097631,-0.437707476177581,1.25348108627521,0.515104780891855,-0.515104780891855,0.280667739407475,-0.280667739407475,0.346573590279973,-0.346573590279973,-0.968000218457797,-0.3320114517378,-1.55578688335992,2.85579855355551,0.0653100912085322,-0.065310091208532,"[54, 604]",-5.03335037137687,2.19384458875088,2.29378641840334
80802,114.533333333333,Grasslands,4.41442440597241,2.78611800923393,0.840207860178613,1.12788993263039,-9.16864020801534,-0.910588909239842,-1.13373246055405,2.04432136979389,-0.669887172742499,0.669887172742499,0.715373061845362,-0.715373061845362,1.79791793366939,0.199653321833415,-1.9975712555028,0.455700373289982,-0.455700373289982,-0.238462036045155,0.238462036045155,-0.843199476785114,0.843199476785115,2.23088063312106,-1.22701209221764,-1.00386854090343,-1.11249385575868,0.0914789485672533,1.02101490719143,0.724547631179461,-0.724547631179461,0.544654948002898,-0.544654948002898,0.217659035628923,-0.217659035628923,-1.27073898891897,-0.354448257044816,-1.27073898891897,2.89592623488276,0.153983371811643,-0.153983371811643,"[54, 604]",-3.41615519438427,0.851638765834901,4.43004661071676
80804,861.466666666667,Grasslands,4.6142501353673,2.39433801776428,0.580599641817454,1.45606837917135,-9.04525617412039,-0.388091580070048,-1.28803317394267,1.67612475401272,-0.84462195285123,0.84462195285123,0.0122957015686611,-0.0122957015686612,1.90139968484714,-0.0445104642081746,-1.85688922063897,0.62138768493351,-0.62138768493351,-0.057319683776708,0.0573196837767079,-0.116968898222545,0.116968898222545,1.67991315745877,-0.40807022993403,-1.27184292752474,-0.862891400617007,-0.363900234498019,1.22679163511503,0.642786545985513,-0.642786545985513,0.368411122031304,-0.368411122031303,0.364326934508428,-0.364326934508428,-0.722705669804509,-0.624265596991257,-1.38195129868877,2.72892256548454,-0.075888395736048,0.0758883957360481,"(604, 1497]",-4.23588740004127,-1.57827971113208,1.16707360883409
80805,1239.33333333333,Grasslands,4.4303762302886,2.60264165860226,0.895142532991948,1.24878257323553,-9.17694299511834,-0.0394394757883094,-1.15514619781572,1.19458567360403,-0.547746080665933,0.547746080665933,0.484483358850953,-0.484483358850953,1.93903862179721,0.645882886968134,-2.58492150876534,0.662787661985168,-0.662787661985168,0.0576033100656016,-0.0576033100656017,-0.192899964205152,0.192899964205152,2.45278481294527,-0.258962250038269,-2.193822562907,-1.16993365337793,-0.125180534382545,1.29511418776047,0.419301076709825,-0.419301076709825,0.283591629832309,-0.283591629832309,0.169832713600184,-0.169832713600184,-1.10862988800335,-0.0565376149701288,-1.89708724836762,3.06225475134109,-0.0184069865613581,0.0184069865613582,"(604, 1497]",-3.50889915381526,2.54450112417236,0.602662464585908
80806,516.6,Grasslands,4.35580149144744,2.78062817298743,0.71165793117489,1.36224549731604,-9.2103330929258,-0.0788870560073445,-1.309426887718,1.38831394372535,-0.895879734614027,0.895879734614028,0.415003181638571,-0.415003181638571,1.89452876946509,0.570212108621093,-2.46474087808618,0.627920736361228,-0.627920736361228,0.00198807418981961,-0.00198807418981982,-0.424450854984589,0.424450854984589,1.90813392061965,-0.548601852201658,-1.35953206841799,-0.97809638192514,-0.211617928279646,1.18971431020479,0.622822750363252,-0.622822750363252,0.434344525184261,-0.434344525184261,0.202057334505147,-0.202057334505147,-1.00089846006902,-0.62140883836412,-1.16795254473219,2.79025984316533,-0.0937763031057534,0.0937763031057536,"[54, 604]",-3.31140065529472,-0.00781974268555322,2.60315926016269
80807,54,Grasslands,6.64424926154455,4.73470675666011,2.65526521498027,-7.01711061659247,-7.01711061659247,-0.550974341457946,-1.64958663012606,2.200560971584,-0.0911607783969773,0.0911607783969772,0.383627576356834,-0.383627576356834,1.50270282438165,0.491101912703173,-1.99380473708483,0.646384151554534,-0.646384151554534,-0.250387643956245,0.250387643956244,-0.616071840646316,0.616071840646316,1.67274182112098,-1.46275239480817,-0.209989426312805,-0.655370952124278,-0.298696008185545,0.954066960309823,0.591885048504208,-0.591885048504208,0.538779439735139,-0.538779439735139,0.157540523319948,-0.157540523319948,-0.672810770696457,-0.672810770696457,-1.3659579512564,2.71157949264932,0.0461866600655076,-0.0461866600655075,"[54, 604]",-2.6674687471524,0.593605168032265,2.45899815547074
80808,1500.53333333333,Grasslands,4.44830372023904,2.81327026061597,0.711355863084076,1.16609202019902,-9.1390218641381,-0.059333148864292,-1.39527362383857,1.45460677270286,-0.583332875956563,0.583332875956563,0.569849574385316,-0.569849574385315,1.89724355598489,0.566790018690184,-2.46403357467508,0.430237976383879,-0.430237976383879,0.0189948522713714,-0.0189948522713714,-0.33447178940953,0.334471789409529,2.49345547633655,-0.584265030796473,-1.90919044554007,-0.934178830560682,-0.317851855984178,1.25203068654486,0.425166382041179,-0.425166382041179,0.250227284750252,-0.250227284750252,0.249022948559796,-0.249022948559796,-0.981223630699756,-0.439626348267011,-1.61374618944327,3.03459616841003,0.108464797173133,-0.108464797173133,"(1497, 8446]",-4.24970384922434,2.95632958237559,1.56822570555261
80809,1490.53333333333,Grasslands,4.5728162217344,2.34561379832607,0.926954152704152,1.24061171155919,-9.08599588432382,-0.216829187046939,-1.28104004899772,1.49786923604465,-0.66573232705464,0.66573232705464,0.244678947070942,-0.244678947070942,1.68311020786009,0.0932458740659487,-1.77635608192604,0.707193047993453,-0.707193047993453,-0.109484089951865,0.109484089951865,-0.242855379225547,0.242855379225547,1.84535412620795,-0.299280662349541,-1.5460734638584,-0.839025230082581,-0.26875214767317,1.10777737775575,0.58049665583283,-0.58049665583283,0.413339286592234,-0.413339286592234,0.287829456387999,-0.287829456387999,-0.773736383654404,-0.605113671218611,-1.33335217158983,2.71220222646284,-0.0545996459824959,0.0545996459824961,"(604, 1497]",-3.84222059277046,-0.627391154845856,1.32743209306658
80810,1019.8,Grasslands,4.50441557175345,2.50461307246092,0.863676492967447,1.25571858074347,-9.12842371792529,-0.231137937225792,-1.11463884627696,1.34577678350275,-0.717771147977109,0.717771147977109,0.361067358716599,-0.361067358716599,1.72598466022052,0.0576274331354515,-1.78361209335597,0.616976818268936,-0.616976818268936,-0.0616997968470579,0.0616997968470579,-0.269325329735189,0.269325329735189,1.89338224572493,-0.422515895918854,-1.47086634980608,-0.884015833362853,-0.339084597110351,1.2231004304732,0.53706497945446,-0.53706497945446,0.422876132512712,-0.422876132512711,0.28782639342262,-0.28782639342262,-0.740620289683775,-0.44582074946313,-1.52337962893341,2.70982066808031,-0.0645015414998875,0.0645015414998876,"(604, 1497]",-3.95469252266352,-0.445512531098195,1.54549929989132
80811,268.2,Grasslands,4.4565925246376,2.76199680386319,0.564772226526975,1.35322958689125,-9.13659114191902,-0.742983947316864,-0.99429837559777,1.73728232291463,-0.728876662551018,0.728876662551018,0.389662438400499,-0.389662438400499,1.70555116272435,0.0701377638869899,-1.77568892661134,0.502619108945326,-0.502619108945326,-0.121939724896694,0.121939724896694,-0.319043701688459,0.319043701688459,2.06241658280297,-0.796206476778616,-1.26621010602435,-1.0041698202452,-0.169372122622231,1.17354194286743,0.654166409825089,-0.654166409825089,0.395563794460075,-0.395563794460074,0.274376337839026,-0.274376337839026,-0.979441947346259,-0.874081431688433,-0.611717167220942,2.46524054625564,-0.00609763654690924,0.00609763654690912,"[54, 604]",-4.24271473284697,-0.324067292982104,2.56663189736363
80812,143.933333333333,Grasslands,4.09877834717631,2.44678082032342,1.95034393400953,0.920724516828367,-9.41662761833762,0.889076068860652,-1.59583058092735,0.706754512066697,-0.428725115925611,0.428725115925611,0.383627576356834,-0.383627576356834,2.08977302509522,0.025146569200525,-2.11491959429575,0.443106638318438,-0.443106638318439,0.0976543761603828,-0.0976543761603829,-0.262505129378974,0.262505129378974,2.70676377132285,-0.313661114821509,-2.39310265650134,-0.661042590675964,-0.460371895213813,1.12141448588978,0.744038527714917,-0.744038527714917,-0.074606199093338,0.0746061990933378,0.262712211593572,-0.262712211593572,1.91708722707741,1.22394004651746,-8.45374083728497,5.31271356369011,0.131182132233746,-0.131182132233746,"[54, 604]",-4.17997663968614,7.14184977560335,-0.962084239210625
80813,1356.8,Grasslands,4.28039982085756,2.47869002077633,1.11219828695262,1.42886789627765,-9.30015602486417,-0.207543200530233,-1.31143254629919,1.51897574682942,-0.926875572628011,0.926875572628012,0.0581877879442518,-0.0581877879442519,1.86530272272964,0.244168770532346,-2.10947149326198,0.593068290061091,-0.59306829006109,-0.138508270627181,0.138508270627181,-0.27303183397789,0.27303183397789,1.72788563067519,-0.458477707229429,-1.26940792344576,-0.96180380196793,-0.214589400137709,1.17639320210564,0.51045935692423,-0.51045935692423,0.337399020945874,-0.337399020945874,0.236417959611624,-0.236417959611624,-0.488259362480723,-0.565817596826597,-1.51489815152374,2.56897511083106,-0.133553337367663,0.133553337367663,"(604, 1497]",-3.22888466365659,-0.472176406883941,1.84087710383824
80814,2574.26666666667,Grasslands,4.4402557048668,2.34641323663314,1.01004604946975,1.39362844632841,-9.19034343729809,0.0720178521161678,-1.28198091431237,1.2099630621962,-0.59619022406031,0.59619022406031,0.463081753136324,-0.463081753136324,1.76947801207793,0.43885472181029,-2.20833273388822,0.717848400722494,-0.717848400722494,-0.0188701639914235,0.0188701639914236,-0.223367501153191,0.223367501153191,2.07506781159053,-0.33583950855567,-1.73922830303486,-0.999096968821588,-0.119270926098733,1.11836789492032,0.512222752546597,-0.512222752546596,0.383086157787418,-0.383086157787418,0.242817267201586,-0.242817267201586,-0.853717126736836,-0.482541092107304,-1.26481605256326,2.6010742714074,-0.0346871177517615,0.0346871177517615,"(1497, 8446]",-3.42682659679527,0.703682788225432,1.19521934810819
80815,493,Grasslands,4.67363251735367,2.46821117281327,0.425137275304309,1.42366610541544,-8.99064707088668,-0.270295832230454,-1.56306413533952,1.83335996756998,-0.853749562805158,0.853749562805158,0.0712815323274352,-0.0712815323274352,1.89804462718012,-0.0531425789760341,-1.84490204820409,0.632343614512552,-0.632343614512552,-0.0894396063014909,0.0894396063014908,-0.196521294054804,0.196521294054804,1.76961976179689,-0.318260648528807,-1.45135911326809,-0.983557410200391,-0.235147550965396,1.21870496116579,0.656693795155901,-0.656693795155901,0.403961347576187,-0.403961347576187,0.383913972546048,-0.383913972546048,-0.801276886562243,-1.40741269013256,-0.896587066366567,3.10527664306137,-0.0663222373031473,0.0663222373031473,"[54, 604]",-4.46539251585841,-1.72790664747691,1.61955848919949
80816,666.333333333333,Grasslands,4.58332770634102,2.39374258556275,0.588189794202364,1.50448052607652,-9.06974061218265,-0.367438665535198,-1.2147365259224,1.5821751914576,-0.939385423108842,0.939385423108842,0.167289148330571,-0.167289148330571,1.91371316434324,0.047555405061323,-1.96126856940456,0.607179124429708,-0.607179124429708,-0.0316245151538496,0.0316245151538496,-0.183231475152448,0.183231475152448,1.72408292253162,-0.537369182315034,-1.18671374021659,-0.943400759799958,-0.284155130915694,1.22755589071565,0.642051710111672,-0.642051710111672,0.299707351448619,-0.299707351448619,0.319285539661735,-0.319285539661735,-0.698954212089747,-0.559192269714588,-1.6152449439639,2.87339142576824,-0.0446947496972986,0.0446947496972986,"(604, 1497]",-4.20169997803043,-0.566979637099736,1.28923960912653
80817,1210.86666666667,Grasslands,4.61644721618664,2.22103436088153,0.986289897888838,1.23412606179342,-9.05789753675043,-0.250654193588762,-1.22551327961398,1.47616747320275,-0.659677439222391,0.659677439222391,0.141937722165109,-0.141937722165109,1.7903772750084,0.0102151945951745,-1.80059246960358,0.686202624479612,-0.686202624479612,-0.115486541196957,0.115486541196957,-0.128281081868988,0.128281081868988,1.72363775051268,-0.309122887429594,-1.41451486308308,-0.857772535710685,-0.363896470258467,1.22166900596915,0.60332389738762,-0.603323897387619,0.362865099767824,-0.362865099767824,0.331333314292925,-0.331333314292925,-0.631402571095539,-0.698843851891072,-1.36900151422632,2.69924793721293,-0.0805863661504891,0.080586366150489,"(604, 1497]",-4.14989139614119,-1.09871087526725,0.942962425531624
80818,905.266666666667,Grasslands,4.20112465182929,2.65125769964052,0.797366449305458,1.68240463767551,-9.33215343845077,-0.118446906975198,-1.21705919564331,1.33550610261851,-0.829934383030496,0.829934383030496,0.584408273670679,-0.584408273670679,1.86958614906676,0.478863736431135,-2.34844988549789,0.520828697870319,-0.520828697870319,-0.152837818749897,0.152837818749897,-0.536753183768517,0.536753183768517,1.99953687068096,-0.592514416558372,-1.40702245412258,-0.807387478761531,-0.285198096345225,1.09258557510676,0.488191951598939,-0.488191951598939,0.396956313911175,-0.396956313911174,0.200092034903275,-0.200092034903275,-0.827676973883114,-0.433022781879165,-1.3712924204721,2.63199217623438,-0.00974344383674833,0.00974344383674832,"(604, 1497]",-3.5922200493572,1.09328059249869,2.90989563435055
80901,436,Grasslands,4.21292521585688,1.8432008200252,1.47855770643729,1.8432008200252,-9.37788456234458,-0.198845141888745,-1.33024725337985,1.52909239526859,-1.20571974895306,1.20571974895306,-0.0214625223585169,0.021462522358517,1.67009828198232,0.111232943183851,-1.78133122516617,0.525097594614867,-0.525097594614867,-0.299944843536681,0.299944843536681,-0.382049458266115,0.382049458266115,1.48403371970514,-0.326368100332191,-1.15766561937295,-0.947193864575578,-0.185053812528681,1.13224767710426,0.445999019652555,-0.445999019652555,0.382303072271045,-0.382303072271045,0.309298512004064,-0.309298512004064,-0.352884462513114,-0.584686076570439,-1.41759519950554,2.3551657385891,-0.0818946543325136,0.0818946543325134,"[54, 604]",-3.36842708224919,-1.23879746318506,2.66084018848775
80903,88.4666666666667,Grasslands,4.39835543248198,2.09577033948794,1.11494108647621,1.6257667102422,-9.23483356868834,0.101143476473307,-1.57283295709837,1.47168948062506,-1.14119119283826,1.14119119283826,-0.0871766935723889,0.0871766935723888,5.16655733886477,3.33397587511646,-8.50053321398123,0.499264415055564,-0.499264415055564,-0.0232600078174464,0.0232600078174467,-0.188647115570734,0.188647115570734,1.41021662724312,-0.435610063255215,-0.974606563987902,-0.905143436133277,-0.211996255573332,1.11713969170661,0.587786664902119,-0.587786664902119,0.405465108108164,-0.405465108108164,0.398471987120795,-0.398471987120794,-1.47428846690919,-0.0879941057892943,-0.78114128634924,2.34342385904772,-0.182967134675764,0.182967134675765,"[54, 604]",-1.53837585302898,0.564790220014154,3.9764748943924
80904,67.4,Grasslands,3.64489287976792,2.03545496733382,1.78414053905291,2.23612566279597,-9.70061404895062,0.30819651156295,-0.70340440011553,0.39520788855258,-0.12891455465105,0.12891455465105,0.239786540130943,-0.239786540130943,1.76610578884935,-0.131014196036536,-1.63509159281281,0.423648930193602,-0.423648930193602,-0.111571775657105,0.111571775657105,-0.723459491468163,0.723459491468163,1.57322954647689,0.220836737032685,-1.79406628350958,-0.663081091253896,-0.132452840191725,0.795533931445621,0.918105615899444,-0.918105615899445,0.549306144334055,-0.549306144334055,0.163606455604208,-0.163606455604208,-0.743314854425483,0.237514398586243,-1.84192714309359,2.34772759893283,0.0513270770300416,-0.0513270770300418,"[54, 604]",-2.40306516442809,0.247729474748673,4.9592206402526
80907,517.6,Grasslands,4.19117731188613,1.86878959159591,1.46332448348774,1.86878959159591,-9.39208097856569,-0.19707746602258,-1.25794942670784,1.45502689273042,-0.98540385033852,0.98540385033852,0.0415332993493066,-0.0415332993493067,1.49125140652274,0.0695102964071013,-1.56076170292984,0.529695787757414,-0.529695787757414,-0.370820765249278,0.370820765249278,-0.551175305389358,0.551175305389358,1.51845984049503,-0.27329962873303,-1.245160211762,-1.00856096272854,-0.100638480524899,1.10919944325344,0.395874578682243,-0.395874578682242,0.452431018025266,-0.452431018025266,0.196416680601132,-0.196416680601132,-0.183156791779621,-0.62498954405866,-1.52293113726462,2.3310774731029,-0.0813477961686031,0.0813477961686032,"[54, 604]",-2.68069309779578,-0.896982229862117,3.11387525407635
81001,901.4,Grasslands,4.86862112614103,2.73559533832709,-0.346314631467958,1.54075501756442,-8.79865685056458,-0.371429732727416,-1.50778234937837,1.87921208210579,-0.698883381141064,0.698883381141064,0.201830840554507,-0.201830840554507,1.83749921236755,0.0499860340209484,-1.8874852463885,0.617924006428193,-0.617924006428193,-0.0902314100996645,0.0902314100996647,-0.261094691208153,0.261094691208153,1.85240784943495,-0.504489232912834,-1.34791861652212,-0.868121826665137,-0.285231132375225,1.15335295904036,0.688702706851322,-0.688702706851322,0.351293787169516,-0.351293787169516,0.31807198093911,-0.31807198093911,-1.0210917419057,-0.967024520635423,-1.0210917419057,3.00920800444682,0.0115355604506558,-0.0115355604506559,"(604, 1497]",-4.50354106477635,-0.753118044187259,1.52238499519002
81002,654.466666666667,Grasslands,4.84872322365746,2.90129447142495,0.303909838210263,0.75589496195332,-8.809822495246,-0.296105266289371,-1.32325859097534,1.61936385726471,-1.02638664729884,1.02638664729884,0.0695985650800999,-0.0695985650801,1.7646910260559,-0.106205763730876,-1.65848526232503,0.618741609032316,-0.618741609032316,0.011966383105814,-0.0119663831058141,-0.159489539586848,0.159489539586848,1.88421547459668,-0.143306009904793,-1.74090946469189,-0.765772323895023,-0.523632271890158,1.28940459578518,0.56961350391115,-0.56961350391115,0.315751508724369,-0.315751508724369,0.272465618126251,-0.272465618126251,-1.09665199027211,-0.644666866529054,-1.09665199027211,2.83797084707328,-0.104337370097146,0.104337370097147,"(604, 1497]",-4.77390185310183,-0.676944226087465,1.158655986967
81003,1743.8,Grasslands,2.73291223113655,1.058498830112,-0.280004867171539,-0.0125255020372772,-3.49888069203974,-0.326538499652908,-1.76008574562334,2.08662424527625,-0.390850288950695,0.390850288950695,-0.0316728559653977,0.0316728559653978,1.56452726145253,0.263374368937156,-1.82790163038968,0.749924530333377,-0.749924530333376,-0.102025636689685,0.102025636689685,-0.491539486372871,0.491539486372871,1.73699356335112,-0.494291852058061,-1.24270171129306,-0.770001599688672,-0.320642298023282,1.09064389771195,0.440622273791145,-0.440622273791145,0.394694322469498,-0.394694322469497,0.159226865559268,-0.159226865559267,-0.27732146767997,-0.409919589121494,-1.50109689930209,2.18833795610355,0.0390397851934668,-0.0390397851934667,"(1497, 8446]",-1.30091094867948,-0.161091879554092,0.937239197385736
81004,244,Grasslands,4.44791319155434,3.40012015128244,0.705492970512373,0.482349419198163,-9.03587573254732,0.146410656859661,-1.70988733350597,1.56347667664631,-0.0742100025591367,0.0742100025591366,0.782817644887854,-0.782817644887854,2.07402874670999,0.0615979153131144,-2.13562666202311,0.57933826470538,-0.57933826470538,0.0243950820847161,-0.024395082084716,-0.0406728197269763,0.0406728197269763,2.57615489439453,-0.59493026663732,-1.98122462775721,-1.19674510682995,-0.542818639423287,1.73956374625324,0.392477364906534,-0.392477364906534,0.223460910893255,-0.223460910893255,0.0276993896948942,-0.0276993896948941,-1.4317119368968,-1.4317119368968,-0.738564756336854,3.60198863013045,-0.0545996459824959,0.0545996459824961,"[54, 604]",-4.95989578459437,2.60398055610817,0.0178476285108472
81006,959.6,Grasslands,4.66223806907183,2.62674841492118,0.571023399858661,1.13063918779408,-8.99064907164576,0.0101890095325103,-1.42953051826096,1.41934150872845,-0.676359032793143,0.676359032793143,0.269264113157663,-0.269264113157663,1.80245789468683,0.253178874028924,-2.05563676871576,0.685770861322426,-0.685770861322426,-0.0404136645669771,0.0404136645669771,-0.195558829850011,0.195558829850011,1.92680208681911,-0.339488699982164,-1.58731338683695,-0.95778051977652,-0.336954000796201,1.29473452057272,0.535454843059387,-0.535454843059387,0.31591984000191,-0.31591984000191,0.184497714163387,-0.184497714163387,-0.666860451703669,-0.997102138574246,-1.18815737533696,2.85211996561487,-0.111758656616111,0.111758656616111,"(604, 1497]",-3.82503605646295,0.152135738635567,1.01843600324861
81008,203.2,Grasslands,4.2416114064124,3.00353298959995,1.50960796428769,0.498007052609213,-9.25275941290925,0.607798851390412,-1.71458886889981,1.1067900175094,-0.175698943418944,0.175698943418944,0.956824643418546,-0.956824643418546,2.02830705275433,0.287191316345028,-2.31549836909936,0.193023511125531,-0.193023511125531,0.100933076433462,-0.100933076433463,-0.420783592839109,0.420783592839109,5.78368093838213,2.22020275080946,-8.00388368919159,-0.862525349211445,-0.562420756761107,1.42494610597255,0.551681445713354,-0.551681445713354,0.0984991356049436,-0.0984991356049438,0.472230804420426,-0.472230804420426,-0.382117212475108,-0.787582320583273,-2.17387668170316,3.34357621476154,0.303994686109819,-0.303994686109819,"[54, 604]",-8.54705448610515,10.6966449804033,2.29600424430783
81012,535.066666666667,Grasslands,4.63234697692046,2.75097534900272,0.853855364116841,0.766843987127211,-9.00402167716724,-0.162657969425631,-1.10711957826648,1.26977754769211,-0.470804269929223,0.470804269929223,0.340725570398377,-0.340725570398377,1.86867070942168,0.496765085753893,-2.36543579517558,0.711506731041386,-0.711506731041385,-0.129892284457445,0.129892284457445,-0.303463002556408,0.303463002556408,1.88268295247574,-0.193020267093491,-1.68966268538225,-1.03699970489877,-0.199271295527721,1.2362710004265,0.5315528001056,-0.5315528001056,0.344306012697277,-0.344306012697277,0.0953101798043249,-0.0953101798043249,-0.50580045583924,-1.19894763639919,-1.19894763639919,2.90369572863761,-0.0578421994997311,0.0578421994997311,"[54, 604]",-3.42834537767108,1.02638163946405,1.44767567551613
81013,781.866666666667,Grasslands,3.83269500990095,2.6499996040223,1.35848364922969,1.72784375269574,-9.56902201584868,-0.0225716175380735,-1.37025114253018,1.39282276006826,-1.05658984065584,1.05658984065584,0.179149819832867,-0.179149819832867,1.84056853126967,0.496322406393275,-2.33689093766294,0.525324114730492,-0.525324114730492,-0.050173986917141,0.0501739869171409,-0.402747710115186,0.402747710115186,1.73549310967509,-0.559165918046534,-1.17632719162856,-1.0399940809068,-0.0721159802421512,1.11211006114895,0.587262801499818,-0.587262801499817,0.338649494159961,-0.338649494159961,0.278740657703395,-0.278740657703395,-0.471556604406138,-0.0598218832843785,-1.66925979571848,2.200638283409,-0.189057241987227,0.189057241987227,"(604, 1497]",-2.49312399200399,-0.421680199932479,2.90880078790504
81014,624.733333333333,Grasslands,4.71759426607075,2.99220986578757,0.498086560894644,0.698757256356796,-8.90664794910976,-0.0702190097558553,-1.74864979367691,1.81886880343276,-0.317325486939168,0.317325486939168,0.362118883814988,-0.362118883814988,1.94696200645492,0.494333171514685,-2.4412951779696,0.514983048859259,-0.514983048859259,0.00192678465799503,-0.001926784657995,-0.126455936355032,0.126455936355032,1.99762628482489,-0.268054251233706,-1.72957203359118,-0.920935196353699,-0.376208020912027,1.29714321726573,0.643332260085525,-0.643332260085525,0.231311760974057,-0.231311760974057,0.256081261180416,-0.256081261180416,-0.586730226703525,-1.50302095857768,-1.2153388861259,3.3050900714071,0.0124075845598621,-0.012407584559862,"(604, 1497]",-4.51580237982632,1.1961178345531,1.21522671790677
81015,307.866666666667,Grasslands,4.64751056160477,2.76904169334499,0.326694657975788,1.24298538984994,-8.9862323027755,-0.360959502455299,-1.37256041413378,1.73351991658908,-1.06411585292463,1.06411585292463,0.107073994202816,-0.107073994202816,1.66333866896451,0.208051436357665,-1.87139010532217,0.600259284728924,-0.600259284728924,0.0975302912856921,-0.0975302912856923,-0.14384103622589,0.143841036225891,1.74278597625199,-0.524819397846024,-1.21796657840597,-0.783227881649409,-0.359413634873048,1.14264151652246,0.673277016235188,-0.673277016235188,0.29139956169554,-0.29139956169554,0.263378222919092,-0.263378222919092,-0.656930905776353,-0.975384636894887,-1.10891602951941,2.74123157219065,0.0105824055960218,-0.0105824055960217,"[54, 604]",-4.344200089303,-0.232842011223292,1.32042390824722
81016,721.8,Grasslands,4.8136250392321,2.5326041241539,-0.398589628262521,1.90399546473152,-8.85163499985501,-0.656337228205259,-1.4795375370134,2.13587476521866,-0.655801734259151,0.655801734259151,-0.0131241130374681,0.0131241130374681,1.87309673966484,-0.0466567307417484,-1.82644000892309,0.638700136440377,-0.638700136440377,-0.155957192919774,0.155957192919774,-0.197268018787987,0.197268018787987,1.62922302631799,-0.497286026219828,-1.13193700009817,-0.795853915794397,-0.398972551377624,1.19482646717202,0.617326546449029,-0.617326546449029,0.36195941961335,-0.361959419613349,0.378386438220079,-0.378386438220078,-0.853549609495001,-1.06118897427325,-1.14123168194678,3.05597026571503,0.0539849673819492,-0.0539849673819489,"(604, 1497]",-4.62594394630878,-1.58869321973868,0.791998051068204
81017,3160.8,Grasslands,2.75343454264743,1.14216008240602,-0.25151438601149,0.12641456428807,-3.77049480333003,-0.348123342422367,-1.44342984295598,1.79155318537835,-0.692573457031707,0.692573457031707,0.00220750910455831,-0.00220750910455849,1.58879574382263,0.202911302774065,-1.79170704659669,0.667795026355934,-0.667795026355934,-0.148306680676551,0.148306680676551,-0.474485599673413,0.474485599673413,1.67191508556461,-0.454108397006351,-1.21780668855826,-0.938810090094341,-0.231111318894085,1.16992140898843,0.485282746381503,-0.485282746381503,0.370873804704789,-0.370873804704789,0.202185807143397,-0.202185807143397,-0.420704212632398,-0.365488490029951,-1.43558560839004,2.22177831105239,-0.0152995108178408,0.0152995108178409,"(1497, 8446]",-1.83305111159201,-0.557071694411989,1.667779527037
81019,1221.6,Grasslands,4.42954390571932,2.6644986489615,0.718588499906185,1.3566759032831,-9.16930695787011,-0.196828655451198,-1.30117161882829,1.49800027427949,-0.757704481392912,0.757704481392912,0.439361142131497,-0.439361142131496,1.81356456102548,0.406004709126246,-2.21956927015173,0.557838008284756,-0.557838008284756,-0.0872922871459011,0.0872922871459013,-0.398343929750393,0.398343929750393,1.93655910520731,-0.59076826046464,-1.34579084474267,-0.878017675031341,-0.261987797815827,1.14000547284717,0.555050794357933,-0.555050794357933,0.361619861026445,-0.361619861026445,0.269880367312721,-0.269880367312721,-1.03105224080372,-0.718677555761564,-1.03105224080372,2.780782037369,-0.0250712147097227,0.0250712147097228,"(604, 1497]",-3.85793563563871,0.309830123518731,2.32892369244352
81020,760.6,Grasslands,4.60250415790365,2.52437927210856,0.860874138404186,1.06154483386634,-9.04930240228274,-0.334826913697896,-1.28390746839504,1.61873438209294,-1.01464587899718,1.01464587899718,0.11883582593856,-0.11883582593856,1.71982934427674,-0.0929494921753918,-1.62687985210135,0.664643771411662,-0.664643771411662,-0.0219013113291966,0.0219013113291963,-0.171218975777605,0.171218975777605,1.76759057229914,-0.247312448243126,-1.52027812405601,-0.765981571145848,-0.405978837114441,1.17196040826029,0.602453473658866,-0.602453473658867,0.371761693942506,-0.371761693942506,0.247593364940768,-0.247593364940768,-0.855117347452457,-0.631973796138248,-1.19995783374419,2.68704897733489,-0.0736151184913422,0.0736151184913421,"(604, 1497]",-4.31496926407014,-0.781532290620386,1.36954530374201
81021,466.4,Grasslands,4.82365958648213,2.82426075247583,0.595783631635508,0.595783631635508,-8.83948760222898,-0.344901229603737,-1.46549242499062,1.81039365459436,-0.623266209372366,0.623266209372366,0.135272895104397,-0.135272895104397,1.78669034330051,-0.0128512663696029,-1.7738390769309,0.570436048978996,-0.570436048978996,-0.0970780072204787,0.0970780072204786,-0.22314355131421,0.22314355131421,1.99912231596623,-0.0427365145645673,-1.95638580140166,-0.878802773814561,-0.36797715004857,1.24677992386313,0.66968872066607,-0.669688720666069,0.291460237625473,-0.291460237625473,0.209926922780132,-0.209926922780132,-0.281918738549806,-1.42705104285281,-1.1757366145719,2.88470639597452,-0.0447032938577924,0.0447032938577923,"[54, 604]",-4.5297981165037,0.366649174450713,1.66952596162913
81022,762.133333333333,Grasslands,2.98850195501673,1.14314529977969,-0.742140227459184,0.185846544178163,-3.5753535715154,-0.169457880172901,-1.42222084866827,1.59167872884117,-0.646960520494438,0.646960520494438,0.177670360462798,-0.177670360462798,1.61747966955872,0.293129794399349,-1.91060946395806,0.677944423175889,-0.677944423175889,-0.0523734152295318,0.0523734152295316,-0.387320107405564,0.387320107405564,1.74929258992999,-0.404872497945783,-1.34442009198421,-0.792589434547677,-0.345842667466209,1.13843210201389,0.602928909510854,-0.602928909510854,0.372469344844175,-0.372469344844175,0.171767075188837,-0.171767075188837,-0.800291064854171,-0.427615779568997,-1.23854599578533,2.46645284020849,-0.0583907666596469,0.0583907666596469,"(604, 1497]",-2.36187493420703,-0.468766996399231,1.77200210470829
81101,143.8,Tundra,6.84214281370177,3.82783415457484,-6.90233197114575,3.1346869740149,-6.90233197114575,-0.420222716000827,-2.21198218522888,2.63220490122971,0,0,0.542006744623479,-0.542006744623478,2.32328966254556,-0.612338686938726,-1.71095097560684,1.1666783758304,-1.1666783758304,0.22196569446798,-0.22196569446798,0.0163949114114955,-0.0163949114114954,1.61758699700852,-0.435186297589151,-1.18240069941937,-0.709053371753051,-0.323390890941066,1.03244426269412,1.20539933881714,-1.20539933881714,0.473894699466763,-0.473894699466763,0.886170691685477,-0.886170691685477,-1.27648636847515,-1.27648636847515,-1.27648636847515,3.82945910542544,-0.0711581110901277,0.0711581110901278,"[54, 604]",-6.49744520113209,-6.24643059006826,-2.31536821058492
81102,300.4,Tundra,6.42711291444784,4.13751501698061,-7.22310478713593,3.88158164284341,-7.22310478713593,-0.576972603323936,-1.96326696444383,2.54023956776776,-0.325293783070575,0.325293783070575,0.011111568392355,-0.011111568392355,1.98311924290411,-0.298412440892108,-1.684706802012,0.80471895621705,-0.80471895621705,-0.138659642708117,0.138659642708117,-0.239499596077157,0.239499596077157,1.34037601811914,-0.421969565902624,-0.918406452216515,-0.615003343530592,-0.643990880403844,1.25899422393444,0.725186608902207,-0.725186608902207,0.451560134342205,-0.451560134342205,0.397900667310014,-0.397900667310015,-1.18530958956615,-1.00298803277219,-0.848837352944933,3.03713497528327,-0.0106386992236425,0.0106386992236424,"[54, 604]",-5.34766745322316,-4.63867766396735,-0.669760190218931
81103,284.666666666667,Tundra,6.33155879428758,4.24855218644325,-7.2845759858445,3.98904099095817,-7.2845759858445,-0.925495787551813,-1.61864296811176,2.54413875566357,-0.364980576841331,0.364980576841331,0.075141101524669,-0.0751411015246689,2.00096630824455,-0.475572091872935,-1.52539421637161,0.80471895621705,-0.80471895621705,-0.0694182224271078,0.069418222427108,-0.0756154848619617,0.0756154848619618,1.29016322368726,-0.327087228483632,-0.963075995203629,-0.694631964009739,-0.694631964009739,1.38926392801948,0.892466752078828,-0.892466752078828,0.288657682517412,-0.288657682517412,0.647743956580855,-0.647743956580855,-0.431805237022621,-1.41263449003435,-1.41263449003435,3.25707421709132,0.0611873565617783,-0.0611873565617782,"[54, 604]",-6.83111724558122,-4.73750388998658,-1.71412429659986
81104,295.6,Tundra,6.49654318849141,4.25325783777865,-7.16988232331922,3.58996362036839,-7.16988232331922,-0.935071316518619,-1.78236917690582,2.71744049342444,-0.221746251848702,0.221746251848702,0.111571775657105,-0.111571775657105,2.1187025535653,-0.366204096222703,-1.75249845734259,0.827524211843076,-0.827524211843076,-0.0756154848619617,0.0756154848619618,-0.0733017370959377,0.0733017370959377,1.45829039272072,-0.337085716977524,-1.1212046757432,-0.554890268275244,-0.637128366512216,1.19201863478746,0.820000281422134,-0.820000281422134,0.45068254082874,-0.45068254082874,0.469773797019211,-0.469773797019211,-1.63198947940564,-0.938842298845692,-0.938842298845692,3.50967407709702,-0.0133341235410806,0.0133341235410806,"[54, 604]",-6.1315774091971,-4.70259301749863,-1.09393377772464
81105,345.733333333333,Tundra,4.56778001435598,2.24481575902528,0.510214703637178,1.76297767213255,-9.08578814915099,-0.601078460420862,-1.59960729053199,2.20068575095285,-0.319043701688459,0.319043701688459,-0.102397206323007,0.102397206323007,1.8289737438625,-0.33291146702841,-1.49606227683409,0.78776818037921,-0.78776818037921,-0.213518796681146,0.213518796681146,-0.152184495618398,0.152184495618398,1.56485124904093,-0.344691255843513,-1.22015999319741,-0.774706424298273,-0.43438061836107,1.20908704265934,0.59885159565617,-0.59885159565617,0.368316146249842,-0.368316146249842,0.341109055013878,-0.341109055013878,-0.584258173729979,-0.84662243819747,-1.35744806196346,2.78832867389091,-0.0588915178281917,0.0588915178281919,"[54, 604]",-3.88986737141854,-2.1529818649754,0.00933232244272644
81106,372.266666666667,Tundra,4.71731865562652,2.34574069114552,0.399830542090206,1.49844283075832,-8.96133271962056,-0.353051150642521,-1.73934551176241,2.09239666240493,-0.188343071779061,0.188343071779061,0.207658702275588,-0.207658702275588,1.69710223788035,-0.353351766926236,-1.34375047095411,0.957686712597616,-0.957686712597616,-0.0567985888618526,0.0567985888618528,-0.0111528787571491,0.0111528787571491,1.44944761504341,-0.31263608603853,-1.13681152900488,-0.784089238648832,-0.429917424928219,1.21400666357705,0.676196404722105,-0.676196404722105,0.435502933669501,-0.435502933669501,0.417614847086859,-0.417614847086859,-0.697937579197046,-0.898608274659197,-1.30407338276736,2.90061923662361,-0.0739600650383111,0.0739600650383111,"[54, 604]",-4.15900621462951,-2.94471125006822,-0.873895871951807
81107,128.333333333333,Tundra,6.2667165317839,4.09358950602674,-7.32402577913917,4.2877455204677,-7.32402577913917,-1.48575001863716,-1.08028491052899,2.56603492916615,-0.379552574175871,0.379552574175871,0.108111554234818,-0.108111554234818,2.36385240698218,-1.18192620349109,-1.18192620349109,1.03623643618187,-1.03623643618187,-0.14384103622589,0.143841036225891,-0.252774283332573,0.252774283332573,1.40329312931625,-0.835778557955466,-0.567514571360787,-0.755887606866993,-0.487623620272314,1.24351122713931,0.996215082345103,-0.996215082345103,0.351268460454892,-0.351268460454892,0.639598112781762,-0.639598112781762,-0.815124374889755,-1.10280644734154,-0.815124374889755,2.73305519712105,0,0,"[54, 604]",-6.39862889451669,-5.84666037223127,-1.74841589191926
81108,316.2,Tundra,4.73314390850536,2.58831960756267,-0.329451124521611,1.92184067408488,-8.9138530656313,-0.87572690181756,-1.48186270538788,2.35758960720544,-0.320926943086197,0.320926943086197,0.145292416054871,-0.145292416054871,1.84149141013841,-0.29436422082152,-1.54712718931689,0.883830958824497,-0.883830958824497,-0.0472792913125063,0.0472792913125064,-0.155793796652668,0.155793796652668,1.43929084525355,-0.448483277214094,-0.990807568039456,-0.735140448180133,-0.426839088525616,1.16197953670575,0.638430260037214,-0.638430260037214,0.456323870297827,-0.456323870297827,0.372948872972737,-0.372948872972737,-0.968288057759788,-0.562822949651624,-1.25597013021157,2.78708113762298,0.0128541783551034,-0.0128541783551036,"[54, 604]",-4.01553933890006,-2.62343847545353,-0.398495225111181
81110,1437.26666666667,Tundra,4.70570958482188,2.31598874446306,0.509191397870467,1.4435006352473,-8.9743903624027,-0.295836561168595,-1.38825687958878,1.68409344075738,-0.31958705840764,0.31958705840764,0.29506331459948,-0.295063314599481,1.83968933961582,-0.0409157110317242,-1.7987736285841,0.952783178252399,-0.952783178252399,-0.146635900965284,0.146635900965284,-0.158758042271286,0.158758042271286,1.75582667591943,-0.293505064289036,-1.46232161163039,-0.932470035675487,-0.335833755496386,1.26830379117187,0.371524061835217,-0.371524061835217,0.29443416538643,-0.29443416538643,0.231283616536797,-0.231283616536797,-0.922246188475955,-0.433399471428739,-1.22452706034889,2.58017272025358,-0.173423597551881,0.173423597551881,"(604, 1497]",-3.3282417243021,-0.771574810882122,-0.841709586065733
81111,581.666666666667,Tundra,5.00484179550496,2.3801732033418,-0.733342105868575,2.03924661637121,-8.69091950934939,-0.878761134244178,-1.52061502041657,2.39937615466075,-0.303067901785158,0.303067901785158,0.0588915178281919,-0.0588915178281917,2.09686033239514,-0.513209460346864,-1.58365087204828,0.864843520292839,-0.864843520292838,-0.0568512934876107,0.0568512934876108,-0.0359867498125447,0.0359867498125445,1.50341825369485,-0.257735766457129,-1.24568248723772,-0.721951704395411,-0.671520850768519,1.39347255516393,0.784649372421878,-0.784649372421878,0.385581772544125,-0.385581772544125,0.488457676845295,-0.488457676845295,-1.10988513521862,-0.639881505972887,-1.33302868653283,3.08279532772434,-0.0656680010305435,0.0656680010305434,"[54, 604]",-5.17534094388578,-3.47651085225362,-0.735275819309576
81112,496.6,Tundra,4.61575457546547,2.49128935241168,-0.453149626754763,2.34005838268775,-8.99395268381013,-1.37084842228965,-1.52499910211691,2.89584752440656,-0.480705583577312,0.480705583577312,-0.179687000453949,0.179687000453949,1.99190539671328,-0.582613411764407,-1.40929198494887,0.787935544397509,-0.787935544397509,-0.176752684588727,0.176752684588727,-0.124292025579024,0.124292025579024,1.25699176352171,-0.276516833428777,-0.980474930092938,-0.626480309043698,-0.660966485114867,1.28744679415857,0.726892301361153,-0.726892301361154,0.390850288950695,-0.390850288950695,0.551648068990268,-0.551648068990268,-0.531364444741636,-0.990896774120076,-1.27857884657186,2.80084006543357,0,0,"[54, 604]",-5.08100829526262,-4.08525165245513,-0.30937769559417
81113,119.066666666667,Tundra,6.70721568573969,3.74047094905896,-7.01700345201517,3.5863202692317,-7.01700345201517,1.99718818403611,-7.89634903764685,5.89916085361075,-0.202732554054082,0.202732554054082,0.533175713224944,-0.533175713224944,2.38728121138192,-0.220685531163305,-2.16659568021862,0.808703041041639,-0.808703041041639,-0.0454858891028634,0.0454858891028632,-0.336472236621213,0.336472236621213,1.84839248149319,-0.924196240746594,-0.924196240746594,-0.214911672257671,-0.865499238398821,1.08041091065649,0.82181463859119,-0.82181463859119,0.412659476834214,-0.412659476834214,0.544781226574096,-0.544781226574096,-5.65844064101985,3.16663733016568,-5.65844064101985,8.15024395187402,0.124827338431271,-0.124827338431271,"[54, 604]",-5.60529413878146,-2.60756025266776,-2.14641442603589
81114,333.933333333333,Tundra,4.68622391955043,2.17778677235224,0.231876623296924,1.89010469990046,-8.98599201510005,-0.7691704037767,-1.26164688887449,2.0308172926512,-0.253940056768117,0.253940056768117,0.214781329843612,-0.214781329843612,1.76896019906951,-0.517495511994654,-1.25146468707485,0.873148547575649,-0.873148547575649,-0.128109401497998,0.128109401497998,-0.225034707172459,0.225034707172459,1.54599011596029,-0.610283857762832,-0.93570625819746,-0.668246169504934,-0.510617225301351,1.17886339480629,0.65769319584842,-0.65769319584842,0.432498718743302,-0.432498718743302,0.40316413764148,-0.40316413764148,-0.791407827587347,-0.909190863243731,-1.19687293569551,2.89747162652659,0.0171165858211212,-0.0171165858211211,"[54, 604]",-4.41918108546327,-2.45704269302363,-0.243228002560332
81201,2705.53333333333,Mediterranean Scrub,4.54102654515266,2.15388406413055,1.23549028205962,1.19247289697593,-9.12287378831876,0.173565142352852,-1.27754671884351,1.10398157649066,-0.275910758104302,0.275910758104302,0.589710688890817,-0.589710688890817,1.86652203639694,0.625713934940651,-2.49223597133759,0.81495822188882,-0.814958221888821,0.112618896458662,-0.112618896458662,-0.177764077411113,0.177764077411113,2.38411171578766,-0.522722701828511,-1.86138901395915,-0.97392895099307,-0.0592019410950981,1.03313089208817,0.450736397505404,-0.450736397505404,0.299810561274561,-0.299810561274561,0.183145201319087,-0.183145201319087,-0.590751599299182,-0.503740222309552,-1.89003458342944,2.98452640503818,0.119873087939859,-0.119873087939859,"(1497, 8446]",-3.14215309125722,3.05226766773144,-0.269584653578867
81202,384.666666666667,Mediterranean Scrub,4.09595237007784,2.02908961060487,1.43125260984925,1.89555821798035,-9.45185280851231,0.225331367111232,-1.17279745165566,0.947466084544429,-0.490414626505863,0.490414626505863,0.841280088631532,-0.841280088631532,1.80876553659036,0.623795679390035,-2.43256121598039,0.607362798051099,-0.607362798051099,-0.157246664951219,0.157246664951219,-0.369566146900884,0.369566146900884,2.08086101047608,-0.555730226643987,-1.52513078383209,-0.824231315884056,-0.165769693312001,0.990001009196057,0.458854083277564,-0.458854083277564,0.223354033321107,-0.223354033321107,0.2387446017492,-0.238744601749199,-0.319866981944892,0.491063234271437,-3.09245570418467,2.92125945185813,0.0288145564183182,-0.0288145564183181,"[54, 604]",-3.33694993440415,3.07518723290357,1.24814588978744
81203,999.733333333333,Mediterranean Scrub,3.89977276578692,2.45956877539141,1.57568146757191,1.61824108199071,-9.55326409074094,0.389263594370565,-1.36579450800706,0.976530913636497,0.160083763798135,-0.160083763798135,0.588508497168704,-0.588508497168704,1.76163868428358,0.415874304249247,-2.17751298853282,0.85121904445061,-0.85121904445061,0.0475471102019262,-0.0475471102019264,-0.410794751838498,0.410794751838498,2.05593897830631,-0.198855450851388,-1.85708352745492,-1.07101216764194,0.124226956715245,0.946785210926692,0.492846031088714,-0.492846031088714,0.260879645149141,-0.260879645149141,0.0466741796049113,-0.0466741796049113,0.138982294052283,-0.353494191045511,-2.41491722722267,2.6294291242159,-0.0635151868040321,0.0635151868040323,"(604, 1497]",-1.32775124881033,2.90159213508307,0.416373076424926
81204,1013.53333333333,Mediterranean Scrub,4.54143600207613,1.96526776100981,1.08176685195864,1.53959994558412,-9.1280705606287,0.0592468989149963,-1.13467556955744,1.07542867064244,-0.193116873090138,0.193116873090138,0.532582177300285,-0.532582177300285,1.72753425947121,0.302019185198042,-2.02955344466926,0.751322878652418,-0.751322878652418,-0.0369626368485078,0.0369626368485078,-0.1489172219579,0.148917221957899,2.16792351868147,-0.384603318781511,-1.78332019989996,-1.07811436254852,-0.0396059979501187,1.11772036049864,0.457601592093378,-0.457601592093378,0.226833604963021,-0.226833604963021,0.304611589334283,-0.304611589334284,-0.649175309027235,-0.592016895187286,-1.61058647618186,2.85177868039638,0.0305498293203606,-0.0305498293203606,"(604, 1497]",-3.58736662534015,1.71240282467527,-0.116228883320863
81205,854.933333333333,Mediterranean Scrub,4.47998450421783,2.08082740159904,1.44174744230937,1.17145711256946,-9.1740164606957,0.289228865637282,-1.20706639069694,0.917837525059656,-0.153293113545467,0.153293113545467,0.556274898255946,-0.556274898255946,1.79114161301161,0.538378644516246,-2.32952025752786,0.807934401382195,-0.807934401382196,0.0943455025397173,-0.0943455025397171,-0.202016734318363,0.202016734318363,2.43222928826497,-0.32863846867665,-2.10359081958832,-0.995811156913098,-0.0615019195362651,1.05731307644936,0.415764949421678,-0.415764949421678,0.242110939124007,-0.242110939124007,0.141461967502682,-0.141461967502682,-0.0806629786889561,-0.421589565659549,-2.50103110733939,3.00328365168789,0.101956094693161,-0.101956094693161,"(604, 1497]",-2.88032425776221,3.79655817691129,-0.553909433488332
81206,558.333333333333,Mediterranean Scrub,4.24374150546701,2.10884865925096,1.46699477307856,1.53153329421613,-9.35111823201266,0.312517070961703,-1.16148287057729,0.848965799615591,-0.176820020121789,0.176820020121789,0.560479793680053,-0.560479793680053,1.7337518845683,0.434468900438041,-2.16822078500634,0.728373011035251,-0.728373011035251,0.0747658669854817,-0.074765866985482,-0.27215077648119,0.27215077648119,2.22523805613286,-0.454780631113462,-1.7704574250194,-0.896135666624177,-0.109303001986908,1.00543866861109,0.479060962859642,-0.479060962859642,0.230325761837728,-0.230325761837728,0.191184696656758,-0.191184696656758,0.0225051013190727,-0.0988557556851948,-2.8396957796104,2.91604643397652,0.126535485927841,-0.126535485927842,"[54, 604]",-2.86091642922118,3.46544850514504,-0.0841599426478546
81207,1901.33333333333,Mediterranean Scrub,4.45474702943588,2.02375729956365,1.60192521399128,1.11393908219512,-9.19436862518593,0.467682742985861,-1.34495431126375,0.877271568277888,-0.239275344912097,0.239275344912097,0.497056364362124,-0.497056364362124,1.93613465108282,0.497178550301386,-2.4333132013842,0.667856713099342,-0.667856713099341,0.0862707638701576,-0.0862707638701575,-0.184750884299123,0.184750884299123,2.36701291867009,-0.318564426580061,-2.04844849209003,-0.953672249389417,-0.112673622430201,1.06634587181962,0.532250227080623,-0.532250227080623,0.214733130103854,-0.214733130103854,0.237768984684877,-0.237768984684876,-0.220270992537972,-0.301396537350341,-2.61816626533634,3.13983379522466,0.0729504627362257,-0.0729504627362257,"(1497, 8446]",-3.28708092492273,3.3471199913318,0.244895759316015
81208,2304.6,Mediterranean Scrub,4.5303140433697,2.35675921011939,1.08147737808867,1.15143596669558,-9.11998659827334,0.147621775272749,-1.30662324775565,1.1590014724829,-0.220830517119819,0.220830517119819,0.504919915547091,-0.504919915547091,1.63251692640714,0.449163409283942,-2.08168033569108,0.815573365686353,-0.815573365686353,0.0408281823272698,-0.04082818232727,-0.16624478382886,0.16624478382886,2.28505332634021,-0.514486802609422,-1.77056652373078,-1.19041445620605,0.0362796203190193,1.15413483588703,0.464891223088901,-0.464891223088901,0.272873724368334,-0.272873724368335,0.189570214604497,-0.189570214604497,-0.834891752094286,-0.513686987603861,-1.49818596950455,2.8467647092027,0.0222258812854168,-0.022225881285417,"(1497, 8446]",-3.01825326235786,2.00771587796524,-0.163461049673776
81209,3806.26666666667,Mediterranean Scrub,3.29747170239128,1.27963612842774,-0.0181795040085689,0.279532742803149,-4.83846106961361,0.210339323802787,-1.38596929718952,1.17562997338673,-0.20580004833784,0.20580004833784,0.49932263243934,-0.49932263243934,1.72045749588294,0.545888028852043,-2.26634552473498,0.850216286836601,-0.850216286836601,0.0790610454623618,-0.0790610454623619,-0.188267704903736,0.188267704903736,2.16420500171187,-0.44561966294949,-1.71858533876238,-1.10268369899818,-0.0152073828705521,1.11789108186873,0.456409855690638,-0.456409855690638,0.254913394495045,-0.254913394495045,0.155592248149003,-0.155592248149003,-0.488865993737348,-0.573607222192439,-1.75737731920086,2.81985053513064,0.00649096336981661,-0.00649096336981656,"(1497, 8446]",-2.08521814630701,2.02565328743045,-0.33209859678216
81210,1577.93333333333,Mediterranean Scrub,4.36142914151781,2.21050282574084,1.25139209668376,1.43631443517777,-9.25963849912017,0.105924953964861,-1.25370116007287,1.14777620610801,-0.390520779907227,0.390520779907227,0.53775828693673,-0.53775828693673,1.72425729047532,0.52267540181316,-2.24693269228848,0.760572652644211,-0.760572652644211,-0.0460950262340406,0.0460950262340405,-0.203941744486223,0.203941744486223,2.0802020198884,-0.43811460778123,-1.64208741210717,-0.896527951502339,-0.162813585953394,1.05934153745573,0.413236817076556,-0.413236817076556,0.282833927008735,-0.282833927008735,0.192219401243325,-0.192219401243325,-0.449030778128957,-0.485398422299832,-1.62175103895079,2.55618023937958,0.0370916579548218,-0.037091657954822,"(1497, 8446]",-3.2249602972229,2.02944836923912,0.282310746112765
81211,3009.2,Mediterranean Scrub,2.9736228847479,0.64266709462464,-0.266455147770903,-0.156640281763696,-3.19319454983794,0.109029665027888,-1.38631405177963,1.27728438675174,-0.276732363140743,0.276732363140743,0.417673358622303,-0.417673358622303,1.7715610015674,0.333499075242435,-2.10506007680983,0.783704190095226,-0.783704190095226,-0.00691911733259284,0.00691911733259268,-0.13197361951537,0.13197361951537,2.04039835209378,-0.4428857109355,-1.59751264115828,-0.970097844890998,-0.163755749340616,1.13385359423162,0.433565064365154,-0.433565064365154,0.293808701442056,-0.293808701442056,0.233656386095236,-0.233656386095236,-0.61548136194868,-0.584228818444576,-1.44443008366769,2.64414026406094,0.0126722727973755,-0.0126722727973756,"(1497, 8446]",-2.42641093276073,0.980145330659062,-0.118644690377772
81212,636.8,Mediterranean Scrub,3.9268192792745,2.55164850337328,1.5619303029443,1.48782233079058,-9.52822041638267,0.452435608082213,-1.46448700409985,1.01205139601764,0.131522384033198,-0.131522384033198,0.605101677038286,-0.605101677038286,1.9139832469239,0.610755484502624,-2.52473873142653,0.786065430010645,-0.786065430010645,0.173035195344968,-0.173035195344968,-0.511351662741393,0.511351662741392,2.18639999686619,-0.261926129559071,-1.92447386730712,-0.833341009006704,-0.0542513986460342,0.887592407652738,0.546210159210094,-0.546210159210094,0.308196151868752,-0.308196151868752,0.0341596219887386,-0.0341596219887386,0.543057321416818,-0.206179325794171,-3.46427586381565,3.12739786819301,0.0609024369421019,-0.0609024369421016,"(604, 1497]",-1.38445389852019,4.10562625672762,0.52258342033201
81213,313.866666666667,Mediterranean Scrub,4.24361276879804,2.48262495823674,1.33749265393374,1.26338468178002,-9.32711506274854,0.582477987104343,-1.19810818152559,0.615630194421244,-0.265314125531085,0.265314125531085,1.25999898479964,-1.25999898479964,2.09370075107696,0.591721990957608,-2.68542274203457,0.673654457203469,-0.673654457203468,0.0545996459824961,-0.0545996459824959,-0.491438168316726,0.491438168316726,2.16050540657425,-0.574452247447885,-1.58605315912636,-0.938063887247703,-0.15530454799807,1.09336843524577,0.573007263781347,-0.573007263781347,0.233417027242228,-0.233417027242228,0.145267570717094,-0.145267570717094,1.77547535246611,1.69543264479257,-8.61102313565314,5.14011513839446,0.0311851653632291,-0.0311851653632289,"[54, 604]",-2.55676025859353,5.97466954238899,-0.458314350568793
81214,1771.13333333333,Mediterranean Scrub,4.40463378558616,2.4068577298367,1.32693757418074,1.07562314589983,-9.21405223550344,0.28604043785137,-1.17285473613167,0.8868142982803,-0.0946819197096838,0.0946819197096838,0.597502067171588,-0.597502067171588,1.74083636051306,0.564563262875948,-2.30539962338901,0.780237659803299,-0.780237659803299,0.0630488810823693,-0.0630488810823695,-0.294436368073267,0.294436368073267,2.41578563839703,-0.614602288391484,-1.80118335000555,-1.22979263512168,0.0694903490085794,1.1603022861131,0.515090844386572,-0.515090844386572,0.228656286320064,-0.228656286320064,0.160284969648308,-0.160284969648308,-0.33482207968599,-0.5579656310002,-2.18542204893698,3.07820975962317,0.0821232042544839,-0.0821232042544839,"(1497, 8446]",-2.78372826300266,3.37679271545787,0.0191765981891634
81215,4670.13333333333,Mediterranean Scrub,2.92403507400091,0.772876497161465,-0.33778413002282,-0.217982930210199,-3.14114451092935,0.100650978099512,-1.43841949218447,1.33776851408496,-0.20860555270373,0.20860555270373,0.414091732181944,-0.414091732181944,1.75558067533931,0.406353791693871,-2.16193446703318,0.836658814309991,-0.836658814309991,0.0539349636316259,-0.0539349636316261,-0.162929531298029,0.162929531298029,2.09738151576381,-0.400704896468602,-1.69667661929521,-0.970785861668739,-0.13226591044599,1.10305177211473,0.428156820083192,-0.428156820083192,0.282143793134837,-0.282143793134837,0.190597568307596,-0.190597568307595,-0.422404264945038,-0.630701308142254,-1.62923013825338,2.68233571134067,0.013704066372821,-0.0137040663728207,"(1497, 8446]",-2.05049434862751,1.44361989611953,-0.415899348198504
81216,2147.93333333333,Mediterranean Scrub,3.25312813675831,1.00134457517166,-0.159938820459226,0.270097548379444,-4.36463143985019,0.153491125208937,-1.30787080894438,1.15437968373544,-0.237360309561937,0.237360309561937,0.476059573564647,-0.476059573564648,1.70271836816948,0.302490912745667,-2.00520928091515,0.821480302236372,-0.821480302236372,-0.0354593633400829,0.0354593633400828,-0.139616508982627,0.139616508982627,2.12393856356705,-0.306069560348435,-1.81786900321862,-1.17024522825102,-0.0580272875271333,1.22827251577815,0.445470575059555,-0.445470575059555,0.294011900153773,-0.294011900153773,0.231739751584396,-0.231739751584396,-0.791474597662424,-0.525771431929418,-1.44206216380357,2.75930819339542,-0.0245560521993219,0.024556052199322,"(1497, 8446]",-2.64514430584572,0.937036950707442,-0.154851312407624
81217,1856.26666666667,Mediterranean Scrub,4.61640533631158,2.17707076385315,1.13351825236807,1.13351825236807,-9.06051260490087,0.0942564471934368,-1.23881721772154,1.14456077052811,-0.399048888073222,0.399048888073222,0.638679838878111,-0.638679838878111,1.71049999876335,0.491023007901448,-2.2015230066648,0.816288888951696,-0.816288888951696,0.0186356973986159,-0.0186356973986158,-0.176679095656369,0.176679095656369,2.35210220727081,-0.43201257592049,-1.92008963135032,-1.19393605898355,0.0192960707551778,1.17463998822838,0.367435511965673,-0.367435511965673,0.25745641145813,-0.25745641145813,0.163698367369173,-0.163698367369173,-0.901287758074246,-0.434264756966648,-1.69451839719117,3.03007091223207,0.0321893309067178,-0.0321893309067179,"(1497, 8446]",-3.3130093829267,2.67535464110293,-0.24224098645773
81218,874.733333333333,Mediterranean Scrub,4.37219992275684,2.16270525282881,1.0640929641607,1.65187962906282,-9.25087776880916,0.0336741490540367,-1.16156497530314,1.12789082624911,-0.28690021146369,0.28690021146369,0.545224489014474,-0.545224489014475,1.77289997978187,0.479551731171419,-2.25245171095328,0.809639717639446,-0.809639717639446,-0.0444737430082481,0.0444737430082482,-0.197370572372594,0.197370572372594,2.13724746775091,-0.558708028467956,-1.57853943928295,-1.0291068480082,-0.132731425834983,1.16183827384318,0.384739249376675,-0.384739249376675,0.228457997245184,-0.228457997245184,0.222766050352525,-0.222766050352525,-0.682713351507209,-0.0709118104012162,-1.95122467697072,2.70484983887914,0.0163949114114955,-0.0163949114114954,"(604, 1497]",-3.1206993338021,2.05769206252268,-0.427352596870977
81219,749,Mediterranean Scrub,4.30259825990279,2.4307960830012,1.39280841614953,1.1622847575377,-9.28848751659122,0.510679528923616,-1.21302647705942,0.702346948135808,0.0114290690380251,-0.0114290690380251,0.744917520030366,-0.744917520030366,1.8701315398308,0.620102058231096,-2.4902335980619,0.86150394068559,-0.86150394068559,0.0385398712714396,-0.0385398712714398,-0.376703186039071,0.376703186039071,2.15254965765588,-0.471355866938774,-1.68119379071711,-0.906799889025761,-0.0873589831415241,0.994158872167285,0.495252259267572,-0.495252259267572,0.264572102144838,-0.264572102144838,0.127505645081116,-0.127505645081116,2.14747610400003,1.55149267189374,-8.71503927286661,5.01607049697283,0.0533420712941672,-0.0533420712941673,"(604, 1497]",-1.63978394591385,5.45082657908931,-2.05295883174754
81220,1069.86666666667,Mediterranean Scrub,4.43686694297061,2.35640133566108,1.38102168741692,1.01811619372755,-9.19240615977617,0.0649369059711468,-1.34197674235148,1.27703983638033,-0.334407539950207,0.334407539950207,0.684244868243192,-0.684244868243192,1.86882427529282,0.725702021917837,-2.59452629721065,0.747315606162112,-0.747315606162112,0.0920832878837619,-0.092083287883762,-0.134431006562506,0.134431006562506,2.41447386851767,-0.666780578474482,-1.74769329004319,-0.99685677301581,-0.110166510917946,1.10702328393376,0.418311664570142,-0.418311664570142,0.184780423107445,-0.184780423107445,0.177575470297879,-0.177575470297879,-0.298807502729137,-0.276334646877078,-2.4735592242133,3.04870137381951,0.131918871070382,-0.131918871070382,"(604, 1497]",-3.36729203592326,3.99517521724518,-0.578374740833929
81221,3534.66666666667,Mediterranean Scrub,2.83356723090291,1.04905042137416,0.000699967486937021,0.15316856113121,-4.03648618089522,0.256149208166721,-1.37706396976104,1.12091476159432,-0.0981399545223309,0.0981399545223307,0.437449549529402,-0.437449549529402,1.65858941280315,0.477357710354844,-2.135947123158,0.81415947067513,-0.81415947067513,0.0205623852135555,-0.0205623852135557,-0.271807723294491,0.271807723294491,2.07825901663191,-0.315297854567863,-1.76296116206405,-0.992439875429961,-0.0687690362581839,1.06120891168815,0.468867394921045,-0.468867394921045,0.306275611263258,-0.306275611263258,0.165685383727056,-0.165685383727056,-0.122961408333942,-0.262275020730732,-2.35207934944611,2.73731577851079,0.0388888505213422,-0.0388888505213422,"(1497, 8446]",-1.67971885905629,1.9603639612045,-0.0431042554390811
81222,2484.8,Mediterranean Scrub,3.21322392611152,0.980503164354564,0.0601391070927736,0.270962174018943,-4.5248283715778,0.169387799481139,-1.28649985343795,1.11711205395681,-0.198477209220128,0.198477209220128,0.45189173126088,-0.451891731260881,1.82648676370403,0.409622336499461,-2.23610910020349,0.801891427475378,-0.801891427475378,0.0529936392243178,-0.0529936392243177,-0.120581028408444,0.120581028408444,2.11596100447672,-0.381001011999883,-1.73495999247684,-0.938388567045541,-0.168836850511502,1.10722541755704,0.451564194217242,-0.451564194217242,0.270552451200359,-0.27055245120036,0.230897682275442,-0.230897682275442,-0.353976409983487,-0.398036399777518,-2.06304416336643,2.81505697312743,0.0529477447953032,-0.0529477447953034,"(1497, 8446]",-2.53682433230606,1.82300498204797,-0.528955537323865
81302,763.266666666667,Deserts & Drylands,4.20599091145475,3.10737862278664,0.642274600294823,1.30556881770509,-9.2612129522413,-0.0805840671398129,-1.37986705127007,1.46045111840989,-1.03358572454401,1.03358572454401,0.11983642663271,-0.11983642663271,1.95106668709587,0.34794791101325,-2.29901459810912,0.522310952385785,-0.522310952385785,0.0973413268087642,-0.0973413268087644,-0.346573590279973,0.346573590279973,1.7880923691293,-0.355976468156626,-1.43211590097268,-0.820083823295867,-0.262111421104174,1.08219524440004,0.649641492065131,-0.64964149206513,0.392811133162397,-0.392811133162397,0.309035577059794,-0.309035577059794,-0.692595335831057,-0.463020894186557,-1.41853233921399,2.57414856923161,-0.125931487323414,0.125931487323414,"(604, 1497]",-3.34067689585245,-0.628739279402778,2.63370613530361
81303,806.466666666667,Deserts & Drylands,4.24434531083347,2.55916142424141,1.39272653923454,1.12243620949463,-9.31866948380406,0.555061852390344,-1.27751961135797,0.722457758967622,-0.142625968799245,0.142625968799245,0.531309343010102,-0.531309343010102,1.91815783593614,0.647493657111536,-2.56565149304768,0.722585110598288,-0.722585110598288,0.224794956508551,-0.224794956508551,-0.301150353893187,0.301150353893187,2.33557611096941,-0.388715746461431,-1.94686036450798,-0.92311281617416,-0.10960195336434,1.0327147695385,0.66290279981962,-0.66290279981962,0.324409296726358,-0.324409296726357,0.180296676965494,-0.180296676965494,1.73189374568058,1.66520237118191,-8.57641396170046,5.17931784483797,0.0481049324876113,-0.0481049324876113,"(604, 1497]",-1.89785275711851,4.95479089047374,-1.2432544034068
81305,357.4,Deserts & Drylands,3.884766089728,2.29367731596209,1.58218099673395,1.81270465534578,-9.57332905776982,0.00945284901441778,-0.948802081958769,0.939349232944351,-0.895879734614027,0.895879734614028,0.612587505988269,-0.61258750598827,2.09789384050745,0.756512036068385,-2.85440587657584,0.628585749390067,-0.628585749390067,-0.037992953488961,0.0379929534889611,-0.404743086322048,0.404743086322048,2.04757108863231,-0.738513115082351,-1.30905797354996,-0.790901214789251,-0.214013840345168,1.00491505513442,0.505029445663332,-0.505029445663332,0.201779264918791,-0.201779264918791,0.245560276343329,-0.245560276343329,-0.291199036479939,0.377850592500946,-2.64257429364342,2.55592273762241,-0.0502706146109387,0.0502706146109386,"[54, 604]",-3.04544316109035,2.56431059413657,1.59592212273328
81306,251.733333333333,Deserts & Drylands,4.36562580375182,2.55159369891464,1.42558243605842,0.886585935325732,-9.22938787405062,0.941652235919033,-1.69740509369623,0.755752857777194,-0.549306144334055,0.549306144334055,0.626381484247684,-0.626381484247684,2.35372911110433,0.600809475192541,-2.95453858629687,0.653756741633388,-0.653756741633388,0.0622813613208812,-0.062281361320881,-0.193557984719984,0.193557984719984,2.61774284290651,-0.269150650613335,-2.34859219229317,-0.843090884247662,-0.412307968155207,1.25539885240287,0.656093194483085,-0.656093194483084,0.243993065898084,-0.243993065898084,0.305454541161487,-0.305454541161487,-1.01092520735084,-0.500099583584846,-2.10953749601895,3.62056228695463,-0.00928819278646777,0.00928819278646789,"[54, 604]",-4.72729351149546,2.94397942713517,1.01908482897869
81307,564.8,Deserts & Drylands,4.41672868104038,2.86411310447298,1.10052451221162,0.77510211177699,-9.15646840950196,0.587172270740299,-1.29894995993604,0.711777689195743,-0.325994554033219,0.325994554033219,0.505078434053123,-0.505078434053123,1.71906744857114,0.534512730102304,-2.25358017867344,0.745153908026258,-0.745153908026259,0.0452174327205752,-0.0452174327205753,-0.279807893967711,0.279807893967711,2.19384904269852,-0.403777340789316,-1.79007170190921,-1.16959095243427,0.0250359894734249,1.14455496296085,0.676723923673797,-0.676723923673797,0.237761711234667,-0.237761711234667,0.162616709051957,-0.162616709051957,-0.257745643740217,-0.950892824300162,-1.82636156165406,3.03500002969444,-0.114420786214424,0.114420786214424,"[54, 604]",-2.96192358018535,1.97338140925857,1.14238448315583
81308,353,Deserts & Drylands,4.38947689375272,2.63945703069743,0.866389694481532,1.30822244676057,-9.20354606569226,0.344003261103229,-1.3607448311352,1.01674157003197,-0.759912876872207,0.759912876872206,0.404553530827407,-0.404553530827407,1.6854943565227,-0.0281269083962107,-1.65736744812649,0.855858380777259,-0.855858380777259,0.0461866600655076,-0.0461866600655075,-0.213485656664564,0.213485656664564,1.70252309836029,-0.30195540484609,-1.4005676935142,-0.823760494607894,-0.312934870841904,1.1366953654498,0.608575448353245,-0.608575448353246,0.424206654735535,-0.424206654735535,0.246415139773456,-0.246415139773456,-0.434316043201898,-0.309152900247892,-2.043753955636,2.78722289908579,-0.241099451169777,0.241099451169777,"[54, 604]",-3.26062448293141,-1.13992083168704,0.740387441764091
81309,288.2,Deserts & Drylands,4.43671047308474,3.20676218235554,0.485466754503311,0.955470383749046,-9.08440979369264,0.197637752195262,-1.31495033424892,1.11731258205366,-0.239786540130943,0.239786540130943,0.794080256993408,-0.794080256993408,2.30730513962641,0.760668128431342,-3.06797326805775,0.518762298344136,-0.518762298344136,-0.0731227501600726,0.0731227501600723,-0.237446807269964,0.237446807269964,2.700847724577,-1.18218774397789,-1.51865998059911,-1.20260900320247,-0.322250280554376,1.52485928375684,0.462711607718714,-0.462711607718714,0.254002373712175,-0.254002373712175,0.10678705014903,-0.10678705014903,-2.21976366551057,-0.610325753076467,-0.833469304390677,3.66355872297771,0.0130555720018427,-0.0130555720018428,"[54, 604]",-4.45254721330796,3.06394652123398,1.2708152965686
81310,384.333333333333,Deserts & Drylands,4.1418461477506,2.94660702339342,0.989767803805914,1.25803179040059,-9.33625276535053,0.209103293757268,-1.31695300973778,1.10784971598051,-0.765738185482194,0.765738185482194,0.605817838535753,-0.605817838535753,1.99502227011666,0.591515780115645,-2.5865380502323,0.505442417871918,-0.505442417871918,0.0255012772261863,-0.0255012772261864,-0.549306144334055,0.549306144334055,2.05313439094155,-0.717047591267664,-1.33608679967389,-0.635125540395,-0.440969525954043,1.07609506634904,0.574104614903741,-0.574104614903741,0.513145813544242,-0.513145813544242,0.274473415792928,-0.274473415792928,-0.922469738611755,-0.660105474144264,-1.27914468255049,2.86171989530651,-0.0103523366808456,0.0103523366808457,"[54, 604]",-3.62788631025503,0.566420922797217,3.18744023114894
81312,158.866666666667,Deserts & Drylands,4.54471483863874,2.4652732969589,0.619446606460572,1.46674446684778,-9.09617920890599,0.708459545622287,-1.34281111909085,0.634351573468565,-0.50580045583924,0.50580045583924,0.678220698985105,-0.678220698985105,2.05297959047345,0.621428637765439,-2.67440822823889,0.6804882765678,-0.6804882765678,-0.104860265491035,0.104860265491034,-0.354092528962243,0.354092528962243,2.46339380940881,-0.426977948487355,-2.03641586092146,-0.671634340180755,-0.4893127833868,1.16094712356756,0.744474257589987,-0.744474257589987,0.420064685454296,-0.420064685454296,0.381070026023448,-0.381070026023449,-1.06916652975401,-0.66370142164585,-1.76231371031396,3.49518166171382,0.089345894371688,-0.089345894371688,"[54, 604]",-5.19020492514281,1.51640087360884,1.74402401835926
81313,410.6,Deserts & Drylands,4.30983142945331,3.35615316550754,0.311630727784114,1.15892858817132,-9.13654391091628,0.475025271203716,-1.492624864488,1.01759959328429,-0.370200032705246,0.370200032705245,0.746962512656128,-0.746962512656128,2.16656312972464,0.74204755578455,-2.90861068550919,0.496103965789693,-0.496103965789693,0.0871766935723888,-0.0871766935723889,-0.549306144334055,0.549306144334055,2.62097880063357,-0.435889472912154,-2.18508932772141,-0.950586215796486,-0.351467984884817,1.3020542006813,0.560059246944537,-0.560059246944537,0.204245414512351,-0.204245414512351,0.231748327840175,-0.231748327840175,-1.19577097358191,-0.154317098753745,-1.88891815414185,3.2390062264775,0.134377031283131,-0.134377031283131,"[54, 604]",-4.12269302214409,4.082894475566,1.83744578528281
81314,183.066666666667,Deserts & Drylands,4.27572736343842,3.27114402441859,0.929338218271262,0.706194666957052,-9.18240427308533,-0.106151243706178,-1.17399187370753,1.28014311741371,-1.19894763639919,1.19894763639919,0.382303072271045,-0.382303072271045,2.00880240776403,0.332673120831252,-2.34147552859528,0.346573590279973,-0.346573590279973,0.134494969719814,-0.134494969719814,-0.325293783070575,0.325293783070575,2.19730077652122,0.077037240321129,-2.27433801684235,-0.720628403630304,-0.315163295522139,1.03579169915244,0.546266621295864,-0.546266621295864,0.370633214452072,-0.370633214452072,0.262765885577843,-0.262765885577843,-0.564462299788164,-0.852144372239945,-1.95075666090805,3.36736333293616,-0.0961859463237279,0.096185946323728,"[54, 604]",-4.47472325238366,1.49879494593291,3.17491214722368
81315,103.266666666667,Deserts & Drylands,4.16748875418293,3.15588784250445,0.516830512889195,1.43312124476335,-9.27332835433993,0.241594755167709,-1.89847140832856,1.65687665316085,-1.19894763639919,1.19894763639919,0.192831240405992,-0.192831240405992,5.06410340867971,3.4976828813293,-8.561786290009,0.358919896575159,-0.358919896575158,0.138493391667517,-0.138493391667516,-0.283197737460401,0.283197737460401,1.86212799347963,-0.197895462343103,-1.66423253113653,-0.765550119158077,-0.285977038896191,1.05152715805427,0.533431795176765,-0.533431795176765,0.305129760377089,-0.305129760377089,0.275023168459636,-0.275023168459636,1.63088790988493,1.63088790988493,-8.51255031228179,5.25077449251192,-0.179316904212033,0.179316904212033,"[54, 604]",-0.974945222416578,5.52952830261888,1.89742078217662
81316,560.333333333333,Deserts & Drylands,4.67668186196316,2.75243320968903,-0.0201555125507559,1.54846040536309,-8.95741996446452,-0.19359101470585,-1.55003241267606,1.74362342738191,-0.812762025092862,0.812762025092863,0.136734317600863,-0.136734317600863,1.7504377022339,0.0733411413259887,-1.82377884355989,0.665085518453802,-0.665085518453802,0.0139173994967221,-0.013917399496722,-0.214839683114379,0.214839683114379,1.75482298360879,-0.431412472151838,-1.32341051145695,-0.800119933574161,-0.389205220698432,1.18932515427259,0.651786760449565,-0.651786760449565,0.372780461621993,-0.372780461621993,0.287938154403601,-0.287938154403602,-0.952902228426411,-0.865890851436781,-1.27135595954495,3.09014903940814,0.014327627880188,-0.0143276278801882,"[54, 604]",-4.34341771490608,-0.769878634589842,1.08035714015736
81317,1298.73333333333,Deserts & Drylands,4.41139744370635,2.61292653989031,0.543535334063974,1.61511895034416,-9.1829782680048,0.0690318757931755,-1.43699294126749,1.36796106547432,-0.850096137851282,0.850096137851282,0.395205242992576,-0.395205242992576,1.8822527116243,0.371660633826835,-2.25391334545114,0.631255608954514,-0.631255608954514,-0.0372944284955361,0.0372944284955364,-0.382589154384414,0.382589154384414,1.85244772011881,-0.658071505525917,-1.19437621459289,-0.874448093421581,-0.294041535817084,1.16848962923866,0.578465229544598,-0.578465229544598,0.33951464950708,-0.33951464950708,0.255412811882995,-0.255412811882995,-1.10854051359359,-0.830908776995309,-1.03157947245746,2.97102876304636,-0.0939080380557976,0.0939080380557978,"(604, 1497]",-3.73250198031469,-0.107616513939916,2.02877530232435
81318,204.266666666667,Deserts & Drylands,4.28504604978791,3.11566469023159,0.813079597237546,0.995401154031501,-9.20919149128855,-0.208918363591017,-1.44106204488365,1.64998040847467,-0.706846667654003,0.706846667654002,0.488004983287889,-0.488004983287889,1.6838190962055,0.256702740565358,-1.94052183677086,0.602833142416135,-0.602833142416134,0.0667656963122614,-0.0667656963122613,-0.488254795933605,0.488254795933605,2.12195850157642,-0.674384306671469,-1.44757419490495,-0.794742019151771,-0.374888173591507,1.16963019274328,0.52116572638476,-0.52116572638476,0.478837974018505,-0.478837974018505,0.257513655309845,-0.257513655309845,-0.621590828571116,-1.46888868895832,-0.775741508398374,2.86622102592781,-0.0662445915230393,0.0662445915230395,"[54, 604]",-3.65094317830315,-0.113447546240852,2.2566215773799
81320,734.733333333333,Deserts & Drylands,4.52210903505239,2.34258403481557,1.5382112191454,0.719900895631452,-9.12280518464482,0.717021162870838,-1.44672748526899,0.729706322398154,-0.2437391298845,0.2437391298845,0.809243873977009,-0.809243873977009,1.91826514709802,0.434913880838863,-2.35317902793688,0.702919478596431,-0.70291947859643,0.120027011731263,-0.120027011731263,-0.214434258246162,0.214434258246163,2.51820357805784,-0.429987750727153,-2.08821582733069,-1.07992964881614,-0.105370008818005,1.18529965763414,0.562015858752543,-0.562015858752543,0.241312094327391,-0.241312094327391,0.236336928900807,-0.236336928900807,0.201421198480817,-0.404714605089499,-3.29508636298566,3.49837976959435,0.0511693566144548,-0.051169356614455,"(604, 1497]",-3.56047146538175,3.80023642729322,0.0525632582817601
81321,277.533333333333,Deserts & Drylands,4.19542000799127,2.91448616252921,1.20973807029078,0.986594518976573,-9.30623875978784,0.662301762919412,-1.4712070000307,0.808905237111288,-0.179687000453949,0.179687000453949,0.663435470324545,-0.663435470324545,2.19722457733622,0.980829253011726,-3.17805383034795,0.60258844919537,-0.60258844919537,0.391921871015379,-0.391921871015379,-0.425876105368292,0.425876105368292,2.35894386967536,-0.400399625814404,-1.95854424386095,-0.708485926322181,-0.320720395313418,1.0292063216356,0.71492616772951,-0.71492616772951,0.285594386746541,-0.285594386746541,0.309822359283509,-0.30982235928351,1.69658934640667,1.44527491812577,-8.45535956542796,5.31349530089552,0.108456500781787,-0.108456500781787,"[54, 604]",-2.3276506276652,5.45561557067214,-0.653651718246291
81322,198.533333333333,Deserts & Drylands,4.64268912575378,2.68625256371148,1.1821751669352,0.489027986375259,-9.00014484277572,0.753382081409882,-1.27257077531897,0.519188693909087,-0.435414178898699,0.435414178898699,0.542854441916101,-0.542854441916101,2.26322150122369,0.497437518398896,-2.76065901962259,0.535681323110367,-0.535681323110367,0.0409585612339434,-0.0409585612339435,-0.276394911432511,0.276394911432511,2.39820817372563,-0.50595690630287,-1.89225126742276,-1.43581259256094,0.0682648042153378,1.3675477883456,0.693147180559945,-0.693147180559945,0.242753907890851,-0.24275390789085,0.284547265944983,-0.284547265944983,-1.6427207405849,-1.6427207405849,-0.544108451916786,3.82954993308658,0.0678329325765777,-0.0678329325765776,"[54, 604]",-4.55742312952235,2.30743680138409,2.16408846252615
81323,125.4,Deserts & Drylands,4.1691602941739,2.43455923878579,1.62362902256947,1.15362539332373,-9.38097394885289,0.729752135895681,-1.23636072047715,0.506608584581471,-0.287682072451781,0.287682072451781,0.59281183282887,-0.59281183282887,1.99045462513366,0.614210599867271,-2.60466522500093,0.856147648936904,-0.856147648936904,0.315889117091827,-0.315889117091827,-0.450393272669095,0.450393272669095,2.10278620701162,-0.0784380289781549,-2.02434817803347,-0.443856487143548,-0.236217122365304,0.680073609508852,0.697038250780973,-0.697038250780973,0.434175634792518,-0.434175634792518,0.29891850037781,-0.29891850037781,1.64807560239625,2.11807923164199,-8.74643494660969,4.98028011257145,0.0970780072204786,-0.0970780072204787,"[54, 604]",-1.81635386602816,4.40941979349976,-1.04482430996265
81324,112.733333333333,Deserts & Drylands,4.51925555790587,3.40994798012101,-0.0240392243641318,1.07457306430398,-8.97973737796673,-0.0351201718859421,-1.53919756866222,1.57431774054816,-1.29199877621612,1.29199877621612,-0.0639166857549424,0.0639166857549425,2.0715360328074,0.462098120373297,-2.53363415318069,0.589327498170823,-0.589327498170823,0.26304654794839,-0.26304654794839,-0.0606804285021337,0.0606804285021337,2.10970885062159,-0.564439798804934,-1.54526905181666,-0.784012138070785,-0.435705443802569,1.21971758187335,0.648071632062797,-0.648071632062796,0.392059479382836,-0.392059479382836,0.34098693998091,-0.34098693998091,2.05216255707428,1.13587182520013,-8.47494611337318,5.28691173109877,-0.208867600349989,0.208867600349989,"[54, 604]",-3.11107918493359,1.25126188221329,-1.06510234707317
81325,316.4,Deserts & Drylands,4.04161566454533,3.0607864115336,1.26902694230554,1.00666267783805,-9.37809169622252,0.356293918169922,-1.28593381708717,0.929639898917247,-0.0408390155071336,0.0408390155071337,0.80471895621705,-0.80471895621705,1.92744490347534,0.961351349117362,-2.8887962525927,0.763028151747525,-0.763028151747525,0.387468306784212,-0.387468306784212,-0.514251361240541,0.514251361240542,2.16632632688117,-0.446680325534143,-1.71964600134703,-0.787612906110231,-0.131737120347517,0.919350026457747,0.737953259904789,-0.737953259904789,0.336046885681056,-0.336046885681056,0.103485346034305,-0.103485346034304,1.77535999658666,1.84435286807361,-8.68027132904619,5.06055846438593,0.0409867914798364,-0.0409867914798363,"[54, 604]",-1.09514865580227,5.50044695915345,-0.670596543405743
81327,220.4,Deserts & Drylands,3.93916405217799,2.73751953761164,1.54126877937962,1.27890451491213,-9.49685688408138,0.339523193664858,-1.08451149543788,0.744988301773022,-0.207216889045462,0.207216889045462,0.0357294819910725,-0.0357294819910726,1.73483726712321,0.613496727377548,-2.34833399450076,0.612805989714708,-0.612805989714709,0.453034588901308,-0.453034588901309,-0.335252351905093,0.335252351905093,1.9716740404892,-0.292689839684653,-1.67898420080454,-0.508931362720824,-0.454864141450549,0.963795504171374,0.960906298738127,-0.960906298738126,0.411883681488505,-0.411883681488505,0.494619865760161,-0.494619865760161,1.48152346319783,2.44660435924142,-8.8150066774479,4.88687885500865,-0.00361012398674364,0.00361012398674357,"[54, 604]",-1.92656510982908,1.95523201454881,-0.502538916356573
81328,137.266666666667,Deserts & Drylands,3.8539294242346,3.19546780166255,1.20303763697234,1.20303763697234,-9.45547249984182,0.26616923207259,-0.937803572253346,0.671634340180755,-0.122561229016493,0.122561229016493,0.78776818037921,-0.78776818037921,2.09858140839638,0.598627728803972,-2.69720913720036,0.575142149606215,-0.575142149606215,0.396615319558464,-0.396615319558464,-0.498166719773846,0.498166719773846,2.16777709846079,-0.678423441122233,-1.48935365733856,-1.00054399856039,-0.0391328314057684,1.03967682996616,0.663435470324545,-0.663435470324545,0.245011248068114,-0.245011248068114,0.161613504935596,-0.161613504935596,-0.935955870964437,-0.0886580105772332,-2.03456815963255,3.05918204117422,0.0556128175551123,-0.0556128175551123,"[54, 604]",-2.34716762932291,3.46833323661673,1.75500322775293
81330,858.266666666667,Deserts & Drylands,4.27965789061107,2.80103397782499,0.567441756317895,1.60889563114606,-9.25702925590001,0.0156884166624793,-1.53393100056071,1.51824258389823,-0.696655966889269,0.696655966889269,0.226291515542617,-0.226291515542617,1.91601718749344,0.259528544273342,-2.17554573176678,0.605101677038286,-0.605101677038286,0.0536004631629231,-0.0536004631629233,-0.202732554054082,0.202732554054082,1.84057730199898,-0.42422424686666,-1.41635305513232,-0.709509417957395,-0.396910994241079,1.10642041219847,0.671366220657494,-0.671366220657495,0.399564310708119,-0.399564310708119,0.338538355263668,-0.338538355263668,-0.883363112481769,-0.408905132886653,-1.32519586476081,2.61746411012923,-0.177410687644705,0.177410687644705,"(604, 1497]",-3.6097804690291,-1.20279402232903,1.80755314950257
