ECO_ID,SpeciesCount,BiomeType,GF_H,LC_A,PH_D,RS_T,PT_U,LS_C,LM_L,LV_P,SS_B,IF_I,OP_H,FS_Z,PF_C,FT_D,FD_D,SizeCategory,sPC1,sPC2,sPC3
10105,2402.333333,Trop/Subtrop Forests,-0.45088753,-3.322590964,-1.634425673,-1.881348987,0.984971454,-2.136496876,-1.126598978,-0.628387798,0.802195002,0.478486044,0.343788745,-0.800420688,0.508753918,0.533238219,-0.195941399,"(1652, 9633]",3.71055756201405,1.44955699163002,1.76494982774786
10106,528.7333333,Trop/Subtrop Forests,-1.580181713,-3.961662641,-2.118681568,-2.160464586,0.830329379,-1.604655119,-1.158986265,-1.639737938,0.435628537,0.157151828,0.956821504,-1.357344139,0.446843667,-0.134161139,-0.542476319,"[57, 670]",6.18858093777138,3.13767631627485,-1.20444281006749
10107,436.9333333,Trop/Subtrop Forests,-0.898112838,-3.084059285,-1.556373469,-1.865483346,0.880862056,-1.677153071,-0.954985731,-1.247882202,0.562284394,0.475179278,0.621469917,-0.988463401,0.587212474,0.36403171,-0.497210806,"[57, 670]",4.36254074995477,2.31305332510408,-0.278722591379309
10109,193.1333333,Trop/Subtrop Forests,0.01750929,-1.949535619,-1.183618726,0.309525914,0.861353661,-1.880649239,-0.304762617,-0.970200386,0.823903973,0.595258035,0.78937911,-1.343931316,0.107205424,0.907742016,-0.273448209,"[57, 670]",1.94730851484431,0.991830209468124,-0.512731791527328
10111,519.1333333,Trop/Subtrop Forests,-1.37853269,-3.944412642,-2.064495214,-2.215533217,0.846997052,-1.628247687,-1.092624887,-1.419340718,0.410116135,0.315030418,1.089459611,-1.144993816,0.576981754,0.250807522,-0.487951614,"[57, 670]",5.41654711565083,3.11113503013395,-0.81247948231315
10113,2099.933333,Trop/Subtrop Forests,-1.142315321,-3.647749632,-2.112800908,-1.62651924,0.853034462,-2.230151007,-1.650126981,-1.199379408,0.91910416,0.046196829,0.628180574,-1.214678053,0.364329704,0.153841776,-0.381465193,"(1652, 9633]",5.60576878620878,1.57858628731631,0.854917766397155
10115,1598.733333,Trop/Subtrop Forests,-1.003495399,-2.943879439,-1.682876571,-1.301542555,0.970183926,-1.633840216,-1.073851849,-1.288628329,0.471926998,0.371787416,1.051768787,-1.054049936,0.527738813,0.312084651,-0.490801061,"(670, 1652]",4.28437531152254,2.27990255434398,-0.772169953925935
10117,2949.866667,Trop/Subtrop Forests,-0.367771787,-2.354010576,-1.647377857,-1.356127443,1.095952713,-1.702643452,-0.998933135,-0.82638787,1.124295126,0.606728621,0.896930898,-0.76990484,0.644946674,0.682395882,-0.208236987,"(1652, 9633]",2.41453021664517,0.65704161396623,0.769423961500316
10119,587.8666667,Trop/Subtrop Forests,-0.396253265,-3.555632663,-1.921192288,-2.202052789,1.161035141,-2.212377959,-1.348465517,-0.385737099,0.726653441,0.379537389,0.261576076,-0.49556617,0.830125338,0.633869893,0.065958102,"[57, 670]",3.50819814881518,1.2860557580887,2.83603784324338
10120,2724.933333,Trop/Subtrop Forests,-0.732750848,-3.065770226,-1.840548494,-1.656082738,0.958764699,-1.816419969,-1.108600882,-0.91929615,0.709988193,0.390042064,0.673824977,-1.010025878,0.525199612,0.393376498,-0.342674539,"(1652, 9633]",4.08073552130608,1.86050302094114,0.451272995889525
10123,677.1333333,Trop/Subtrop Forests,-0.944278565,-2.927011829,-1.78331704,-0.781032992,0.922432628,-1.646926089,-0.931444708,-1.550760102,0.523289998,0.335317338,0.983795141,-1.125705344,0.389558291,-0.082144175,-0.572335909,"(670, 1652]",4.53571933705363,1.99381879748174,-1.19969656998054
10124,744.1333333,Trop/Subtrop Forests,-0.519042537,-3.655428021,-2.149974919,-2.156410448,0.992715679,-2.054092219,-0.904876927,-0.67452533,0.886440732,0.652816658,0.310804461,-0.558878202,0.256413938,0.17773587,-0.253451073,"(670, 1652]",3.99991425246383,0.872986938757767,1.97921080314499
10126,680,Trop/Subtrop Forests,-0.503064947,-2.801521653,-1.529807529,-1.109153722,0.896229108,-1.8066243,-0.723830183,-0.947840861,0.747453812,0.406833813,0.674758945,-0.892168263,0.45235166,0.407836838,-0.384103183,"(670, 1652]",3.4357891725615,1.36526573491044,0.043644571768024
10128,609.6,Trop/Subtrop Forests,-1.238281183,-4.398294495,-2.456464917,-1.699450245,1.233210627,-1.399577618,-1.101664311,-1.127906792,0.378176019,0.469543813,0.946233167,-1.124738551,0.674965251,0.19620125,-0.212271845,"[57, 670]",4.58037866336769,3.15214325850498,-0.0297099730582285
10201,272.5333333,Trop/Subtrop Forests,-0.433481995,-2.348258078,-1.285495908,-1.515487799,1.12609095,-1.52472042,-0.500436455,-1.566928561,0.454732572,0.196850948,1.259817713,-0.782172181,0.763293198,0.418063487,-0.058152538,"[57, 670]",3.03722898263098,1.47471049651957,-1.24951587606196
10202,717.4666667,Trop/Subtrop Forests,-1.097482532,-2.98351101,-1.714914208,-0.973110228,0.88829477,-1.847053946,-1.339789862,-1.346339799,0.951316115,-0.058867353,1.142532031,-1.234090026,0.407816402,0.315645028,-0.53054797,"(670, 1652]",4.74645714276293,1.42916459215629,-0.770167223263216
10204,293.3333333,Trop/Subtrop Forests,0.230646315,-1.469875875,-1.04958438,-0.534397675,1.153150451,-1.42748178,-0.370102309,-1.066635376,0.865145348,0.425208042,1.496240115,-0.607920357,0.576858865,1.213804449,-0.138081391,"[57, 670]",0.94054663813276,0.13853131440079,-1.02926966998456
10401,168.9333333,Temp Forests,1.301917647,-1.927192392,-0.924636777,0.049910558,1.573561857,-2.510761246,-0.140300424,-0.03071023,0.999099643,0.924636777,0.325429079,-1.401053205,0.39628332,1.998903792,-0.208671409,"[57, 670]",-0.469554200150086,2.36891052691775,2.44649537504998
10402,5674.2,Temp Forests,0.007392656,-2.030473273,-1.258678088,-0.274819135,1.393597955,-1.922470628,-0.657295061,-0.387233186,1.528622981,0.883492429,0.745892008,-0.50738465,0.527269272,1.587052604,0.104524653,"(1652, 9633]",-0.0698557481915731,-0.936696725650995,2.28942461192464
10403,428.0666667,Temp Forests,0.989008065,-3.267252593,-1.582297258,-0.849459717,1.092036464,-2.845965908,-0.764965555,0.344455844,1.070503352,1.12957728,0.179981402,-1.37829146,0.185955512,2.408233946,-0.274431355,"[57, 670]",0.956689681265736,2.5941999526415,3.82386022757957
10404,933.2666667,Temp Forests,1.106175014,-2.357975707,-1.120914731,-0.107031057,1.207254159,-2.676205742,-0.590114332,0.174852592,1.231454623,1.034489224,0.421162599,-1.186921517,0.24991829,2.140311858,-0.188721548,"(670, 1652]",-0.0307893237595983,1.39894823545434,3.1372373512277
10405,2163.933333,Temp Forests,0.514661109,-1.927540785,-0.399074491,0.187843372,1.317063853,-2.038562969,-0.141187975,-0.368396671,1.171357632,0.948489741,0.610652635,-0.953514288,0.409790292,1.735522726,-0.176647254,"(1652, 9633]",-0.413211426009502,0.794761324023788,1.27851788695396
10406,1923.066667,Temp Forests,0.504441159,-1.690369105,-0.500097775,0.310955579,1.216473583,-1.920188712,-0.111376683,-0.411352963,1.24984895,0.852981227,0.7385517,-0.936245348,0.347864149,1.575815477,-0.187674668,"(1652, 9633]",-0.322642704441526,0.31458809444824,0.807661795476882
10407,313.2666667,Temp Forests,0.984349782,-3.009991907,-1.413195762,-0.424792369,1.164038719,-2.690383174,-0.485645219,0.041763558,1.017070183,0.941267586,0.102448898,-1.251155752,0.378713902,1.917259423,-0.32142948,"[57, 670]",0.917595025283175,2.40563541767112,3.0627650260422
10408,1075.933333,Temp Forests,0.940192021,-1.65028335,-0.618159344,0.390923955,1.262055969,-2.090431243,-0.081041751,-0.09324724,1.261172634,0.939686983,0.568886744,-1.014597481,0.348154132,1.955316544,-0.225236095,"(670, 1652]",-0.812148450507099,0.690609885169088,1.49604753688619
10409,4307.333333,Temp Forests,0.38663183,-1.849525429,-0.997665838,0.104133023,1.646439291,-2.257403373,-0.602623192,-0.003799514,1.719114069,1.068809827,0.534812595,-0.389806423,0.558591853,2.165556608,0.209482327,"(1652, 9633]",-1.44757730463337,-1.2838856124544,3.75177447726406
10410,524.9333333,Temp Forests,0.836047161,-2.091755599,-0.788898348,0.359268592,0.968759364,-2.35428144,-0.042997565,-0.244884998,1.306881114,0.85826534,0.3578504,-1.209433328,0.317807328,1.823159226,-0.224985974,"[57, 670]",0.00211281218616433,0.896067697826781,1.59083011729218
10411,1441.533333,Temp Forests,1.08343402,-1.493371742,-0.689141093,0.324519246,1.644210566,-2.201254032,-0.298678948,0.262839713,1.574171236,1.146911236,0.653144421,-0.571112367,0.572456734,2.625239567,-0.020628169,"(670, 1652]",-2.32018093855243,-0.245782070799917,3.17560008791972
10412,1340.266667,Temp Forests,0.952645843,-1.715750785,-1.128632201,0.104689815,1.676827548,-2.31752743,-0.57179573,0.361436612,1.616335908,1.099277735,0.540555496,-0.465309442,0.606913424,2.58970248,0.100545949,"(670, 1652]",-1.94201656861232,-0.574467286960399,4.00164394134553
10413,1277.933333,Temp Forests,0.943883385,-1.871925236,-0.934072036,0.056240396,1.677831773,-2.310645959,-0.533938429,0.387517391,1.529748181,1.19161599,0.495481968,-0.500695348,0.548755844,2.657380093,0.111624586,"(670, 1652]",-1.99493327397273,-0.327673463191643,4.00028448025621
10414,421.2666667,Temp Forests,0.769702873,-2.975999175,-1.061460542,-0.771488695,1.078311505,-2.82260883,-0.514558045,0.196557562,1.058979985,0.943800889,0.291605216,-1.226333891,0.378198878,1.75713745,-0.335787929,"[57, 670]",1.01368468926396,2.4863310884233,3.11944334729729
10701,2114.466667,Grasslands,0.386560777,-1.247535144,-1.082641039,-1.404684253,1.183950103,-1.773334295,-0.874104016,-0.446279315,1.487287854,0.662964689,1.292941891,-0.495673214,0.683181618,1.463053631,-0.068798521,"(1652, 9633]",0.388175682022259,-0.548471112587227,1.15098471842226
10702,2759.466667,Grasslands,0.140122009,-1.679219193,-1.214372452,-0.639136065,1.428627871,-1.900537777,-0.705705843,-0.44012353,1.425947148,0.860305562,1.030242394,-0.518790555,0.597404792,1.505364936,-0.109280101,"(1652, 9633]",0.0853086611117415,-0.310847990458949,1.78765167126207
10703,2122.133333,Grasslands,-0.022302689,-1.816530275,-1.358325766,-1.742912905,1.120534274,-1.765888127,-1.027006581,-0.599501498,1.146404185,0.59079929,1.045651163,-0.658111981,0.697316404,1.023055956,-0.134477696,"(1652, 9633]",1.78252228042506,0.45621768809082,0.99487174450567
10704,1514.6,Grasslands,0.548777345,-1.10021383,-0.983418482,-1.450210489,1.522998922,-1.911927618,-0.823313299,-0.193859969,1.570813645,0.840556589,1.411773934,-0.362631578,0.795562377,1.804880316,-0.097987301,"(670, 1652]",-0.619952750991564,-0.30688578801455,1.98660088087527
10705,2439.2,Grasslands,-0.062117995,-1.852234483,-1.386484105,-1.11150152,1.221272176,-1.755218446,-0.915408646,-0.608899834,1.309574437,0.749856906,1.083723172,-0.637225442,0.661903659,1.121925367,-0.119241489,"(1652, 9633]",1.11664460354276,0.0707150294186871,1.18311489712052
10706,2154.2,Grasslands,0.38656816,-1.20985745,-0.874231848,-1.117653571,1.403742592,-1.755647792,-0.70353209,-0.467343817,1.529140409,0.738363405,1.405829503,-0.362529015,0.720050619,1.66855099,0.022817006,"(1652, 9633]",-0.425393078543138,-0.818718383952075,1.30002071125088
10707,1373.733333,Grasslands,0.493822435,-1.316110638,-1.098428925,-0.702672742,1.672985021,-1.984583244,-0.777959443,-0.17719203,1.565942934,0.887800168,1.20670377,-0.312860609,0.624455836,1.995983005,-0.104372875,"(670, 1652]",-0.888541745920483,-0.685661468968429,2.41746293979117
10708,308.7333333,Grasslands,0.059843706,-1.423202223,-1.818535704,-4.082114693,1.247606463,-2.152983401,-1.019239665,-0.398980006,1.111111313,0.813224621,1.067268236,-0.638380852,1.023219182,1.081241028,-0.488531707,"[57, 670]",2.41550239457646,2.37339678370769,2.13054651376059
10709,1061.2,Grasslands,0.407228664,-1.170358689,-0.905636859,-1.062835965,1.565076211,-1.79958292,-0.737414156,-0.260716021,1.503188646,0.90232859,1.438911027,-0.295807425,0.749913048,1.862844821,-0.010975803,"(670, 1652]",-0.905010896750463,-0.599603499193509,1.81517252273363
10801,1818.333333,Grasslands,0.917036176,-1.654639034,-0.197806397,0.588716086,1.29796671,-1.943982008,0.012961271,-0.281805898,1.339264302,0.973495365,0.690974503,-1.068124573,0.424370167,1.984919964,-0.230932447,"(1652, 9633]",-1.1987146319465,0.745094914934163,0.922491695893029
10802,965.6,Grasslands,0.746388023,-1.027937369,-1.095952713,-0.142814241,1.667998034,-2.350980052,-0.65869227,-0.118227461,1.448127291,0.957688364,0.800388066,-0.518908817,0.359268592,2.131728027,-0.29769203,"(670, 1652]",-0.823071026247365,-0.365389446006332,2.86630865755646
10803,2470.066667,Grasslands,0.650209536,-1.230247355,-0.838959559,0.190521939,1.656573435,-2.179416192,-0.517301685,-0.112428476,1.540519733,1.032738946,0.757397214,-0.482781534,0.503657715,2.12694802,-0.067851532,"(1652, 9633]",-1.44816247114612,-0.725212210064646,2.80859399400533
11001,1062.6,Grasslands,0.819913499,-2.052963658,-1.069807912,0.268584994,1.499813941,-2.391411999,-0.389514362,0.184852494,1.695596115,1.127394968,0.403368017,-0.480723489,0.427891032,2.756793548,0.017607581,"(670, 1652]",-1.68562202468014,-0.82422843620185,3.82825441152908
11002,802.4666667,Grasslands,0.173912053,-2.847909007,-1.283140097,-1.43113533,1.236534876,-2.685419207,-0.59982488,-0.215700159,1.188414485,0.835523724,0.236753537,-0.871895932,0.305016311,0.9857625,-0.350682015,"(670, 1652]",1.96017245788131,1.43152113844005,3.09006506358578
11003,1064.266667,Grasslands,1.113750599,-2.260727223,-0.886302073,0.122575065,1.240715489,-2.375642502,-0.203621971,0.146063237,1.258146078,1.170470001,0.439455482,-1.213672298,0.236089979,2.313016433,-0.235353633,"(670, 1652]",-0.710686827460808,1.46812526741115,2.48297220679978
11101,127.8,Tundra,2.141966528,-2.487930337,-1.902969872,0.175537779,1.627790456,-2.954758627,-1.16470998,0.75602494,1.206791831,1.032138185,0.363479029,-1.003160405,0.673346909,3.612943849,-0.177324659,"[57, 670]",-1.35959787653139,2.01212211243838,5.13674255541504
11201,1140.4,Mediterranean Scrub,-0.441159905,-1.559216327,-1.934903429,-0.073959919,1.607108452,-2.986341137,-1.391407243,-0.705355328,2.189990857,1.002184544,0.415959773,-0.32190317,0.164251038,2.081220865,0.376414799,"(670, 1652]",0.132169908027257,-3.47495063251529,5.42222498577447
11202,2563.066667,Mediterranean Scrub,-0.559476191,-2.275340854,-2.09068919,-0.774130758,1.971703769,-3.035077284,-1.313162063,-0.57993969,2.229298134,1.120948267,0.420120637,-0.222562881,0.395388049,2.184085401,0.725503724,"(1652, 9633]",-0.335161330831767,-3.08231200206432,6.56356820704048
11203,1281.8,Mediterranean Scrub,0.654312647,-1.044461953,-0.728863525,0.417248503,1.861606628,-2.561055401,-0.679192559,-0.056423887,1.657992042,1.026820416,0.56609431,-0.432100734,0.473808231,2.191930223,0.035116063,"(670, 1652]",-1.72424667814119,-1.18526506698247,3.93165734164892
11204,1262.266667,Mediterranean Scrub,0.384099932,-1.978800518,-1.303214173,-0.480536219,1.963530075,-2.595438569,-0.968732181,0.075894192,1.806716877,1.239278445,0.44214372,-0.231998168,0.674029525,2.280023972,0.572762077,"(670, 1652]",-1.71240931296174,-1.62293496530995,5.61191116456951
11205,1911.266667,Mediterranean Scrub,0.266407015,-1.651269077,-1.259817713,-0.344138502,2.068516912,-2.548543011,-0.847769191,-0.064113953,1.80539311,1.245011507,0.56838261,-0.349914792,0.544258414,2.156410448,0.406190198,"(1652, 9633]",-1.66635686007688,-1.43846792698769,5.10921741133565
11206,2066,Mediterranean Scrub,0.696880694,-1.332212926,-0.603479806,0.353942089,1.642104229,-2.242392888,-0.489827731,0.013063064,1.637521543,0.941129806,0.633675431,-0.45595066,0.547144722,2.06887726,0.040430984,"(1652, 9633]",-1.65548156377317,-1.03132002442954,3.0565772589728
11207,1957.733333,Mediterranean Scrub,0.800790274,-1.136781842,-0.859720782,0.152122602,1.807406884,-2.401852385,-0.57609816,0.058512992,1.604125819,1.053237216,0.576997901,-0.465708065,0.491023614,2.288213502,-0.041097492,"(1652, 9633]",-1.70921284333768,-0.765950400449223,3.66407159814614
11208,1462.4,Mediterranean Scrub,0.987228792,-1.429394031,-0.871497771,0.137413707,1.732250198,-2.406224232,-0.607721604,0.342597364,1.713073643,1.095952713,0.452112378,-0.319372289,0.613617239,2.437482886,0.070168425,"(670, 1652]",-2.10070406333893,-1.04014538998716,4.23951466555317
11209,2985.866667,Mediterranean Scrub,-0.460845372,-1.955713002,-1.915867608,-0.480122785,1.908579598,-2.921793048,-1.227995236,-0.521508815,2.278119763,1.055389113,0.488278607,-0.245522505,0.414703479,1.904291012,0.456198172,"(1652, 9633]",-0.353135262666123,-2.92856856073499,5.89030311615339
11210,2198.266667,Mediterranean Scrub,0.048288774,-2.06393912,-1.496914704,-0.562749403,2.181445254,-2.742815322,-0.998698386,-0.07780577,2.059533073,1.312497539,0.496626157,-0.185742997,0.525715796,2.285822567,0.62903121,"(1652, 9633]",-1.73726735581566,-2.2144299324029,6.24515901769916
11301,654,Deserts & Drylands,0.108636702,-1.150756157,-1.259324842,0.088769712,1.556111648,-2.241255867,-1.02718284,-0.669305095,1.655110689,0.832765934,0.727278605,-0.48783177,0.205827164,1.750002353,-0.150686106,"[57, 670]",0.136821195515665,-1.73502674159933,2.58471977063159
11302,1103.8,Deserts & Drylands,0.493250117,-1.055810448,-0.931537013,-0.259300666,1.659157494,-2.100455346,-0.680700769,-0.24618955,1.678366577,0.875256671,1.017425513,-0.303704571,0.412107961,2.081283401,-0.157866374,"(670, 1652]",-1.02600388945362,-1.34797721858152,2.50225732397247
11304,1153.733333,Deserts & Drylands,0.379880305,-1.186764082,-1.057545081,-0.761539609,1.640095056,-2.151772759,-0.854347693,-0.263243943,1.778541883,0.835854434,1.115940942,-0.2052263,0.433371005,2.007184646,-0.042226721,"(670, 1652]",-0.741129949080932,-1.68814831081844,2.83225602969161
11305,779.4666667,Deserts & Drylands,-0.060622132,-1.375616758,-1.726742388,-0.373927991,1.620515741,-2.821977088,-1.034161952,-0.508732102,1.783455784,0.909510903,0.495630834,-0.34142105,-0.002026404,1.896868744,-0.072976181,"(670, 1652]",0.463164255131412,-2.19640178594862,4.32004595249491
11306,327.9333333,Deserts & Drylands,0.118623396,-1.109990414,-1.53884712,0.914195862,1.62752452,-2.638691931,-0.829692394,-0.552871254,1.552032581,0.943850923,0.587255249,-0.616197629,-0.096969506,1.82651695,-0.165851289,"[57, 670]",-0.0441286692545286,-1.75534689529236,3.27116172266256
11307,883.5333333,Deserts & Drylands,0.242577018,-1.323594919,-0.999634899,-0.404633507,1.684268366,-2.113815918,-0.841829639,-0.268696742,1.685360548,0.804515776,1.256901815,-0.238359937,0.510249001,2.000983965,-0.055512075,"(670, 1652]",-0.838428546687491,-1.3874896814763,2.56509100547568
11308,906.4666667,Deserts & Drylands,0.753887791,-0.883252472,-1.022083804,-0.222694463,1.635222668,-2.177311702,-0.706957679,-0.270025587,1.542071198,0.773989816,0.914794546,-0.454698053,0.280160613,2.182672887,-0.135467404,"(670, 1652]",-0.799741192284094,-1.20120639372058,2.42398938176462
11309,1459.866667,Deserts & Drylands,0.684407589,-1.007781065,-0.880618824,0.195351378,1.650084017,-2.318588193,-0.680397235,-0.198879896,1.593381839,0.894051137,0.667804208,-0.541492045,0.287099926,2.185388086,-0.156147195,"(670, 1652]",-1.00312529061168,-1.07588164295026,2.87178365943565
11310,1088.333333,Deserts & Drylands,-0.156384402,-1.302676291,-1.590740725,-0.489188345,1.477701176,-2.741094207,-1.179315362,-0.477341684,2.099618811,0.880391131,0.639646164,-0.230963561,0.051484355,1.830970282,-0.004718703,"(670, 1652]",0.327756156652191,-3.03445152271194,4.28754959205385
30101,2228.066667,Trop/Subtrop Forests,0.443869696,-1.730256305,-0.731851205,-0.39175793,0.908100667,-1.508752969,-0.58320909,-0.834222503,1.34481042,0.838797647,0.743501372,-0.423488184,0.249916899,1.322813821,-0.063250116,"(1652, 9633]",0.568487098046026,-1.50744651695197,0.350920617669818
30102,3863.933333,Trop/Subtrop Forests,-0.794295576,-2.915489423,-1.37396751,-1.309866779,0.641393297,-1.574469104,-1.121151409,-1.459956386,1.244883098,0.03383387,0.634743211,-0.875386723,0.379984664,0.392765678,-0.205534768,"(1652, 9633]",4.22100171959365,-0.383153478149645,-0.603266104834593
30103,2088.866667,Trop/Subtrop Forests,-0.057836013,-2.160106032,-1.001794856,-0.895202358,0.710046805,-1.750723759,-0.826218868,-1.094041531,1.196115053,0.458639845,0.600542676,-0.618347122,0.216395783,0.73890301,-0.236662606,"(1652, 9633]",2.61234619933784,-0.841927793068132,0.0689384275315167
30105,617.8666667,Trop/Subtrop Forests,-0.263788437,-2.122224743,-1.113063109,-0.425208042,1.073427262,-1.501540392,-0.622826281,-1.224493234,0.987496207,0.451395558,0.991115447,-0.724357798,0.608288852,0.611464839,-0.116177471,"[57, 670]",1.91730299044614,0.101900740152651,-0.518268797876187
30107,2077.2,Trop/Subtrop Forests,-0.926759668,-2.895588937,-1.426147816,-0.704862618,0.648825856,-1.565823991,-1.059538558,-1.777163922,0.969642539,0.101751943,0.73206488,-1.029281361,0.2520277,0.246392558,-0.342246773,"(1652, 9633]",4.53709236669519,0.115353451399956,-1.31302733280794
30108,1364.866667,Trop/Subtrop Forests,0.582077667,-1.94905524,-0.629283257,-0.077303299,0.959884984,-1.544156396,-0.104277074,-0.96516567,1.218198912,0.727192819,0.894051137,-0.636657409,0.114218238,1.426042767,-0.226378519,"(670, 1652]",0.515624504895686,-0.712577234846414,-0.465230038759811
30109,2132.866667,Trop/Subtrop Forests,-0.142584593,-2.52081931,-1.068555426,-0.283451212,0.541318473,-1.52568517,-0.515665004,-1.364273067,1.246194473,0.434977457,0.542511646,-0.637939463,-0.018947401,0.777679244,-0.141099239,"(1652, 9633]",2.61845227788514,-1.59739367079753,-0.688916150017091
30110,701.5333333,Trop/Subtrop Forests,-0.793801933,-2.512728595,-1.344493819,-0.509761228,0.557469719,-1.561390404,-0.923428332,-1.632221651,1.26630126,0.364153363,0.822830115,-0.905636859,0.38020386,0.467382822,-0.330051634,"(670, 1652]",3.50724861256717,-0.445780988886626,-1.01056156725451
30111,2831.866667,Trop/Subtrop Forests,-0.298893078,-1.982199484,-0.835429514,-0.909618437,0.847439063,-1.462619568,-1.000524091,-1.208039623,1.211796844,0.331102984,0.996775649,-0.756581895,0.424739612,0.734793778,-0.206439806,"(1652, 9633]",2.48126876488537,-0.486046858039089,-0.723795899674388
30112,1471.933333,Trop/Subtrop Forests,0.365346615,-1.592140994,-0.30351725,0.280996405,0.947099951,-1.318466866,-0.40593193,-1.125896902,1.344566886,0.586544925,1.24992563,-0.54720691,0.175537779,1.46694899,0.01630381,"(670, 1652]",0.163291549463259,-1.80692893380358,-1.02032759288291
30113,246.1333333,Trop/Subtrop Forests,-0.421987526,-3.172720492,-1.550123248,-1.095952713,0.962225683,-1.608879413,-0.877931993,-0.917167866,1.025230136,0.502056613,0.773230843,-0.931282302,0.346489229,0.259929507,-0.299812424,"[57, 670]",3.23486975339666,0.920740425441415,0.100026458075104
30114,1519.4,Trop/Subtrop Forests,-0.185893216,-2.079573399,-0.947913519,-1.407143066,0.778439063,-1.572623199,-1.016498205,-1.009442192,1.236931032,0.409960478,0.674913257,-0.660723403,0.307591714,0.77836281,-0.265032257,"(670, 1652]",2.75944240753277,-0.573076760721201,-0.0513294093639142
30115,903.6,Trop/Subtrop Forests,0.103781776,-2.527152822,-1.023428191,0.180019699,1.11667386,-1.707231539,-0.594160576,-0.628359616,1.216447665,0.817238548,0.641836293,-0.780779283,0.174431839,1.597887437,0.261834572,"(670, 1652]",0.487306694488326,-0.905693275974902,1.18294573739293
30116,2275.666667,Trop/Subtrop Forests,0.529046405,-2.351522057,-0.728500915,-0.25466803,1.057255344,-1.803416448,-0.52059154,-0.716924139,1.208075014,0.729208462,0.77783878,-0.726059564,0.1319229,1.477630627,0.048841707,"(1652, 9633]",0.673837402509995,-0.631831340818795,0.738545623650989
30117,3926.4,Trop/Subtrop Forests,-0.70361185,-3.177601496,-1.78515315,-1.553018721,0.540333518,-1.783715565,-0.970144158,-0.926510602,1.059200246,0.169466424,0.54125294,-0.951686228,0.321523181,0.426589658,-0.155471016,"(1652, 9633]",4.25780868232676,0.31591729943559,0.200639982962189
30118,3665.2,Trop/Subtrop Forests,-0.288161544,-2.566667067,-1.3290594,-0.946085371,0.709491515,-1.8175784,-0.855244663,-0.789807149,1.109977529,0.391033054,0.682780785,-0.821520802,0.303119963,1.001827776,0.056383008,"(1652, 9633]",2.5749274366996,-0.397748941018749,0.560228292662855
30119,1568.866667,Trop/Subtrop Forests,0.277604861,-2.181478729,-0.448299473,-0.404633507,1.006517435,-1.587229097,-0.657076385,-0.857637844,1.197844352,0.529695626,1.20849271,-0.778294,0.335787929,1.201905584,-0.150206143,"(670, 1652]",1.05217753101238,-0.13191987557043,-0.43385443329852
30120,1351.933333,Trop/Subtrop Forests,0.25551135,-1.730195032,-0.957438587,-0.258987393,1.229259882,-1.745523208,-0.436836264,-0.546201842,1.187926576,0.587561378,0.789648266,-0.650656651,0.460579425,1.082403521,-0.091834971,"(670, 1652]",0.632671220904846,-0.283449686901442,0.744553980546289
30121,504.0666667,Trop/Subtrop Forests,0.16784326,-2.158439602,-1.056551119,-0.181955626,0.566788586,-2.117743023,-0.402709034,-1.255948095,1.024883287,0.328003547,0.504353403,-0.659187364,0.04247464,0.799799338,-0.42048387,"[57, 670]",2.78933613040433,-0.675077678342775,-0.214744939789512
30122,248.5333333,Trop/Subtrop Forests,-1.011667002,-2.288776493,-1.17974691,-1.053532082,0.807824358,-0.993386571,-0.989808505,-1.845635597,0.852239776,0.554197283,1.164038719,-1.193253797,0.471497384,0.548512411,-0.329570513,"[57, 670]",3.48433223952591,1.01571448922446,-2.24589089052581
30123,1101.866667,Trop/Subtrop Forests,-0.377077729,-1.825570177,-0.793545333,-0.741121944,0.973738642,-1.332679209,-0.827905479,-1.307295769,1.137685362,0.383028397,1.211652411,-0.823700787,0.499733563,0.73749165,-0.155594157,"(670, 1652]",2.0728291423426,-0.206193062758284,-1.14859495451448
30124,1544.2,Trop/Subtrop Forests,-0.931320413,-2.885116885,-1.215265619,-0.502856407,0.594981719,-1.547933736,-0.897132864,-1.896880057,1.11257664,0.208095566,0.765255869,-1.039977469,0.20155766,0.391739442,-0.24067603,"(670, 1652]",4.07691513296911,-0.330249531516019,-1.42040835211735
30125,1663.466667,Trop/Subtrop Forests,-0.486052794,-2.130246679,-0.733391985,-0.40844933,0.738162957,-1.429237163,-0.731029742,-1.497554446,1.143766115,0.165475842,1.134009765,-0.954293421,0.330289887,0.630604865,-0.223894645,"(1652, 9633]",2.75756939832224,-0.351226589747327,-1.70522932729684
30126,2956,Trop/Subtrop Forests,-0.944093377,-2.979342418,-1.18661101,-1.174774088,0.638441285,-1.582220863,-1.078520524,-1.632008401,1.149201246,0.02546217,0.742725114,-0.988292665,0.327116827,0.324919974,-0.263880954,"(1652, 9633]",4.417734228359,-0.0449282404209499,-1.06876563272393
30127,401.7333333,Trop/Subtrop Forests,-0.612562932,-2.921186755,-1.028578016,-1.154593112,0.817736523,-1.739251123,-0.612799958,-1.300006606,0.95689013,0.219619098,0.415305629,-0.781802858,0.424009457,0.248564957,-0.116490764,"[57, 670]",3.51307875163819,0.179711114099958,-0.173118069076898
30128,786.0666667,Trop/Subtrop Forests,-1.104695466,-2.955257947,-0.819493029,-0.447100339,0.683358622,-1.113438348,-0.883512185,-1.875916348,1.31235533,0.209096044,1.061129094,-0.823717054,0.364433473,0.458886085,-0.155936175,"(670, 1652]",3.33509609890728,-0.924386450696211,-1.99851479603096
30130,2016.066667,Trop/Subtrop Forests,-0.572031835,-2.266841804,-1.033157262,-1.271549902,0.774927392,-1.546988674,-1.116865168,-1.206336718,1.2070184,0.219159092,0.903333558,-0.886811459,0.417879266,0.528281088,-0.265335417,"(1652, 9633]",3.32452686017896,-0.0850527290331248,-0.626047823806617
30201,305.6666667,Trop/Subtrop Forests,1.541723802,-0.574151499,0.035646772,0.879204719,1.20888723,-1.327215619,-0.378257111,-0.949090242,1.213325321,0.666395392,1.508284498,-0.743255178,0.390275792,2.305042208,0.204850546,"[57, 670]",-1.82989894891396,-1.34142587687963,-1.05556476847392
30202,2517.466667,Trop/Subtrop Forests,-0.804875927,-2.561976847,-1.043854326,-0.974816341,0.714628285,-1.539123017,-0.885641038,-1.447494399,1.014903473,0.028289591,1.086692844,-0.997840617,0.423230766,0.763608199,0.015496122,"(1652, 9633]",3.37247552617227,-0.0813559956702843,-1.19199862367176
30701,507.4666667,Grasslands,-0.050670939,-2.823865983,-0.186502197,-0.443768773,0.93662976,-1.077190677,-1.143194497,-1.125705344,1.856956069,0.877803893,1.038246668,-0.049334746,0.372643902,1.315665326,0.197524866,"[57, 670]",0.375717833346788,-3.05449818061332,0.242122897581591
30702,421.6,Grasslands,0.510827757,-0.914195862,0.354098242,-0.295665806,1.175720838,-1.253467275,-0.666395392,-0.703272015,1.271915725,0.610600747,1.466312647,-0.474296014,0.482865996,1.64605744,-0.209793634,"[57, 670]",-0.460917834678223,-0.864225274809727,-0.954001320743449
30704,4581.133333,Grasslands,0.727834693,-1.448675866,-0.415126071,-0.69417908,0.924243969,-1.420276412,-0.810826441,-0.755842782,1.525011453,0.842236767,0.81233568,-0.294137847,0.306326063,1.665108991,0.089163168,"(1652, 9633]",-0.00847683973906663,-2.18478046429736,0.564468426986917
30705,1281.866667,Grasslands,0.58800241,-0.957497872,-0.186323117,-0.833595621,1.29532581,-1.204772849,-0.857308999,-0.672739638,1.391889962,0.820931425,1.490521234,-0.311118744,0.775760118,1.518616174,-0.143982498,"(670, 1652]",-0.613995755609405,-0.780833111880774,-0.185001383423752
30706,1621.4,Grasslands,-0.28617206,-1.935968642,-0.611802843,-0.123621606,0.700502965,-1.32615244,-0.791587802,-1.397092688,1.193147497,0.407334017,0.869446566,-0.58802402,0.224658938,0.797868352,-0.161122005,"(670, 1652]",2.13755242666044,-1.50690711106349,-1.19961736277923
30707,3159.4,Grasslands,0.081747094,-1.510007621,-0.695632602,-0.93561517,0.982957208,-1.379163268,-0.955009166,-0.957628218,1.289211583,0.509169363,1.251283621,-0.631150133,0.48949941,1.039898542,-0.162403763,"(1652, 9633]",1.34682390460444,-0.661620395025142,-0.529057871085831
30709,1106.133333,Grasslands,0.689365304,-1.464575688,0.20722194,0.20722194,1.068055727,-1.498884183,-0.517230629,-0.771993316,1.443158214,0.57738542,1.339536147,-0.599920261,0.235912549,1.660060682,-0.007790858,"(670, 1652]",-0.472449425497047,-1.46930047027376,-0.557618057962012
30710,309,Grasslands,0.416196017,-0.732369493,-0.146309807,-0.261834572,1.138533312,-1.17664391,-0.474952228,-1.100258001,1.222160983,0.768744865,1.152272921,-0.468119884,0.589139591,1.489709045,-0.341589624,"[57, 670]",-0.119705538619565,-0.710212801843412,-1.09588924586612
30711,1642.266667,Grasslands,0.167596052,-1.872871424,-0.526619666,-0.079428415,0.949303669,-1.392258148,-0.440530287,-1.083091943,1.317625308,0.425752376,1.334339457,-0.727473331,0.244416099,1.292384789,0.050756858,"(670, 1652]",0.73643747005868,-1.20588875905033,-1.00745277611792
30712,1860.8,Grasslands,0.076629552,-1.622210661,-0.603672206,-0.795313816,0.843823436,-1.5122763,-0.837585411,-1.065941719,1.317546537,0.559732931,0.956465715,-0.60000356,0.358791634,1.036782511,-0.250089578,"(1652, 9633]",1.58852867053953,-0.904482823184448,-0.409898179432768
30713,1062.933333,Grasslands,0.981488594,-0.549534814,0.176203612,-0.633297718,1.362107517,-1.34255694,-0.948689239,-0.443834203,1.41721047,0.679470718,1.83020729,-0.39107564,0.801831035,2.046848035,-0.06975072,"(670, 1652]",-1.41433323908227,-0.757258949778862,-0.200498182607361
30714,272.6666667,Grasslands,0.245247942,-1.850080819,-0.634632287,0.20026747,0.980008401,-1.347474079,-0.423146659,-0.845397622,1.181916389,0.84998265,1.305315005,-0.357481887,0.281540454,1.52472042,-0.215591541,"[57, 670]",0.114005463554117,-1.09029144650576,-0.548060350906989
30715,1517.8,Grasslands,0.10561881,-1.877732027,-0.119383627,0.259551835,1.182731598,-1.296839448,-0.571722868,-1.167406829,1.126688471,0.40978062,1.680699164,-0.689226467,0.346235074,1.493907008,0.226501026,"(670, 1652]",0.147422328673045,-1.06936817396442,-1.29827284952015
30716,1105.6,Grasslands,0.023337083,-1.473031366,-0.400971707,-0.021463275,0.86431375,-1.229731191,-0.563000122,-1.133322611,1.295569756,0.530766791,1.228448836,-0.578595438,0.316081152,1.147612973,-0.14224151,"(670, 1652]",0.837299821061388,-1.39119418122567,-1.29269244133396
30717,2450.4,Grasslands,0.445649559,-1.969519069,-0.257694206,0.020937911,0.978374929,-1.569613628,-0.481562242,-0.86424417,1.324199858,0.553167583,1.083536971,-0.642955288,0.171954387,1.522793084,0.033234508,"(1652, 9633]",0.349072745760644,-1.27209127535019,-0.292055237455223
30718,537.1333333,Grasslands,-0.316779798,-2.121491851,-1.11029339,-0.845397622,0.570298432,-1.491121127,-1.220080154,-1.124028972,1.416652019,0.571084751,0.689283981,-0.536074498,0.127577523,0.75181714,-0.365715056,"[57, 670]",2.85875449090796,-1.54073671077735,-0.159298167303506
30719,1477.6,Grasslands,0.285384992,-2.006192294,-0.262759014,-0.278384384,0.9986454,-1.368102995,-0.78807846,-0.827387124,1.412922269,0.782429934,0.974264485,-0.323836955,0.405126143,1.273309349,-0.073520328,"(670, 1652]",0.353655338713324,-1.49536801143981,0.0688657195561894
30721,1520.533333,Grasslands,0.172811293,-1.891770267,-0.643839911,-0.396868165,1.06364873,-1.299050069,-0.596257812,-1.112247199,1.217706474,0.74254384,1.087668878,-0.525827108,0.341932461,1.189897248,-0.132647081,"(670, 1652]",0.807061020940619,-0.860385726459995,-0.551271089880903
30722,2710.533333,Grasslands,0.525806321,-1.13758956,-0.444392597,-0.887838295,1.114830919,-1.393735376,-0.880548131,-0.752472444,1.396952577,0.647030872,1.34364952,-0.518334181,0.565992253,1.383339801,-0.13840569,"(1652, 9633]",0.2530825243033,-0.820300584947943,-0.188131493792487
30723,2258.466667,Grasslands,-0.722067426,-2.531191235,-1.181035243,-0.782850232,0.704839831,-1.398578704,-1.091542594,-1.5346063,1.266883649,0.193066946,0.901127226,-0.877931993,0.423479445,0.521882965,-0.252924046,"(1652, 9633]",3.4598791808244,-0.474985660303304,-1.11541613602997
30725,3052.2,Grasslands,0.442186646,-1.903307275,-0.257308777,-0.184127489,0.979619406,-1.470707168,-0.567457706,-0.844686824,1.271854923,0.602432243,1.09483848,-0.56617586,0.21704903,1.508179879,0.0361717,"(1652, 9633]",0.368193998643166,-1.26511497645233,-0.315524933443449
30726,520.4666667,Grasslands,0.201933797,-1.505167863,0.220546009,-0.339633365,0.82136588,-1.349902939,-0.735098473,-0.934897384,1.363864682,0.536728385,1.366231078,-0.586544925,0.520635807,1.183841866,-0.196181629,"[57, 670]",0.562903776047029,-0.880692364996116,-1.17990548096402
30907,801.4,Grasslands,0.677251492,-1.283228382,-0.015007859,-1.422275634,1.129790013,-1.617574769,-0.865232637,-0.383887507,1.411182299,0.756346218,1.352116454,-0.627269943,0.623939055,1.526919586,-0.399195671,"(670, 1652]",0.144263747860791,0.364443537898195,0.198532033144572
31003,842.1333333,Grasslands,1.457896574,-2.779732209,0.011537745,0.444246877,1.385429821,-2.368054787,-0.702434421,0.171329874,1.272672515,1.37634403,0.30401911,-0.529206638,-0.118713954,2.948602755,0.049860675,"(670, 1652]",-1.60866808323894,-0.573548119336277,3.45130660626396
31004,4962.266667,Grasslands,0.64162674,-2.460854874,-0.295450762,0.190097251,1.04945779,-1.811620661,-0.476478273,-0.628075757,1.332429886,0.795522596,0.668533095,-0.555491994,-0.06145597,1.885930799,0.148567024,"(1652, 9633]",-0.01134293423006,-1.57970696917492,1.00123573495962
31005,292.6,Grasslands,0.912179458,-2.558703229,-0.869870579,0.774818839,0.90317784,-1.91295107,0.073415604,-0.891787447,1.405273243,0.945195552,0.546688255,-0.543742601,-0.295492902,1.916255824,-0.09236656,"[57, 670]",-0.0427575636350011,-1.78374278540334,0.727711381575779
31006,516,Grasslands,0.091251451,-2.664418099,-0.900811461,0.279735147,0.879373289,-1.676096957,-0.726431512,-1.011963122,1.539419435,0.696779108,0.735081347,-0.5231538,0.190021324,0.976232868,-0.24012966,"[57, 670]",1.32335651605181,-1.44832289179757,0.354394737223154
31007,1719.8,Grasslands,0.85845488,-1.514363019,-0.289365356,0.00867835,1.011765121,-1.463875812,-0.181185292,-0.824972906,1.34946076,0.861261363,0.89646262,-0.549407355,0.182317932,1.737942185,-0.073298968,"(1652, 9633]",-0.451765986319041,-1.27364073446084,-0.181621252136574
31008,328.4666667,Grasslands,1.631827924,-1.668849866,-0.053959252,0.421126961,0.89778189,-1.610758299,0.1960388,-0.745580722,1.434290885,1.017263693,0.828494464,-0.558439756,0,2.454301205,-0.060810853,"[57, 670]",-1.48753010271609,-1.46006003809863,-0.0669222920190626
31009,2149.133333,Grasslands,0.912564377,-1.974510572,0.027344279,0.200578121,1.138567325,-1.735100591,-0.445423962,-0.515446349,1.363103155,0.833850998,0.876685406,-0.616085656,0.102879079,1.891083261,0.008737058,"(1652, 9633]",-0.612977828957671,-1.0797330920929,0.638156417794293
31011,311.9333333,Grasslands,0.066190167,-2.865759407,-1.81317882,0.297888334,0.584811388,-2.557946213,-0.569929451,-0.801907133,0.981008035,0.670997179,0.317807328,-0.951955146,-0.129792809,1.151526887,-0.3206207,"[57, 670]",2.7382279605189,-0.000341691933530508,1.47405736643316
31012,1508.2,Grasslands,0.462473486,-2.512449835,-0.691650549,-0.021011384,0.943136284,-1.70044311,-0.454722642,-0.816790692,1.273671006,0.716707859,0.790693428,-0.698401853,0.018482083,1.482491206,0.039278354,"(670, 1652]",0.7415120124062,-1.0551139682314,0.365479881694633
31013,217.7333333,Grasslands,1.029306062,-2.192961925,-0.366974196,0.609612676,0.818582086,-1.706379446,0.20026747,-1.055264116,1.234191252,0.875733564,0.63189916,-0.865806701,-0.015716922,2.049992455,-0.219186707,"[57, 670]",-0.12134399938497,-0.509193761154702,-0.477567009335488
31014,463,Grasslands,0.241285091,-2.42996201,-0.22711998,-0.498916074,0.915551552,-1.514832819,-0.651475881,-0.705039965,1.55942296,0.785045813,0.262178747,-0.056187612,0.169952977,1.366288224,0.259485302,"[57, 670]",0.424023199743197,-2.91916623487064,1.31549307025222
31015,1806.266667,Grasslands,0.650523804,-2.135645691,-0.409263848,-0.384657756,0.905215863,-1.552752453,-0.631833995,-0.79956169,1.443067007,0.838237234,0.432202838,-0.33939042,0.088941807,1.513832097,0.03071023,"(1652, 9633]",0.467138291516613,-2.04082720996982,0.785169306773342
31201,1314.6,Mediterranean Scrub,-0.026084968,-2.719837794,-0.78911488,-0.115004744,0.906229502,-1.970033177,-0.658852062,-0.682861826,1.443719128,0.512505093,0.76313455,-0.699094619,-0.043960623,1.903690855,0.461113375,"(670, 1652]",0.835878012474831,-2.03398975054204,1.34193508570344
31202,4488,Mediterranean Scrub,0.12878191,-2.304665722,-0.771632628,0.035689269,1.144661028,-1.804896722,-0.74881714,-0.188613221,1.451483329,0.986109138,0.561362546,-0.608450055,0.025514266,2.388822261,0.464412179,"(1652, 9633]",-0.474658553454112,-1.92786047143599,2.32206786335069
31203,6181.933333,Mediterranean Scrub,0.023184348,-2.554618248,-1.069133669,-0.11583997,1.099263242,-1.872089408,-0.812486151,-0.081834981,1.489136023,1.054142936,0.480978587,-0.669594617,-0.106696995,2.678674244,0.534406869,"(1652, 9633]",-0.326591702792233,-2.01223823149421,2.80385460667197
31302,555.0666667,Deserts & Drylands,0.383952007,-1.416312035,-0.176978202,0.04247464,1.141114651,-1.619020648,-0.814774805,-0.811483818,1.321621217,0.460222328,1.714973219,-0.656491578,0.206378713,1.933943897,0.04671695,"[57, 670]",-0.0711581029605007,-1.3045035858293,-0.459709855270295
31305,205.4666667,Deserts & Drylands,0.330181779,-1.277621357,-0.169558287,0.649195727,1.184201264,-1.306495574,-0.609160139,-1.063797628,1.392874796,0.522976411,1.943649237,-0.81648912,0.411538969,1.790671282,0.076480116,"[57, 670]",-0.636459818714499,-1.1215146726254,-1.38883047783217
31306,248.4,Deserts & Drylands,0.635793621,-1.023163247,-0.088769712,0.580693565,0.924636777,-1.34017313,-0.786715958,-1.172382607,1.531817789,0.496981147,1.463614366,-0.727007962,0.396068288,2.126067767,0.147340247,"[57, 670]",-0.541243135991494,-2.03893937955168,-1.07511416502772
31309,1162,Deserts & Drylands,0.638858067,-1.36820024,0.378257111,0.254936363,1.239412785,-1.584123789,-0.462877841,-0.650367266,1.422594024,0.578759651,1.185827759,-0.643759353,0.146238926,1.928610801,0.010161584,"(670, 1652]",-0.750192867719445,-1.40577826783909,-0.159660009639006
31311,1022.733333,Deserts & Drylands,-0.805547857,-2.570468777,-0.620535568,-0.120386631,0.79048666,-1.507897525,-0.819698444,-1.60041273,0.993226258,0.184693544,1.520747477,-0.946362369,0.328317347,1.197762945,0.237622649,"(670, 1652]",2.27545865404164,-0.665897407953992,-1.52414407418339
31312,910.4,Deserts & Drylands,-0.601329274,-2.259872876,-0.578982806,-0.583279283,0.953301566,-1.381408174,-0.858473766,-1.261546194,1.039182771,0.301859851,1.400337524,-0.92643033,0.501179521,1.200544516,0.073355619,"(670, 1652]",1.8948300020553,-0.0597344310231435,-1.17832678393879
31314,2049.6,Deserts & Drylands,0.389429226,-1.839027531,-0.035646772,0.033331605,0.978543346,-1.830999717,-0.478030772,-0.656315118,1.364801346,0.399221479,0.816674748,-0.850818948,-0.021810745,2.243687368,0.270720945,"(1652, 9633]",0.131819428539513,-1.59145159881464,0.392058273191135
31315,349.6,Deserts & Drylands,0.31064653,-1.279595854,0.503505772,0.140796074,1.088704037,-1.507159264,-0.496981147,-0.929816436,1.182956056,0.38866765,1.077494716,-0.902781433,0.014223573,1.902300856,-0.150102615,"[57, 670]",0.298090090105793,-0.833609632850418,-1.11852424630272
31316,890.6666667,Deserts & Drylands,0.346937617,-1.319559055,0.362652536,0.097443274,1.089149356,-1.469184846,-0.604158184,-0.999532424,1.232380673,0.367510829,1.221623192,-0.740453325,0.04151085,1.664819746,-0.009568664,"(670, 1652]",0.310137440740883,-1.41073259335225,-1.04633399639669
31318,313.0666667,Deserts & Drylands,0.144406555,-1.862003809,-0.774818839,0.426564696,0.691650549,-1.693196322,-1.165917111,-1.403519565,1.23246907,0.246742579,1.334553583,-0.7287358,-0.041807302,1.730140089,0.280723403,"[57, 670]",1.54692637802325,-2.45858254524112,-0.677704655630496
31320,518.2666667,Deserts & Drylands,0.144989287,-1.783952093,-0.306402565,0.824834713,0.895202358,-1.74926745,-0.569343449,-1.428731974,1.20235035,0.379132292,1.271991114,-0.883713204,-0.129792809,1.825592198,0.016606106,"[57, 670]",0.898699896887712,-1.62078962056848,-1.0594356961738
31322,3315.866667,Deserts & Drylands,0.264348263,-2.043690276,-0.152632838,-0.218977679,0.897646607,-1.953526085,-0.690321423,-0.335205109,1.510489892,0.366418823,0.570975194,-0.771147653,-0.146525,2.361500716,0.672026547,"(1652, 9633]",0.140829026150768,-2.63957607523425,1.53325186290431
31401,1101.733333,Trop/Subtrop Forests,-0.605251957,-2.419452946,-1.299310303,-1.226828457,0.717933156,-1.418050204,-1.19230539,-1.321653496,1.203702319,0.316597015,0.930677098,-0.926751852,0.426018841,0.488737125,-0.298999872,"(670, 1652]",3.51055061126564,0.00825494223502496,-0.821885638621907
31402,278.2,Trop/Subtrop Forests,-0.51140902,-2.115692169,-0.942284468,-0.959183699,0.877057932,-1.159451416,-1.003540252,-1.439466485,1.071341305,0.292628581,1.221492016,-0.855839983,0.454122164,0.538584461,-0.266407015,"[57, 670]",2.86870308690703,-0.0153149062952719,-1.66231441530584
31403,407.2,Trop/Subtrop Forests,-0.163831639,-1.4889656,-0.937843241,-1.439466485,0.881401957,-1.266161728,-1.3966803,-0.957193652,1.361367806,0.4155389,1.489472814,-0.869203779,0.609971144,0.86613073,-0.306402565,"[57, 670]",2.1720486571587,-0.0226076758233079,-0.908165076601549
31405,571.2666667,Trop/Subtrop Forests,-0.024492118,-2.47307317,-0.736432392,-0.376039866,1.0813105,-1.434920797,-0.419130113,-0.97685785,0.979958491,0.605660169,1.169186615,-0.888681406,0.274030568,0.843927837,-0.321861096,"[57, 670]",1.57859778205161,0.700143027498576,-0.926686378417687
40102,4771.4,Trop/Subtrop Forests,-1.181097584,-4.14857703,-2.577110004,-2.075044412,0.96480184,-1.933575536,-1.577469609,-1.234055531,0.777858162,0.196254018,0.698422481,-1.118163089,0.513825331,0.066545896,-0.54282772,"(1652, 9633]",5.84279880071788,2.44607487652712,0.621225220164821
40103,1578.333333,Trop/Subtrop Forests,-0.845138565,-5.338875991,-2.664152098,-2.048078486,0.929654981,-2.026463064,-1.400977159,-0.852636573,0.789175897,0.460026906,0.227164028,-0.754801878,0.411954415,0.170860077,-0.187205348,"(670, 1652]",5.29643805152444,1.75095633830322,2.0996162516216
40104,690.8666667,Trop/Subtrop Forests,-1.712280359,-4.524605233,-2.726633324,-1.167167408,1.047565777,-1.855102604,-1.587934225,-1.719140032,0.405650154,0.088035125,0.996670172,-1.560056743,0.487588087,0.054379373,-0.576492887,"(670, 1652]",6.44146130008704,3.57325609976546,-0.567029474618307
40105,201.8666667,Trop/Subtrop Forests,-0.106082097,-1.343931316,-0.638293154,-0.235912549,0.788029125,-1.507872979,-0.51260784,-1.369706904,1.055733305,0.492788197,1.101764223,-0.658725746,0.292393944,0.89589942,-0.149760051,"[57, 670]",1.61840919850752,-0.984870685351567,-1.19134049102061
40106,464.3333333,Trop/Subtrop Forests,-0.351013426,-2.496025173,-1.721197565,-1.132197807,0.87508695,-1.860235518,-1.292410177,-0.835408333,0.892642277,0.513888374,0.688860311,-0.68344052,0.311064707,0.521603888,-0.079882772,"[57, 670]",3.22664638509448,-0.0935417841358316,0.989455983074675
40107,308.1333333,Trop/Subtrop Forests,-0.118882499,-1.492653355,-0.60052262,-0.691650549,0.932161941,-1.368431032,-0.619372361,-1.554689121,0.986301827,0.360924812,1.510127825,-0.746961232,0.29744114,0.708557629,-0.116177471,"[57, 670]",1.93620362348349,-0.546850650451315,-1.81791401945418
40108,609.8666667,Trop/Subtrop Forests,-0.281395167,-2.270493793,-0.856178658,-1.000947498,0.937443697,-1.402203434,-0.846353295,-1.194131144,0.893756165,0.338816426,1.101567777,-0.557897686,0.355947873,0.590043914,-0.148447272,"[57, 670]",2.55587473265964,-0.305633327839523,-0.872221350635824
40111,370.8666667,Trop/Subtrop Forests,0.108636702,-1.131841822,-0.397376448,-0.133264071,0.914195862,-1.324301038,-0.461384796,-1.364080471,1.203000265,0.372441969,1.232940701,-0.609807886,0.229252774,1.134289259,0.148657449,"[57, 670]",0.864495000486491,-1.89899890750655,-1.33886033955138
40112,263.5333333,Trop/Subtrop Forests,0.294865871,-1.834434212,-1.328292927,-0.640483236,0.843777397,-1.740760063,-0.32312948,-1.14707211,0.787680048,0.329830346,0.533280792,-0.637979891,0.0991738,0.742294308,-0.252486142,"[57, 670]",2.52424018598235,-0.390695325469285,-0.393996363099061
40113,308.7333333,Trop/Subtrop Forests,-0.095656353,-1.530164343,-1.274005578,-0.317807328,0.949256818,-1.34017313,-0.534633904,-1.583709516,0.854940638,0.247826365,1.095952713,-0.884721606,0.290683126,0.636570288,-0.20722194,"[57, 670]",2.45419875338665,-0.236645342622708,-1.7326336505499
40114,377.2,Trop/Subtrop Forests,-0.636599523,-2.562194702,-1.361139951,-0.522155575,0.702281186,-2.117982736,-0.747079477,-1.382556039,0.624675403,0.278307591,0.657367728,-0.948962607,0.081100586,0.18110665,-0.280334322,"[57, 670]",4.07285333630394,0.46648407239415,-0.289304513966004
40115,332,Trop/Subtrop Forests,0.762645439,-1.29360397,-0.145661555,-0.070064017,0.775518504,-1.530689055,-0.153841776,-0.891213549,1.272998858,0.479589249,1.044296273,-0.533702162,0.28399597,1.77687305,-0.047158534,"[57, 670]",0.00376194500235753,-1.43143480971308,-0.831889351529671
40118,5885.933333,Trop/Subtrop Forests,-0.151359628,-2.231370216,-0.280733862,-0.660917083,0.913012607,-1.785608245,0.055458877,-1.495683277,0.918581439,0.4210827,0.950548424,-0.906653494,0.343071815,0.78914162,-0.273978237,"(1652, 9633]",1.97359411844889,0.685257372380998,-1.27635247781971
40119,2035.666667,Trop/Subtrop Forests,-0.006686819,-2.200651839,-0.779665083,-1.103560907,0.927123866,-1.710218763,-0.633062023,-0.906277704,0.975513036,0.604397169,0.636337928,-0.324165652,0.273639992,0.873608535,-0.045912846,"(1652, 9633]",1.881011584217,-0.866858143359098,0.515399891102009
40120,350.6,Trop/Subtrop Forests,0.060199319,-1.169807085,-0.574876282,0.153841776,0.964197995,-1.209668989,-0.438112027,-1.490065349,1.14707211,0.325105647,1.209668989,-0.680250248,0.166719096,0.802802421,0.03537598,"[57, 670]",1.2013507034555,-1.75251766737092,-1.76114762470819
40121,546.0666667,Trop/Subtrop Forests,0.256336285,-2.24752085,-1.057612251,-1.641845997,1.185126242,-1.985852849,-0.643162324,-0.462444631,0.922828821,0.812087393,0.618402297,-0.357800938,0.392635247,0.984859912,-0.040998005,"[57, 670]",1.4478132482363,0.103372668374358,1.80305162785259
40123,1191.866667,Trop/Subtrop Forests,-0.864714989,-2.772439049,-1.53244744,-0.845397622,0.709227979,-1.798419755,-0.756126462,-1.476795922,0.66623451,0.191184495,0.73183738,-0.954271907,0.239130823,0.243400232,-0.310804461,"(670, 1652]",4.30799317555431,0.68859262332612,-0.813970386584694
40124,946,Trop/Subtrop Forests,-0.086040553,-1.53600792,-0.619773162,-0.626059999,0.842731178,-1.598037494,-0.606397207,-1.492606686,1.1626638,0.261334899,1.120351639,-0.682065578,0.151764813,0.83890084,0.136259531,"(670, 1652]",1.94203738142569,-1.62621595444692,-0.968147624585274
40129,751.9333333,Trop/Subtrop Forests,-0.715938419,-2.616550575,-1.730850855,-0.620366094,0.878366401,-2.081779655,-0.862196694,-1.280892731,0.652791596,0.157646508,0.708938564,-1.00884137,0.233501681,0.299294592,-0.237038427,"(670, 1652]",4.0771665485516,0.757934497519343,-0.00621071413992956
40134,721.7333333,Trop/Subtrop Forests,0.266438177,-1.185668762,-0.305145911,-0.610878692,0.931387516,-1.610405518,-0.661266605,-1.043972917,1.242039105,0.407680341,1.276728354,-0.243928228,0.323314087,1.190323697,0.199541414,"(670, 1652]",0.666251039100882,-2.25321204500512,-0.261890265868642
40135,682.4666667,Trop/Subtrop Forests,-0.122561689,-1.789041184,-0.706072426,-0.906782318,0.678131236,-1.968201018,-0.970624499,-1.159423517,1.232907033,0.19016544,0.941299239,-0.434606696,0.16867442,0.69540763,0.027900269,"(670, 1652]",2.55500956435687,-1.91355855735196,0.103313423453155
40136,438.3333333,Trop/Subtrop Forests,-0.830485039,-4.051735834,-1.701652572,-2.816431681,1.064308133,-1.527378136,-0.983669134,-0.998549616,0.86855761,0.581915436,0.473591217,-0.691650549,0.621349439,0.252803403,-0.145125727,"[57, 670]",4.10423514360306,1.64547279151901,0.892216271548241
40137,5363.466667,Trop/Subtrop Forests,-0.3558317,-2.648905443,-0.745098991,-0.769921721,0.92164912,-1.722837405,-0.35163738,-1.352193883,0.964461204,0.468702703,0.681708062,-0.686186022,0.330673323,0.608560765,-0.138707209,"(1652, 9633]",2.43485555835476,-0.00467256472544765,-0.371476898685291
40144,673.7333333,Trop/Subtrop Forests,-0.697259761,-3.691499901,-2.19751787,-1.748436616,0.859903078,-2.160123322,-1.088430498,-1.061544606,0.755299816,0.410492807,0.493752385,-0.721539943,0.319293409,0.086155557,-0.248801609,"(670, 1652]",4.68212742004683,1.03435374582979,1.29614050788008
40146,2551.2,Trop/Subtrop Forests,-1.047892017,-3.017872902,-2.216219562,-1.323800924,0.963599457,-1.655533018,-1.097327443,-1.48924936,0.689677237,0.278104851,1.094123097,-1.207766638,0.477181801,0.13565843,-0.499363041,"(1652, 9633]",4.7186675505802,2.08244164739098,-0.809532829881637
40149,4376.666667,Trop/Subtrop Forests,-0.441387451,-2.436041565,-0.838114172,-0.579871627,0.933429212,-1.737617891,-0.369633715,-1.488513431,0.860896525,0.380637381,0.854491903,-0.896977674,0.370489053,0.559370865,-0.266660661,"(1652, 9633]",2.7008398962776,0.607610671389059,-0.916544575700627
40150,659.3333333,Trop/Subtrop Forests,-0.604173693,-2.26018008,-0.910277927,-0.496803313,0.763000248,-1.603074767,-0.640205396,-2.092690052,1.083765894,0.091525119,1.045345658,-0.898040453,0.106839909,0.417592554,-0.261834572,"[57, 670]",3.56981545229084,-0.724139474853897,-1.90185567151985
40151,1159.533333,Trop/Subtrop Forests,-0.542864004,-2.445516144,-1.035114713,-0.650929121,0.755204367,-1.797219003,-0.78641961,-1.721377924,1.101832798,0.232624414,0.954919126,-0.881499723,0.179690086,0.248564957,-0.187956009,"(670, 1652]",3.48498484555595,-0.497443152232838,-0.943733210830565
40152,687.6,Trop/Subtrop Forests,-0.302302435,-3.362595756,-1.473959055,-1.48219685,1.119887064,-1.73724803,-0.775179271,-0.601116624,0.882565049,0.713795531,0.088376414,-0.612665461,0.352102482,0.420056253,-0.019861427,"(670, 1652]",2.79642433086243,0.524353532810941,1.68989286832001
40154,550.6,Trop/Subtrop Forests,-0.534705656,-2.317626294,-2.001884224,-0.9605791,0.679761068,-1.939084184,-0.884428278,-1.55134122,1.236715674,0.179524514,0.872596228,-0.977846895,0.293022315,0.359085848,-0.249151186,"[57, 670]",3.90390965590556,-0.310408745141442,-0.271222514646228
40155,301.4,Trop/Subtrop Forests,0.192629192,-2.442971982,-1.796931648,-1.312228146,0.587424298,-2.690383174,-0.792742245,-0.75602494,1.382556039,0.469030683,0.51126046,-0.404633507,0.116177471,0.738649293,0.011277002,"[57, 670]",2.80766352044247,-1.53487706792198,2.40402262967301
40158,1425.333333,Trop/Subtrop Forests,-1.099899942,-3.176064141,-2.161397798,-1.266490987,1.124747461,-1.566451058,-0.9975965,-1.604655119,0.467873392,0.349783103,0.986301827,-1.103794361,0.579249429,0.218859327,-0.331102984,"(670, 1652]",4.45450673723203,2.22341563811497,-0.706272018630466
40159,850.3333333,Trop/Subtrop Forests,-0.532109497,-3.124437191,-2.116394852,-1.314782043,0.995993838,-1.80644161,-0.633398715,-1.255435381,0.769335298,0.439243568,0.478324736,-0.64417387,0.427809917,0.413125767,-0.099468221,"(670, 1652]",3.56677375104752,0.499550269899089,0.650725846401365
40162,157.4666667,Trop/Subtrop Forests,-0.250807522,-1.543090727,-0.829875734,-0.378713902,0.778439063,-1.188722073,-0.449486848,-1.629218616,0.999532424,0.233144314,1.45526211,-0.922140933,0.048105854,0.623993748,-0.011405884,"[57, 670]",2.26250637635312,-1.0267611022364,-2.42245922026958
40163,1725.866667,Trop/Subtrop Forests,-0.687252997,-2.879067029,-1.805977058,-1.190291232,0.718897689,-1.702920915,-0.980235127,-1.214021336,0.750232567,0.239307575,0.860357593,-0.865380012,0.306531437,0.287977992,-0.328423376,"(1652, 9633]",4.233263256903,0.71610953183037,-0.490099346691852
40166,425.7333333,Trop/Subtrop Forests,0.118999018,-1.037548701,-0.122044879,0.366974196,0.969810634,-1.321564653,-0.223834327,-1.707634095,1.174375184,0.353359347,1.499813941,-0.719662902,0.162425177,1.04454873,-0.029171286,"[57, 670]",0.729092741769927,-1.60356199705116,-2.26908729133579
40167,621,Trop/Subtrop Forests,0.309086692,-1.954165908,-1.247658554,-0.905089695,1.019455183,-1.655244355,-0.610940966,-0.774130758,0.84940262,0.561392358,0.454973922,-0.534124215,0.425745803,0.766042218,-0.16036028,"[57, 670]",1.91090448118781,-0.0234322324495603,0.52529395126195
40168,609.1333333,Trop/Subtrop Forests,-0.30036148,-1.902969872,-1.78308974,-0.583279283,1.219926705,-1.468706158,-0.705719838,-1.233617521,0.676746054,0.427398642,1.282009606,-0.819894031,0.600065932,0.652864598,-0.280264811,"[57, 670]",2.35089545569669,1.01784584421653,-0.78074377786187
40169,580.5333333,Trop/Subtrop Forests,-0.90693653,-2.822836847,-1.470960808,-1.267190306,0.863048165,-1.785949841,-0.592799782,-1.441333257,0.702771047,0.287099926,0.972395482,-0.972395482,0.575249645,0.287977992,-0.559040951,"[57, 670]",4.00846580405508,1.90571969842967,-0.950825781247053
40170,1289,Trop/Subtrop Forests,0.399093014,-1.672985021,-0.566518178,-0.742813938,1.035637232,-1.822862063,-0.160721327,-0.743091733,0.908614982,0.527538611,0.919823933,-0.827186632,0.466083697,1.015608045,-0.336710192,"(670, 1652]",1.17594244334286,0.955890611441325,-0.286178779756123
40171,1334.666667,Trop/Subtrop Forests,0.019531032,-1.921481901,-0.925753961,-0.664168727,0.974236758,-1.680741399,-0.360667993,-1.212270431,0.887244571,0.451052021,1.000382741,-0.846944939,0.44768676,0.744835064,-0.330805253,"(670, 1652]",2.03630567981705,0.701126659362469,-0.833491172729912
40172,3650.6,Trop/Subtrop Forests,0.529556316,-1.732493136,-0.312602802,-0.638172679,1.053026053,-1.77963241,-0.166664379,-0.821569408,1.043431409,0.630076123,0.737572603,-0.667680611,0.464726111,1.073448457,-0.215298587,"(1652, 9633]",0.752833620402299,0.254234703407173,0.000218602228026304
40201,476.0666667,Trop/Subtrop Forests,-0.014623031,-1.121185584,-0.44938625,-0.047532948,0.929816436,-1.120995374,-0.481198814,-1.865483346,1.206512111,0.213465711,1.495380473,-0.549851274,0.309227542,1.050145293,0.164219465,"[57, 670]",1.12447987416113,-2.20969375589883,-2.26811386264905
40202,1968.6,Trop/Subtrop Forests,-0.116319102,-1.979611161,-0.876384771,-1.199636092,0.965274164,-1.558250597,-0.78157051,-0.911099237,1.077674552,0.569397534,1.027534112,-0.412420836,0.390033387,0.831983692,-0.091477174,"(1652, 9633]",1.80337567886932,-0.686265735548069,0.0709155060514591
40203,193.8,Trop/Subtrop Forests,0.20026747,-1.046414893,-0.264572392,-0.044363007,0.834378099,-1.214800294,-0.326238639,-1.666627481,1.20888723,0.3582132,1.276443185,-0.51219177,0.114181492,1.282320095,0.287099926,"[57, 670]",0.707670937024792,-2.64151261830005,-1.81267450877221
40204,523.6666667,Trop/Subtrop Forests,-0.15589102,-1.298105239,-0.67729753,-0.127577523,0.872056387,-1.316138696,-0.623051752,-1.594529295,1.228405059,0.162193117,1.586941797,-0.803723356,0.386061754,0.818718429,-0.060913986,"[57, 670]",1.66157816326262,-1.17483600881865,-2.08220237806457
40206,870.4666667,Trop/Subtrop Forests,0.388983953,-0.866042787,-0.211371469,-0.253475813,0.861048463,-1.560480247,-0.410293396,-1.092485981,1.322034349,0.14252239,1.68544451,-0.648818503,0.275290034,1.313595837,0.124409711,"(670, 1652]",0.50531049256424,-1.79220629248253,-1.43027595119242
40207,538.5333333,Trop/Subtrop Forests,0.181363535,-1.1366369,-0.254377974,-0.466056668,0.946304817,-1.469545447,-0.439404386,-1.311751698,1.285027538,0.157906873,1.488104074,-0.535677611,0.039792783,1.047321492,0.159890157,"[57, 670]",1.05792590865339,-2.27427217527044,-1.3903453922824
40209,753.3333333,Trop/Subtrop Forests,-0.383504102,-1.608909524,-0.499013428,-0.088376414,0.875506729,-1.191388952,-0.620366094,-1.956232352,1.222461753,0.245097249,1.34017313,-0.856338338,0.172330216,0.7437041,0.030493672,"(670, 1652]",2.02327674063713,-1.56228888006817,-2.30024441297443
40210,845.6666667,Trop/Subtrop Forests,-0.629988719,-2.461882386,-1.352988222,-1.324301038,0.881969423,-1.674484436,-1.041641636,-1.216528986,0.979927062,0.302766127,0.915639902,-0.824011531,0.360675902,0.41394726,-0.178539863,"(670, 1652]",3.47914341253356,0.160090788121157,-0.230925139459029
40211,302.2666667,Trop/Subtrop Forests,-0.67910301,-2.198052485,-1.274779288,-0.617723419,0.904072731,-1.084561799,-0.591809567,-1.447411739,0.604124925,0.377957946,1.300848517,-1.001639559,0.568220995,0.357332852,-0.27361425,"[57, 670]",2.90188935462908,1.20089406786893,-2.1950482366388
40212,346.8666667,Trop/Subtrop Forests,-0.24636234,-1.697916929,-0.879742136,-1.142315321,0.903644227,-1.641275507,-0.635218931,-1.277621357,1.116087782,0.294586224,1.367068963,-0.826378892,0.549168438,0.684122119,-0.162468761,"[57, 670]",2.20277568568955,0.0997556191625174,-0.973855580458736
40301,817.1333333,Trop/Subtrop Forests,0.951853452,-1.291146763,0,0.189971487,0.835523724,-1.712100806,-0.181955626,-0.705409338,1.470814594,0.826595144,0.606766883,-0.196648954,0.331789814,1.712978594,0.194991127,"(670, 1652]",-0.896959155023476,-2.54362422583101,0.676544580926354
40401,730.2666667,Temp Forests,0.469416746,-1.843908187,-0.380930543,-0.222694463,0.880690091,-1.817987619,-0.042345892,-0.911952644,1.39572553,0.682336628,0.680905222,-0.395867638,0.145464928,1.176105945,0.188499715,"(670, 1652]",0.273053816077324,-2.02824035972711,0.491011105592838
40403,540.8,Temp Forests,1.18807354,-1.104831769,0.580002905,0.704197849,0.849603629,-1.404932896,0.347016026,-1.205571545,1.384529807,0.803153322,0.99588202,-0.63031604,0.140703593,1.740387099,-0.163235752,"[57, 670]",-1.12398282565205,-1.4795819444148,-1.59015268450582
40501,448.6666667,Temp Forests,0.817204287,-2.468841489,0.503505772,-0.523428994,1.066635376,-1.639158466,0.110709685,-1.079201038,1.554734548,0.739158109,1.024104533,-0.748663937,0.122513653,1.569433284,0.346792952,"[57, 670]",-0.531133669556656,-1.23764603843568,-0.2113360040653
40502,360,Temp Forests,1.379622972,-0.946304817,0.529518866,0.606699905,0.765569483,-1.243483297,0.33467359,-1.272577562,1.447965207,0.830348715,1.187909843,-0.67050087,0.259300666,1.928520803,-0.051672876,"[57, 670]",-1.46935352055598,-1.57885982838872,-1.94668906402882
40701,234.0666667,Grasslands,0.420347715,-0.914195862,-0.319293409,0.105149825,0.903357491,-1.273797375,-0.114181492,-1.231606854,1.43484671,0.440921965,1.508987122,-0.499733563,0.177717949,1.387241986,-0.136302083,"[57, 670]",0.0740722680881877,-2.02013703187456,-1.74658997449007
41001,1274.6,Grasslands,-0.876739898,-4.548659707,-2.02992835,-2.046489794,0.907989235,-2.254898217,-0.968803067,-0.977776152,0.772935222,0.367943603,0.382359204,-0.925539529,0.338574271,0.138342892,-0.379068096,"(670, 1652]",5.07969044844286,2.13480543233203,1.39934147393747
41301,587.2,Deserts & Drylands,0.13366128,-1.104223864,-0.391856849,0,0.852714161,-1.331097727,-0.512780103,-1.726089587,1.301542555,0.139340723,1.455645427,-0.687207287,0.145863514,1.080378967,0.218667735,"[57, 670]",1.18612245179455,-2.39048320887226,-1.97053540798416
41303,568.4,Deserts & Drylands,0.377920848,-0.725631282,0.033381159,0.852001887,1.113286294,-1.430758998,-0.305000242,-1.52269434,1.394157123,0.249233481,1.675465832,-0.794280078,0.332029387,1.552701645,0.192156421,"[57, 670]",-0.374520368080083,-1.9853425620047,-1.83951333590907
41402,205.2666667,Trop/Subtrop Forests,0.041763558,-1.527082608,-1.558370564,-0.729295695,0.724357798,-1.165917111,-0.674885124,-1.31162063,0.986301827,0.490801061,1.314209288,-0.749028425,0.572591427,0.89644238,-0.302106475,"[57, 670]",2.08230117765287,-0.0146985740242652,-1.63026583498169
41405,893.7333333,Trop/Subtrop Forests,-2.161512943,-4.297999599,-2.772439049,-1.604655119,1.179881392,-1.579043763,-1.549652034,-1.891100291,0.617933643,0.051296135,1.234169094,-1.587007267,0.790422433,0.014014329,-0.680575723,"(670, 1652]",6.38612300440603,3.86558263065811,-1.08780272651743
50201,817.8666667,Trop/Subtrop Forests,0.193373736,-1.056584476,0.050542605,0.20722194,1.037261016,-1.556111648,-0.151711613,-1.268727064,1.044006269,0.326142919,1.063227452,-0.947235536,0.020923278,1.481934937,0.006646001,"(670, 1652]",0.654266929697281,-0.979119497553104,-1.43594697910749
50302,4192.266667,Trop/Subtrop Forests,0.799910777,-1.619606964,0.153348338,0.091624045,0.985228777,-1.824325639,-0.195664201,-0.648722773,1.104041959,0.876459579,0.542943613,-0.716324141,0.037211898,1.923539702,-0.215788165,"(1652, 9633]",-0.119589286070873,-0.46113768630532,0.278961320003646
50303,4163.2,Trop/Subtrop Forests,0.50923094,-1.954148408,-0.040556512,0.113397743,0.978854853,-2.015120173,-0.15499832,-0.88535978,1.156403313,0.634024001,0.490392764,-0.9317692,-0.077321598,1.606993134,-0.250910089,"(1652, 9633]",0.786418824263367,-0.283596659219959,0.144743315741819
50401,1565.733333,Temp Forests,1.314451478,-1.804257609,1.192879979,-0.199030684,1.072420525,-1.584888709,0.492021185,-0.418087633,1.02074324,0.854832296,0.902989966,-1.008266204,0.591683338,1.66972493,-0.399089937,"(670, 1652]",-1.20954328802424,1.89951760426819,-1.08201484922384
50402,2408.733333,Temp Forests,1.302561766,-1.556257966,1.016744354,-0.251267508,1.018380446,-1.735841224,0.406342135,-0.555119666,1.078987173,0.768031561,0.893228825,-0.964027093,0.460577359,1.735423248,-0.313801534,"(1652, 9633]",-0.967228309157236,1.21664970761502,-0.874609097495037
50403,2807.6,Temp Forests,1.304602926,-1.582674056,0.948971352,-0.220648774,1.032637688,-1.791645321,0.381119072,-0.526896738,1.111087982,0.79789512,0.898736246,-1.01059442,0.44571911,1.753968656,-0.350819294,"(1652, 9633]",-0.958989257188076,1.33109154470294,-0.741070968551297
50404,2433.8,Temp Forests,1.52622837,-1.300653611,1.098740617,-0.323710394,1.070353546,-1.718926677,0.313164594,-0.411897126,1.080183285,0.774636651,0.960031704,-0.978543346,0.473350329,1.939483669,-0.342902381,"(1652, 9633]",-1.27434433308426,1.31861483690634,-0.813678139801424
50405,1560.733333,Temp Forests,1.41721047,-0.905555948,0.602012532,-0.039864117,1.158362844,-1.720923405,0.034417329,-0.361088915,1.07945423,0.798967289,1.02182453,-0.854746795,0.348315876,2.074655465,-0.289356572,"(670, 1652]",-1.30382415180543,0.545034177598272,-0.373516083171549
50406,1498.733333,Temp Forests,1.531569948,-1.748818889,1.050638631,-0.351414634,1.247418732,-1.784602208,0.37652321,-0.177647592,0.976954551,0.992715679,0.962742913,-0.946957757,0.652596137,1.856217497,-0.400291922,"(670, 1652]",-1.61047351762135,2.25843545715953,-0.24210013593394
50407,2088.066667,Temp Forests,1.435027102,-1.508086487,1.17930735,-0.129010273,1.229374292,-1.754392726,0.4255156,-0.344072918,1.008373289,0.92074207,0.972690433,-1.044399727,0.628171595,1.804880316,-0.423038419,"(1652, 9633]",-1.56252090035798,2.13762324805934,-0.660530878074828
50408,1076,Temp Forests,1.463241885,-1.581313633,0.973006781,-0.188266468,1.319757412,-1.743884524,0.366754231,-0.182884404,0.963400838,1.053392721,0.959355672,-0.994748147,0.719465639,1.786890567,-0.505009042,"(670, 1652]",-1.68137735377144,2.54097755512211,-0.298894503686043
50409,1658.333333,Temp Forests,1.47288531,-1.015219989,0.72317633,-0.378713902,1.122365704,-1.794944016,0.159643998,-0.300097912,0.984191875,0.834900089,0.942284468,-0.949249183,0.406410598,2.049852744,-0.357076906,"(1652, 9633]",-1.16098232013099,1.27505360498121,-0.369131298010188
50410,2050.733333,Temp Forests,1.372084966,-1.696921997,1.057348744,-0.207982289,1.215080989,-1.756131233,0.401083377,-0.321246395,1.012241743,0.927241877,1.017138766,-1.023825051,0.622025312,1.772785237,-0.420114985,"(1652, 9633]",-1.42633392509296,2.17274267680849,-0.59093611439384
50411,2920.4,Temp Forests,1.158185296,-1.471077548,0.981308859,-0.054038236,1.133634335,-1.713822771,0.35881533,-0.506789549,1.096344874,0.776147782,0.993665325,-0.992688649,0.547193331,1.709905925,-0.306306175,"(1652, 9633]",-1.17669845301287,1.33107368294569,-0.811378242343927
50412,1505.666667,Temp Forests,1.53876454,-1.182733427,1.049367613,-0.312754641,1.066223087,-1.734434598,0.247765014,-0.428784539,1.020938637,0.851464924,0.854262018,-0.933180921,0.375708297,2.102442582,-0.295734218,"(670, 1652]",-1.29819869433973,1.05029743557684,-0.593929700427234
50413,3473.4,Temp Forests,1.183541193,-1.478877944,0.801457157,-0.331599989,1.064505518,-1.824744174,0.216787438,-0.528251383,1.105772162,0.778439063,0.919322371,-0.956765855,0.392569077,1.766351755,-0.30855509,"(1652, 9633]",-0.770391407352825,1.04522510941184,-0.503477584452254
50414,2532.8,Temp Forests,1.316457683,-1.51113011,1.147943017,-0.129054929,1.138121759,-1.733129816,0.477173236,-0.424956606,1.094143034,0.833259108,0.938200235,-1.009575042,0.60286145,1.745739772,-0.387002267,"(1652, 9633]",-1.38418527442876,1.71475827622849,-0.799795230404451
50415,2118.533333,Temp Forests,1.582947754,-1.477854042,1.16368166,-0.117754641,1.183448855,-1.753588508,0.390677419,-0.298135167,1.06914329,0.902601297,0.995636441,-0.955242746,0.592273303,1.843438989,-0.431497733,"(1652, 9633]",-1.64127719304686,1.8079911031363,-0.618848698547329
50416,1769.133333,Temp Forests,1.590716355,-1.679319278,1.064557355,-0.29879898,1.270205261,-1.760043744,0.350682015,-0.18791876,0.9890601,1.015176296,0.985677261,-1.016167624,0.631579215,1.839677343,-0.493668181,"(1652, 9633]",-1.60470523704333,2.45892634746861,-0.384153850532429
50417,1261.133333,Temp Forests,1.454560819,-1.030346563,0.853484382,0.544084221,1.276353196,-1.513128848,0.458866401,-0.556610819,1.34840032,0.910760081,1.036828578,-0.861102378,0.574511863,1.906272901,-0.138015522,"(670, 1652]",-2.35028384517437,0.243092270750031,-0.700152525786139
50501,635.8666667,Temp Forests,1.815757872,-2.717742813,0.94302275,-0.102157342,1.815441292,-1.648439774,0.167746699,-0.343464028,0.913259171,1.272419527,0.965437272,-0.783976508,0.6771183,2.615327898,-0.136852663,"[57, 670]",-2.6252473549457,2.34516047167743,0.671817638913084
50502,498.6,Temp Forests,1.619057791,-2.392660489,0.902734572,-0.364897465,1.687158541,-1.505066151,0.360833437,-0.443577824,0.900972819,1.138368551,0.909319988,-0.802295779,0.627614476,2.069666861,-0.218803793,"[57, 670]",-2.02515240426283,2.2072875333048,-0.00493359410698183
50503,2512.133333,Temp Forests,1.409519472,-1.206896497,0.632053583,0.576470494,1.295215443,-1.784012826,0.077069078,-0.497839057,1.198378878,0.809250519,0.851795713,-0.85916588,0.211971877,2.402288776,-0.230780031,"(1652, 9633]",-1.64639889483608,0.0565332826898915,-0.0648855080216297
50504,1153.666667,Temp Forests,1.108033623,-1.480658661,1.102755947,-0.133747476,1.044090343,-1.770378971,0.216113478,-0.461888861,1.028199521,0.946092024,0.893893372,-0.989776772,0.429304544,1.806116199,-0.377637513,"(670, 1652]",-1.02280558213104,1.39693595626871,-0.613758010988613
50505,1354.333333,Temp Forests,1.872151485,-1.549467641,0.845397622,0.507410837,1.460537206,-1.575498487,0.140737577,-0.458582577,1.218161197,1.025311767,0.958264854,-0.844226801,0.422203223,2.655906309,-0.023196242,"(670, 1652]",-2.67696158751345,0.404745741471462,0.031297606637926
50506,1019.866667,Temp Forests,1.646819428,-1.942910388,0.571922076,-0.021618255,1.417496615,-1.631827924,0.318370637,-0.299877535,1.20742497,1.00370404,1.031117932,-0.968199943,0.676459625,2.068805343,-0.070005482,"(670, 1652]",-2.17803872397037,1.46834337190878,0.098162879101065
50507,1110.866667,Temp Forests,1.721794883,-1.942580314,0.879861983,0.16643473,1.510261562,-1.66288387,0.221578804,-0.457667256,1.173006026,1.072451545,0.932650966,-0.98409747,0.586305997,2.301098761,-0.116477165,"(670, 1652]",-2.31713762587156,1.46018335742733,0.107274735846802
50508,1322.666667,Temp Forests,1.725470396,-1.742517574,0.676604746,0.07819676,1.284903776,-1.725423956,0.271019565,-0.352797734,1.351433892,0.993777955,0.943934683,-0.834587145,0.456686783,2.160640476,-0.080792661,"(670, 1652]",-2.14539743322817,0.493533065489306,0.220614588941889
50509,353,Temp Forests,1.32664306,-3.184441312,0.7437041,-0.197778779,1.748818889,-1.576227553,0.445753958,-0.484500336,1.029792402,1.016675584,1.12270984,-0.73889842,0.869870579,2.047571734,-0.091447172,"[57, 670]",-2.08826842484053,2.32320461854722,0.181340254569921
50510,1636.2,Temp Forests,1.731732518,-1.398403703,0.496028902,0.172576919,1.295067983,-1.683403929,0.253760008,-0.296218299,1.290250594,0.963671791,1.039335208,-0.936916175,0.593602415,2.103281461,-0.077967948,"(670, 1652]",-2.23290605079845,0.803788942649305,0.0625212860548174
50511,2170.666667,Temp Forests,1.88224617,-1.786415026,0.990601222,0.41665574,1.523752686,-1.654341778,0.016248385,-0.413798526,1.063303841,0.963655999,0.876441891,-0.84947557,0.3723463,2.646928798,-0.197538124,"(1652, 9633]",-2.2595074344175,0.970784193786934,0.0568933615315678
50512,1512.666667,Temp Forests,1.863922624,-1.266119726,0.7973261,0.453594988,1.242938387,-1.683560331,0.111646138,-0.471845296,1.364321073,0.983980632,0.958949549,-0.833170753,0.330311738,2.394870463,-0.067724177,"(670, 1652]",-2.35089360931167,-0.136363838191722,-0.01985838237724
50513,970.8,Temp Forests,0.879552108,-1.513542067,-0.534081594,-0.772167417,1.078704046,-1.857406716,-0.621915641,-0.407699062,1.146152365,0.789611027,1.032443265,-0.909166272,0.410020987,1.560845969,-0.2267266,"(670, 1652]",0.32354897213237,0.675092881422588,0.561741589733097
50514,712.4666667,Temp Forests,1.717929635,-2.059401034,0.907878321,-0.214678708,1.65892484,-1.738052886,0.268239166,-0.141444324,0.987327182,1.095952713,1.155174004,-0.733713453,0.866805799,2.273266471,-0.336198667,"(670, 1652]",-2.48996210000412,2.43261722265843,0.363693596685258
50515,730.6,Temp Forests,1.75596579,-2.379535458,0.631174428,0.511295031,1.409837712,-1.634801591,-0.199132774,-0.557585939,1.276163941,0.960045795,0.91578996,-0.992640317,0.337357555,3.009713561,-0.069945165,"(670, 1652]",-2.03292719608672,0.688347450077689,0.21370031830355
50516,2045.266667,Temp Forests,1.732106791,-1.224528038,0.491023614,0.374420235,1.184512531,-1.752822214,0.087967505,-0.47054745,1.410392402,0.999036454,0.950602946,-0.862401765,0.412779144,2.344789081,0.018579321,"(1652, 9633]",-2.22907486308509,-0.209183842737732,0.260766482855599
50517,2536.266667,Temp Forests,1.394038215,-1.315041353,0.579803991,-0.450644258,1.12449449,-1.846676819,-0.031143056,-0.293551384,1.112627895,0.891139733,0.993771314,-0.942831397,0.452268305,2.020715954,-0.318172768,"(1652, 9633]",-1.06717565093707,1.20206954665804,0.00402447902559447
50518,1938.533333,Temp Forests,1.906938473,-1.737674981,0.847809337,0.167824188,1.459707582,-1.674531251,0.162041434,-0.237023541,1.143211093,1.039080469,1.037592248,-0.903482263,0.596072014,2.445233788,-0.1489972,"(1652, 9633]",-2.5172744239714,1.38197893976038,0.163568431181576
50519,1496.533333,Temp Forests,1.459993187,-0.878700822,0.147623807,0.562676204,1.318931597,-1.683328998,0.14308411,-0.589483508,1.465423936,0.953781793,0.966517493,-0.747408167,0.391354025,2.054891697,-0.046217331,"(670, 1652]",-2.10552723236412,-0.685588103043091,0.212325453364684
50520,518.6,Temp Forests,1.688927593,-2.686304754,0.45424838,-0.235488883,1.387838602,-1.770775213,0.270825017,-0.186983196,1.272653031,0.959362489,1.06712463,-0.901581152,0.68414101,2.225017935,-0.019633497,"[57, 670]",-2.01726644143458,1.57829863793446,0.569892933017964
50521,200.0666667,Temp Forests,1.440367844,-3.617103091,0.461666935,-0.153841776,1.354502858,-1.729132292,0.415305629,-0.993097647,1.306495574,0.628890735,0.877260263,-1.382556039,0.82136588,1.982150589,0.066558161,"[57, 670]",-0.909349488039171,2.40004887280253,-0.43941475716289
50522,1242.066667,Temp Forests,1.692596649,-1.314317419,1.062835965,0.294707987,1.329288392,-1.717852469,0.237147636,-0.398746525,1.188526097,1.045686042,1.025307288,-0.933216483,0.535146146,2.073145254,-0.246264264,"(670, 1652]",-2.26087811322029,1.10985001099158,-0.243059128419505
50523,1996.666667,Temp Forests,1.563214874,-1.132591014,0.83311092,-0.408384779,1.138042823,-1.860863394,-0.001319238,-0.263644477,1.080220932,0.867457346,0.942702748,-0.898783106,0.388947818,2.190265134,-0.287099926,"(1652, 9633]",-1.32382783490657,0.986921703985013,-0.0090645811510983
50524,1652.466667,Temp Forests,1.251877456,-1.217682306,0.702995084,0.42605115,1.259437843,-1.620370968,0.284428114,-0.564677446,1.292612767,0.841539784,1.061316694,-1.025191122,0.669376379,1.690584106,-0.160484734,"(670, 1652]",-1.78745491305651,0.835235319397583,-0.613907060327349
50525,275.4,Temp Forests,1.619284725,-2.243631402,0.078314825,-0.117547399,1.446496147,-1.925147673,0.220343565,0.059898142,1.448568312,1.142315321,1.168540913,-0.687021722,0.785817848,2.085287661,-0.176395881,"[57, 670]",-2.40638251318961,1.26599218300409,1.31755707885451
50526,684.2666667,Temp Forests,1.131150426,-0.991273056,0.104363696,0.810530593,1.355999287,-2.044573136,-0.113431964,-0.576214066,1.258796494,0.775991527,0.856729966,-0.873490169,0.06647603,2.313919777,-0.297231161,"(670, 1652]",-1.17215029415513,-0.323979041471974,0.477701462612988
50527,2390.8,Temp Forests,1.81893136,-1.062639509,0.512638627,0.495098655,1.196648994,-1.805081916,-0.037664979,-0.435764018,1.374853326,0.899313131,1.017105861,-0.88120178,0.332328203,2.714892375,-0.059127651,"(1652, 9633]",-2.24085088448941,-0.239491171217797,0.195521413340031
50528,2036.333333,Temp Forests,1.98171903,-1.857763681,0.925050081,0.257890156,1.585803619,-1.672269925,0.047307587,-0.292813643,1.074831808,1.079285081,0.950329797,-0.888116089,0.478111907,2.785342133,-0.126601697,"(1652, 9633]",-2.63503104915702,1.31752789098686,0.360230074024834
50529,3456.333333,Temp Forests,1.028057363,-1.540616974,-0.031353478,-0.696268627,1.092423376,-1.840716969,-0.311805243,-0.362089718,1.168991182,0.807484509,1.03050457,-0.839653895,0.352972093,1.693811498,-0.234549677,"(1652, 9633]",-0.21777920702281,0.590034718595875,0.327482017882304
50530,1552.533333,Temp Forests,1.773416114,-1.882178557,0.891272256,0.52240355,1.588366512,-1.564171468,0.047940761,-0.521957948,1.05817443,0.983575981,0.86448638,-0.938113359,0.336731561,2.710101608,-0.082722026,"(670, 1652]",-2.31175434906782,0.911872947567909,-0.0155843175881046
50601,371.0666667,Boreal Taiga,2.010113044,-2.964256811,0.267722105,-0.220449342,1.747241076,-1.933912662,0.253721218,-0.059158225,1.226521853,0.973248725,1.379622972,-0.955812962,0.910921268,2.637308906,0.045371598,"[57, 670]",-2.75780637215302,2.48341109990311,1.13738613647389
50602,864.9333333,Boreal Taiga,1.622797629,-2.146482976,0.802390219,-0.550909998,1.456006698,-1.878809361,0.307385245,-0.024049446,0.792239838,1.127420865,0.978543346,-0.900619626,0.823119688,2.046039433,-0.409660399,"(670, 1652]",-1.77701545606727,3.16845148504353,0.420146657483319
50603,401.8,Boreal Taiga,1.481645546,-2.338676676,0.720565174,-0.343262778,1.657760092,-1.516985511,0.374434905,-0.094475994,1.00121331,1.182925831,1.301372009,-0.890094771,1.05466201,1.917205988,-0.278285402,"[57, 670]",-2.46200816016527,3.063614177948,0.045553532818158
50604,69.13333333,Boreal Taiga,0.887838295,-2.680017704,0.880391131,-0.404633507,1.802377119,-1.14707211,0.267722105,-0.665048271,0.415305629,1.290558131,1.200947987,-0.415305629,0.945195552,1.699450245,-0.102448898,"[57, 670]",-1.81810508284201,2.52032039108142,-0.521439473791714
50605,1136.666667,Boreal Taiga,1.589300543,-2.062154549,0.797599004,-0.249342652,1.456253341,-1.888887839,0.290385805,-0.127168006,0.880839928,1.120870151,0.994393451,-0.954586115,0.745580722,2.024830614,-0.371126311,"(670, 1652]",-1.8471888181319,2.80422804395504,0.350027422637272
50606,507.3333333,Boreal Taiga,1.647688075,-2.820039806,0.338525625,-0.666648611,1.960852525,-2.201584626,0.085351261,0.120971037,0.646641132,1.114367176,1.477868354,-0.957152934,1.138978999,2.309413496,-0.380689641,"[57, 670]",-2.06978085029917,4.67167842999497,1.37297658650601
50607,652.2666667,Boreal Taiga,1.836684675,-2.317547723,0.724357798,-0.18007444,1.86075506,-1.575139929,0.112797312,-0.174003616,0.882393648,1.076530042,1.416084689,-0.985175709,0.945790922,2.618309237,-0.147340247,"[57, 670]",-2.77387849503347,3.08168993100944,0.188723655900951
50608,631.6,Boreal Taiga,1.722196514,-1.990499423,0.982984173,-0.534220036,1.502798342,-1.649537378,0.277773471,-0.136108148,0.789495754,1.181669799,0.980429756,-0.854674319,0.719811614,2.067003076,-0.401198601,"[57, 670]",-1.95040901310964,2.82704340421216,0.0276391299775448
50609,473.3333333,Boreal Taiga,1.459993187,-2.33399236,0.953301566,-0.871436213,1.552342689,-1.737758557,0.316026951,-0.021011384,0.719131236,1.191179319,1.093506866,-0.88829477,1.00263168,1.869719521,-0.446311874,"[57, 670]",-1.77248311953004,3.80925175973371,0.214391754287163
50610,386.4,Boreal Taiga,1.474169434,-2.099618811,0.910810078,-0.343676409,1.827295959,-1.626222974,0.34277434,-0.166719096,0.839045673,1.425542085,1.209700914,-0.60888621,0.899251167,2.146825771,-0.262232235,"[57, 670]",-2.83110337784369,2.63119387344804,0.600438614263845
50611,95.93333333,Boreal Taiga,0.832361373,-4.554219487,0.363899094,-0.786715958,1.423202223,-1.90821071,0.272741046,-0.650929121,0.718980642,0.649195727,0.733508775,-1.108181857,0.650367266,1.326906264,-0.31385523,"[57, 670]",0.709782410328387,3.7446067308919,0.00993822157446486
50612,304.4666667,Boreal Taiga,1.418505875,-2.237200509,0.50319711,-0.536607443,1.92362916,-1.809334614,0.15253295,-0.051190869,0.700212837,1.426169766,1.463425277,-0.938320036,0.974380614,2.249818247,-0.288772886,"[57, 670]",-2.5191940723624,3.86688139153287,0.847224964129415
50613,731,Boreal Taiga,1.828185515,-2.673585183,0.64795574,-0.251430263,1.90760973,-1.614415043,0.159108171,-0.173498184,0.990769551,1.086549891,1.369288407,-0.896346067,0.968655864,2.577110004,-0.141649248,"(670, 1652]",-2.7823356972414,2.97508393831732,0.488992575471352
50614,328.8,Boreal Taiga,1.372809254,-2.552122802,0.78157051,-0.591809567,1.903866618,-1.795109806,0.189161213,-0.303288958,0.711403508,1.382556039,1.292539617,-0.767645215,0.922140933,2.310061441,-0.137507815,"[57, 670]",-2.43848552621257,3.2325600073063,0.8602338642344
50616,721.8666667,Boreal Taiga,1.684852126,-2.335785895,0.650743544,-0.803002294,1.575815477,-2.000192734,0.22354342,0.045134798,0.767442512,1.234135741,1.206150995,-0.743002111,0.878470778,2.292744547,-0.396682536,"(670, 1652]",-2.03019091763202,3.32169236543187,0.920127726555085
50617,459,Boreal Taiga,1.734963271,-2.40364356,0.738052921,-0.194777667,1.677948643,-1.453872925,0.158050893,-0.304762617,0.9128916,1.180653766,1.366134927,-0.892079829,0.847246084,2.582429408,-0.119753877,"[57, 670]",-2.63813724280148,2.56974293424617,-0.0671453714118233
50701,1852.133333,Grasslands,1.267593252,-1.018732036,0.350817384,-0.252846216,1.175555985,-1.787546425,-0.068559305,-0.357948291,1.06996842,0.804225559,1.041836122,-0.892004292,0.352846197,2.004219225,-0.314798878,"(1652, 9633]",-0.942648661779529,0.765337150767802,-0.146410612824598
50801,1690.8,Grasslands,1.452880048,-0.292148187,0.470970003,0.731345947,1.1724882,-1.901690856,0.09138417,-0.549936672,1.222846632,0.892264441,1.08420372,-0.888384172,0.280820843,2.291137814,-0.258499046,"(1652, 9633]",-1.89352069004732,-0.178965910382576,-0.219821113629099
50802,1076.733333,Grasslands,1.705583783,-1.674660001,1.242039105,-0.060697271,1.529105041,-1.607534498,0.279614617,-0.239189887,0.986987537,1.139074479,1.02610341,-0.769125233,0.628704303,2.183085257,-0.411997639,"(670, 1652]",-2.37801923195147,1.94653017521339,-0.169441854587853
50803,1512.133333,Grasslands,1.543699335,-0.910961106,1.050638631,0.35984652,1.288595748,-1.673942495,0.220343565,-0.443283636,1.075861663,0.890453458,0.979811591,-0.851293714,0.307226056,2.160153327,-0.327782091,"(670, 1652]",-1.88807191111405,0.586923964271144,-0.590840448459129
50804,3381.2,Grasslands,1.32137944,-1.258558457,0.977561596,-0.04580036,1.158248038,-1.67670051,0.262105787,-0.470628411,1.05597901,0.821983057,0.946574112,-0.933195443,0.466907291,1.871122208,-0.28636067,"(1652, 9633]",-1.33519035896838,1.06321361060661,-0.69638380045721
50805,1740.666667,Grasslands,1.172186713,-1.448339096,0.733655684,-0.046200851,1.228598425,-1.35567338,0.296201526,-0.350682015,0.917977339,0.965631265,1.07231421,-0.944359489,0.563314433,1.64167855,-0.488489798,"(1652, 9633]",-1.26165608812489,1.87240801504542,-1.16425973008167
50806,1518.333333,Grasslands,1.238604237,-0.949809341,0.578400756,0.332750205,1.045505261,-1.759032658,0.159247963,-0.618512199,1.144395798,0.676395091,1.001015594,-0.847246084,0.205288528,1.968569462,-0.148755844,"(670, 1652]",-1.09947201871136,-0.265130517167067,-0.648647609362618
50807,734,Grasslands,1.791365985,-0.824591207,1.520084689,0.438792175,1.140571567,-1.671132418,0.389937451,-0.415404367,1.033492014,0.995957738,1.008432258,-0.761206257,0.425897036,2.272485895,-0.37750584,"(670, 1652]",-2.38386287794175,0.735742710718028,-0.891945689497143
50808,1269.6,Grasslands,1.845328295,-1.562723236,1.086205038,0.389345077,1.522935962,-1.576045869,0.151348383,-0.382613918,1.164647603,1.117797964,0.927838798,-0.847955479,0.424676674,2.381238933,-0.238068723,"(670, 1652]",-2.55966576306876,0.974422549064099,-0.0484619371190609
50809,490.8,Grasslands,2.17692764,-1.234645407,1.221924543,0.064409612,1.443533485,-1.699450245,0.1749593,-0.068461286,1.040945632,1.153742842,1.144918976,-0.721029722,0.397010543,2.427266272,-0.689022067,"[57, 670]",-2.51549377376387,1.72959455149977,-0.256523690973544
50810,833.2,Grasslands,1.68976072,-1.448109058,1.51065756,0.336530133,1.377906477,-1.452523479,0.305658486,-0.506093059,1.091842667,1.135766149,1.035032052,-0.772248025,0.532764582,2.179261377,-0.406364362,"(670, 1652]",-2.47235389831415,1.23517655619231,-0.861370328533153
50811,1186.733333,Grasslands,1.765129328,-1.291548011,1.275660444,0.461365215,1.507374483,-1.55797562,0.091663213,-0.395322317,1.066509648,1.107678297,0.989660716,-0.814615079,0.473862546,2.441890631,-0.435282758,"(670, 1652]",-2.4937918920804,1.26522076104243,-0.389498130323481
50812,791.6666667,Grasslands,1.805173247,-1.480183941,1.570398157,-0.049797334,1.492104232,-1.645749103,0.348961532,-0.271384241,0.946387097,1.100412109,1.011068445,-0.820028488,0.539401728,2.179970981,-0.577378035,"(670, 1652]",-2.29962650002322,2.15686919047599,-0.547063277699053
50813,1273.4,Grasslands,1.64555672,-1.158858764,1.18329841,0.646708737,1.367613453,-1.507537253,0.291932478,-0.496106624,1.278125856,0.949723592,1.021760195,-0.880312444,0.488303414,2.122828949,-0.140533786,"(670, 1652]",-2.56269483884714,0.377115402819873,-0.624809533227649
50814,1717,Grasslands,1.381942689,-0.844183394,0.652345108,0.353874004,1.111648437,-1.628412018,0.220676352,-0.557806105,1.160399917,0.771733002,0.988856013,-0.78959017,0.234690325,2.09620798,-0.166383442,"(1652, 9633]",-1.53573889305799,-0.282558178619636,-0.681439831296999
50815,2040.866667,Grasslands,1.539188078,-1.129427066,1.065562585,0.707359453,1.356657147,-1.706078358,0.123144321,-0.541512264,1.094852017,0.806392766,0.899664002,-0.900266083,0.257802195,2.291840016,-0.305903735,"(1652, 9633]",-1.83499997938414,0.463820253423115,-0.53627499953966
51101,625.4666667,Tundra,1.819157924,-3.159998228,0.440146969,-0.137683205,1.810489447,-1.712280359,0.008716247,-0.291052091,0.969868526,0.990551187,1.387801498,-1.090550606,0.913222596,2.608185793,0.056735334,"[57, 670]",-2.36016231512546,3.00992604841851,0.558937516827557
51102,204,Tundra,2.17060748,-3.334572841,0.057044262,-0.342246773,1.418505875,-1.94380104,0.290930719,-0.072879246,1.308014621,0.786715958,1.003540252,-0.760467716,0.6360453,2.942752519,0.098243269,"[57, 670]",-2.1759440095167,1.34952546800986,1.24990838319913
51103,324.4666667,Tundra,1.956657258,-3.572038694,0.514391105,0.196771969,2.18470758,-1.750446895,-0.062117995,-0.159310172,1.044826351,0.906917607,1.707348091,-0.917815126,0.951825585,3.411309956,-0.098584057,"[57, 670]",-3.15544636947937,3.22495019063454,0.836791745024969
51104,418.9333333,Tundra,2.112092864,-3.560507968,0.439648438,-0.051632362,2.062709417,-1.648439774,-0.04019349,-0.143303326,1.022858066,0.891787447,1.510048283,-0.983182552,0.888590398,3.208517239,-0.044007276,"[57, 670]",-2.84718564469611,3.15824720081515,0.71510378317518
51106,313.2666667,Tundra,1.707348091,-2.998794105,0.325733501,-0.228074276,1.668849866,-1.718633537,0.297231161,-0.190671573,1.008304788,0.944996044,1.449782953,-1.046282613,0.807112073,2.613903661,0.032370523,"[57, 670]",-2.3390908269093,2.72266744844345,0.354909008579198
51107,436.7333333,Tundra,2.023708097,-3.130863441,0.342246773,-0.076480116,1.915649656,-1.701707562,0.175096687,-0.253402947,1.200124189,0.860281962,1.451600964,-1.035063075,0.885684851,3.053752083,0.088512817,"[57, 670]",-2.90158130524207,2.52456601166671,0.663604602130387
51108,444.5333333,Tundra,1.9670527,-4.096923418,0.415305629,-0.040410516,2.102824931,-1.625261207,-0.103861263,-0.251622501,1.051315229,0.844489794,1.466312647,-1.026150364,1.019825885,3.162121369,0.007560671,"[57, 670]",-2.63908813682504,3.43342599227334,0.763673522125236
51109,77.6,Tundra,1.785949841,-3.752015898,-0.244628293,0.355947873,1.990890728,-3.741194963,-0.520208789,0.360277053,0.914195862,0.708138431,2.254898217,-1.200947987,1.471773728,3.349875707,-0.065826218,"[57, 670]",-2.39886268991057,5.11559926029174,3.79772744108197
51110,171.2666667,Tundra,2.956189352,-4.121067632,-0.101579186,0.577516303,2.524112995,-2.110288257,-0.243704699,0.16397363,1.413195762,0.78959017,2.143323643,-1.012571538,1.598785816,4.527948355,-0.096969506,"[57, 670]",-4.70472564344136,4.31816160328859,2.05326022857484
51111,681.6666667,Tundra,1.964542645,-2.556182057,0.580693565,-0.074327302,1.942761599,-1.576669519,0.062152543,-0.325605253,0.989395456,0.986625287,1.444498719,-1.076117129,0.915990835,2.806094374,0.014933004,"(670, 1652]",-2.8634070675479,2.83270866862004,0.270598805982637
51112,144.8666667,Tundra,2.491892019,-4.355722181,-0.148122672,0.554359235,2.317187474,-2.762925382,-0.375708297,0.281661644,1.088196338,0.800568137,2.10741529,-1.318282949,1.611735674,3.976553671,-0.162824545,"[57, 670]",-3.53826489015751,5.62995148259461,2.65267983703594
51113,314.0666667,Tundra,2.31352296,-2.387057021,-0.066117053,0.122356996,1.865483346,-2.149974919,-0.180221535,0.259551835,1.092334981,0.927922067,1.561317904,-1.106965692,1.099596866,3.132450883,-0.136177904,"[57, 670]",-3.04646737137673,3.31192794988555,1.60737672695022
51114,319.2666667,Tundra,2.003150933,-3.54552913,0.167997733,0,2.150978768,-1.868535223,-0.216627842,-0.017357027,1.022858066,0.916057878,1.78913022,-0.936519609,1.077730943,3.232492531,-0.068855051,"[57, 670]",-2.95972755844294,3.49637417273024,1.23479447838811
51115,294.8,Tundra,2.265365614,-3.565920204,0.185344324,0.290465596,2.309107371,-1.806027631,-0.287099926,0.038389484,1.213325321,0.874304534,1.94245567,-0.876712108,1.276124522,3.719163347,-0.057044262,"[57, 670]",-3.78158758132613,3.38435368587303,1.37350517538022
51116,449.9333333,Tundra,1.838960748,-3.310424808,0.41436855,-0.094369561,1.958745133,-1.761998228,0.029441771,-0.373448132,1.036868423,0.871870032,1.363219392,-1.100973742,0.922357714,2.762728183,0.045200329,"[57, 670]",-2.39098767626211,3.02727622056768,0.668882668132321
51117,642.8,Tundra,1.688666753,-2.645159396,0.478578849,-0.170526349,1.654713912,-1.67776442,0.246066694,-0.264158055,1.196408628,1.020256363,1.246080685,-1.016444496,0.881190472,2.240502039,-0.047532948,"[57, 670]",-2.37223161740718,2.36919054547823,0.417254100522042
51118,74.8,Tundra,1.271778822,-3.673453981,-0.083214985,0.657832681,1.9739226,-2.577110004,-0.098243269,-0.275694954,0.85086197,0.60485074,1.886106837,-0.946889764,1.013526868,2.781091401,0.253721218,"[57, 670]",-2.08747168357616,2.87450755228474,1.74144643454272
51201,2995.666667,Mediterranean Scrub,0.838883016,-0.767908941,-0.126804585,0.87181562,1.227703938,-1.876293999,-0.073355619,-0.816986152,1.293541219,0.72543733,0.91400391,-0.893133693,0.152689221,1.9739226,-0.192760463,"(1652, 9633]",-0.869211823799627,-0.736625343658723,-0.0360321203724938
51202,2998.866667,Mediterranean Scrub,1.349869782,-0.626780405,0.072350674,0.706392131,1.23062342,-1.925815066,0.035087827,-0.637283617,1.383245391,0.882284593,0.935771994,-0.898766151,0.169365994,2.196001567,-0.144372374,"(1652, 9633]",-1.61444941985147,-0.663565245687249,0.249916196234264
51203,2404.066667,Mediterranean Scrub,1.309612109,-0.668426722,0.171772146,0.904860147,1.206489249,-1.855934931,0.004669034,-0.724765008,1.325344808,0.784552387,0.896117666,-0.907959374,0.16039022,2.34290358,-0.142267112,"(1652, 9633]",-1.53490007954936,-0.742805671801989,-0.0493996941372035
51301,1559.733333,Deserts & Drylands,0.652039022,-0.760940024,-0.186547019,0.866844167,1.106909811,-1.833758942,-0.168737248,-1.039895676,1.145098977,0.553995711,0.893473662,-0.985416512,-0.085240461,1.99756744,-0.158993979,"(670, 1652]",-0.114541127082465,-1.00270215867321,-0.564615566208598
51302,2565.466667,Deserts & Drylands,0.733604318,-1.559561514,0.148737005,0.249744184,1.060429808,-1.920729224,-0.141513937,-0.635114748,1.189229567,0.635238773,0.651251426,-0.944547911,-0.004612771,1.690723515,-0.231772903,"(1652, 9633]",0.100435865741428,-0.257973403424653,0.0554850038254509
51303,3183.533333,Deserts & Drylands,0.822338372,-1.246909096,0.240065293,0.639909254,1.10036722,-1.922271281,-0.040624772,-0.817643267,1.145324137,0.596608288,0.677667318,-0.952161537,-0.0369574,1.997161036,-0.188779885,"(1652, 9633]",-0.265586929281021,-0.539597552214942,-0.214657437209414
51304,2960.133333,Deserts & Drylands,1.422446141,-1.309015044,0.676030726,0.941095732,1.457090419,-1.663488526,-0.152987708,-0.711114425,1.199247468,0.749154624,0.815825271,-0.896186783,0.148036689,2.614526273,-0.141309325,"(1652, 9633]",-1.71714425300589,-0.271539685141543,-0.161817286805354
51305,2764,Deserts & Drylands,1.6364437,-1.144760837,0.757370197,0.840296581,1.443041573,-1.688198012,-0.125280656,-0.673362892,1.272164257,0.790523488,0.925882356,-0.992614309,0.203495722,2.769208445,-0.09654965,"(1652, 9633]",-2.07849453678834,-0.126770677742493,-0.174284123043459
51306,875.6,Deserts & Drylands,0.321205973,-0.998788976,-0.319202022,0.767828571,1.08171393,-1.74090637,-0.367970567,-1.168628521,0.971261421,0.359161646,0.909166272,-1.002993852,-0.053959252,1.675487238,-0.153219014,"(670, 1652]",0.756688224500714,-0.811324240356706,-0.937984212911738
51307,2396.466667,Deserts & Drylands,0.398327108,-1.823651126,-0.07690278,0.078130799,1.110495166,-2.04858807,-0.192621235,-0.722014975,1.150212602,0.557086598,0.60707701,-0.976531298,-0.067052596,1.485971013,-0.297205513,"(1652, 9633]",0.797251956272088,-0.0376044818045896,0.239869636998819
51308,1799.333333,Deserts & Drylands,1.14079296,-0.611523828,0.233144314,1.406595133,1.338549575,-1.86335842,-0.18370799,-0.903018,1.305609262,0.56541272,0.849223367,-0.997248345,-0.040243754,2.580188829,-0.149957739,"(1652, 9633]",-1.29021088967975,-1.1447501877375,-0.247962934891051
51309,2096.8,Deserts & Drylands,1.770858996,-1.14760774,0.985847117,0.734102667,1.449183613,-1.594102077,0.018169622,-0.557527659,1.27802596,0.94557996,1.041129382,-0.892286088,0.344260546,2.608847277,-0.051271804,"(1652, 9633]",-2.61586017483062,0.0164826703903473,-0.223393974962951
51310,2208.133333,Deserts & Drylands,0.626276814,-0.809128887,0.011302543,1.000776191,1.185706325,-1.755444429,-0.078745572,-0.94102477,1.110488114,0.530792586,0.883072525,-0.996116434,0.060739657,1.925522432,-0.110428228,"(1652, 9633]",-0.430053888531952,-0.743096449403634,-0.63665080738671
51311,758.0666667,Deserts & Drylands,0.309004677,-1.515288409,-0.174852592,0.354730206,0.971565826,-1.711908107,0.026117477,-1.127212887,1.039229382,0.421404174,0.951509427,-0.879097604,-0.083022581,1.428940589,-0.168284549,"(670, 1652]",0.781047780388671,-0.730898224957607,-1.10576136541759
51312,1219.4,Deserts & Drylands,0.726944881,-1.172912586,-0.04869274,0.43480763,1.045586408,-1.722402789,0.037333417,-0.832508804,1.106965692,0.588716086,1.021690484,-0.929124854,0.123829954,1.781959928,-0.111640612,"(670, 1652]",-0.278200105363212,-0.406517943953415,-0.713925162615401
51313,1081.133333,Deserts & Drylands,1.855774088,-1.602767387,0.932161941,0.760089844,1.765178474,-1.486491918,-0.139706867,-0.576757048,1.134349143,1.124384967,0.792297103,-0.89383462,0.262390682,3.005452605,-0.075327663,"(670, 1652]",-2.78566614040382,0.47889862835576,0.270239813326589
60101,4058.666667,Trop/Subtrop Forests,0.201926941,-2.477064336,-1.076673495,-0.30119788,0.828149107,-1.854676707,-0.592808988,-0.64210485,1.260862415,0.714471505,0.479032211,-0.67554894,0.243768945,1.275589391,-0.199488419,"(1652, 9633]",1.44080958554135,-0.47992041257521,0.928739123365534
60102,1129.733333,Trop/Subtrop Forests,-0.099736442,-2.265982411,-1.379932124,-0.938816455,0.967551164,-1.5121268,-1.057612251,-0.951906149,1.321898183,0.540089466,1.004228618,-0.820383185,0.50649797,0.895305173,-0.256551075,"(670, 1652]",2.14053794095791,0.0202845318925826,0.0462369888907175
60103,5628.8,Trop/Subtrop Forests,-0.337385033,-3.135711481,-1.525635481,-1.054899727,0.875294081,-1.755955183,-1.081389099,-0.722963598,1.258779513,0.575264342,0.549698955,-0.638549767,0.549719911,0.596275163,-0.275058756,"(1652, 9633]",2.78568583917439,0.194412886624672,1.0711698060216
60104,5669.533333,Trop/Subtrop Forests,-0.240372658,-2.981927322,-1.126260566,-0.802000051,0.750313374,-1.702295299,-0.862201924,-0.769212135,1.203561438,0.60333609,0.661768671,-0.697438156,0.360599634,1.031834103,-0.074273903,"(1652, 9633]",2.22239457691523,-0.273989318214637,0.613563114852703
60105,4071.933333,Trop/Subtrop Forests,-0.406458466,-3.058710042,-1.256200741,-0.491086245,0.78406848,-1.832791491,-0.893428684,-1.048872401,1.119424051,0.671192684,0.530739469,-0.780376671,0.184374573,0.582229469,-0.419989238,"(1652, 9633]",3.00773801702817,0.148811042605997,0.396537309717792
60106,410.2,Trop/Subtrop Forests,-0.694650562,-2.801319279,-1.487449453,-0.095119653,0.653031468,-1.334584018,-0.745580722,-1.746964977,1.220678366,0.288310263,0.694668719,-0.879689141,0.255735629,0.431823925,-0.258248455,"[57, 670]",3.42931135968377,-0.777482976805394,-1.35681545528675
60107,2236.666667,Trop/Subtrop Forests,-1.134759232,-3.707218259,-2.067925421,-0.965744929,0.679439476,-1.48350207,-1.567370465,-1.427385451,1.031719602,0.5889518,0.942058046,-0.956352825,0.367964634,0.190555028,-0.49201695,"(1652, 9633]",4.65344024403897,0.854776129841065,-0.381234194700089
60109,3065.666667,Trop/Subtrop Forests,-0.248435425,-2.958352307,-1.292038295,-0.368242133,0.80021153,-2.120913414,-0.944237549,-0.898609054,1.111770092,0.814944113,0.296795476,-0.623795296,0.203903895,0.351259323,-0.393310347,"(1652, 9633]",2.85846095099134,-0.0885058201642189,1.34599169427095
60111,2202.133333,Trop/Subtrop Forests,-0.258474185,-2.503628875,-1.483728464,-1.010613916,0.795252826,-1.790392686,-1.12629287,-0.929816436,1.117452938,0.716104398,0.674617933,-0.673458186,0.313964251,0.598962598,-0.302586588,"(1652, 9633]",2.85282258382423,-0.0905292904887649,0.710305213583522
60112,2162.133333,Trop/Subtrop Forests,0.019823495,-2.546592596,-0.887303195,-0.606498344,0.811108439,-2.099171344,-0.765851592,-0.834009356,1.209230685,0.738137188,0.462676913,-0.659587329,0.16570403,0.932701334,-0.285712961,"(1652, 9633]",2.11844912184224,-0.338525245251518,1.10821388496106
60113,1274.6,Trop/Subtrop Forests,-0.029870915,-2.608902374,-0.963824237,-0.280334322,0.824982054,-1.993643176,-0.587222674,-0.82061946,1.131614155,0.865222579,0.405168972,-0.679223261,0.202066474,0.894887084,-0.323875366,"(670, 1652]",1.88166394798996,-0.0856972054135252,0.955862730889843
60114,590.0666667,Trop/Subtrop Forests,-0.044240076,-2.511071868,-1.194701003,-0.117547399,0.69875023,-1.785949841,-0.748663937,-0.941475503,1.324218282,0.95451819,0.155954799,-0.653005216,-0.005622574,1.193675017,-0.239731453,"[57, 670]",1.89434659025035,-1.18943759019806,1.01811111880273
60115,2915.2,Trop/Subtrop Forests,-0.536317916,-3.349294494,-1.960019529,-1.154593112,0.698756556,-1.919727273,-1.551365758,-1.220275485,0.887337309,0.693412926,0.548034548,-0.81158399,0.211660611,0.007991452,-0.554932947,"(1652, 9633]",4.64073913772328,0.816323714084433,0.654871248913182
60117,741.7333333,Trop/Subtrop Forests,-0.369682114,-2.653747622,-1.559815093,-1.200947987,0.559358859,-2.248137753,-0.960448677,-1.064507826,1.125839176,0.718794701,0.598163981,-0.94038713,-0.102574361,0.174946138,-0.842485943,"(670, 1652]",4.20485740631702,0.723510426761074,0.46714752764281
60118,2653,Trop/Subtrop Forests,-0.54070463,-3.530701572,-1.56384189,-0.962063842,0.611485783,-1.898632882,-1.024942083,-0.978334229,1.078900092,0.846467056,0.38711094,-0.849545354,0.129827141,0.401074191,-0.478620562,"(1652, 9633]",3.72253513669243,0.613422913094615,0.774502085875028
60119,3399.933333,Trop/Subtrop Forests,-0.122933586,-2.389819652,-1.12961675,-0.553947689,0.908398665,-1.787971368,-0.874927602,-0.897036465,1.217932346,0.601540092,0.714827627,-0.647850884,0.236224217,0.744130644,-0.190746683,"(1652, 9633]",2.14966192657341,-0.615253521854057,0.57090727514181
60120,1319.933333,Trop/Subtrop Forests,-0.973462071,-3.286439586,-1.366186345,-1.074284302,0.352885166,-1.99714532,-1.289409891,-1.563631731,1.117460891,0.301535213,0.45512051,-1.056320871,0.152824366,0.44043368,-0.299196047,"(670, 1652]",4.88410703415089,-0.00697685629059666,-0.122500928609815
60121,7934.733333,Trop/Subtrop Forests,0.04639847,-3.215622436,-1.360859966,-0.67374127,0.871367702,-2.371442525,-1.271874287,-0.299496576,1.429656004,0.948806558,0.092221193,-0.365335221,0.349242941,0.683676263,-0.134508702,"(1652, 9633]",2.0705256123175,-0.802783597566759,3.29133388745255
60124,2338.533333,Trop/Subtrop Forests,-0.693733024,-3.470875168,-2.047645458,-1.353965854,0.510365736,-2.034046185,-1.562404336,-0.998130345,1.197011249,0.722044132,0.647567928,-0.930362713,0.385662479,0.268396609,-0.469549147,"(1652, 9633]",4.39430004158267,0.803585846834669,1.07026120336947
60125,4283.866667,Trop/Subtrop Forests,-0.636652615,-2.986489936,-1.836105497,-1.218485026,0.738306645,-1.595400617,-1.364995804,-1.148655198,1.22194611,0.530185925,0.847437357,-0.70150317,0.44732193,0.44899612,-0.326264156,"(1652, 9633]",3.6310985088636,-0.0495555494567708,0.253085242883686
60127,1534.933333,Trop/Subtrop Forests,-0.406484781,-2.388928409,-1.260575301,-0.803838065,0.581542353,-1.692622748,-0.870897296,-1.301542555,1.203340254,0.527197132,0.779741392,-0.834731675,0.202952838,0.647308179,-0.321348682,"(670, 1652]",3.1120063285591,-0.413627165887561,-0.427398408048879
60128,2303.066667,Trop/Subtrop Forests,-1.246869056,-3.487209226,-1.788632343,-0.539673778,0.764472848,-1.417878011,-1.211175286,-1.910413371,0.793171305,0.384836192,0.966036534,-0.993014075,0.228504973,-0.005485706,-0.573229933,"(1652, 9633]",4.92793328744185,0.886222293708073,-1.52038302503343
60129,5031.733333,Trop/Subtrop Forests,-0.363899094,-3.050270228,-1.683338161,-1.305485901,0.805411713,-1.884712537,-1.314782043,-0.922734725,1.137155171,0.676468116,0.56547844,-0.608035863,0.291395759,0.27561054,-0.431722733,"(1652, 9633]",3.61483954712857,0.143139112445925,1.06406034062958
60130,4329.133333,Trop/Subtrop Forests,-0.327584341,-2.89889463,-1.610050346,-0.965526171,0.799228213,-1.913171737,-1.154119681,-0.975192179,1.119477324,0.667181169,0.584674571,-0.689121296,0.241776302,0.338579232,-0.429445067,"(1652, 9633]",3.39157967128973,0.127289349718361,0.836278224882363
60131,703.3333333,Trop/Subtrop Forests,-0.649044594,-3.517236982,-1.496899417,-0.786715958,0.28562262,-2.348110203,-1.113682754,-1.431517583,1.000492181,0.403603216,0.406635189,-1.014721814,0.148312782,0.294586224,-0.39175793,"(670, 1652]",4.81190513683398,0.437660509712652,0.362636009259707
60132,1789.4,Trop/Subtrop Forests,-1.214637164,-3.377312484,-2.077606935,-0.918617619,0.726963258,-1.322250181,-1.531535303,-1.548848314,1.144107677,0.589226776,1.01938232,-0.825018562,0.593007305,0.25866036,-0.447672831,"(1652, 9633]",4.22733180005366,0.484029340389034,-0.561592074385357
60134,562.3333333,Trop/Subtrop Forests,-0.024492118,-2.274110816,-1.405273243,-1.109153722,0.918617619,-1.805772785,-1.004439314,-0.703182445,1.275642922,0.531783257,0.45032317,-0.501682293,0.492917464,0.717933156,0.042061474,"[57, 670]",2.13130528701777,-0.918531421736353,1.418829796707
60135,2952.066667,Trop/Subtrop Forests,-1.099612922,-3.207360369,-1.695512166,-0.828822246,0.786030139,-1.201800273,-1.197586072,-1.515556447,1.076752146,0.533566206,1.107265705,-0.757386146,0.48237115,0.460408583,-0.282808584,"(1652, 9633]",3.59146602127263,0.100770209593852,-0.95310418438509
60136,5781.933333,Trop/Subtrop Forests,-0.214167589,-2.997645208,-1.352113563,-0.426564696,0.735886462,-2.095479611,-1.026415646,-0.784795198,1.210482673,0.828053487,0.267741718,-0.618394736,0.264385635,0.547333624,-0.2854977,"(1652, 9633]",2.66569519913111,-0.325195438264598,1.60274133463839
60137,1634.6,Trop/Subtrop Forests,-1.0460723,-2.856578213,-1.360233056,-0.887838295,0.874685124,-1.221344131,-1.060289939,-1.756226471,1.00348579,0.526703941,1.274321768,-0.835474596,0.302232363,0.461405176,-0.363508616,"(670, 1652]",3.5572069293899,0.197264134508047,-1.53027714442525
60138,753.2666667,Trop/Subtrop Forests,-1.288133151,-3.48087571,-1.982150589,-1.116502958,0.820526762,-0.970371352,-1.375278659,-1.871058909,1.343498408,0.592231563,1.325321774,-0.651647756,0.722234042,0.544550546,-0.327110542,"(670, 1652]",3.6609659074828,-0.0815458947014631,-1.20272444148729
60139,1042.866667,Trop/Subtrop Forests,-0.556273228,-2.205809643,-1.156039783,-0.933940833,0.829485652,-0.985607426,-0.754142276,-1.448860702,1.418358138,0.446458269,1.425484609,-0.6325106,0.504530593,1.000947498,-0.14100043,"(670, 1652]",1.97995989053741,-0.975533082551667,-1.56969785165983
60140,2709.933333,Trop/Subtrop Forests,-0.673595392,-2.785082432,-1.338332384,-0.640956133,0.727890886,-1.38293778,-1.058571033,-1.281254154,1.066870345,0.519066147,1.031001874,-0.722676866,0.391852668,0.764547042,-0.14414894,"(1652, 9633]",2.87522884617171,-0.338740826992357,-0.635155735872485
60142,3986.6,Trop/Subtrop Forests,-0.918303555,-3.572770191,-1.765664782,-0.728371703,0.70078403,-1.597514743,-1.325682355,-1.445884559,0.911843489,0.525975423,0.677379673,-0.847963798,0.227777865,0.040242057,-0.594206128,"(1652, 9633]",4.64480642883351,0.712341084425469,-0.434515379093088
60143,1932.133333,Trop/Subtrop Forests,-1.101474452,-3.533434665,-2.035011046,-1.200947987,0.669964417,-1.554530146,-1.674240117,-1.386901189,1.124328747,0.559663157,0.92027578,-0.921068508,0.509511761,0.310835216,-0.417455576,"(1652, 9633]",4.52277214594264,0.71663338920983,-0.0518907445500728
60145,6442.466667,Trop/Subtrop Forests,0.143863437,-2.991318591,-1.406144557,-0.601788959,0.877064253,-2.456576769,-1.196175679,-0.46121205,1.206027219,0.990417099,0.114173974,-0.41667074,0.279540789,0.490864583,-0.323486715,"(1652, 9633]",2.39410468480803,-0.263294505004773,2.93664616294167
60146,2220.2,Trop/Subtrop Forests,0.214786819,-2.322609531,-0.767169143,-0.393558556,0.88906031,-2.201154525,-0.45250463,-0.781974153,1.17049788,0.818297661,0.421795642,-0.704906515,0.074710008,1.017869623,-0.40240725,"(1652, 9633]",1.69327465099457,-0.0647771777140056,1.08810418205485
60148,997.0666667,Trop/Subtrop Forests,0.148624927,-1.823220432,-1.066035321,-1.020688605,1.006525093,-1.38470905,-0.722727301,-0.81467543,1.179047891,0.548429983,1.322805968,-0.592554074,0.351235843,1.180817777,-0.120299891,"(670, 1652]",1.29817807446855,-0.5195652912689,-0.382793280431438
60150,4961.666667,Trop/Subtrop Forests,-0.150448854,-2.54102556,-0.966458563,-0.217285473,0.726846435,-1.605262774,-0.62547915,-1.080305613,1.244158271,0.550523967,0.74954854,-0.698304692,0.216164738,1.083288049,-0.158837514,"(1652, 9633]",1.94128058884417,-0.833642561083645,-0.223910751332478
60151,1084.933333,Trop/Subtrop Forests,-0.140839337,-2.24588599,-1.499813941,-0.996188912,0.905089695,-1.582606966,-0.934441997,-1.006749125,1.255638668,0.382297614,0.842440617,-0.923195496,0.357139841,0.620802738,-0.235810359,"(670, 1652]",2.70507148995103,-0.0315551399084568,-0.0888124831723109
60152,1628.066667,Trop/Subtrop Forests,-0.191505644,-2.343082081,-1.361442685,-0.878366401,0.887938895,-1.478838724,-0.909183828,-1.05032103,1.305785636,0.455227931,0.924975406,-0.800792159,0.391775095,0.772546361,-0.199926345,"(670, 1652]",2.37299450334878,-0.338056865142318,-0.208228511245538
60153,5147.466667,Trop/Subtrop Forests,-0.162516749,-3.101783857,-1.168420683,0.073959919,0.658649664,-2.160238717,-0.873345133,-0.877102672,1.310200081,0.648321499,0.261130067,-0.688653985,0.065912767,0.621647363,-0.30315981,"(1652, 9633]",2.68069415819298,-0.786851917849083,1.21990613109731
60154,4679.533333,Trop/Subtrop Forests,-0.154279011,-2.465323203,-1.175887822,-0.997475681,0.873974753,-1.712340842,-1.041450668,-0.851680405,1.138614766,0.644014987,0.75061401,-0.648469287,0.301417488,0.858972737,-0.185783939,"(1652, 9633]",2.35921686232275,-0.289661694648617,0.594192062760845
60155,1454.6,Trop/Subtrop Forests,-0.180888848,-2.130727724,-1.268777826,-0.81343693,0.798030139,-1.819217474,-0.791862627,-1.051466194,1.245005447,0.517244678,0.83476758,-0.817937956,0.258865013,0.64262586,-0.329431907,"(670, 1652]",2.5830390672617,-0.221814909777514,0.0598292555230954
60156,1821.4,Trop/Subtrop Forests,-1.534051237,-4.064012088,-2.169001524,-0.570582023,0.691650549,-1.29857568,-1.560595282,-1.831449889,0.926160521,0.530574409,0.912883011,-0.97175166,0.44915799,-0.029616528,-0.641370007,"(1652, 9633]",5.23265144193581,1.14080314754305,-1.12784041499631
60157,724.4666667,Trop/Subtrop Forests,-1.302075534,-3.447024052,-2.059128075,-0.488531707,0.806082316,-1.217743676,-1.408420387,-1.52365344,1.086549891,0.697096436,1.012011379,-0.710138726,0.710507298,0.275694954,-0.515250848,"(670, 1652]",3.81243009756169,0.602953651936273,-0.630559070203386
60158,669.6,Trop/Subtrop Forests,-1.174155312,-3.694183323,-2.332270451,-1.218126956,0.475935743,-1.495320427,-2.061832843,-1.29379098,1.230674825,0.657575943,1.031941077,-0.921740171,0.658807061,0.351401724,-0.293708686,"[57, 670]",4.6153411067795,0.480113011669615,0.22509407585877
60160,6054.4,Trop/Subtrop Forests,-0.193659045,-2.830896255,-1.438237346,-0.693258133,0.803715222,-1.896727693,-0.869435245,-0.802132932,1.252639155,0.663309183,0.42444987,-0.678716604,0.414450135,0.750062756,-0.273186767,"(1652, 9633]",2.47894090283279,-0.0850257122925306,1.10109173677979
60161,1754.2,Trop/Subtrop Forests,-0.316074948,-2.460485178,-1.389724944,-0.684600965,0.90394352,-1.620376483,-0.978167913,-1.048479888,1.084385532,0.610455381,0.752811192,-0.734491283,0.224045176,0.750407336,-0.335265612,"(1652, 9633]",2.68905665109833,-0.127145033188377,0.106613600360471
60162,1861.066667,Trop/Subtrop Forests,-0.050089524,-2.490702403,-1.113655761,-0.61487716,0.82433912,-1.943783677,-0.761638712,-0.993097647,1.115341105,0.701464394,0.486283652,-0.633145566,0.123956679,0.824460849,-0.195282574,"(1652, 9633]",2.32686503193376,-0.579908127339177,0.807846957575585
60163,1769.066667,Trop/Subtrop Forests,-1.445145639,-4.317088946,-1.972034094,-0.590114332,0.770427468,-1.38485839,-1.518076169,-1.896759088,0.778752416,0.42764869,0.971028965,-1.098935881,0.239629783,-0.152410295,-0.734172278,"(1652, 9633]",5.62215468415209,1.6253247336391,-1.44249086806563
60164,1185.2,Trop/Subtrop Forests,0.353848553,-1.650971664,-0.852495442,-0.629283257,0.941238795,-1.518002909,-0.538341607,-0.853662079,1.062550549,0.598760638,1.204700823,-0.822296514,0.259240582,1.094980817,-0.278384384,"(670, 1652]",1.29586259444783,0.0873503736832607,-0.703642180217352
60165,1378.2,Trop/Subtrop Forests,0.126019697,-2.208772646,-0.353450057,0.124912665,0.916974608,-1.760242834,-0.208097983,-0.925138061,1.213424248,0.451903386,0.689035844,-0.845122027,-0.133585951,1.247617109,-0.209260492,"(670, 1652]",1.33167133953918,-0.814902850366535,-0.383288043562278
60166,4769.8,Trop/Subtrop Forests,-0.978853687,-3.34975635,-1.607209228,-0.574703154,0.738116883,-1.406797926,-1.143306748,-1.606695194,0.902135971,0.514859829,0.886421353,-0.823057139,0.180415007,0.24773976,-0.490001126,"(1652, 9633]",4.2017457142228,0.336099789895369,-1.039554587278
60167,5193.8,Trop/Subtrop Forests,0.028755618,-3.3193287,-1.595429228,-0.985490835,0.871027422,-2.345596249,-1.252158865,-0.51111547,1.252247379,0.83157636,0.20832467,-0.466531066,0.338328166,0.484332081,-0.261295942,"(1652, 9633]",2.79198070015203,-0.134071442796304,2.7374376104612
60168,963.6,Trop/Subtrop Forests,-1.383601464,-3.198671757,-1.965212619,-0.341053846,0.760842257,-1.015715048,-1.151505375,-2.11400257,1.206257949,0.518399672,1.110992543,-0.757496398,0.60341012,0.199703807,-0.525853998,"(670, 1652]",4.01522201596718,-0.0334654811248629,-1.81592444184171
60169,1541.866667,Trop/Subtrop Forests,-0.484285323,-3.880595545,-2.214986604,-2.188384741,0.42846337,-2.761381752,-1.780485883,-0.586763971,1.360638125,0.945039619,0.417991572,-1.058637689,0.37233188,0.438067004,-0.393845913,"(670, 1652]",4.59976912153985,1.39457994913458,3.11709619682469
60170,1411.266667,Trop/Subtrop Forests,-0.760952067,-2.772050985,-1.821131289,-1.152455421,0.960497806,-1.188703292,-1.074459536,-1.282275197,1.173753495,0.556266937,1.244585359,-0.708138431,0.530939392,0.560660396,-0.409073275,"(670, 1652]",3.05766094679224,0.320827294822299,-0.77005322399693
60171,593.6666667,Trop/Subtrop Forests,0.229195804,-1.949285076,-1.269683846,-0.881499723,0.862517871,-2.334058568,-0.943098717,-0.445726042,1.344768969,0.691650549,0.812289938,-0.52287424,0.56260545,0.870057477,-0.284413731,"[57, 670]",1.62356440175285,-0.192189609775498,1.86736137167871
60173,3109.866667,Trop/Subtrop Forests,-1.225129818,-3.396209395,-1.982486679,-0.875733564,0.751864045,-1.355470701,-1.568354147,-1.646336753,1.210190137,0.481927474,1.058456036,-0.813514314,0.594870991,0.298171243,-0.453644449,"(1652, 9633]",4.28033938148909,0.313391262533809,-0.655444117340576
60174,2947.933333,Trop/Subtrop Forests,-0.918787299,-3.749357619,-1.796449724,-0.73699799,0.51272118,-1.752514289,-1.305624587,-1.500053806,0.993029062,0.585452208,0.523381825,-0.933865924,0.093832746,-0.025513356,-0.556354219,"(1652, 9633]",4.94374517907629,0.496642551288195,-0.226622668484327
60175,1255.6,Trop/Subtrop Forests,-0.338525625,-2.975288508,-1.493718909,-0.7574407,0.528097952,-2.408162919,-0.864751989,-1.242637396,1.08860382,0.862575213,0.277830644,-1.031838199,-0.032904198,0.507636116,-0.70384008,"(670, 1652]",3.91986372245087,0.830796671404418,0.900521667663446
60176,3275.066667,Trop/Subtrop Forests,0.148198138,-1.985974952,-0.642212643,-0.406035949,0.99843508,-1.733759677,-0.536387474,-0.830296747,1.113732283,0.574379709,0.863003945,-0.713102781,0.225084772,1.22021259,-0.137689106,"(1652, 9633]",1.23840409751493,-0.392883896926826,0.093058143709656
60177,1081.533333,Trop/Subtrop Forests,0.094528422,-2.147098853,-0.684841568,-0.20026747,0.868929628,-2.112676,-0.355333606,-1.148336748,1.043722897,0.74584121,0.517807519,-0.882086633,0.008173706,0.930409104,-0.46017268,"(670, 1652]",2.01696597640734,0.187426723712087,0.194960440389202
60178,1928.133333,Trop/Subtrop Forests,-0.271662099,-2.657724048,-1.467985383,-0.896547125,0.873111797,-1.785444695,-1.079106657,-1.132026674,0.934327599,0.715312864,0.771057583,-0.680449389,0.139938711,0.287904379,-0.482486102,"(1652, 9633]",3.3117157231169,0.27305877293591,0.218706860026072
60179,431.4,Trop/Subtrop Forests,-0.295189641,-2.411475713,-1.420134049,-0.786715958,0.572347724,-2.027893609,-0.806233919,-1.366468449,1.074631962,0.495639382,0.575901479,-0.884508855,0.210201818,0.347892297,-0.260357242,"[57, 670]",3.47468489468537,-0.17527188450261,0.0836276778441046
60180,1314.866667,Trop/Subtrop Forests,-0.659335304,-2.637023841,-1.748046401,-1.439466485,0.934678308,-1.190028451,-1.116025393,-1.075720377,1.189008267,0.63729607,1.325456971,-0.66880201,0.635661255,0.756285732,-0.277971248,"(670, 1652]",2.63749863583891,0.320501618753477,-0.455914411790678
60181,1661.866667,Trop/Subtrop Forests,-0.158067528,-2.085157635,-0.969225716,-0.843658743,0.945195552,-1.429993816,-0.798075617,-1.022015272,1.089844295,0.4355932,1.186796129,-0.753306678,0.303594785,1.026191441,-0.156375365,"(1652, 9633]",1.98150012432868,-0.25706459863532,-0.67694254739387
60182,2325,Trop/Subtrop Forests,-0.811760813,-3.316282793,-1.909609061,-1.136023438,0.631549139,-1.682972179,-1.463809423,-1.201570534,1.178450359,0.581415587,0.958806717,-0.863169371,0.465435965,0.488466353,-0.313946962,"(1652, 9633]",3.91019737847614,0.389364031534064,0.206750404815901
60201,1132.533333,Trop/Subtrop Forests,-0.545918647,-2.671363207,-1.473127119,-1.200947987,0.83990311,-1.365012469,-1.070678147,-1.09877616,1.048620821,0.70447652,0.943175087,-0.697104378,0.396618675,0.537338263,-0.303435945,"(670, 1652]",2.94255691351232,0.203144091083031,-0.254914359285748
60202,2732.666667,Trop/Subtrop Forests,-0.444846473,-2.689868987,-0.952991016,-0.593863468,0.69067499,-1.325121646,-0.817976229,-1.195034675,1.2723405,0.472665584,0.976661507,-0.668879048,0.30570342,1.349404099,0.070206252,"(1652, 9633]",2.00390591640179,-1.17368679882453,-0.595306042714216
60204,1805,Trop/Subtrop Forests,0.717992938,-1.364833392,0.101471508,-0.067754723,1.040506333,-1.871965418,-0.150062976,-0.704577256,1.017083804,0.733648189,0.7522037,-0.886025343,0.00950487,1.693010689,-0.263676553,"(1652, 9633]",0.217713213490245,-0.00576390964348233,-0.131085609663327
60205,2824.6,Trop/Subtrop Forests,0.117409639,-1.780208939,0.014389594,-0.192803221,0.932366576,-1.475973102,-0.399089937,-1.025239022,1.051969101,0.648895526,0.882971662,-0.751913843,0.089113417,1.542501454,0.005643771,"(1652, 9633]",0.728024720428375,-0.831033468393469,-0.69918970138393
60206,2200.466667,Trop/Subtrop Forests,-0.274493497,-2.471805592,-0.63993426,0.258987393,0.882354079,-1.739257664,-0.466983954,-1.233351883,1.263346521,0.433158502,0.737310656,-0.977373294,-0.094321575,0.872527161,-0.268323711,"(1652, 9633]",2.11979807814574,-0.6879908066275,-0.60630214376908
60207,840.7333333,Trop/Subtrop Forests,-0.748492898,-2.717031,-1.131102057,-0.598351487,1.080672009,-1.317310766,-1.037243567,-1.439466485,0.86918262,0.638560495,1.180296215,-0.72706775,0.357828883,0.516981159,-0.303128483,"(670, 1652]",2.78531769694902,0.36574732688264,-0.897426308124908
60209,2650.066667,Trop/Subtrop Forests,-0.016137232,-1.918450037,-0.881373087,-0.78959017,0.961756358,-1.588577642,-0.843872779,-0.844101656,1.235243434,0.572451025,1.010271437,-0.585492299,0.299695726,1.154325915,-0.128011021,"(1652, 9633]",1.50706330753285,-0.797412655664063,0.134493910104699
60210,2401.066667,Grasslands,0.210131858,-1.879147264,-0.106944086,0.346075514,1.070883182,-1.569860045,-0.235410837,-0.815532171,1.227852953,0.487931044,1.0201455,-0.734102667,0.096443255,1.467762881,-0.125933909,"(1652, 9633]",0.366598140999982,-0.875937029363019,-0.607093511003851
60211,1709.933333,Trop/Subtrop Forests,-0.154139369,-2.031860904,-0.703889934,-0.430385316,0.911237069,-1.574022197,-0.656260355,-1.039925204,1.060247225,0.569037501,0.937949033,-0.700249741,0.210455001,1.167961156,-0.143640854,"(1652, 9633]",1.65517060477624,-0.541879228652335,-0.375550853303097
60212,3007.8,Trop/Subtrop Forests,-0.335880979,-2.442860413,-0.919077657,-0.479131172,0.828345208,-1.341805792,-0.743580331,-1.127124926,1.123073916,0.519613594,1.164178379,-0.656912075,0.364884417,1.149836424,-0.129286892,"(1652, 9633]",1.84155207611497,-0.517009066484411,-0.829542867180314
60213,626.8666667,Trop/Subtrop Forests,-0.421749381,-2.426394928,-1.163342115,-1.095952713,0.74153436,-1.703441993,-0.851572505,-1.105202586,0.951429216,0.265058919,0.985373998,-0.894707371,0.23166776,0.809634752,-0.203189766,"[57, 670]",3.1618160524509,0.162353335825178,-0.561236217913283
60214,739.2,Trop/Subtrop Forests,-0.088572626,-1.808158819,-0.92658231,-0.213144565,1.085076759,-1.543773473,-0.636826508,-1.152557319,1.114074208,0.532524037,1.29397057,-0.744684483,0.196883715,0.833454275,-0.263364308,"(670, 1652]",1.58964123520869,-0.413809723745639,-0.760008863696187
60215,771.1333333,Trop/Subtrop Forests,-0.781630632,-2.667091924,-1.151526887,-0.315212002,0.568251607,-1.596821626,-0.722188142,-1.661197313,1.161718595,0.233356981,0.936944042,-1.039940689,0.193175883,0.554003613,-0.165531262,"(670, 1652]",3.437226674248,-0.480100808207459,-1.35231740577132
60217,2224.8,Trop/Subtrop Forests,-0.003739246,-1.832568988,-0.393781921,-0.392081853,1.034126502,-1.512439175,-0.51434205,-1.019991737,1.041584433,0.573346606,1.000857682,-0.75545678,0.195027156,1.349296982,-0.080714782,"(1652, 9633]",1.11530762478059,-0.456283291242504,-0.561702708711827
60220,339.4666667,Trop/Subtrop Forests,-0.263196321,-1.9912645,-1.343931316,-0.214678708,0.831795609,-1.610758299,-0.471275408,-1.59697286,1.169033122,0.348340122,1.102779244,-1.012700192,0.114965272,0.723319325,-0.170283295,"[57, 670]",2.50000046497754,-0.562994559467696,-1.21347044904622
60221,698.2666667,Trop/Subtrop Forests,-0.838670764,-2.552122802,-1.120135967,-0.210884183,0.847779101,-1.102477582,-0.85727505,-1.738036393,1.087856079,0.521662748,1.328475027,-0.698675234,0.256256376,0.73531477,-0.144735285,"(670, 1652]",2.56632852402426,-0.864456939615656,-1.73189435133478
60223,404.0666667,Trop/Subtrop Forests,-0.42939477,-2.714127437,-0.835169267,0.978543346,0.869203779,-1.672930724,-0.613061664,-1.641275507,1.223338757,0.408165677,0.653448676,-0.844489794,-0.154486674,0.579512403,-0.32301831,"[57, 670]",2.56352263014736,-1.28136595784693,-0.923004818578995
60224,603.6,Trop/Subtrop Forests,-0.270925736,-2.107795381,-1.407494957,-0.59472239,0.680652479,-1.867107856,-0.71077239,-1.717366156,0.824834713,0.585650572,1.082948104,-0.998889873,0.023095334,0.551030439,-0.167722087,"[57, 670]",3.19478039031581,-0.0508182136767183,-0.871607479969046
60226,517.1333333,Trop/Subtrop Forests,-0.389462119,-1.948885635,-1.208355979,-0.233144314,0.835691893,-1.475828364,-0.598866132,-1.485048096,1.170308199,0.111947433,1.370236792,-1.115820196,0.24636234,0.888047766,0.010450399,"[57, 670]",2.37340933065242,-0.548248740107009,-1.58962962217122
60227,591.8666667,Trop/Subtrop Forests,0.274264705,-1.135614248,-0.039530057,0.222694463,1.03124333,-1.525400125,-0.298092052,-1.081142652,1.031275157,0.37152639,1.064139774,-0.831829258,0.042595513,1.631725225,-0.00601209,"[57, 670]",0.517244985287688,-1.07648471753833,-1.14754060200851
60228,2441.866667,Trop/Subtrop Forests,0.209872565,-1.531766053,-0.231958651,-0.201893481,1.009973479,-1.543890162,-0.362687757,-1.020817615,1.018219322,0.631174428,0.901581152,-0.737588284,0.118207226,1.611548091,-0.050707729,"(1652, 9633]",0.671750602063788,-0.715728297705747,-0.559405923250141
60229,515.6666667,Trop/Subtrop Forests,-1.162345124,-3.24938083,-1.016485862,-0.06050354,0.947277185,-1.006436769,-0.957759194,-1.749392014,0.953301566,0.584441281,1.3664944,-0.789916258,0.307098896,0.678712412,-0.26346652,"[57, 670]",2.86021400682189,0.0148421478717611,-1.91277205837924
60230,2750.6,Trop/Subtrop Forests,-0.118464572,-1.955275367,-0.471528256,-0.327629709,0.940810533,-1.398475797,-0.60318525,-1.160514028,1.073607633,0.54837241,0.987004153,-0.789603633,0.138791265,1.292691914,-0.042754623,"(1652, 9633]",1.41138020636781,-0.734706486540008,-0.841041475742309
60232,389.5333333,Trop/Subtrop Forests,0.149873656,-1.722814084,-0.67459852,0.314441717,1.117653571,-1.509097125,-0.292628581,-1.414168555,1.313479588,0.243960548,1.138732722,-0.999900316,-0.05323945,1.107643911,-0.046644156,"[57, 670]",1.24211826144773,-1.19829209244444,-1.29466062920623
60233,1338.333333,Trop/Subtrop Forests,0.029756351,-1.711171278,-0.694272113,-0.574876282,0.916075427,-1.526603903,-0.486973111,-1.149441994,1.029063855,0.447703701,1.180125489,-0.875757102,0.195446689,1.271184178,-0.133086099,"(670, 1652]",1.55883423357406,-0.249189496025101,-1.01977224494574
60235,1478.466667,Trop/Subtrop Forests,0.001139924,-1.742094733,-0.707115898,-0.417106583,0.954452962,-1.418926096,-0.535561614,-1.091586071,1.083825472,0.380833622,1.358459798,-0.809531762,0.177864253,1.17344148,-0.042734502,"(670, 1652]",1.39380738363831,-0.652194018094418,-1.15461963648631
60301,434,Trop/Subtrop Forests,-0.441656458,-2.060269009,-1.315623388,-0.394503043,0.670263335,-1.707634095,-0.77285778,-1.454877903,1.046170666,0.144540854,1.031953726,-1.154126252,0.091167192,0.765569483,-0.146720245,"[57, 670]",3.23184020336753,-0.32070481263635,-1.18165986707158
60302,382.2,Trop/Subtrop Forests,-0.11393055,-2.221887997,-1.395572507,-1.509816853,0.78082796,-1.644716901,-1.0364272,-0.963364031,1.215493642,0.500097775,1.084226761,-0.980535287,0.39884891,0.797823073,-0.230059457,"[57, 670]",2.73501809281108,0.396930663331962,-0.126562106616336
60303,5213.4,Trop/Subtrop Forests,0.166372874,-2.29256255,-0.76344058,-0.62770453,0.940476955,-1.883913118,-0.795588167,-0.667496233,1.217219977,0.811519376,0.608587393,-0.619852788,0.262801349,1.152755752,-0.195318761,"(1652, 9633]",1.39372943850265,-0.368837148574589,1.0518497199892
60304,386.6666667,Trop/Subtrop Forests,-0.732369493,-3.257160457,-1.68544451,-1.785949841,0.305604854,-2.246678993,-1.745701827,-1.290992252,0.994887151,0.353822468,0.611307869,-1.211661698,0.219681005,0.525550352,-0.37002245,"[57, 670]",5.38150008563412,0.963924461141182,0.512917966722867
60305,950.3333333,Trop/Subtrop Forests,-0.095291143,-2.646752865,-1.07103362,-0.729295695,0.442141034,-2.11407411,-0.73871943,-1.037068959,1.150624818,0.803210067,0.455739863,-0.838064843,0.245712423,0.718980642,-0.431530736,"(670, 1652]",2.85690615153924,0.232999940596369,0.521401222625236
60306,412.6,Trop/Subtrop Forests,0.439824872,-1.966084661,-1.772608515,-2.47307317,0.861547468,-2.179354907,-1.178040871,-0.324761363,1.660637318,1.010658118,0.881592694,-0.845397622,0.707610804,1.03803369,-0.592609664,"[57, 670]",1.98973800529247,1.21160133037105,2.14537520903232
60307,472.6666667,Trop/Subtrop Forests,0.689035844,-1.27811098,0.07780577,-0.20722194,1.129134386,-1.657860354,-0.379581607,-0.496661534,1.126121023,0.576617913,0.985572476,-0.733655684,0.199173809,1.848466688,-0.072879246,"[57, 670]",-0.182351751443628,-0.507740064856494,-0.0652352691295206
60308,1833.466667,Trop/Subtrop Forests,0.125587208,-2.397221385,-0.480951667,-0.126040975,0.869145078,-1.78057454,-0.423614545,-0.899293953,1.151956378,0.787382414,0.407921276,-0.83104831,-0.059213083,1.19535407,-0.239396951,"(1652, 9633]",1.48552331215212,-0.440175747321253,0.255901196822656
60309,3676.733333,Trop/Subtrop Forests,0.310985026,-2.1942468,-0.338496725,-0.286270744,0.870672926,-1.716501023,-0.486577023,-0.789656756,1.211871439,0.845181581,0.438681159,-0.67997598,0.018088469,1.542796987,-0.114433539,"(1652, 9633]",0.908435298735298,-0.871632039464946,0.49862872296503
60310,5271.4,Trop/Subtrop Forests,0.631117516,-1.948117585,-0.126110011,-0.276151926,1.003192975,-1.890081986,-0.438429002,-0.524409299,1.19305051,0.873220329,0.481883842,-0.702220777,0.10165493,1.701256513,-0.144337586,"(1652, 9633]",0.303647621734213,-0.442777958968458,0.913770109922577
60402,324.2666667,Temp Forests,1.478590376,-2.26767661,-1.371175445,0.281661644,1.810489447,-1.801750323,0.337637588,0.017357027,1.056720335,1.391964797,0.389881584,-1.009220631,0.504496088,2.669306287,-0.332261809,"[57, 670]",-1.94660352212886,2.23478472237222,2.11853110985147
60404,1510.6,Temp Forests,0.998174423,-1.445920361,-0.546432,0.625470847,1.41021665,-2.063985316,0.332925564,-0.61273913,1.171504361,0.921048828,0.383115757,-0.789554647,0.130621954,2.153396552,-0.329912197,"(670, 1652]",-0.901557606914523,0.0743394827624073,1.05102330209056
60702,487.5333333,Grasslands,-0.668834529,-2.435774878,-1.053532082,-0.665048271,0.917951441,-1.373859158,-0.596175618,-1.455439576,0.986602883,0.379407742,1.241805049,-0.933233946,0.254591185,0.41060859,-0.509761228,"[57, 670]",3.04308645334217,0.604898985680864,-1.72306580365075
60703,3613.066667,Grasslands,-0.23979562,-3.229259732,-1.268832055,-0.819509843,0.573356862,-1.927105053,-0.924662877,-0.734728247,1.211397481,0.674094309,0.382333285,-0.739726639,0.168556375,1.22843714,-0.020272263,"(1652, 9633]",2.57081150449069,-0.535295111365049,1.20534522169937
60704,9633.066667,Grasslands,-0.128660951,-2.70358912,-0.934453954,-0.505122465,0.701646037,-1.560985272,-0.825775546,-0.835874247,1.246537412,0.672439023,0.751706298,-0.627093941,0.268302203,1.30701825,0.003692894,"(1652, 9633]",1.68580217095866,-0.92948883468204,0.29309827341982
60707,1629.8,Grasslands,-0.396241182,-2.54874223,-1.61006665,-1.085677442,0.697376285,-1.640741061,-1.29175736,-1.041137853,1.386468665,0.568466758,0.997178416,-0.781078292,0.453796992,0.765085552,-0.205031023,"(670, 1652]",2.84746061179733,-0.399513578431548,0.28101012652542
60708,1936.333333,Grasslands,0.214494908,-2.118058676,-0.452871823,-0.224793206,0.932280437,-1.541460716,-0.375636753,-0.930212018,1.10882815,0.537369393,1.004077525,-0.804564498,0.124967426,1.525826185,-0.112518649,"(1652, 9633]",1.00250671649791,-0.428981095217186,-0.639432504398988
60709,3090.466667,Grasslands,-0.579094512,-2.60673939,-1.536588009,-0.813078636,0.690373058,-1.451248013,-1.229525985,-1.260520179,1.215462878,0.569075033,1.100946788,-0.756535774,0.403680006,0.71213013,-0.207889695,"(1652, 9633]",2.96387374686195,-0.414950626654209,-0.413357679544412
60710,2125.133333,Grasslands,0.583760721,-1.931942437,-0.488647895,0.044363007,1.10882815,-1.768967123,-0.318955001,-0.530980455,1.250338185,0.673589943,0.667004898,-0.807857616,0.077599895,1.683340722,-0.165212715,"(1652, 9633]",0.295935434257155,-0.452700060981296,0.494994604827861
60801,1159.666667,Grasslands,0.675740822,-1.395870882,-0.033549498,0.724667136,1.150366074,-1.739551595,0.01172756,-0.717832811,1.120441569,0.643472409,0.989488407,-0.74534841,0.064694391,1.742168772,-0.258888041,"(670, 1652]",-0.387505951550384,-0.537308248443244,-0.453291604130749
60802,407.3333333,Grasslands,0.403025387,-1.377129433,0.114839144,1.574351208,1.299744929,-1.653187295,-0.029140864,-0.976786571,1.454560819,0.710295811,0.832693523,-0.59079929,-0.256892536,1.599790359,-0.460135072,"[57, 670]",-0.508722779221473,-1.82844309227291,-0.507717180450999
60803,1052.4,Grasslands,0.779805821,-1.316444094,0.101717343,0.951750979,1.10822704,-1.680818083,0.124149968,-0.691650549,1.200592076,0.67434494,0.745322721,-0.794819802,0.017923817,1.580680785,-0.219665764,"(670, 1652]",-0.550975385183123,-0.81765884012188,-0.45630590433545
60805,649.6,Grasslands,0.851429892,-1.754392726,-0.639136065,1.088542353,1.569351045,-1.758224944,0.282381608,-0.501411863,1.467123598,0.905562749,0.611660476,-0.686386628,0.133903602,2.203791428,-0.345886228,"[57, 670]",-1.44006472625108,-0.513043593641242,0.8863270403938
60904,1159.933333,Grasslands,0.864892654,-1.46224792,-0.744940322,-0.970356975,1.02570711,-2.015911178,-0.593449075,-0.408691409,1.138964608,0.67572631,0.996911377,-0.822512018,0.329628909,1.440168392,-0.233215392,"(670, 1652]",0.724316277984031,0.401070397545981,0.775528884532608
60907,1239.733333,Grasslands,0.063808847,-2.045857557,-0.721727716,-1.154126252,1.006073922,-1.20766545,-0.688131993,-0.776315269,1.286139013,0.568079238,1.524579743,-0.52710117,0.599188399,1.476099087,-0.030620484,"(670, 1652]",0.725438924086881,-0.422838188758523,-0.619488921605931
60908,538.0666667,Grasslands,0.327240613,-1.847833929,-0.102651722,0.333094563,1.004562201,-1.420895642,0.036796926,-1.044496335,1.093834366,0.521834193,0.931574793,-0.764352414,-0.098766409,1.295223095,-0.136377915,"[57, 670]",0.576858390658726,-0.946209363669092,-1.24952310137432
60909,548.4,Grasslands,0.626691458,-2.046489794,-0.501047258,0.215788165,0.854018203,-1.623077611,-0.171823839,-0.51784945,1.39030515,0.557220839,1.048760917,-0.597849783,0.233000426,1.745445051,-0.021935031,"[57, 670]",-0.0928874384793244,-1.18793764824325,-0.0749153675706507
61001,421.6666667,Grasslands,0.723830183,-2.148592944,-0.578595438,0.491453405,1.763099622,-2.202341538,0.209298861,-0.173673651,1.254627793,0.655168465,0.515366497,-0.78779476,-0.154383715,1.743124868,-0.882049735,"[57, 670]",-0.0561425670675919,0.939944145203652,1.28222888623078
61002,929.9333333,Grasslands,0.445621807,-2.018987891,-0.474748622,0.57179573,1.17474184,-2.063441687,-0.093266367,-0.432332441,1.586879735,0.406767919,0.534343476,-0.819934016,-0.174723914,1.335272218,-0.452588275,"(670, 1652]",0.591892242499673,-0.94884898286608,0.693970934356962
61003,1700.333333,Grasslands,0.480263928,-2.370401508,-0.647758516,0.544084221,0.919276162,-2.339409336,-0.055882446,-0.860345276,1.342449523,0.659422094,0.397679884,-0.9282236,-0.119320027,1.221158634,-0.470737751,"(1652, 9633]",1.21044573990876,-0.237035959948089,0.722149758479702
61004,299,Grasslands,0.327582275,-4.229605995,-1.206791831,0.101579186,0.492849845,-2.745005412,-0.332649903,-0.341399315,1.763395943,0.521603888,0.347986032,-0.707359453,-0.041373941,1.507795427,-0.212008328,"[57, 670]",1.82878068889388,-0.864226803291779,2.38140687303175
61006,2340.6,Grasslands,0.211986168,-3.234086354,-1.35363367,-0.10192529,0.742656302,-2.637682005,-0.683854056,-0.415549275,1.229969566,1.046423687,0.068807562,-0.806554219,0.104786327,1.146495908,-0.401460723,"(1652, 9633]",1.97814723225374,0.43164746959637,2.6843340173827
61008,505.2666667,Grasslands,0.997328907,-1.707452969,-0.702434421,1.165672307,1.389850994,-2.044101948,0.388968435,-0.562427833,1.315665326,0.703399776,0.400803024,-0.716392219,-0.153377278,2.064495214,-0.497953456,"[57, 670]",-0.625500595247519,-0.58793226481821,0.777744630780299
61010,568.4666667,Grasslands,0.374545285,-1.968774673,-0.161518578,1.17974691,1.490234247,-1.787768451,-0.274175651,-0.485086053,1.599540242,0.454082281,0.721607273,-0.81648912,-0.280783938,1.270191314,-0.361823497,"[57, 670]",0.00212653623133169,-1.34603749090226,0.398021381495828
61201,1424.066667,Mediterranean Scrub,0.698117355,-1.002255499,-0.387691756,1.194052516,1.475551394,-1.879686671,0.091501025,-1.017496876,1.347264069,0.587453119,0.486431457,-0.796918641,-0.082010401,1.801193965,-0.1297272,"(670, 1652]",-0.594528775919513,-1.50013881995533,0.345240543185942
61304,5580.133333,Deserts & Drylands,-0.246790308,-2.539722121,-1.023194516,-0.677870357,0.79453905,-1.491746557,-0.830944323,-0.934502636,1.239046453,0.468289484,0.891311657,-0.69904431,0.321137478,1.180547501,0.01350678,"(1652, 9633]",1.9453414487423,-0.809363265110127,-0.0762047104278139
61305,1022.4,Deserts & Drylands,0.015058181,-1.860508823,-0.971037837,-0.654285351,0.864432434,-1.614653258,-0.779216978,-0.922629674,1.235548761,0.401019452,0.951446198,-0.780652972,0.335175917,0.960184943,-0.012332068,"(670, 1652]",1.76534876874804,-0.764192208859608,-0.127682881609036
61306,309.2,Deserts & Drylands,-0.919987378,-2.552122802,-1.037548701,0.057044262,0.557351175,-1.494849776,-0.807521613,-2.235675417,1.05307578,-0.122129846,0.965144461,-1.106727569,-0.105736711,0.75109133,0.179764693,"[57, 670]",3.8823325242808,-1.68785775277614,-2.15098664425183
61307,621.6,Deserts & Drylands,0.576032112,-1.236185247,-0.541857206,-0.136926408,1.159502042,-1.676994813,-0.277640863,-0.841690369,1.224649907,0.441939614,1.148086586,-0.966810379,0.24861665,1.226556331,-0.239551076,"[57, 670]",0.558596135810164,-0.0669462294544704,-0.61810179588627
61308,876.3333333,Deserts & Drylands,-0.788088776,-2.483572832,-0.894337715,-0.298636678,1.042969843,-1.094669156,-0.759818792,-1.706123671,1.054494697,0.335446828,1.483056038,-0.760662121,0.213663123,0.773214048,-0.106293658,"(670, 1652]",2.4065154969217,-0.683498193812041,-1.96113144360922
61309,613.3333333,Deserts & Drylands,-0.095640933,-2.223377285,-1.16470998,-0.475096218,0.747437252,-1.760624955,-0.56112531,-1.108747008,1.078025921,0.672609278,0.97417202,-0.891995342,0.09092345,0.778818506,-0.277591705,"[57, 670]",2.25290076183689,-0.0783660176236662,-0.373821457843177
61312,250.8,Deserts & Drylands,-0.231591569,-1.453703003,-0.353822468,0.362165177,1.035805279,-1.154994045,-0.596571581,-1.478667681,1.159393653,0.300973873,1.31521359,-0.811483818,0.227473178,1.465028517,0.206198913,"[57, 670]",0.832980469697353,-1.65097986722866,-1.70585628907891
61314,541.5333333,Deserts & Drylands,0.078433246,-1.518417528,-0.281477812,0.209872565,1.035261766,-1.421004731,-0.48783177,-1.200947987,0.953720573,0.386560777,1.004228618,-0.851852274,0.096908709,1.608299157,0.122221829,"[57, 670]",0.866538239293887,-1.03889610754725,-1.06895270721985
61315,1105.533333,Deserts & Drylands,0.755259337,-1.312326897,-0.362165177,0.936110726,1.228246674,-1.913677456,-0.024847849,-0.935473016,1.501167171,0.350480034,0.775446202,-0.952500261,-0.28253087,1.414968958,-0.285293735,"(670, 1652]",0.238053468630863,-1.4445250399722,-0.282313073138657
61316,1169.8,Deserts & Drylands,0.194866138,-1.767371198,0.023049611,0.536911855,1.001933078,-1.571643664,-0.254299269,-0.988874597,1.159536092,0.632581742,0.81406363,-0.884186515,-0.051706687,1.537406177,-0.154761151,"(670, 1652]",0.490637368974815,-0.825671815889932,-0.73926040949782
61401,1710.733333,Trop/Subtrop Forests,-0.167774595,-2.089890089,-1.242270119,-0.994807166,0.94948775,-1.412355193,-0.88048482,-0.986712617,1.276861232,0.565996466,1.231646491,-0.711259684,0.388500204,0.827366958,-0.219559649,"(1652, 9633]",1.95838555093714,-0.326020116063608,-0.385241864628737
61402,876.1333333,Trop/Subtrop Forests,-0.355709119,-2.093584145,-1.2643567,-0.720565174,0.69913371,-1.599989975,-0.732369493,-1.333737334,1.09725983,0.168737248,1.154708378,-1.020403217,0.134369873,0.797223629,-0.115361217,"(670, 1652]",2.97343720720993,-0.435874209145653,-1.16791063622569
61403,1859.733333,Trop/Subtrop Forests,-0.165744032,-2.072647574,-1.177828251,-1.074700156,0.854331503,-1.547998562,-0.876964698,-1.046833938,1.148643688,0.51600881,1.164626098,-0.825470535,0.269338815,0.918762264,-0.285668396,"(1652, 9633]",2.36876484505849,-0.0275108600325355,-0.512985445044655
61404,696.8666667,Trop/Subtrop Forests,-0.035689269,-1.464831506,-0.370804783,-0.138834238,1.074229809,-1.248779948,-0.56534946,-1.363029796,1.084816355,0.279228136,1.172650078,-0.860726851,0.171934822,1.180499986,-0.077320518,"(670, 1652]",1.36765133523401,-0.859731965550866,-1.64989596077365
61405,489.5333333,Trop/Subtrop Forests,-0.454534735,-2.28336007,-1.423202223,-0.417850026,1.00558893,-1.293688031,-0.914195862,-1.435380857,0.950456979,0.689022067,1.149053296,-0.931740435,0.155039115,0.27982716,-0.528356023,"[57, 670]",2.9265675721455,0.472027542542728,-1.26971460540068
61406,1776.666667,Trop/Subtrop Forests,-0.318111368,-2.443478178,-1.499813941,-0.863048165,0.811313579,-1.578826929,-0.919244502,-1.123673996,1.205380548,0.479357443,0.932759238,-0.897139538,0.419317025,0.590590289,-0.383489151,"(1652, 9633]",2.87801268183206,0.294992750825617,-0.370825911534766
61407,593.4,Trop/Subtrop Forests,-0.15514889,-1.617013047,-0.923219451,-0.54046279,0.698191568,-1.428279567,-0.627269943,-1.277621357,1.306177197,0.356668101,1.363081876,-0.627000649,0.159783507,1.039314908,0.021730336,"[57, 670]",1.73422551709682,-1.76019245717061,-1.14590756341156
70106,1255.2,Trop/Subtrop Forests,0.086950473,-2.209870145,-1.441439821,-0.632372738,0.787134664,-1.714860133,-0.674758945,-0.676420969,1.112202921,0.586761829,0.716030294,-0.793912948,-0.101579186,0.866557124,-0.339944844,"(670, 1652]",2.38156129720794,-0.430897317083203,0.198414089674008
70113,386.4666667,Trop/Subtrop Forests,-0.103723104,-2.160464586,-1.780759802,-0.740317243,0.66777703,-2.190828553,-0.555936155,-0.989808505,1.016871386,0.217400255,0.739648048,-0.846436959,0.20123215,0.572591427,-0.413985349,"[57, 670]",3.31928039769467,0.140405305783283,0.194827365978781
70202,960.9333333,Trop/Subtrop Forests,0.190587803,-1.683740679,-1.196752664,0.104151336,0.912865495,-1.689586831,-0.453375181,-0.859903078,1.14886106,0.525442971,0.829017714,-0.858716469,0.024411472,0.950090521,-0.368508197,"(670, 1652]",1.64334062669792,-0.498409980061294,-0.325234203844397
70701,84.73333333,Grasslands,0.420347715,-1.996482466,-1.785949841,0.691650549,1.557641324,-1.797711415,0,-0.098243269,1.318282949,1.729132292,0.565913049,-0.778439063,0.258339173,1.740760063,-0.617723419,"[57, 670]",-1.0486170569789,0.996543430031254,2.18216939052163
70702,322.3333333,Grasslands,0.433622667,-1.10734328,-0.971185553,-0.114839144,0.920220671,-1.862421998,-0.420650408,-0.809128887,1.088858817,0.402336984,1.153326888,-1.035952778,0.134043446,1.285786364,-0.272877477,"[57, 670]",1.22601361278994,-0.077187408792524,-0.512890210050885
80101,4235.266667,Trop/Subtrop Forests,-0.079850309,-2.357367766,0.080749465,-0.301780131,0.920588542,-1.614969169,0.351389688,-1.714515897,0.942925553,0.538254829,0.956987417,-1.008944294,0.429547364,0.788131646,-0.327483251,"(1652, 9633]",1.50003641594683,1.04082467217842,-1.96245728735079
80102,4959.933333,Trop/Subtrop Forests,0.009635975,-2.385716971,0.005756942,-0.240092779,0.881592694,-1.521688573,0.118423595,-1.561714407,1.060436437,0.580589769,0.945284349,-0.859575555,0.361485863,0.990409175,-0.190604428,"(1652, 9633]",1.23717029690998,0.221113801231879,-1.589735140702
80401,1590.266667,Temp Forests,1.964158446,-1.542754594,0.715960971,1.156462745,1.147592482,-1.580199981,0.16418362,-0.499404873,1.742392139,0.823461357,0.73865624,-0.547314195,0.374763651,2.487564261,0.004334442,"(670, 1652]",-2.74527738614381,-1.63078775460289,0.139424296904313
80402,5242.933333,Temp Forests,1.326170801,-1.307556604,0.854579416,0.756899193,1.390561913,-1.764706956,0.315077233,-0.380568697,1.564544798,0.721676994,0.805793188,-0.732471111,0.454163115,1.809202248,-0.211552076,"(1652, 9633]",-2.09691611781571,-0.35035256672936,0.121765793506897
80403,776.8666667,Temp Forests,1.447359291,-0.587956026,0.05650582,0.761482362,1.14474771,-1.720494375,0.045968804,-0.306985629,1.411988173,0.861639528,1.104851588,-0.731382134,0.354278716,2.10181644,-0.142328484,"(670, 1652]",-2.0148452185637,-0.773181033110986,0.0771308364280649
80404,1941.533333,Temp Forests,1.943963294,-1.068693542,0.931638133,1.28118534,1.002167467,-1.53318879,0.140445841,-0.499030182,1.652672365,0.716580618,0.898318204,-0.605989453,0.330330812,2.546584835,0.031463318,"(1652, 9633]",-2.7462884103595,-1.82147805780541,-0.444253015545555
80405,3041.933333,Temp Forests,1.38150804,-1.377499475,1.016278603,0.961316343,1.373715767,-1.726424212,0.488568073,-0.53990619,1.53805624,0.808393367,0.730639318,-0.670757037,0.366485165,1.843359141,-0.355673505,"(1652, 9633]",-2.1651565415758,-0.357121971260594,-0.195849403004783
80406,3316.8,Temp Forests,1.553921821,-1.354797293,0.441575624,0.829512267,1.239179228,-1.727331204,0.089823582,-0.355600522,1.576962405,0.870755796,0.785618557,-0.63915669,0.341966823,2.408130807,-0.094245029,"(1652, 9633]",-2.28390581867041,-0.978865946400197,0.498822058786963
80407,290,Temp Forests,1.10734328,-1.390819609,1.014537396,1.25572652,1.300416422,-1.053033813,0.389740032,-0.725466699,1.499813941,0.901910837,1.084690514,-0.506686526,0.593728726,2.106859897,0.146034842,"[57, 670]",-2.96559635989522,-1.36216825737066,-1.05148563007039
80408,2830.333333,Temp Forests,1.714374244,-1.637790227,1.056816381,0.833918847,1.203232136,-1.453716607,0.194799671,-0.573941177,1.656917043,0.874342102,0.857370367,-0.681892662,0.409541713,2.465587421,-0.01570776,"(1652, 9633]",-2.65672892113697,-0.987082738847286,-0.306798523809376
80409,3024.866667,Temp Forests,1.220172377,-1.459774715,0.767442512,0.864294322,1.501444915,-1.778247884,0.544033005,-0.496076217,1.709223811,0.74254384,0.706076518,-0.662048122,0.391508505,1.587934225,-0.38017983,"(1652, 9633]",-2.03954274438386,-0.450186565786709,0.138957542612844
80410,466.0666667,Temp Forests,1.155468788,-1.291618529,1.286321188,1.31162063,1.210952661,-1.272998858,0.064758014,-0.822150222,2.071606169,0.582516324,1.147920382,-0.392574834,0.42120165,2.11407411,0.107802552,"[57, 670]",-2.74692373035493,-2.92159622957171,-0.813976585316264
80411,2277,Temp Forests,0.880967755,-1.711824992,1.666520391,0.211393671,1.005171705,-1.200120082,0.386972066,-1.059891501,1.238475033,0.718173174,1.022997567,-0.818058607,0.566860333,1.516736313,-0.251192123,"(1652, 9633]",-1.15060388262761,0.336533417635423,-2.20853501992421
80412,3130.933333,Temp Forests,1.44417673,-1.355659483,1.042956956,0.828097165,1.253690311,-1.611735674,0.419337258,-0.544644186,1.415363682,0.72026801,0.923737555,-0.876169728,0.543387005,1.946570642,-0.208219401,"(1652, 9633]",-2.13776056401899,0.177167795672437,-0.707738449583001
80413,1890.6,Temp Forests,1.19352531,-1.463398735,1.269070631,-0.14195205,1.132046335,-1.427176708,0.419756413,-0.630512327,1.092348066,0.77962214,0.977506024,-0.961489607,0.656378824,1.669209094,-0.301157195,"(1652, 9633]",-1.34111453546437,1.36105963570404,-1.40932613313745
80414,682.4,Temp Forests,1.339116446,-2.219752033,1.715275175,-0.099550973,1.107678297,-1.216031919,0.763191909,-0.861102378,1.203135427,0.924917452,0.805049875,-0.957163951,0.656645818,1.803697159,-0.156970242,"(670, 1652]",-1.8160282372196,1.28778657262449,-1.74021463682736
80415,3429.333333,Temp Forests,0.257622461,-1.822653501,0.523515515,-0.159062791,0.936995037,-1.486726417,0.375343253,-1.277717934,1.047176734,0.55936817,1.028551204,-0.933536746,0.462961017,1.009478308,-0.362488094,"(1652, 9633]",0.538048938505783,0.785124297512032,-1.98764391193743
80416,1896.733333,Temp Forests,1.825747383,-1.069038226,1.004515694,1.014051546,1.159092649,-1.446962134,0.141097032,-0.506067596,1.612134947,0.818732762,0.919754212,-0.655518637,0.455224888,2.415452702,-0.023377735,"(1652, 9633]",-2.80208833509917,-1.21122652998825,-0.445602866205817
80417,3297.4,Temp Forests,0.167286286,-2.150487321,0.613163714,-0.101419006,0.89956399,-1.401397058,0.471131157,-1.656715438,1.008512357,0.619946134,0.957212027,-1.038451496,0.520594482,0.888398598,-0.342369316,"(1652, 9633]",0.774729075348521,1.07847418841147,-2.44757593472977
80418,1521.866667,Temp Forests,1.915366068,-2.115517377,0.777575915,0.980662297,1.031982313,-1.584419616,0.139563475,-0.447963656,1.556143644,0.783980195,0.786390344,-0.716926815,0.33228587,2.418998315,0.105628942,"(670, 1652]",-2.29365225854858,-1.00004420519156,-0.0633268238300877
80419,2283,Temp Forests,1.791180694,-1.361341559,1.248058728,0.866651704,1.262792805,-1.525118232,0.326757157,-0.513100004,1.438402289,0.805358309,1.001776765,-0.822578318,0.51485953,2.289466315,-0.212044532,"(1652, 9633]",-2.60843082172267,0.0707053024388907,-0.780911154127003
80420,307.7333333,Temp Forests,1.457862591,-0.94585172,1.926104168,1.521688573,1.131235387,-1.176601491,-0.051190869,-0.778439063,2.062709417,0.767442512,1.014537396,-0.299496576,0.43160344,2.281364373,0.125568376,"[57, 670]",-3.38964823600878,-3.27340264594167,-0.890297554905176
80421,2491,Temp Forests,1.234404666,-1.270521692,0.804397448,0.955155343,1.368714635,-1.690497592,0.503606436,-0.499354884,1.581839415,0.722841235,0.829019163,-0.780464171,0.465700723,1.631272524,-0.289530916,"(1652, 9633]",-2.06115697831125,-0.256949958947499,-0.298496076540398
80422,563.7333333,Temp Forests,1.091867933,-1.205090926,0.842654155,0.985080823,0.957688364,-1.516028539,0.453487454,-0.846594077,1.431517583,0.590513693,0.921794929,-0.762421481,0.355559521,1.647707355,-0.13701199,"[57, 670]",-1.42247506601871,-0.952855964331229,-1.33010026123589
80423,1063.266667,Temp Forests,1.344747389,-1.791744955,1.13336408,-0.248465485,1.169618765,-1.5746947,0.533298094,-0.349418658,1.087397379,0.980435486,1.100258001,-0.963550799,0.826032653,1.77000173,-0.369711829,"(670, 1652]",-1.77795703865147,2.19566531887658,-0.875564320133748
80424,2213.933333,Temp Forests,0.695144436,-1.61665528,1.533690916,0.278149879,0.947089508,-1.242998734,0.410781622,-1.165672307,1.169143485,0.700754656,0.994133618,-0.867719587,0.574291296,1.319395175,-0.274317551,"(1652, 9633]",-0.803106102373083,0.427598291918871,-2.3393634091646
80425,683.1333333,Temp Forests,1.094298467,-0.802589066,-0.168601179,1.100314527,1.15144399,-1.521383813,0.035393906,-0.710895367,1.576033836,0.653279093,1.025832089,-0.611052242,0.245903621,1.905466558,-0.035737963,"(670, 1652]",-1.55997916699315,-1.94289369911393,-0.338249879473397
80426,1877.866667,Temp Forests,1.294167276,-1.870600392,1.427722844,-0.071580896,1.132427405,-1.353855977,0.508148065,-0.758974232,1.167892623,0.836955674,0.946522422,-0.863865351,0.570018349,1.819384458,-0.208113487,"(1652, 9633]",-1.5743829450072,0.947586545083331,-1.44712651506089
80427,1753.333333,Temp Forests,0.961088702,-1.740247038,0.832626968,-0.501149815,1.123442911,-1.725888555,0.473388856,-0.388968435,1.060146005,0.845158157,1.00082731,-0.897668527,0.621656604,1.518173978,-0.449473229,"(1652, 9633]",-0.869403076617373,1.84065857658913,-0.668919638010699
80428,2403.866667,Temp Forests,1.097835902,-1.844226395,1.012787338,-0.441470059,1.211764878,-1.694415463,0.475264649,-0.377682141,1.07115645,0.906820142,0.965210411,-0.882226178,0.661935884,1.6895394,-0.366643282,"(1652, 9633]",-1.27865384006094,1.84579992299262,-0.515644233883543
80429,1194.4,Temp Forests,1.801878272,-1.641057597,0.392067483,0.691650549,1.390169718,-1.901296475,0.460903557,-0.307147109,1.61330569,0.975499158,0.724792519,-0.539176442,0.377361394,2.215731542,-0.290055481,"(670, 1652]",-2.50466875342647,-0.409111743486068,0.83938160121845
80430,1094.4,Temp Forests,0.829692394,-1.673962986,1.533488545,-0.0047866,1.070334855,-1.246459237,0.463272383,-0.990397885,1.015172232,0.722496644,1.005178589,-0.875520415,0.506238749,1.597046306,-0.32021897,"(670, 1652]",-0.917349737795805,0.941820048341686,-2.18912138027575
80431,2769,Temp Forests,1.784526968,-1.280919814,0.910852651,0.950130243,1.220879054,-1.625894065,0.237768571,-0.391680789,1.484480653,0.795093155,0.918912342,-0.775639632,0.472911109,2.218916828,-0.13094047,"(1652, 9633]",-2.5116970380284,-0.361003111420335,-0.280388239336243
80432,1676.466667,Temp Forests,1.73719374,-1.070718145,0.751781983,0.914895345,1.079030381,-1.48653002,0.273949611,-0.430832788,1.354358416,0.726370079,0.916010438,-0.757054783,0.432266019,2.147923868,-0.054583692,"(1652, 9633]",-2.25553660320511,-0.619085656928921,-0.691823618837296
80433,3026.4,Temp Forests,1.982365339,-1.420800241,0.603425215,0.911025393,1.247289139,-1.691709324,0.139357018,-0.362049473,1.703415729,0.861314145,0.836927197,-0.612286467,0.388870926,2.589367307,-0.055831277,"(1652, 9633]",-2.79433783262413,-1.14251791287185,0.426458374689708
80434,2631.666667,Temp Forests,0.429937645,-2.085867417,1.281869257,-0.074315393,0.91771477,-1.313483903,0.427120738,-1.34690565,1.086018106,0.736355483,0.987842554,-0.971796358,0.588974737,1.166266493,-0.267410287,"(1652, 9633]",-0.146894070893975,0.989157357648723,-2.30558085570491
80435,799,Temp Forests,2.011735204,-1.932673999,0.8774084,1.087397379,0.918780259,-1.655409835,0.188377216,-0.354371035,1.822227374,0.667939177,0.845397622,-0.523248252,0.285854862,2.782645414,0.051521278,"(670, 1652]",-2.64837531648409,-1.90163094755465,0.0274595746419945
80436,4282.466667,Temp Forests,1.486766024,-1.542885141,1.049801841,0.93028916,1.47289871,-1.802838312,0.501494577,-0.826374442,1.64821975,0.739518908,0.613415357,-0.60409341,0.339734313,2.007900743,-0.53976782,"(1652, 9633]",-1.98322488798801,-0.394822624010122,-0.216907555771749
80437,1862.933333,Temp Forests,0,-2.469530718,0.269235841,-0.37750584,0.951772066,-1.581986604,0.419821497,-1.789904739,0.924839419,0.573141202,0.887440627,-1.081910188,0.405836446,0.706273785,-0.386025121,"(1652, 9633]",1.54586209555,1.36065703116709,-2.14995305934957
80438,320.6666667,Temp Forests,1.011963122,-3.442521795,0.893635744,-0.338084568,1.117295079,-1.359045011,0.454534735,-0.653031468,1.314071488,0.889194058,0.908588827,-1.088704037,0.66722015,1.566012554,-0.021696592,"[57, 670]",-0.982428992518663,1.70905899306745,-0.839449268388743
80439,1366.533333,Temp Forests,1.021231412,-1.460133287,0.907944332,-0.145614347,1.111025348,-1.477600529,0.378156222,-0.744279663,1.040815017,0.717153091,1.009006362,-0.97299566,0.639693386,1.424762746,-0.373636968,"(670, 1652]",-0.790771067054102,1.43401915081603,-1.48247825524487
80440,3546.066667,Temp Forests,1.005543083,-1.511483484,0.648149087,-0.255778587,1.166734844,-1.738139662,0.254854845,-0.460142212,1.076858176,0.786715958,0.990699476,-0.902577455,0.557172485,1.531579439,-0.334227377,"(1652, 9633]",-0.838082863071814,1.2986334280754,-0.503293704900005
80441,2371.466667,Temp Forests,1.00824567,-1.865269271,0.942284468,-0.39315885,1.158673003,-1.688594204,0.447672831,-0.497249192,1.081693556,0.855295839,0.89704003,-0.869063437,0.561473768,1.571354924,-0.37119606,"(1652, 9633]",-0.939578222769171,1.53005874706075,-0.629335665576385
80443,1036.933333,Temp Forests,1.725571735,-1.746126688,1.644153489,0,1.17540274,-1.23167521,0.567308073,-0.632456519,1.154001822,0.882388282,0.985379675,-0.883941905,0.657489493,2.112402693,-0.165459817,"(670, 1652]",-2.28109670133157,1.13345290420339,-1.5839712293872
80444,1049.466667,Temp Forests,2.147005546,-1.642040139,1.318282949,0.475801858,1.378776992,-1.425113353,0.39884891,-0.363222803,1.329593574,0.962989424,1.077322195,-0.839010076,0.597410589,2.442256635,-0.203628182,"(670, 1652]",-3.01523152994048,0.857397876848642,-0.699358895664979
80445,5809.533333,Temp Forests,1.38844021,-1.561787713,0.857933925,0.712783408,1.385246088,-1.764096485,0.301410579,-0.428456112,1.566062312,0.701759284,0.794623188,-0.712015069,0.465229604,1.93696726,-0.213491863,"(1652, 9633]",-2.05070162922712,-0.283160941639888,0.12168129299894
80446,912.8666667,Temp Forests,1.153050115,-1.256125014,0.685235663,1.419438051,1.163380443,-1.083662852,-0.167456969,-0.705601772,1.838344152,1.095952713,0.92251995,-0.408281909,0.331595102,2.673518082,0.193317823,"(670, 1652]",-3.03073835459085,-2.80054583745936,-0.193634738045593
80501,4205.066667,Temp Forests,1.92141795,-1.630702885,0.708792305,0.827887369,1.289757364,-1.772107768,0.217556027,-0.422199025,1.662734074,0.792934871,0.692248752,-0.615990267,0.304211188,2.41493326,-0.116792775,"(1652, 9633]",-2.43958961553631,-1.0021071061171,0.453636914625999
80502,1146,Temp Forests,1.938249454,-1.954041176,1.463107927,0.651902829,1.40125584,-1.205820244,0.259516488,-0.698249258,1.521866628,0.968275694,1.167809467,-0.744605841,0.528208506,3.065571382,-0.115111151,"(670, 1652]",-3.26102389520068,0.041331296829652,-1.00576647364145
80503,1257.133333,Temp Forests,1.812261319,-1.675974966,0.491645189,0.760197381,1.439346244,-1.900197334,0.475442699,-0.339012131,1.638490553,0.979183866,0.697878468,-0.52701135,0.344492598,2.290508903,-0.295500976,"(670, 1652]",-2.61174376094304,-0.48966438500111,0.857113360712053
80504,2067.266667,Temp Forests,1.98604736,-1.646544621,0.818858765,0.836453574,1.222971389,-1.628713044,0.379763728,-0.501101283,1.504390012,0.797782297,0.885459556,-0.748181007,0.461505368,2.387506471,-0.141553592,"(1652, 9633]",-2.53069545592004,-0.242068823726131,-0.306883683332518
80505,482.4,Temp Forests,1.70573691,-2.333150497,1.780917477,-0.016228065,1.406359371,-1.117698664,0.603624398,-0.645244947,1.269035722,0.924370425,1.018970204,-0.879116779,0.719131236,2.180488188,-0.118393509,"[57, 670]",-2.62343868558803,1.35805838023778,-1.44066861994478
80507,292.6666667,Temp Forests,1.237482053,-2.153358825,0.617723419,1.79965813,1.650929406,-0.86613073,-0.025055806,-0.530766791,2.118176312,1.269683846,0.96748614,-0.338616151,0.538474666,3.023808027,0.225096277,"[57, 670]",-4.25982370440365,-2.45219631238082,0.424000661297878
80508,189.8666667,Temp Forests,0.949522549,-1.424173081,1.960668492,0.67149791,0.883300895,-1.048195497,-0.267722105,-0.636217013,1.850080819,0.524994053,1.604655119,-0.522155575,0.416037442,2.601472225,-0.273882186,"[57, 670]",-2.1411895631404,-1.69495145594399,-2.12754582966213
80509,2778.866667,Temp Forests,0.802049104,-2.341035515,0.779411494,-0.004048704,0.964527997,-1.419250071,0.245068081,-1.25292472,1.322966836,0.832129462,0.891306683,-0.69666199,0.318142522,1.623666647,0.009153266,"(1652, 9633]",-0.588898180327327,-0.545257382233567,-1.13492380623321
80510,1059.533333,Temp Forests,1.534058554,-2.154967848,0.871627992,-0.394042206,1.254495866,-1.614408208,0.446750539,-0.249466653,1.187805402,0.955794409,1.060864369,-1.014537396,0.822479842,1.90643392,-0.272093246,"(670, 1652]",-1.82269092489876,2.23959726983223,-0.383849175351417
80511,1577.866667,Temp Forests,1.068175347,-2.034629633,1.140426113,-0.482357563,1.196191948,-1.574877094,0.552670909,-0.443653261,1.080899801,0.873647842,0.984191875,-0.906156094,0.696600945,1.668849866,-0.317460575,"(670, 1652]",-1.29706026531373,1.89571091943235,-0.824605025467635
80513,711.4666667,Temp Forests,1.53600792,-0.851415992,0.194668773,1.342449523,0.885291255,-1.616122716,0.083064334,-0.795953993,1.666978717,0.807395935,0.738133019,-0.433897356,0.231701789,2.448910312,0.133577462,"(670, 1652]",-2.19363082089071,-2.82730642276224,-0.0121300234626588
80514,2308.733333,Temp Forests,0.389398944,-2.634852025,0.130877494,-0.162359432,1.112971215,-1.60199276,0.038332765,-1.118502292,1.138452687,0.778285133,0.772945522,-0.750161294,0.423225166,1.22459692,-0.069725392,"(1652, 9633]",0.294624987633386,0.255478424828268,-0.418246169408303
80515,460.6666667,Temp Forests,1.301256371,-1.859587694,0.931537013,1.376312873,1.081142652,-1.494324051,0.185955512,-0.709099861,1.898874329,0.772412621,1.028151128,-0.597849783,0.262484904,2.304553242,0.075288985,"[57, 670]",-2.49235679294459,-2.10908294641572,-0.416886455983878
80516,3685.266667,Temp Forests,0.518076745,-2.505616743,0.283906575,-0.18947271,1.046070952,-1.541092353,0.16829634,-1.234133249,1.148936893,0.778056563,0.887496082,-0.888809089,0.424193615,1.247937704,-0.103437793,"(1652, 9633]",0.201464276682298,0.510760957349026,-0.970865185578405
80517,364.2666667,Temp Forests,0.928919421,-2.142275131,2.401928859,-0.078830586,0.940685349,-1.321296559,0.308212011,-1.456763222,1.319757412,0.852322928,0.97746845,-0.792195907,0.1365244,1.75611522,-0.018920069,"[57, 670]",-1.07130161805123,-0.554414534383066,-2.17142961571134
80518,4214.066667,Temp Forests,0.498619112,-2.275727622,0.592721287,-0.145391419,0.971295588,-1.410120045,0.403536621,-1.45130552,1.232725192,0.7747655,0.903554134,-0.810589724,0.380173946,1.250727004,-0.065198859,"(1652, 9633]",-0.0499917846441269,-0.0598636592261638,-1.52984085801414
80519,1693.933333,Temp Forests,2.190584452,-2.028014954,1.195689985,0.210080347,1.571934745,-1.426585775,0.244628293,-0.320767586,1.352274165,0.981111948,1.206144213,-0.745414581,0.72016307,2.962113086,-0.109383098,"(1652, 9633]",-3.34658783006079,1.03692931096053,-0.200948114152346
80520,1209.466667,Temp Forests,1.694814498,-1.562423666,0.689794719,0.513160675,1.34358576,-1.785095629,0.401088782,-0.337425155,1.475859858,0.84610439,1.123420969,-0.927402618,0.822253231,2.055579831,-0.157639354,"(670, 1652]",-2.54797140918368,0.954396103193746,-0.0123864977116736
80521,463.1333333,Temp Forests,1.137844124,-1.989554671,1.329033833,1.038979898,1.050843754,-1.023163247,0.659980269,-1.467022267,1.483252204,0.751773953,1.120623426,-0.859455768,0.551839813,1.894123018,0.051379152,"[57, 670]",-2.01384306406742,-0.610801586493381,-2.50618343957045
80601,1743.733333,Boreal Taiga,2.042150122,-2.052914993,1.215493642,0.175250302,1.666704197,-1.428436586,0.227967673,-0.245138619,1.3190494,1.028951156,1.299415492,-0.736913644,0.790336108,2.719164901,-0.160021236,"(1652, 9633]",-3.34138981995217,1.37147955280589,-0.136089374658132
80602,503.3333333,Boreal Taiga,2.657217955,-2.102126305,0.042839341,0.479817544,1.579781606,-2.130801852,0.073464756,0.056240396,1.600667785,1.235548761,0.54637887,-0.350682015,0.262434111,2.998492357,-0.444856888,"[57, 670]",-2.97118700357556,-0.0913205828544118,2.30700231009295
80603,589.4666667,Boreal Taiga,1.9050342,-2.337780448,0.691650549,0.034616311,1.644538424,-1.578812339,0.461022159,-0.16463084,1.204056813,1.04958438,1.294049358,-0.753459811,0.806995593,2.669061476,-0.09567271,"[57, 670]",-3.10530303313807,1.74680350512182,0.238674569399039
80604,114.1333333,Boreal Taiga,0.924636777,-3.688943391,1.142315321,0.518790555,1.775542363,-1.105969536,0.387862608,-1.167167408,1.115886423,1.006627911,1.06528201,-0.797985495,0.67970411,1.982443177,0.075073132,"[57, 670]",-1.94291182224193,1.38562187090939,-0.977356215733137
80605,671.9333333,Boreal Taiga,1.821131289,-2.740249728,0.738052921,-0.021348491,1.91729933,-1.549406884,0.165652311,-0.160849642,1.095952713,1.053747671,1.571438099,-0.80098745,1.005272504,2.975999175,-0.095119653,"(670, 1652]",-3.27638267333618,2.59735347702827,0.369784881502237
80606,361.2666667,Boreal Taiga,1.391407243,-2.640767895,1.245704035,-0.157313016,1.710888768,-1.148245789,0.681419543,-0.638038181,1.124295126,0.965338073,1.388609305,-0.966551073,1.02915876,2.024970276,-0.047084357,"[57, 670]",-2.70459519389596,2.49510479694845,-1.20911648929408
80607,432.0666667,Boreal Taiga,1.439894034,-2.665302469,1.214145021,-0.008716247,1.215225651,-1.375059513,0.590114332,-0.747788624,1.350939782,0.942685776,0.897668527,-0.936729827,0.628815409,1.698275578,-0.119903927,"[57, 670]",-1.74786589054612,1.18732610501508,-1.00510687530441
80608,2972.133333,Boreal Taiga,1.997938275,-1.673948687,0.96466679,0.863584674,1.705857592,-1.880318412,0.438701287,-0.5030553,1.679136983,1.074798579,0.429932228,-0.295099319,0.154197249,2.418000444,-0.606164269,"(1652, 9633]",-2.78470148389408,-0.713241515544692,0.96415054841093
80609,960.4,Boreal Taiga,2.036380608,-2.042967481,1.515487799,-0.026117477,1.739474818,-1.364450016,0.189933792,-0.197514462,1.163299051,1.095952713,1.329007723,-0.728371703,0.805805607,2.736381871,-0.176044621,"(670, 1652]",-3.41612216526007,1.78721913912565,-0.247351609295244
80610,803.4666667,Boreal Taiga,2.002093516,-2.036061387,1.325633451,0.567358524,1.366257796,-1.609946712,0.51533296,-0.604375789,1.499813941,0.767355316,1.103180222,-0.83655158,0.606560467,2.471896185,-0.309525914,"(670, 1652]",-2.66668690829357,0.794406028856955,-0.802734122658578
80611,1133.733333,Boreal Taiga,1.982389143,-1.686854045,1.20926978,0.459321954,1.448226738,-1.501718823,0.307989487,-0.427275644,1.264812574,0.907028282,1.102067276,-0.86648611,0.666990052,2.445233788,-0.229290798,"(670, 1652]",-2.77211478204788,1.13857565998606,-0.601293236109543
80801,373.8,Grasslands,1.535118994,-0.88341246,1.996482466,1.382556039,1.161059305,-0.870288899,0.160021236,-0.615204193,1.780917477,1.086766551,1.009220631,-0.564396079,0.665739328,2.662099179,0.116529558,"[57, 670]",-4.03972015970294,-1.76648418954562,-1.29425513281064
80802,120.3333333,Grasslands,1.663430087,-3.031549755,1.336228842,1.426816049,1.382556039,-0.885291255,0.475935743,-1.68120383,2.00367204,0.713102781,1.453703003,-1.059371476,0.446091947,2.69324295,0.307342307,"[57, 670]",-3.02157594123117,-1.07664522935664,-2.34240819285211
80804,899.5333333,Grasslands,2.065281147,-1.977842833,1.684032968,0.028574655,1.633078814,-1.242104731,0.114410045,-0.251666703,1.352128898,1.040954455,1.286321188,-0.7437041,0.737031272,2.71856522,-0.151181676,"(670, 1652]",-3.40908763014566,1.19423959906717,-0.510547114568326
80805,1331,Grasslands,1.71650321,-1.373813343,1.095952713,0.966716614,1.168105158,-1.326871677,-0.116846807,-0.387339394,1.692249831,1.07417504,0.834777724,-0.571269452,0.338322789,2.784825432,-0.037803064,"(670, 1652]",-3.00986823988004,-1.46583851528747,-0.0216791355242546
80806,538.4,Grasslands,1.495993168,-1.568333321,1.785949841,0.828153456,1.152769234,-1.247522743,-0.003968213,-0.851779983,1.614084645,0.982267536,1.239484598,-0.865865939,0.409983848,2.709939042,-0.190064534,"[57, 670]",-2.69793321437127,-0.394958865128997,-1.45080590382503
80807,57.13333333,Grasslands,2.292744547,-2.489403691,0.181955626,0.765569483,0.691650549,-1.308751607,0.499733563,-1.229015718,1.289409891,0.526963886,1.180817777,-1.095952713,0.341053846,2.47307317,0.09218868,"[57, 670]",-1.3120126534326,-0.0572020809153024,-2.21449941346373
80808,1611.066667,Grasslands,1.494389873,-1.647188342,1.163773871,1.136900853,1.192634762,-0.857513002,-0.039530057,-0.671940373,1.748692336,1.093887053,0.815237189,-0.515543693,0.471592379,2.942919963,0.192497335,"(670, 1652]",-3.34757444964135,-1.96438491033821,-0.650151551912511
80809,1564.333333,Grasslands,2.02897338,-1.712951037,1.327952783,0.49014444,1.338589437,-1.408384122,0.218527627,-0.497577301,1.408706397,0.88506606,1.157708433,-0.829382285,0.580280198,2.643418096,-0.112104504,"(670, 1652]",-2.90471829995545,0.430387018011814,-0.756664355124874
80810,1069.933333,Grasslands,1.840906981,-1.607650073,1.431591076,0.720565174,1.34761089,-1.23186935,0.123152664,-0.547139413,1.450117716,1.022959328,1.072698623,-0.849624045,0.581166724,2.540239162,-0.130253553,"(670, 1652]",-3.00635716628475,0.260316089852685,-0.891920475752772
80811,281.3333333,Grasslands,1.62651924,-2.373645129,1.453703003,0.777607574,1.329494875,-1.007110793,0.243387839,-0.646092864,1.839677343,0.870834524,1.308751607,-0.798205195,0.557241337,2.357721212,-0.012170929,"[57, 670]",-3.03667500238222,-0.454109216262484,-1.30372932579931
80812,154.2666667,Grasslands,1.54244892,-0.072176183,0.855521943,0.765569483,1.822897101,-0.884204423,-0.194916437,-0.523913679,2.224418437,0.906496076,1.483888223,0.148913468,0.524326903,2.77342617,0.261834572,"[57, 670]",-4.55617431439944,-4.09408173555109,0.171700632231836
80813,1414.4,Grasslands,1.542360364,-1.704969258,1.847550529,0.118950055,1.361590861,-1.184780394,0.276456537,-0.550174571,1.323848773,0.974001317,1.01270807,-0.678873404,0.471437872,2.390986896,-0.269449555,"(670, 1652]",-2.55546349504919,0.405569577048703,-1.16957946806052
80814,2756.666667,Grasslands,1.69019021,-1.237538285,1.189397378,0.924039995,1.153098378,-1.429237163,0.037664979,-0.453950486,1.568603536,0.83476052,1.011567826,-0.76633077,0.479429002,2.416687294,-0.076173826,"(1652, 9633]",-2.66026888976092,-0.712196468545588,-0.599393898384104
80815,513.6,Grasslands,2.002042649,-2.094945004,1.702185728,0.142277544,1.617491419,-1.26358168,0.178520267,-0.39721458,1.409385343,0.997827245,1.312038339,-0.808529719,0.771078338,3.396910155,-0.132378941,"[57, 670]",-3.65366817438983,1.21283444368015,-0.609594284208174
80816,696.4666667,Grasslands,1.985727362,-1.866951769,1.872405834,0.333897984,1.554986164,-1.212919729,0.063122699,-0.380720799,1.397899047,1.06115081,1.28138746,-0.605804949,0.645071559,2.81771612,-0.091578564,"(670, 1652]",-3.552052056508,0.398145845962058,-0.625766294861133
80817,1264.266667,Grasslands,2.174992149,-1.687407005,1.315891579,0.285582178,1.459180226,-1.369595412,0.230507962,-0.275215571,1.355549092,1.048129385,1.202709935,-0.732369493,0.66671112,2.608012006,-0.164651462,"(670, 1652]",-3.27882140390045,0.814232703843231,-0.43829254982925
80818,947.6,Grasslands,1.318840777,-1.544993314,1.654819108,1.165917111,1.219816122,-1.036955882,0.30505599,-1.073741022,1.586879735,0.865668952,0.970119827,-0.791883581,0.399387618,2.425801557,-0.022943625,"(670, 1652]",-2.6812540101552,-1.03079053078683,-1.76011290241571
80901,453.5333333,Grasslands,1.680293996,-1.706379446,2.400451806,-0.034123107,1.241150779,-1.050292581,0.598619417,-0.771488695,1.083190746,0.908717197,0.888781243,-0.768643097,0.620788272,2.035214875,-0.167044328,"[57, 670]",-2.46781651684972,0.95156941560008,-2.0507319323165
80903,92,Grasslands,1.71068567,-1.407143066,2.272741718,-0.174003616,1.423202223,-0.996188912,0.046427128,-0.37652321,0.961203986,0.781032992,1.172650078,-0.809128887,0.795180045,2.050720611,-0.365187499,"[57, 670]",-2.32233735179518,1.74398096823663,-1.93037637105825
80904,70.66666667,Grasslands,0.967149149,-0.23436654,0.257308777,0.478578849,1.541460716,-0.845397622,0.222694463,-1.442917251,0.967149149,0.469030683,1.830123572,-1.095952713,0.32654811,1.729132292,0.102448898,"[57, 670]",-1.38115217007223,-0.213366420658548,-3.03777215332386
80907,536.1333333,Grasslands,1.568333321,-1.656599247,1.963803175,0.082900607,1.095952713,-1.056860244,0.740022186,-1.103390576,1.015317836,0.867436648,0.792337473,-0.90280007,0.394843808,1.920729224,-0.162369422,"[57, 670]",-1.8016555278552,0.701899606568625,-2.46604976101887
81001,945.5333333,Grasslands,2.01754552,-2.250686764,1.393979667,0.402833979,1.542819244,-1.235047739,0.180100663,-0.532309679,1.493919733,0.89912568,1.373743713,-0.706408655,0.643242787,3.227122185,0.022984273,"(670, 1652]",-3.48661865153045,0.311209820794664,-0.675795778850564
81002,681.3333333,Grasslands,1.845838094,-1.859587694,2.045149967,0.144540854,1.416987853,-1.23755962,-0.023884992,-0.343176682,1.307865452,1.139730215,1.146297295,-0.635907156,0.559408854,2.964620272,-0.208255203,"(670, 1652]",-3.21932079628807,0.619668742647267,-0.656654169800838
81003,1851.733333,Grasslands,1.188269502,-2.499132975,0.779977022,-0.06050354,1.064470865,-1.500093876,0.203641162,-0.997448653,1.364812978,0.81030884,0.886213111,-0.805390268,0.339866073,1.770870487,0.07858075,"(1652, 9633]",-0.946481261667585,-0.202434034873256,-0.704451339182319
81004,259.9333333,Grasslands,1.226206868,-1.719096801,0.148122672,1.561074475,1.810734243,-1.155812589,-0.04869274,-0.081183093,1.9739226,1.634801591,0.745580722,-0.461080174,0.030336793,3.667577856,-0.131663453,"[57, 670]",-4.2448159500086,-1.86352214540482,1.54096326204197
81006,1003.2,Grasslands,1.961974752,-1.434825465,1.349119694,0.537400771,1.405389004,-1.368921972,0.08066582,-0.398931544,1.460559837,1.100432151,1.058708004,-0.638186715,0.367131477,2.914618044,-0.229016522,"(670, 1652]",-3.16584829242872,-0.176927654952263,-0.346442559569672
81008,218.1333333,Grasslands,1.446226492,-0.810605295,0.350682015,1.907048479,1.598215967,-0.39175793,-0.201460493,-0.839682698,2.108118345,1.495195313,1.091262422,-0.203189766,0.929418955,3.176342276,0.602098655,"[57, 670]",-5.28131887220924,-3.48571867335608,-0.0119649141394317
81012,559.8666667,Grasslands,2.005055941,-1.429157996,0.939439806,0.679983568,1.23908941,-1.421004731,0.259260201,-0.611085901,1.377008502,0.952467586,1.062758103,-0.696153957,0.194543277,2.921120399,-0.118244562,"[57, 670]",-2.73397828488597,-0.582113891979205,-0.688188832009572
81013,823,Grasslands,0.794040446,-1.552644525,2.105068143,0.357569119,1.07448434,-1.051021718,0.100147343,-0.811827972,1.427521566,0.847993937,1.170961197,-0.672828846,0.563922696,1.73937519,-0.380905492,"(670, 1652]",-1.73636609413603,-0.0412461074047336,-2.11211707155445
81014,654.2,Grasslands,1.757220747,-1.96398398,0.633297718,0.722662885,1.339842533,-1.029254581,-0.003845877,-0.263489981,1.57983636,1.111405091,1.286487112,-0.465764621,0.519061077,3.496690813,0.024765633,"[57, 670]",-3.58728492665947,-0.829572894607972,-0.229443433655263
81015,321.5333333,Grasslands,1.732205514,-2.047700452,2.11999403,0.22566899,1.104223864,-1.204377859,-0.194668773,-0.323391567,1.538096359,0.917951441,1.356348773,-0.598059485,0.555313846,2.819181953,0.021122562,"[57, 670]",-2.98836041272601,-0.400239878842272,-0.935707475159784
81016,756.5333333,Grasslands,1.97987132,-2.69324295,1.308170994,-0.026195829,1.659454336,-1.277035565,0.311281688,-0.411838126,1.332311026,1.030858996,1.228809168,-0.732369493,0.76143092,3.235894277,0.105149825,"(670, 1652]",-3.4957343048318,1.14265154681715,-0.167802973259364
81017,3316.866667,Grasslands,1.158945226,-2.165475235,1.381413441,0.005870628,1.086857671,-1.333363834,0.296012626,-0.958487634,1.334984584,0.954312091,0.974443221,-0.746542332,0.41331416,1.839286291,-0.03000594,"(1652, 9633]",-1.5262578668325,-0.0348987104164554,-1.17455889864396
81019,1273.333333,Grasslands,1.589776889,-1.726725993,1.511092008,0.876734569,1.218079821,-1.111141892,0.174234334,-0.799003699,1.599962463,0.917027214,1.108246503,-0.719581969,0.54318341,2.785357064,-0.051325907,"(670, 1652]",-2.97790732546976,-0.633903480732134,-1.29463633253039
81020,790.8,Grasslands,1.865483346,-1.841349283,2.021850696,0.241979115,1.357813999,-1.329852385,0.043715164,-0.36375396,1.383872319,0.964709847,1.211599452,-0.74977156,0.509761228,2.707853372,-0.144643725,"(670, 1652]",-3.00482128378253,0.460766567271455,-0.823881358456798
81021,488.0666667,Grasslands,1.996163788,-2.09855438,1.243350827,0.269999188,1.425252913,-1.142641152,0.193766046,-0.473475137,1.504968238,1.049367613,1.346647128,-0.595117651,0.444324807,2.625239567,-0.089227895,"[57, 670]",-3.11177107272276,-0.0731107889021225,-0.78959440525413
81022,798,Grasslands,1.475644426,-1.765818865,1.290558131,0.354616484,1.071462262,-1.356279615,0.104537375,-0.787286038,1.325927819,0.863048165,1.212628823,-0.752705775,0.359329181,2.305473437,-0.114302709,"(670, 1652]",-1.8938303962455,-0.190591069576817,-1.29533700383258
81101,152.6,Tundra,2.8279306,-3.338770986,0,1.081402113,2.063305037,-2.329184059,-0.443015996,0.032724361,1.480103509,0.503786709,2.399818106,-0.945602427,1.773124994,4.041374811,-0.130358725,"[57, 670]",-4.21855183904266,3.498435570328,1.4120083871365
81102,318.7333333,Tundra,1.74364576,-3.19424755,0.649195727,0.022178777,1.986555314,-1.614236005,0.276758654,-0.500097775,0.977344347,1.024978216,1.442068173,-0.912330359,0.809128887,3.165191603,-0.015799866,"[57, 670]",-2.89595597823785,2.70184164803507,0.289448235716232
81103,302.4666667,Tundra,1.556111648,-3.484415445,0.728371703,0.149981112,2.01754552,-1.611376864,0.138558436,-0.176850904,0.982312593,1.168393844,1.769244857,-0.584811388,1.297138764,3.344339663,0.126637798,"[57, 670]",-3.76479138206068,2.81009669999175,0.873048470910215
81104,315.4,Tundra,1.903720273,-3.531986388,0.442578075,0.222694463,2.048799765,-1.656339705,0.150927963,-0.173162864,1.057944585,0.897279075,1.61126521,-0.910495994,0.936944042,3.678646014,-0.026334081,"[57, 670]",-3.29050570733458,2.94746156238495,0.643542217012779
81105,363.4,Tundra,1.81317882,-2.643332012,0.636725859,-0.204382786,1.742797897,-1.582297258,0.426159162,-0.322117923,1.203962748,1.077146424,1.210245419,-0.745580722,0.677400059,2.678537043,-0.112569877,"[57, 670]",-2.77678151419749,1.75827047327201,0.366092130029699
81106,387.2,Tundra,2.069123169,-2.282794142,0.375916422,0.414464465,1.560579307,-1.911323618,0.113369949,-0.022261231,1.14738251,1.006894143,1.348795776,-0.872220669,0.836659299,2.811793574,-0.147623807,"[57, 670]",-2.89034632364999,2.01888860423914,0.778082667147534
81107,136.3333333,Tundra,1.437233795,-3.894505025,0.7574407,0.215788165,2.491201452,-2.071606169,0.287099926,-0.520208789,1.104022948,0.866392638,1.992758167,-0.701016811,1.293065281,2.712749044,0.012245602,"[57, 670]",-3.31665450592221,3.40858519773964,1.11836871759493
81108,332.9333333,Tundra,1.771048244,-3.15981223,0.640483236,0.289996648,1.766944871,-1.765024117,0.094369561,-0.318782318,1.068736967,0.917882025,1.252940721,-0.917815126,0.735634441,2.669306287,0.020368133,"[57, 670]",-2.45306569860874,2.1411258792326,0.582853652044833
81110,1504.8,Tundra,1.972321759,-1.906308168,0.637809947,0.588879388,1.572465392,-1.900997358,0.292678028,-0.322472605,1.491858263,1.014397232,0.741251445,-0.604556236,0.476561111,2.369398873,-0.345337163,"(670, 1652]",-2.60596824938715,0.379374941403954,0.907661374998186
81111,613.6666667,Tundra,2.121203983,-3.093576669,0.60485074,0.117547399,2.150332336,-1.729132292,0.113475149,-0.085595419,1.160271245,1.125705344,1.555308857,-0.783529516,0.975970515,3.133837731,-0.130358725,"[57, 670]",-3.60481127901023,2.83194068204143,1.06660454446498
81112,518.9333333,Tundra,1.555088163,-3.839173126,0.959183699,-0.349691562,2.092057742,-1.573255143,0.352785027,-0.267001576,0.957802796,1.145122941,1.449171875,-0.78959017,1.105202586,2.724679745,0,"[57, 670]",-3.03185446977218,3.46795842290474,0.631149541984948
81113,126.0666667,Tundra,2.366084817,-3.790635434,0.404633507,1.063797628,2.302594984,-1.620445806,0.090789949,-0.67149791,1.676589153,0.711403508,1.63866691,-0.823478781,1.095952713,4.888209849,0.26068818,"[57, 670]",-4.70026111871934,1.39579055786883,0.959798755308607
81114,349.2666667,Tundra,2.010324536,-2.56825938,0.506822372,0.42867872,1.847119563,-1.74364576,0.255701792,-0.449140532,1.128632201,0.942284468,1.3119389,-0.863048165,0.808212659,2.900774674,0.038951423,"[57, 670]",-3.04780075160794,1.81613188153964,0.499333702823654
81201,2957.666667,Mediterranean Scrub,1.949386107,-0.894349726,0.547956047,1.176484505,1.02132769,-1.625961756,-0.225619176,-0.356376056,1.866446084,0.702519022,0.888758321,-0.604777299,0.354927724,2.750419194,0.232487,"(1652, 9633]",-2.8435643689781,-2.50787592698836,0.407407978155388
81202,414.6666667,Mediterranean Scrub,1.27813364,-0.819439085,0.978543346,1.677386322,1.069283187,-1.211661698,0.31385523,-0.748663937,1.611907735,0.787940454,0.921242547,-0.45248324,0.47987617,2.067086963,0.05751402,"[57, 670]",-2.81124170672241,-2.23419531879784,-1.06002246122411
81203,1104.933333,Mediterranean Scrub,0.971925838,-0.972626562,-0.326329153,1.174088641,1.181822447,-1.704005187,-0.097057297,-0.814709812,1.416944936,0.599501498,0.955130783,-0.54186889,0.079882772,1.978560199,-0.137979779,"(670, 1652]",-0.993715449100506,-1.93282531388468,-0.12067879690128
81204,1096.666667,Mediterranean Scrub,1.998566723,-0.890420542,0.375985134,1.062614399,1.226292845,-1.490832116,0.073777583,-0.302258447,1.711369423,0.791778651,0.88915295,-0.463110635,0.591925725,2.661453071,0.044913856,"(670, 1652]",-3.15188493160426,-1.68380989763256,0.299364609441133
81205,941.9333333,Mediterranean Scrub,1.8620263,-0.617315147,0.298375953,1.109843678,1.094500883,-1.60890196,-0.188312144,-0.40320496,1.822663109,0.751114882,0.799229827,-0.488684597,0.258518907,2.490891727,0.181311983,"(670, 1652]",-2.64627142245377,-2.80798791501335,0.540615731585944
81206,616.4,Mediterranean Scrub,1.545653786,-0.577637225,0.342890366,1.118225132,1.121012546,-1.457241359,-0.153184561,-0.540207262,1.738831566,0.706459874,0.958060622,-0.483955854,0.374980921,2.234683908,0.255316031,"[57, 670]",-2.53053648579289,-2.73346673575838,0.068511340527333
81207,2077.4,Mediterranean Scrub,1.939084184,-0.371724389,0.475935743,0.991786351,1.229106552,-1.337326897,-0.173420686,-0.35993141,1.724912595,0.81931233,1.057239901,-0.438976289,0.462128286,2.694893819,0.143211198,"(1652, 9633]",-3.23067652967802,-2.34306268682408,0.0575322691465653
81208,2511.4,Mediterranean Scrub,1.756680528,-1.042933969,0.438354927,1.007465014,1.009367503,-1.629768719,-0.081493198,-0.320003257,1.832731925,0.806035665,0.914195862,-0.559381413,0.359419026,2.681888422,0.037263126,"(1652, 9633]",-2.65977233919171,-2.0605818363739,0.358606689940368
81209,4161.466667,Mediterranean Scrub,1.539666806,-0.99589574,0.409221268,0.996304987,1.013331535,-1.699924648,-0.157703588,-0.364812772,1.7200576,0.820823003,0.893955076,-0.519743583,0.289678233,2.57087087,0.001602575,"(1652, 9633]",-2.32183965307425,-2.06252374325837,0.433389722209956
81210,1702,Mediterranean Scrub,1.728553094,-1.067297696,0.775801678,1.072932997,1.096785014,-1.514877781,0.092005782,-0.414228142,1.631151673,0.783396965,0.830411504,-0.56824159,0.388055508,2.242769665,0.074784119,"(1652, 9633]",-2.60085563938321,-1.73568155804928,-0.0809660408452216
81211,3249.6,Mediterranean Scrub,1.838688333,-1.193361946,0.550718023,0.833479254,1.25123581,-1.562968565,0.013810611,-0.269263933,1.617168496,0.853674581,0.860301267,-0.591331019,0.461388082,2.437012507,0.020967239,"(1652, 9633]",-2.73418123693445,-1.19146028984227,0.377470768785458
81212,708.2666667,Mediterranean Scrub,0.973738642,-0.900811461,-0.26251367,1.207155933,1.157657212,-1.586270296,-0.342919974,-0.994393451,1.584555902,0.621370985,1.044296273,-0.630645902,0.030856316,2.213663301,0.101901067,"(670, 1652]",-1.19629364761901,-2.61931326699075,-0.175599083736563
81213,346.4666667,Mediterranean Scrub,1.40950949,-0.375578714,0.529518866,2.50773864,1.418050204,-1.349805295,-0.11583997,-0.980584219,1.875524643,0.852158598,1.027796477,-0.497050921,0.218438783,2.747283515,0.009283823,"[57, 670]",-3.35403931780463,-3.19467226644696,-0.413925834945127
81214,1969.533333,Mediterranean Scrub,1.610591383,-0.695146885,0.185463437,1.192011653,1.002567183,-1.560673009,-0.127115916,-0.579271588,1.8958286,0.816979916,0.966445236,-0.467525221,0.275761126,2.744581745,0.127220397,"(1652, 9633]",-2.66512114115135,-2.92319116214652,0.242151410107938
81215,5081.933333,Mediterranean Scrub,1.624819644,-1.233046564,0.415282846,0.826335516,1.164844182,-1.671982171,-0.108654194,-0.323808801,1.64508231,0.817900538,0.847249087,-0.574653753,0.369918498,2.432062907,0.021847723,"(1652, 9633]",-2.32940875098945,-1.50155028555803,0.537570890518822
81216,2335.333333,Mediterranean Scrub,1.72636985,-1.029313627,0.471381166,0.949919349,1.182610469,-1.644016294,0.071896515,-0.280301787,1.628299615,0.876311961,0.880432912,-0.599912684,0.452596999,2.583163645,-0.049928657,"(1652, 9633]",-2.74232004476181,-1.21087570492782,0.37478652808157
81217,2020.066667,Mediterranean Scrub,2.115976839,-1.069606322,0.796330776,1.274060966,1.03620674,-1.629095456,-0.037196983,-0.357268687,1.760021304,0.79905946,0.728654603,-0.520350343,0.321443644,2.901844198,0.06139714,"(1652, 9633]",-3.01744063075212,-2.15580116347321,0.315933118922562
81218,946.8,Mediterranean Scrub,1.756398883,-1.099706667,0.572591427,1.087816426,1.176820478,-1.61768761,0.088769712,-0.396618675,1.692064943,0.874534894,0.754725386,-0.464894181,0.431972931,2.303467964,0.025221656,"(670, 1652]",-2.73694149260582,-1.79217376297107,0.42571174667307
81219,824.9333333,Mediterranean Scrub,1.396359897,-0.506946724,-0.028435077,1.485638062,1.049507193,-1.715696532,-0.079882772,-0.739442686,1.655030834,0.702535286,0.96591172,-0.536706091,0.234690325,2.384913892,0.093145378,"(670, 1652]",-2.12439168666512,-2.65745627594905,0.0808816733970532
81220,1178.933333,Mediterranean Scrub,1.836550461,-1.134289259,0.667378678,1.364826138,0.981775002,-1.502362718,-0.186093727,-0.256703781,1.832292076,0.827597874,0.833347939,-0.384670209,0.336259858,2.633194801,0.257952491,"(670, 1652]",-3.03165964293344,-2.88387681249868,0.471005619713612
81221,3871.666667,Mediterranean Scrub,1.297431168,-0.934210348,0.194550547,0.872922129,0.982893739,-1.62651924,-0.042360157,-0.54016208,1.575031316,0.741761461,0.920761663,-0.617433795,0.313500608,2.213942985,0.066441509,"(1652, 9633]",-1.81723464521711,-1.83598189168865,0.00292494845484009
81222,2705.2,Mediterranean Scrub,1.711045986,-0.931745855,0.389819005,0.901724585,1.227802424,-1.596814279,-0.105775334,-0.241426082,1.623354642,0.823528511,0.882040842,-0.543845505,0.44501098,2.4760329,0.092130745,"(1652, 9633]",-2.69224146536576,-1.61446749952025,0.564617481972694
81302,798.4,Deserts & Drylands,1.015050418,-1.631183789,2.059434314,0.244628293,1.233794086,-1.045044019,-0.194291613,-0.710066322,1.474059419,0.871921022,1.294086384,-0.790161041,0.622269426,2.368675298,-0.255178465,"(670, 1652]",-2.19991948789044,0.18495477109746,-1.69652774537062
81303,885.0666667,Deserts & Drylands,1.266024504,-0.396198616,0.284674842,1.060076951,1.105224097,-1.451576505,-0.451052021,-0.564929931,1.713086821,0.809128887,1.298558834,-0.665703855,0.327480094,2.746327366,0.084072271,"(670, 1652]",-2.42893590494415,-2.21330893479756,-0.186215212355304
81305,379.2,Deserts & Drylands,1.159683512,-0.965338073,1.785949841,1.222072793,1.219314469,-1.259775623,0.075834094,-0.81343693,1.809707291,0.760467716,1.000116387,-0.402752565,0.47800624,1.762376968,-0.108980896,"[57, 670]",-2.64229090069611,-2.11822438016165,-1.09079540756627
81306,265.9333333,Deserts & Drylands,1.600963689,-0.124502055,1.095952713,1.249557953,1.619466235,-1.304097194,-0.124313451,-0.386323897,2.040973946,1.121509107,1.280691107,-0.496803313,0.592262113,3.434299441,-0.03071023,"[57, 670]",-4.60341474131842,-2.02661703999123,0.274217837719767
81307,597.1333333,Deserts & Drylands,1.642326157,-0.419526797,0.650593861,1.007781065,1.066734552,-1.491270361,-0.09025411,-0.545020005,1.640337202,0.856401718,1.345101264,-0.484500336,0.307744332,2.789250537,-0.233408288,"[57, 670]",-2.70254772203129,-1.78674643785144,-0.635746653907143
81308,370.2,Deserts & Drylands,1.57701736,-0.618803666,1.515487799,0.807310629,1.3966803,-1.691198123,-0.09218868,-0.426093026,1.328558482,0.950698358,1.193948721,-0.849839686,0.479176318,2.47307317,-0.488729146,"[57, 670]",-2.6025901679115,0.514190481603234,-0.579091076624182
81309,305.7333333,Deserts & Drylands,1.483888223,-1.161012412,0.478578849,1.583486661,1.499813941,-1.035063075,0.145952553,-0.473909802,2.217701904,1.297044664,0.914195862,-0.511165502,0.20722194,3.688943391,0.020792498,"[57, 670]",-4.39471669390719,-2.71719269981416,0.357818969073073
81310,403.4666667,Deserts & Drylands,1.1128456,-1.095952713,1.527082608,1.208583042,1.282392435,-1.008506777,-0.050900708,-1.095952713,1.755579657,0.823544283,1.128632201,-1.029388267,0.536457784,2.616663916,-0.028810356,"[57, 670]",-2.71569204967498,-0.917465934551662,-1.74657613201942
81312,166.2,Deserts & Drylands,1.723266725,-0.084987629,1.009220631,1.352827711,1.290039732,-1.357344139,0.209298861,-0.706650762,2.150978768,0.842938313,1.458209506,-0.845397622,0.744760134,3.464102548,0.167544209,"[57, 670]",-4.44868868535229,-1.92245399654912,-0.661627184930952
81313,439.3333333,Deserts & Drylands,0.971185553,-0.956246982,0.738783908,1.489709045,1.358266661,-0.997665838,-0.183933767,-1.095952713,2.043659119,1.201764356,1.110089975,-0.422612924,0.453169138,2.966878642,0.263102597,"[57, 670]",-3.58080189532714,-3.12795924831026,-0.318652933672415
81314,191.3333333,Deserts & Drylands,1.175720838,-1.513891585,2.387057021,0.762927385,1.282877994,-0.691650549,-0.268446556,-0.649195727,1.399385825,0.872170258,1.089893803,-0.752947196,0.538893894,3.251053273,-0.191985549,"[57, 670]",-2.94845776210124,-0.275084828839819,-2.02581442519996
81315,108.4,Deserts & Drylands,1.160271245,-1.614553775,2.387057021,0.384873529,1.349542042,-0.728371703,-0.276426839,-0.565203715,1.452629693,0.767442512,1.033634942,-0.621205476,0.539673778,2.975999175,-0.371479243,"[57, 670]",-2.56031766289857,-0.171250609215639,-1.90154993645431
81316,588,Deserts & Drylands,1.850080819,-1.959626486,1.62065748,0.272915982,1.435640203,-1.330366855,-0.027779231,-0.433558021,1.331833881,0.986551098,1.301998729,-0.752384249,0.586090517,3.308984952,0.031413294,"[57, 670]",-3.27989765565832,0.435011605604636,-0.508790289412203
81317,1349.6,Deserts & Drylands,1.533996499,-1.370475915,1.694920101,0.78866391,1.318282949,-1.257232078,0.07443984,-0.767341567,1.52199112,0.994183265,1.15392558,-0.679479861,0.514223843,3.021889463,-0.188577576,"(670, 1652]",-3.10044352593784,-0.409578742052314,-1.06724603798109
81318,215.8,Deserts & Drylands,1.24705799,-1.776438738,1.409837712,0.973738642,1.089285881,-1.202635337,-0.133264071,-0.974236758,1.604655119,0.908640889,1.025086405,-0.960834383,0.503505772,2.917709572,-0.13948207,"[57, 670]",-2.29218167741205,-0.369730482104297,-1.34855130170248
81320,804.8,Deserts & Drylands,1.634529976,-0.087026909,0.486466374,1.613657974,1.263940811,-1.409696073,-0.242608162,-0.417140083,1.838460485,0.920701085,1.103831557,-0.496332415,0.450576992,2.834145571,0.097245309,"(670, 1652]",-3.54649182508901,-2.63946207327321,0.175902812071883
81321,309.4,Deserts & Drylands,0.929133872,-0.669531612,0.358641196,1.323377555,1.12609095,-1.216432643,-0.793578466,-0.834378099,1.795838948,0.89386442,1.307828068,-0.603516119,0.535455133,2.933809121,0.167170567,"[57, 670]",-2.49498963454991,-2.49789906263417,-0.314345817968836
81322,208.7333333,Deserts & Drylands,1.943649237,-0.075198898,0.868862799,1.083091943,1.699450245,-1.068792593,-0.081753432,-0.551629574,1.921192288,1.101384179,1.344249753,-0.497210806,0.545968449,3.867102059,0.118478794,"[57, 670]",-4.8585446931649,-2.12637676963922,-0.0727470877043542
81323,134.2666667,Deserts & Drylands,1.344101806,-0.013218787,0.574151499,1.182664746,1.259000822,-1.70695469,-0.630431898,-0.898736246,1.543874587,0.346693902,1.39030515,-0.866392638,0.596571581,2.265982411,0.193766046,"[57, 670]",-1.91674202749918,-1.71477251197896,-0.564591851136584
81324,116.4666667,Deserts & Drylands,1.086133006,-1.717366156,2.570923017,-0.127577523,1.494994013,-1.175720838,-0.524994053,-0.121118025,1.648872304,1.10628094,1.292771667,-0.793171305,0.691650549,2.895713722,-0.416877009,"[57, 670]",-2.99163921691633,0.859135006508703,-0.565065375883489
81325,352.1333333,Deserts & Drylands,0.766360751,-0.95973166,0.081514819,1.604655119,0.906782318,-1.541678208,-0.778439063,-0.936729827,1.570442785,0.719949897,1.481904216,-0.691650549,0.174209363,2.564696501,0.076807274,"[57, 670]",-1.38417163719561,-2.46142905480399,-0.619287972650962
81327,240.8666667,Deserts & Drylands,0.75602494,-0.997665838,0.413582757,0.071316211,0.996188912,-1.227067922,-0.910810078,-0.669064149,1.570926147,0.823367037,1.839677343,-0.83708019,0.947307371,2.095316934,-0.028516331,"[57, 670]",-1.45457385347988,-0.280217375468566,-0.989655978157957
81328,150.2,Deserts & Drylands,0.584811388,-0.681625194,0.244628293,1.570926147,1.423202223,-1.161685721,-0.791476582,-0.914195862,1.824925849,0.834982319,1.239578776,-0.541529281,0.246742579,2.745544366,0.06511021,"[57, 670]",-2.24962864439249,-2.93467609965825,-0.23237721192783
81330,890.6,Deserts & Drylands,1.248330308,-1.555998565,1.389543836,0.451648612,1.452229288,-1.20839288,-0.106986543,-0.404633507,1.515487799,0.919014464,1.334595881,-0.804299254,0.678591965,2.48636246,-0.355716856,"(670, 1652]",-2.60550419579743,0.591829850546538,-0.927564915498883
