ECO_ID,Realm,Richness,TaxMPD_Obs,TaxMNTD_Obs,TaxDis_Obs,TaxPos_Obs,TaxMPD_Null_Mean,TaxMNTD_Null_Mean,TaxDis_Null_Mean,TaxPos_Null_Mean,TaxMPD_Null_SD,TaxMNTD_Null_SD,TaxDis_Null_SD,TaxPos_Null_SD,TaxMPD_SES,TaxMNTD_SES,TaxDis_SES,TaxPos_SES
10101,AA,140,0.373447329093247,0.0398081534772182,1.65336534047494,0.514467107683022,0.387791995153186,0.0481570692882612,1.68679921753552,0.218747933454373,0.00808167864318249,0.00544610317061557,0.0188045476252342,0.0401258087308251,-1.77496120463042,-1.53300728052481,-1.77796763457975,7.36979972696411
10102,AA,17,0.347777777777778,0.125,1.54621026939782,0.688528563716553,0.387349282678106,0.145141688213747,1.63361884735447,0.455303325110414,0.0264623589926246,0.0290567007266042,0.0603187475797266,0.095924197394872,-1.49538840854504,-0.693185658043598,-1.44911128735088,2.43134938774694
10103,AA,48,0.367930928152945,0.0553191489361702,1.62953052602139,0.674008997424306,0.388741460893082,0.087188568786613,1.67517751863018,0.296132854541236,0.0138430272512869,0.0131632445959511,0.0321705476816715,0.0630524847723381,-1.50332238479141,-2.42109151874648,-1.41890629467876,5.99304126153723
10104,AA,27,0.404888888888889,0.109333333333333,1.69836940338818,0.565211522799595,0.388454046044754,0.117676882091099,1.65816203303631,0.371691050997137,0.0191697851277538,0.0206454380244137,0.0444170719291849,0.08142037777184,0.857330571762165,-0.404135225801407,0.905223343312131,2.37680636099173
10105,AA,3073,0.393187030145331,0.00466086956521739,1.70782200962966,0.280515866266518,0.387931244186668,0.00630662010703407,1.69393169494024,0.167762797466347,0.00163337614779561,0.000367001784964486,0.00381204636788758,0.00955314724620546,3.21774379144462,-4.48431209122302,3.64379478865432,11.8027144242916
10106,AA,655,0.362258226948254,0.0145473574045003,1.6291641433348,0.625068595292321,0.387985803617424,0.0182801609912265,1.69286822025632,0.178258837861354,0.00358127796221962,0.00146195322409528,0.00830568127331151,0.0202821381068746,-7.18390947046875,-2.55329891901043,-7.66993998749084,22.0297167427098
10107,AA,564,0.391099499365084,0.0162849872773537,1.69829990981881,0.423682831358259,0.387964413172116,0.0201233262224514,1.69257881854238,0.179776442338741,0.00389878417577603,0.00166001742259786,0.00905214554244536,0.0217351986983443,0.804118938526298,-2.31222810848023,0.632014946025775,11.2217234544121
10108,AA,27,0.32,0.0717948717948718,1.4907303352891,0.827634384785856,0.388754519895168,0.118169613035184,1.65908222156985,0.368453685162532,0.0196458967545281,0.0207293960102369,0.0448372325744494,0.0781824439548332,-3.49968854841514,-2.23714869537976,-3.75473410410002,5.87319449732982
10109,AA,229,0.414984126984127,0.0453333333333333,1.75384809947593,0.30633346622056,0.388220825404262,0.0355464368176767,1.69055697006637,0.197989950399924,0.00625228636067665,0.00363019145249375,0.0145902852165572,0.0337537248035796,4.28056234727051,2.69597255233842,4.33789528238553,3.20982399575488
10110,AA,131,0.369702842377261,0.0304909560723514,1.64538138146509,0.581178689292357,0.388320403256417,0.0499060320640034,1.68753630779069,0.220426930064181,0.00831270993045212,0.00574465172775544,0.0193015717485206,0.0414384797947775,-2.23965001003514,-3.37967850998653,-2.18401521258641,8.7057189601256
10111,AA,639,0.372568659127625,0.0159139784946237,1.65352753882321,0.532564332641407,0.388062838369294,0.0185776543029933,1.69300870070537,0.17823465770323,0.00365529521015369,0.00146563282306156,0.00849275870581105,0.0200438595957516,-4.23883116160592,-1.81742368651752,-4.6488029684803,17.67771687112
10112,AA,182,0.392745955064796,0.0320987654320988,1.70230782303465,0.438443994112535,0.388124576961115,0.0408460809963052,1.6892716610428,0.207098349026941,0.00704658424494007,0.00426901827558838,0.0164160298093015,0.035880592489558,0.655832378219133,-2.04902274938161,0.79411173976218,6.44765398322005
10113,AA,2815,0.36485978520913,0.00534391534391534,1.63906393856848,0.496089511825045,0.388002858008489,0.00672453270741833,1.69408317942216,0.168082739678747,0.00168277249865909,0.000387470882745174,0.00390727010435224,0.00990443819414249,-13.7529421343646,-3.56315125854493,-14.0812483867948,33.1171506870811
10115,AA,1976,0.383104789332052,0.00911769804125498,1.67954824974772,0.463688086369261,0.38794745012952,0.00863441326665827,1.693816359231,0.169781419738975,0.00199681469315594,0.000532305495534065,0.00465709401865734,0.0121873724193127,-2.4251928904902,0.907908670211696,-3.06373661904271,24.1156712471136
10116,AA,295,0.390505205666496,0.0230952380952381,1.69732657444417,0.455882695465765,0.387751943161296,0.0303576350527468,1.69053514911887,0.193019140964134,0.00539666202251182,0.00288819756225605,0.0125985564514526,0.0296294621983179,0.510178790836874,-2.51450837450186,0.539063769049291,8.87169509666479
10117,AA,3618,0.395526353979415,0.00739684350637003,1.71188978972989,0.241064816433205,0.387909701826333,0.00564278666321788,1.69394589731426,0.167445223003114,0.00153790292507525,0.000317185712160008,0.00357732682341912,0.00841066154980752,4.9526221901876,5.53006259710493,5.01600588969273,8.7531275624539
10118,AA,95,0.369246695333652,0.036231884057971,1.64125243562957,0.406064407367832,0.38806028354959,0.0601972360247603,1.68393466989995,0.24192224793602,0.00987970828295644,0.00759433915199919,0.0230125120952961,0.0477583568879026,-1.90426555897336,-3.15568629305691,-1.85474032967963,3.4369306259234
10119,AA,720,0.382178905594844,0.0159399906235349,1.681147882381,0.344440923660916,0.387978881860625,0.0171182539177976,1.69303986736375,0.176302724999901,0.00351184557971047,0.0013539155928096,0.00814437631026381,0.0192595653666483,-1.65154649717218,-0.87026347914168,-1.46014679697017,8.73011386602623
10120,AA,3428,0.389902878985324,0.00574289801757613,1.69836346389755,0.364285664289358,0.387951952856447,0.00584574268393588,1.69401740633063,0.167861770668915,0.00151621999471614,0.000319354309564915,0.00353451783005833,0.00872461966685543,1.28670386598014,-0.322039387850645,1.22960408629489,22.5137485782505
10121,AA,375,0.36803324099723,0.0262234533702678,1.64339704923409,0.508248186783639,0.387736999952617,0.0259976563556225,1.69120962918955,0.188189901415091,0.00478649745285164,0.00233455085595643,0.0111714808584843,0.0277585798369952,-4.11652970663303,0.0967196812479549,-4.27987842982839,11.5300670008337
10122,AA,433,0.374222160732952,0.0207833733013589,1.6554483509737,0.543983167652201,0.387779792574194,0.0237514393910875,1.69161087856436,0.183862417001761,0.00449668566980915,0.00201750793328976,0.0104257343015213,0.0245094926969572,-3.01502769745907,-1.47115460650947,-3.46858327143328,14.6931131991626
10123,AA,820,0.386933121854406,0.0176616915422886,1.68567925381173,0.504578934226019,0.387916975531405,0.0157008525550124,1.69303343658578,0.174928706576409,0.00316948563616406,0.00111909286682268,0.00740319628875415,0.017889242686302,-0.310414303751262,1.75216824752295,-0.993379411704319,18.4272880317078
10124,AA,913,0.395061740877896,0.0130337078651685,1.71002409517307,0.336800830787395,0.387873922678154,0.0147031380931639,1.69303370531476,0.174040981310625,0.00303887224250083,0.00100716458169706,0.00707830642326098,0.0171451303568586,2.36529134039095,-1.65755454305432,2.40034675561189,9.49306573289839
10125,AA,210,0.377611940298507,0.0295190713101161,1.66710772056518,0.52654702108904,0.387829599001572,0.0373856483904333,1.68935104828671,0.20253530944083,0.00669525347420137,0.00387854436082027,0.0155393894143873,0.0330196488002318,-1.52610483567745,-2.02822923975878,-1.43141581231905,9.8126940600875
10126,AA,831,0.399321939628907,0.0184818481848185,1.71979488461095,0.324863880152152,0.38794827777163,0.0155066401109592,1.69308478696708,0.175238362571675,0.00322224392409972,0.0012002245615753,0.00750454927082569,0.017485435456858,3.52973335513554,2.47887617793315,3.55918745816044,8.55715134745427
10127,AA,509,0.378747397690208,0.0165631469979296,1.66963268706665,0.47711240652009,0.388059840927708,0.0214606294308123,1.69265770952202,0.182153517138507,0.00408923775400748,0.00176156434830426,0.00957412480576554,0.0231540868564322,-2.27730540450306,-2.78018934567853,-2.40492190382779,12.7389558141717
10128,AA,757,0.374871977462536,0.0135886912904697,1.66106103280737,0.516904413576304,0.387906362635294,0.016608795120303,1.69289000695723,0.176713790616651,0.00351524931366292,0.00125892427303035,0.00817444494578707,0.0191045655152872,-3.70795468819138,-2.3989559138165,-3.89371686529763,17.8067709881932
10201,AA,325,0.40187937875379,0.0357069143446852,1.72176867579399,0.4151932347731,0.38775937111137,0.0284374876941802,1.69081167563811,0.189973715128183,0.00543044368100622,0.00257231852217308,0.0126768102924859,0.0283934942445216,2.60015727477419,2.82602118977237,2.44201809774134,7.93208182498962
10202,AA,929,0.369434047577181,0.0144037780401417,1.64684397894021,0.504277698793576,0.388019964527579,0.014450134088246,1.69336377756734,0.174237972988863,0.00314118922173879,0.00108769297338303,0.00731664684873907,0.0166604353026023,-5.9168409281978,-0.0426186885810127,-6.35807625936608,19.8097900691203
10203,AA,8,0.347619047619048,0.125,1.49321762381316,0.916575961342438,0.38638253968254,0.206954603174603,1.56182357168065,0.642467231872971,0.0446109354318007,0.0519014975077682,0.100460634816795,0.143100872275628,-0.868923542810531,-1.57904120516632,-0.682913740218761,1.91549307219809
10204,AA,341,0.414625955954229,0.0439882697947214,1.75399885142269,0.318124973262435,0.387994726592637,0.0276159742647086,1.69152426699173,0.188655499810549,0.00503441148318457,0.00245176186322462,0.0117728079961542,0.0269900711136735,5.28983962684489,6.67776743556958,5.30668507049233,4.79692968968488
10401,AA,216,0.378027354974303,0.035973597359736,1.66745585778142,0.411664693835931,0.388146643727077,0.03668361417274,1.69009922968563,0.202151306034381,0.00651083649783041,0.00358903104577866,0.0151491944169696,0.0338011936764472,-1.55422252672839,-0.19782966598719,-1.4946914853007,6.19840203890611
10402,AA,7169,0.392232237903598,0.00456926658905704,1.70339711047068,0.159840570574681,0.387926227274334,0.00347667305985247,1.6941151258506,0.166660796477698,0.000958487323392054,0.000171892865285822,0.00223726361042171,0.00555302645315848,4.49250660303485,6.35624711582887,4.14881133221717,-1.22819978628719
10403,AA,601,0.35758157118876,0.0115071919949969,1.61949883347741,0.394933872236212,0.388020064178909,0.019259958334075,1.6928368964225,0.17854768587671,0.00387803349677675,0.0015091986904152,0.00901761948292212,0.0206286658337293,-7.8489505094395,-5.13700839280826,-8.13275200666679,10.4895870679962
10404,AA,1240,0.371355147687652,0.0119005328596803,1.65185078442347,0.343837194081003,0.388027158526254,0.0119073561505681,1.69365962279979,0.171690639808625,0.00266775418438772,0.0007873818577955,0.00622871762047064,0.0152320047206113,-6.24945541690857,-0.00866579642420519,-6.71227063479608,11.3016347769008
10405,AA,2684,0.399112669350301,0.00970924195223261,1.72085653472445,0.255307104968356,0.387926509202862,0.00692958325539081,1.69388461583502,0.168149764277866,0.00163325112264903,0.000380384052291032,0.00380828331422517,0.00985967076112374,6.84901420994935,7.30750587491792,7.08243496188498,8.83978205785004
10406,AA,2360,0.405174532383584,0.0114335971855761,1.73494742980946,0.254963901367305,0.387867931295782,0.0076224324335438,1.69369771493622,0.168554132119473,0.00182957245845707,0.000457678224954263,0.00427523514405031,0.010970737098687,9.45936904974885,8.32717080305305,9.6485253988064,7.87638683440644
10407,AA,414,0.372226366441037,0.0190726159230096,1.65514488502135,0.330898230951825,0.388133780872774,0.0244865455171748,1.69230846187,0.1845317557289,0.0047034228173749,0.00205731259389194,0.0109740333498879,0.0260801160234466,-3.38209322218998,-2.63155419853982,-3.38650117634488,5.61218650604693
10408,AA,1378,0.394221968806792,0.0132921174652241,1.7077247694994,0.314172062445295,0.387960924512872,0.0111046598770111,1.69361080287676,0.171266943722729,0.00247547715487701,0.000741831553826746,0.00576839693500681,0.0135553915709677,2.52922725688856,2.94872545786035,2.44677451667381,10.5423084220328
10409,AA,5504,0.383927692779207,0.0050376558445668,1.68424587201806,0.246772617820428,0.387908380100981,0.00419009745084671,1.69404172383606,0.166950723185781,0.0011697709632242,0.000208813322830678,0.00273844440983946,0.00693242258885776,-3.40296301320562,4.05892872270105,-3.57715927436773,11.5142857509787
10410,AA,681,0.390786212888639,0.0191522762951334,1.70134059773491,0.270212868330363,0.388082505845739,0.0177889908993516,1.69313195063975,0.177473819738593,0.0034365221641009,0.00137071364029319,0.0080235538542434,0.0186553421695927,0.7867567598264,0.994580746632255,1.02306873541013,4.97117918013482
10411,AA,1847,0.379840032589058,0.0100264850548619,1.67410582542717,0.39021040460329,0.387803693043902,0.0090478439834611,1.69344688070975,0.170120330830394,0.00214984384240243,0.000580414091387464,0.00501690254222064,0.0126889220662504,-3.70429716697221,1.68610839385617,-3.85517859273079,17.3450567844754
10412,AA,1724,0.375202878669234,0.0101071356377603,1.66221408405209,0.357854235322948,0.38792532644252,0.00951123414754459,1.69368556503649,0.170234112870566,0.00224652693370215,0.000600851896790973,0.00521846480361914,0.0128150772594518,-5.66316280585183,0.991761020308425,-6.03079299539808,14.6405767717087
10413,AA,1651,0.373330995882427,0.0100661121774366,1.65686458217273,0.363185154324896,0.388070748456678,0.00979046971501816,1.69397211468111,0.170404753087246,0.00223850189109718,0.000644398778092376,0.00525261168782576,0.0123961944154586,-6.58465049007676,0.427751373511886,-7.06458704997872,15.5515793619083
10414,AA,562,0.374066284011968,0.0164705882352941,1.65733066562616,0.314020830112206,0.388137245647877,0.0201611922086871,1.69297321064488,0.17943158276582,0.00393489929129196,0.0016089297501827,0.00914628011159811,0.022088469167845,-3.5759394572178,-2.29382542834694,-3.89694439529805,6.09319035754241
10701,AA,2656,0.397983570835694,0.00840725028924026,1.71579185214093,0.284309627448268,0.388029821781064,0.0069998948867629,1.69411953054936,0.168024571121432,0.00186610531299431,0.000409563042196075,0.00433374609959691,0.0102226685876498,5.33396962396411,3.43623632379311,5.00082863497358,11.3752153197378
10702,AA,3463,0.396408547153861,0.00729941485668948,1.71287690217445,0.217376913772101,0.387948155357397,0.00580957252642871,1.69401706833297,0.167532372170919,0.00153315091767289,0.000319639102586415,0.00356814430713148,0.00901259469839888,5.51830331830964,4.66101399423741,5.28561409463818,5.5305428979334
10703,AA,2598,0.401412996112643,0.00845107273678702,1.72568846188659,0.210742997756235,0.387905837229115,0.00712499805234768,1.69381561175607,0.168354779285548,0.00176102375294041,0.000417673009358983,0.00411771468789475,0.0101613326797818,7.67006058889003,3.17491112598948,7.74042218714529,4.17152157167607
10704,AA,1885,0.387772866555346,0.00806018269747448,1.68859994968368,0.379078039734718,0.387746248891363,0.00890450564564488,1.69328950107612,0.170412987070155,0.00221847283856335,0.000534358045982059,0.00519609466387112,0.0120488932233299,0.011998192414052,-1.58006968271373,-0.902514618343453,17.3181925341102
10705,AA,3024,0.398197508501036,0.00738468529879573,1.71772505775921,0.206134942010396,0.387855647624615,0.00638513640167466,1.69377591024981,0.168264571774611,0.00164946432087685,0.000369069396864155,0.00384334981275021,0.0096760145134749,6.26982999603356,2.70829525724394,6.23132128903496,3.91383975117516
10706,AA,2710,0.39372095374048,0.00746606334841629,1.70557567644131,0.319805985542081,0.388029672437469,0.00690181695412953,1.6941107600575,0.168340930225622,0.00177921255515503,0.000405053374775213,0.00415480644762039,0.0099000557134635,3.19876413108821,1.39301738838713,2.75943453163221,15.2994144376859
10707,AA,1751,0.387805276998377,0.00878644602048857,1.69024233872906,0.342548754055231,0.388000036648918,0.00937330111312322,1.693834770574,0.169669950763684,0.00218103589106694,0.000600278708045534,0.00510938429157217,0.0124209895315254,-0.0892968572130608,-0.977637695238941,-0.703104648218452,13.9182794456728
10708,AA,373,0.395448203785723,0.0282828282828283,1.70659495174435,0.314679413543457,0.387693044407796,0.0260192926047428,1.69104163444652,0.187713798526261,0.00486567894916064,0.00228728544561798,0.0113205563519215,0.0259356467296184,1.59384938031411,0.989616614061885,1.37390043513078,4.89540963989926
10709,AA,1323,0.38892766821357,0.0107297228578693,1.69269106915902,0.366297054439517,0.387969931860956,0.0113761852410166,1.69360247748132,0.171353253095792,0.00256778577852101,0.000777697389047056,0.00596473339220168,0.0146931939236595,0.372981407025903,-0.831251836835204,-0.152799507098188,13.267625974079
10801,AA,2300,0.392101172309036,0.00986410138952512,1.70450449210669,0.355384271644147,0.387943520679181,0.00773912828097379,1.69386545570366,0.1688392784206,0.00196386161236587,0.000466586510672012,0.00458594177636882,0.0107270039232993,2.11707973905899,4.55429606289044,2.31992400292851,17.3902232680616
10802,AA,1254,0.395373420467108,0.011984392419175,1.71089509736863,0.385301974075028,0.387901843358534,0.0118278096310472,1.69342893466284,0.172284351784654,0.00262277616022034,0.000796060689153651,0.00611613140030469,0.0149396513871065,2.84872846638434,0.196697048681438,2.85575334514869,14.2585403615386
10803,AA,3156,0.392982642673735,0.00735406437534097,1.70595215640791,0.334825984523135,0.38795540209294,0.0062004423096183,1.69401394611226,0.167790099779189,0.00153331878243691,0.000345589784092157,0.00358466141204111,0.00913669489771402,3.27866627499651,3.33812548525752,3.33035925109769,18.2818717943332
11001,AA,1390,0.379098457072387,0.00990505517064408,1.67380022623429,0.316764616586085,0.387928650591654,0.0110131641957129,1.69354170593232,0.170801317859434,0.00250316071367863,0.000740436640541532,0.00583080046369936,0.0142208602210509,-3.52761749216228,-1.49656157515165,-3.38572376484714,10.2640273835604
11002,AA,1097,0.39182720265271,0.00904198062432723,1.70282186758373,0.192624703840381,0.388102740028474,0.0129554107795481,1.69375378040911,0.172125843762543,0.0027503857095124,0.000922287734917754,0.00641212461292668,0.0158828485364399,1.35416011338169,-4.24317705533609,1.41420944258249,1.29062869489733
11003,AA,1449,0.370998776759136,0.0096045197740113,1.65093778337136,0.357109921714588,0.387856779823986,0.0106951650831473,1.69341480795716,0.170908097690103,0.00248394241258201,0.000703458635943621,0.00580125821675338,0.0145948145580841,-6.78679303491812,-1.55040432146091,-7.32203653047816,12.7580808432641
11101,AA,170,0.337480011028398,0.0243589743589744,1.56316482420072,0.533317069733315,0.387884611393882,0.0426916379780921,1.68837396528425,0.209563443845863,0.00754105486753278,0.00458394069891797,0.0175142658469169,0.0374947776239416,-6.68402514646801,-3.99932390561796,-7.14898027573189,8.63463251161478
11201,AA,1567,0.372983392850495,0.00819864136800187,1.6528052712727,0.303067829800383,0.387999941731952,0.0101586013958759,1.6937961093435,0.17067047505985,0.00236217059442148,0.000668830587358265,0.00552448632271094,0.0134754593287307,-6.3570975427941,-2.93042822041893,-7.41984605922172,9.82507174788845
11202,AA,3518,0.345559213848547,0.00400751408891672,1.58476240761154,0.370412907252436,0.387926985093558,0.00573509422335663,1.69395611267149,0.167854281079176,0.00157002999431695,0.000315064384388838,0.00366821136887976,0.00892209224210576,-26.9853260118406,-5.48326062874758,-29.767560829872,22.7030410218503
11203,AA,1669,0.390967934160642,0.0108040201005025,1.70210751718468,0.345234584634775,0.387803708499839,0.00970241254226158,1.69338395935796,0.170659135990372,0.00224868301443135,0.000638086667240597,0.00522826330653301,0.0132074526012884,1.40714615643736,1.7264230939111,1.66853834920978,13.2179500403714
11204,AA,1706,0.36225435231309,0.00874946649594537,1.62902462492309,0.332283441564083,0.388048788848398,0.00955777484000991,1.69394193157876,0.17032303847239,0.00224688055365188,0.000626627976028567,0.00524155664935818,0.0124868452092042,-11.4801102770611,-1.2899333815056,-12.3851197265271,12.9704821656883
11205,AA,2534,0.370825507066001,0.00746058558558559,1.64965253376819,0.289154619323084,0.388010398170612,0.00722876322332244,1.69404506308547,0.16798104121451,0.00178964892856709,0.00043144895237007,0.0041840072470505,0.0104306575245646,-9.60238113201873,0.537311218371668,-10.6100507709607,11.6170603649104
11206,AA,2613,0.392699662814308,0.00867272966917095,1.70505799437734,0.320476882722099,0.388009863992853,0.0070593139546527,1.6940536351677,0.168378552598484,0.00175445568365881,0.000425312456729134,0.00411115993032819,0.0102282331672344,2.67307910090624,3.79348332970593,2.67670423824981,14.8704402448366
11207,AA,2534,0.390224156263021,0.0078495951694799,1.69990438459622,0.36437161520289,0.388024836982423,0.00725681469336823,1.69408702048245,0.168085856686021,0.0017796204087575,0.0004255831585071,0.00414523021020757,0.0102506667658881,1.23583617594783,1.39286638642159,1.40338746433086,19.1485844774569
11208,AA,1866,0.381083587718275,0.00893813481071099,1.67567603689113,0.378841964915078,0.387954444246569,0.00896129665943359,1.69382202680391,0.169858115090399,0.00206343350495821,0.000556933485162392,0.00481961351542541,0.0120516550785569,-3.32981727387126,-0.0415881776543711,-3.76503009104431,17.3406763189329
11209,AA,4084,0.359421574523909,0.0042526579111945,1.61905869881347,0.310306517106674,0.387974407305867,0.0051601804611433,1.69412115679258,0.167004685650709,0.00132243808804264,0.000266159936938599,0.00309784675428186,0.00796080579018143,-21.591054462307,-3.40968877730897,-24.2305265343907,18.0009204134472
11210,AA,2995,0.356595970051123,0.00570592538405267,1.61530021756106,0.328099851258381,0.387847935510666,0.00642159195137721,1.6937380092877,0.16821385928868,0.00165250475651554,0.000362493475796424,0.00385279736768672,0.00973152597793167,-18.9118762510797,-1.97428813236478,-20.358660017912,16.4296937944035
11301,AA,875,0.400591697314675,0.0132510288065844,1.72230372662766,0.251129653246666,0.387978981155685,0.0150791052767106,1.69322577716354,0.175278175910247,0.0032057446557621,0.00115377539246206,0.00745072734872644,0.0179824262039841,3.9344107261692,-1.58443010838124,3.90269944169865,4.218089176399
11302,AA,1438,0.393688994826975,0.0111516922327733,1.70622515460308,0.353865380860245,0.387930909300743,0.0107741696603576,1.69354778729628,0.170971841541075,0.00237944930124446,0.00070066042306748,0.00555585248425896,0.0140743633167414,2.41992360300382,0.538809614453318,2.28180415925807,12.9948002053933
11303,AA,314,0.374317814495755,0.0198630136986301,1.65576223214186,0.262820841279875,0.38778491211481,0.0291795809560311,1.69072194798204,0.191389495107801,0.00527310323737278,0.00269031313362964,0.0123037089648909,0.028513099472463,-2.5539226168772,-3.4630047859267,-2.8413965203457,2.50521155166101
11304,AA,1508,0.389695583352637,0.00907407407407407,1.69661060954252,0.323295966771702,0.387880185374395,0.0103990001398651,1.69347555399172,0.171241196079833,0.00238454079946551,0.000680587898615997,0.00554465968392895,0.013219736872205,0.761319738647052,-1.94673761976279,0.565418930919632,11.5021026637505
11305,AA,1063,0.394557893623314,0.0107995846313603,1.70909116639739,0.226689628483239,0.387876064950306,0.0132457973972008,1.69318318063371,0.173207720317911,0.00278356511810466,0.000913945025877668,0.00648652816785853,0.0159914245154547,2.40045710788237,-2.67654256719806,2.45246537932335,3.34441175729162
11306,AA,445,0.400194373105379,0.0212271973466003,1.72354002248407,0.307105536332359,0.388098053986383,0.0232284278100103,1.69245225364972,0.182640424195554,0.00442171627800905,0.00202760235124576,0.0102582142414662,0.0239230496035419,2.73566153015195,-0.986993560241429,3.03052442682304,5.20272767057162
11307,AA,1158,0.385823652145587,0.00990825688073394,1.68718870797022,0.320878483596012,0.38801671148771,0.0124449896823424,1.69361549456153,0.172033440948367,0.00277925998414804,0.00089862200048417,0.00646079931179785,0.0151268743788526,-0.789080314411598,-2.82291419555903,-0.994735524376467,9.83977515247505
11308,AA,1187,0.397015176050424,0.0135231316725979,1.71519332776871,0.389163040843628,0.387950379718566,0.0122781431130502,1.69347959705196,0.172525560909906,0.00271027037361988,0.000847906946691115,0.00632832218086218,0.0152223419246318,3.34460960798949,1.46830800762524,3.43119868050049,14.2315473536417
11309,AA,1926,0.397367367843231,0.00897718910963944,1.71743557507062,0.361022866465136,0.387848703965209,0.00879877801709991,1.69355292819828,0.170222956777337,0.00212672109787336,0.000553112019584118,0.00496672362045803,0.0121075763061266,4.47574620270617,0.322558697375045,4.80853147816984,15.7587203965217
11310,AA,1509,0.393678324231314,0.00904725802375537,1.70567432659441,0.225461672287306,0.388015842264538,0.0103921438318286,1.69380309901502,0.17067843711757,0.00232282873134462,0.000695216793673349,0.00541494621301747,0.0128596822236918,2.43775268075718,-1.93448406354965,2.19230757100779,4.26007689900823
11401,AA,143,0.377074340527578,0.0485714285714286,1.66009866406253,0.452483177807862,0.388130045993057,0.0473301795081519,1.68782686218895,0.217731084959407,0.00812175873001211,0.00547888412306418,0.0188179680323528,0.0401470857020992,-1.36124524662688,0.226551435547151,-1.47349586728744,5.84730096202675
21103,AN,40,0.313589743589744,0.0583333333333333,1.4764809747511,0.693153151475694,0.309684228520018,0.0570468376068376,1.46773229204403,0.725177687124753,0.0134213069784718,0.00903080313052918,0.0359642452896398,0.0498229735542575,0.29099364733928,0.14245640259244,0.243260567171942,-0.642766446169337
21104,AN,31,0.318314176245211,0.0644444444444445,1.4882568475967,0.710949298789314,0.308838764058831,0.0653925448028674,1.45951518768944,0.73632964973217,0.0185240894550891,0.0121628597557793,0.0490083456168443,0.0673835207626373,0.511518377696925,-0.0779504473010501,0.586464602008156,-0.376655162205909
30101,AT,2638,0.413672156981619,0.00898218829516539,1.75426142638884,0.201264710611795,0.400951502148298,0.00766905563387323,1.72518911099286,0.139137987451031,0.00155108990001246,0.000415684110593031,0.00352882973457915,0.0108404062789202,8.20110738469689,3.15896765796219,8.23851463024585,5.73103272721182
30102,AT,4666,0.388867943146853,0.00545191612436732,1.69454878803548,0.386596938085737,0.400990902222435,0.00515704408220472,1.72544353181589,0.137483383357535,0.00111509790324033,0.000248185602197545,0.0025292486172607,0.00799309637618231,-10.8716544442904,1.1881109925462,-12.214988898114,31.1660892104975
30103,AT,2485,0.412508965277695,0.00941527608194275,1.7515603912863,0.17522978276453,0.400912912179483,0.00799374760342916,1.72509084448309,0.13930571617447,0.00162528791957558,0.000440103490011261,0.00368828184092579,0.0107884791148247,7.13476852842193,3.22998683440846,7.17666055492291,3.32985457984488
30104,AT,398,0.366655903006506,0.0231810490693739,1.64114219234003,0.559087152438174,0.400964918292333,0.0272174503259852,1.72318645622329,0.159917607524797,0.00423400858222315,0.00233003470810198,0.00962633622376872,0.0257509597314408,-8.10319927783715,-1.73233524915997,-8.52289614408899,15.5011521541859
30105,AT,744,0.409225003863391,0.0221296296296296,1.74231668730282,0.26074071311607,0.400958114952823,0.0181242441200361,1.72429779252272,0.148575953791154,0.00296507859081651,0.00125504806370919,0.00671596126571503,0.0189443611934935,2.78808424713326,3.19142001443031,2.68299563788223,5.92074645216534
30106,AT,47,0.383842121492445,0.0978723404255319,1.65640184170304,0.392076280662454,0.400779665912554,0.095530324209925,1.70458582915468,0.283089016557225,0.0127354262780127,0.0129292235311069,0.0286858605054201,0.0618130201637602,-1.32995504432789,0.181141288954605,-1.67971211609763,1.76317649285686
30107,AT,2476,0.387949174563203,0.0095393840283456,1.69104725146732,0.447994730054326,0.400922769877501,0.00800221494525899,1.72507979841049,0.139861721299844,0.00166121021378965,0.000419480175058257,0.00375878054118552,0.0109366074517627,-7.80972522718928,3.66446181365574,-9.05414577155247,28.1744599605995
30108,AT,1614,0.410688137021487,0.0130172593054689,1.74802427519949,0.290050634273416,0.400960949011734,0.0107180752979501,1.72497558366474,0.141507989667239,0.00195157589748787,0.000647121217249333,0.00443905290423795,0.0135094093284125,4.98427349009264,3.55294177695452,5.19225430107986,10.9954951393594
30109,AT,2536,0.413919973348276,0.00921192758253461,1.75486352736208,0.227588833852328,0.400922339991023,0.00790024076776347,1.72512700831748,0.138877009027319,0.00158233794331956,0.000414677960394335,0.00359157928480856,0.0109739666320085,8.21419559085193,3.16314571800198,8.27951067943351,8.08384313528501
30110,AT,832,0.392530241886174,0.0173527037933818,1.70314251120263,0.370931917463941,0.40085222179313,0.0167388824924509,1.72417261597571,0.146234040700351,0.00287823764415746,0.00118173101914946,0.0065256186649551,0.0184095413000403,-2.89134565516119,0.519425563841678,-3.22269900416049,12.2055119734622
30111,AT,3373,0.406838548332313,0.00765617191404298,1.73766806473825,0.268295988917005,0.401002469542534,0.00647718888128575,1.72538624075258,0.138311851687074,0.00143301926978026,0.000327029923008309,0.00325117553734485,0.00960711819399745,4.0725752352746,3.60512280317319,3.77765637216286,13.5299821033893
30112,AT,1764,0.411080053669707,0.0125548559435222,1.74800763101154,0.323786752964844,0.401047691589472,0.0100995483795224,1.72523812238514,0.140526218057466,0.0018892509412759,0.000588564284552718,0.00429070924814238,0.0133958010206867,5.31023267531608,4.17168970058349,5.30670043332714,13.6804461804393
30113,AT,288,0.396820690223211,0.0371929824561403,1.71313998724023,0.313968257244577,0.400808238105478,0.0336543809141774,1.7218535442997,0.167431227142118,0.0049200711995406,0.00297604925546614,0.011166468736244,0.0302368134841321,-0.810465483231153,1.18902653760302,-0.780332374117834,4.84631193625478
30114,AT,1804,0.411289866070599,0.0112665547472486,1.74899987177524,0.197579314316661,0.400855750123997,0.00993898926327757,1.72478361220548,0.141392318691533,0.00188798530903724,0.000579189231475719,0.00431482130306102,0.0127759558719351,5.52658746689202,2.29211009429262,5.61234356393346,4.39787020152076
30115,AT,1091,0.397267283363592,0.0181536555142503,1.71623683270623,0.158321483046336,0.400957849928759,0.0139350962441625,1.72468895251081,0.14427525260988,0.00243941523990193,0.000924801941513392,0.00555697901265182,0.0162649623688655,-1.51288985360076,4.56158132971086,-1.52099185282874,0.86358825295187
30116,AT,2719,0.401214121472706,0.0094213649851632,1.72639715253246,0.189983241851606,0.400900167482086,0.00751824581575917,1.7250833798867,0.138269541689582,0.00152112591267796,0.000405965603360079,0.00345162172370663,0.0105534037016335,0.206395794065069,4.68788280005098,0.380624747123987,4.9001915992296
30117,AT,5064,0.388332900078913,0.00342633382280959,1.69506222334651,0.362423106172719,0.400977402259391,0.00490844477568829,1.72542857603854,0.137163323548009,0.00111178034615261,0.000233476658982611,0.00251881957532853,0.00742157862878593,-11.3732017517988,-6.34800480415081,-12.0557871589786,30.3520037840735
30118,AT,4713,0.396547899433355,0.00369125009340208,1.71530316836894,0.193636492364233,0.400968056378423,0.00512636850419662,1.72539039414252,0.137535633223222,0.00112902222173441,0.000247219895377852,0.00256439268659445,0.00787677481175163,-3.91503095331225,-5.80502798369484,-3.93357297668096,7.12231344449672
30119,AT,1863,0.405460578893318,0.0126418152350081,1.73572291391664,0.24769594947918,0.400988415600438,0.00969859145449444,1.72514575753488,0.140468759832386,0.00185811522351388,0.000545504828633303,0.00419068767848072,0.0121641249731175,2.40682775550544,5.39541288367247,2.52396675516351,8.8150351861531
30120,AT,1612,0.412191610821544,0.0153911026776302,1.74984468265187,0.170570179903397,0.4009291524772,0.0107250137442073,1.7248955604097,0.14245639287276,0.00198150862879328,0.00063910716790185,0.0045138474636784,0.0136810216762299,5.68377961149835,7.30094914870276,5.52724088328659,2.05494791953172
30121,AT,602,0.414775069412506,0.0237934904601571,1.75605264804831,0.23344087163012,0.400994100157041,0.0207939695695878,1.72411155229625,0.150732025401187,0.0033398164673155,0.00155159859816646,0.00750982172917475,0.0211671418298082,4.12626543713706,1.93318097484356,4.25324287365977,3.90741683000677
30122,AT,282,0.392238603626504,0.0370106761565836,1.70045940112461,0.472631176873328,0.400968122490275,0.0341188302436925,1.72216495663391,0.169623911091604,0.00479025848632398,0.00293901426012768,0.0108787957304449,0.0306993689055616,-1.82234818615592,0.983950963465372,-1.99521675442049,9.87014640964917
30123,AT,1275,0.407961007988526,0.0163899868247694,1.73893280389896,0.317091915112608,0.400959635041272,0.0125821159076515,1.72481922550647,0.142828864288674,0.00224079916412863,0.000794213963286865,0.0050842402812567,0.0153090298005907,3.12449819659603,4.79451519759115,2.77594637777388,11.3830238162585
30124,AT,1823,0.389170944947862,0.0111970534069982,1.69509315349981,0.428886090327331,0.401005228282964,0.00984627385413693,1.72515531557324,0.141063601312453,0.00185099163274231,0.000553805357107165,0.00419607983186378,0.0126264887268571,-6.39348289088112,2.43908719106133,-7.1643446450061,22.7951329337243
30125,AT,1971,0.405736281657546,0.0104922500425822,1.73436589632591,0.355459822038529,0.400942698070013,0.00934016199372338,1.72503903647666,0.140159022781722,0.00189031227811279,0.000545833519297228,0.00429674956295643,0.0123082410091305,2.53586861971732,2.11069494292352,2.17067802360687,17.4924100931312
30126,AT,3552,0.386136902605347,0.00687226346849419,1.6874277497332,0.430726149917687,0.401016081551705,0.00625058854429907,1.72542611838717,0.138000081886094,0.00135244430615321,0.000316437553483477,0.00308251792526637,0.00924034012735859,-11.0016943978109,1.96460539323309,-12.3270552111013,31.6791442735853
30127,AT,473,0.408953921801888,0.0279202279202279,1.74152776778535,0.334055967133423,0.400974122739378,0.0243479381491428,1.72358945711735,0.155451615880754,0.00370930124578136,0.00193152681279883,0.00844852906036252,0.0244446185208218,2.15129441740152,1.8494642411455,2.1232466077631,7.30648961040378
30128,AT,927,0.389813467825139,0.0165402672444926,1.69679887992774,0.459113732372785,0.400984984424762,0.0155074477626197,1.7245750574086,0.14698885912911,0.00261181661474854,0.00106582842578552,0.00593118707393244,0.0178189321713599,-4.2772974704805,0.969029777106664,-4.68307223067175,17.5164746260917
30129,AT,238,0.39418341319221,0.0388185654008439,1.70313179203053,0.4107326088656,0.400888541400302,0.0380863746112653,1.72130900360053,0.175555888548946,0.00531317978320624,0.00347134591223231,0.0119791899443122,0.0319393158209653,-1.26198029836773,0.210924179868825,-1.51739906074667,7.36323600777576
30130,AT,2410,0.398226599023069,0.00997485331098072,1.71710829361086,0.322314656028339,0.40103299045408,0.00816539909808569,1.72535164590971,0.139710751168687,0.00164263005257706,0.000451882695256209,0.00373025843818457,0.0111557806559501,-1.70847442283707,4.00425648490281,-2.20986090788532,16.3685456438459
30201,AT,360,0.394257017769766,0.0332389046270066,1.70609313756716,0.60483654097832,0.400879183521035,0.0292219980229408,1.72274281728047,0.162323445062981,0.00435174489052358,0.00237651169193945,0.00983572348479123,0.0266100999649168,-1.52172655287986,1.69025324709748,-1.69277631066554,16.6295164805377
30202,AT,3228,0.389784010718969,0.00508123432559154,1.69581943219135,0.376885570721756,0.400995426400456,0.00669671645586187,1.72535528820643,0.138455676162857,0.0013549804858731,0.00034841628134025,0.00306896042546351,0.00942641788900244,-8.27422667586436,-4.63664362657242,-9.62405893866229,25.2937963674482
30203,AT,7,0.355555555555556,0.20952380952381,1.499122311219,0.858704309264503,0.401591746031746,0.233135238095238,1.58433754056238,0.66553112601808,0.041654365163603,0.0505123738554242,0.0889818365771901,0.140708802367718,-1.10519486482094,-0.46743850603832,-0.957669931542222,1.37285784539334
30701,AT,618,0.39521865007346,0.0182813355227148,1.71000668009726,0.323861859768785,0.400942018504821,0.0204323657272535,1.72397460201153,0.151166741230332,0.00322495901804092,0.0015241015748517,0.00729551380736221,0.0216083472685703,-1.77471043797571,-1.41134307583664,-1.91459056662661,7.99205586582005
30702,AT,507,0.412681145014089,0.0249667994687915,1.74837806264848,0.469323135288331,0.401149820665824,0.0233418305045341,1.72411235927306,0.153178336565086,0.00365492383006321,0.0018344396837114,0.00828695004569801,0.0232049114649861,3.1550108523234,0.885812152171595,2.92818265364298,13.6240467540794
30703,AT,14,0.241758241758242,0.080952380952381,1.16611556913504,1.24632872292026,0.400624415584416,0.170955426795427,1.65487651349169,0.478962117943216,0.0255947649511598,0.0298176694082893,0.0568111068033235,0.103596393905713,-6.20697920568225,-3.01844670053337,-8.60326390134773,7.40727139281941
30704,AT,5476,0.408500832456355,0.00521888622828022,1.74159488368596,0.283786137309335,0.40093494533747,0.00462369255307687,1.72535545116213,0.137066951658938,0.00101700094694732,0.000213414483424559,0.00231730898025979,0.00743942615525031,7.4394101024152,2.78890947630437,7.00788399914076,19.7218417910972
30705,AT,1514,0.406101560660675,0.0132088058705804,1.73337546360267,0.43651550344056,0.400863028784281,0.0111600612639889,1.72471362580348,0.142281155161797,0.00211305585184825,0.000666588658812603,0.00480459892898375,0.0139706206612803,2.47912608264075,3.07347654285162,1.80282223911302,21.0609360466164
30706,AT,1913,0.417652524092601,0.0105502979320014,1.76238885760816,0.274360260789625,0.400962756492315,0.0095380659608773,1.72508018817894,0.140887593082314,0.00188056383626255,0.000571057871867906,0.00427245300999847,0.0125545375149841,8.87487426827016,1.77255584939777,8.73237677322902,10.6314284813764
30707,AT,3761,0.410745012902659,0.00704767015472677,1.74714530925953,0.268925108585772,0.400963083727704,0.00600521079923845,1.72533990753781,0.137522901061345,0.0012664898935099,0.000298610675019247,0.00286252539665982,0.00869255292375883,7.72365356019202,3.49103177714971,7.61754000407105,15.1166416445131
30708,AT,37,0.416616616616617,0.118918918918919,1.73361327068393,0.503059951179958,0.400953858532317,0.108909666867976,1.69926019626247,0.312307660109072,0.0142962532290201,0.0155005453493653,0.0322959566193721,0.065585634666811,1.09558482445637,0.645735477387775,1.06369583122532,2.90844621752841
30709,AT,1326,0.404221008263077,0.0154897494305239,1.73171503045637,0.37829131233783,0.400933647852141,0.0122561050430779,1.72481895163099,0.142409727180398,0.00224006246314103,0.000753738035245188,0.00506868204507778,0.014849322303853,1.46753068944635,4.29014357275223,1.36052700959606,15.8850067586065
30710,AT,364,0.421362470503745,0.027331486611265,1.76827199046695,0.436168332314761,0.400805881029112,0.0289223724553808,1.72257203427287,0.162123276922742,0.00424573980164297,0.00241449410234775,0.00966834355380477,0.0272118302452572,4.8416978983682,-0.658889927529276,4.72676171877378,10.0708057092111
30711,AT,1956,0.4070672158564,0.0101062007536828,1.73892369063712,0.304835207473072,0.400964806260157,0.00943306419859294,1.72510058052823,0.140284393150529,0.00183526704239765,0.000553763979758665,0.00415809816467567,0.0123823173297014,3.32507992312204,1.21556580004208,3.32438282153257,13.2891776184605
30712,AT,2207,0.414606147884628,0.0104366347177849,1.75643960885054,0.234651220021634,0.401020436103926,0.00864429094472184,1.72527892944393,0.139865281326269,0.00172840355579744,0.000494810257921731,0.0039200185624767,0.011732619924383,7.8602660444277,3.62228499585098,7.94911526819799,8.07883825660958
30713,AT,1256,0.39329829920438,0.0145251396648045,1.70319734000071,0.561332886564763,0.401059352175478,0.0126952474501697,1.72504114507408,0.142944291764516,0.00222816364363452,0.000781133738655038,0.00505473022130527,0.0158484454906941,-3.48316111936836,2.34261064921544,-4.3214581425732,26.3993459198201
30714,AT,323,0.409974039460021,0.0290758047767394,1.74320084171159,0.319389853617047,0.401442226320943,0.0313710948997751,1.72367544963083,0.162030895461591,0.0047111245962995,0.00259674789752391,0.0106734000957474,0.0295101496308591,1.81099288814815,-0.883909495112859,1.82935071351219,5.33236734221451
30715,AT,1879,0.400321790997633,0.00970804227118037,1.72235653166788,0.348080535456204,0.400994425974225,0.00968303981955571,1.72515257918392,0.141629748580464,0.00183972767830753,0.000565778819310912,0.00416929186136104,0.0126304065680531,-0.365616598871003,0.0441912117797421,-0.670628876319522,16.345537711979
30716,AT,1307,0.418118674229785,0.013940329218107,1.76344028389273,0.333797814299241,0.400904441930544,0.0123420027650596,1.72472079370675,0.143605593508327,0.00225240721132797,0.000784891410334658,0.00511351513327566,0.0151246070913273,7.64259331645984,2.03636634571643,7.57199092538475,12.5750189504078
30717,AT,2933,0.406023691868581,0.00905971173644475,1.73701987423114,0.264452273543772,0.400891154065217,0.00714303485854288,1.72509431020712,0.138564931981035,0.00146676207586255,0.000357121755787727,0.00333504651959785,0.0101329462039795,3.49922996225975,5.36701236157998,3.5758313876407,12.423567541817
30718,AT,637,0.40841683433104,0.0200524934383202,1.74199603153518,0.245126602950045,0.400860518666548,0.0200187467521219,1.72384720191431,0.150747197508145,0.00321413438592201,0.00145568899401838,0.00729528892025363,0.0207303391391853,2.35096444554061,0.0231826209698578,2.4877465196039,4.55271883437256
30719,AT,1740,0.409773299522506,0.0129393588258015,1.74498857663114,0.241818020040119,0.401041204975093,0.0101756991292571,1.72519146089934,0.141076427473173,0.0019351092572021,0.000600380413988397,0.00439945920267408,0.0129810815173591,4.51245557061631,4.603180970187,4.49989756008284,7.76064709494569
30721,AT,1786,0.410639306713504,0.0127915726109857,1.74745004874776,0.260988429723208,0.400979702033244,0.0100150480211772,1.72508885424256,0.140257967130378,0.00186886254872427,0.000604174784698267,0.00424448148869976,0.0137968071853901,5.16870793245561,4.59556515784613,5.26829827500452,8.75060881626844
30722,AT,3227,0.408797814421173,0.00760416666666667,1.7413684741133,0.350031484619307,0.400933043803085,0.00665891241162621,1.72523776749549,0.138527818406451,0.00140127969646665,0.000342648852374903,0.00318301621027154,0.00923558697840864,5.61256302929333,2.75866750607478,5.06774252853673,22.9009446510891
30723,AT,2706,0.392674030449023,0.00808383233532934,1.70405491931643,0.364179341733471,0.401048819840061,0.00754361502342482,1.72542097285842,0.139518442279617,0.00157925213747941,0.000411880532507937,0.00357856030110794,0.0107714653876942,-5.30300969191905,1.31158738825344,-5.97057244930862,20.8570413929488
30724,AT,5,0.36,0.173333333333333,1.42219974705767,1.0688813224635,0.402017777777778,0.26691,1.52560468101042,0.780815809082373,0.0538942593299099,0.0634331794950675,0.113093759811967,0.157789212944857,-0.77963364373502,-1.47520063492865,-0.914329262062548,1.82563502285671
30725,AT,3650,0.408467463902047,0.00770648967551622,1.74250283041381,0.263526067072448,0.400970726615633,0.00613996162420596,1.7253496375876,0.138101838646824,0.00132312599740768,0.000305912613102208,0.00300355706161036,0.0088951363710826,5.66592849139206,5.12083511504924,5.71095953043381,14.1003154075713
30726,AT,610,0.41373591904645,0.0238723872387239,1.75258392194908,0.359950789317376,0.400971073376974,0.0204900976578145,1.72404125254533,0.151101401377484,0.00325472276078345,0.00154848350282479,0.00737816662284066,0.0221338056603317,3.92194561800515,2.18425935745478,3.86853142017522,9.43576496265135
30801,AT,105,0.396564600448096,0.0628205128205128,1.70918067773504,0.382223402088416,0.400701851134692,0.0623130407901293,1.71578526264424,0.214702142987403,0.00820514330882383,0.00680484484665402,0.0186418755232308,0.0464563542512168,-0.504226499267478,0.0745751066805083,-0.354287576964577,3.60599237286525
30802,AT,12,0.27979797979798,0.0222222222222222,1.31736833881461,0.923441686229564,0.402510601250601,0.186296195286195,1.64661188390326,0.508855795457139,0.0290164527182462,0.035238392699025,0.0631341366876092,0.113147840600207,-4.22907040513112,-4.65611398525883,-5.21498451333501,3.66410784839729
30803,AT,35,0.252773109243697,0.0342857142857143,1.2812200400779,0.947812187738722,0.400679802941502,0.111779409094072,1.69715729710786,0.321428662304464,0.0146280354465675,0.0160285965024989,0.0330452230172602,0.0725956372458717,-10.1111796069999,-4.83471492942481,-12.5869102718026,8.62839075732307
30902,AT,78,0.383083583083583,0.0700854700854701,1.66034098079278,0.543082614294067,0.400800944974726,0.0735505055982701,1.71285973296678,0.23478254974654,0.00965416256450763,0.00863854761642587,0.0218341471991537,0.0485444105561773,-1.83520442842746,-0.401113204054277,-2.40534936835221,6.35088697164737
30903,AT,49,0.369387755102041,0.0884353741496599,1.61674402231566,0.651830638864642,0.401288345431114,0.0945161131470047,1.7064245381386,0.280936487992125,0.0124845810737435,0.0125264750670041,0.0281834182900458,0.0577894411284859,-2.55519910044589,-0.485430974381774,-3.18203118230745,6.41802626275431
30904,AT,68,0.358823529411765,0.0598039215686275,1.60377355126307,0.544560487166871,0.401470546389606,0.0795454184194048,1.71248119931059,0.248183517109886,0.0101201555053389,0.010122751349644,0.0229466987399848,0.0543454847931809,-4.21406735848503,-1.95021058691436,-4.73739814512401,5.45357118783443
30905,AT,30,0.413026819923372,0.0866666666666667,1.7197663459349,0.607769027297762,0.400356212151149,0.120893940217722,1.69166091870735,0.342240604105862,0.016286545079003,0.018215012467097,0.0366428199226086,0.0778021335099747,0.777980087904475,-1.87906945509273,0.767010489009957,3.41286814657669
30906,AT,5,0.266666666666667,0.04,1.26292491006139,1.15932532345732,0.403851111111111,0.268923333333333,1.53014239791736,0.780682752919918,0.0564269645493551,0.0655731511970486,0.118584723301775,0.16040784842786,-2.43118596826971,-3.49111380426745,-2.25338880435682,2.36049902949539
30907,AT,940,0.398844320856459,0.0177683013503909,1.71287339743467,0.408260934408625,0.400935421417876,0.0154385824134927,1.72447648331249,0.146921650814592,0.00262480511835036,0.00105033495369853,0.00594791334275105,0.0176083464410999,-0.796668882881115,2.218072367005,-1.95078260377852,14.841784517826
30908,AT,89,0.39611848825332,0.0546816479400749,1.70651130237629,0.503087313287153,0.401034799351994,0.0686576025929501,1.71483047114814,0.227822696123437,0.00912858276147294,0.00826369952709622,0.0205813682235142,0.0478851531447202,-0.538562362541432,-1.69124671184484,-0.404208732942699,5.74843347230822
31001,AT,158,0.391770419426049,0.0410596026490066,1.6984159933218,0.323983172494048,0.400851786994588,0.0487372753909132,1.71919271652928,0.189360484967966,0.00655346126117251,0.00469195645139938,0.014829515696292,0.0381649774732172,-1.38573605711904,-1.63634782663353,-1.40103855263973,3.52738810393786
31002,AT,63,0.378212585933369,0.0709677419354839,1.65580541053396,0.595099997770786,0.400918730240099,0.0824739642831527,1.71001231701522,0.255231504244893,0.0111753385394663,0.0105258437530203,0.0252434826753743,0.0559830055021619,-2.03180818429276,-1.09314014321818,-2.147362437202,6.07092260369566
31003,AT,1038,0.362528333632174,0.0116454039908407,1.6369591322706,0.43382928776452,0.400967591930807,0.0144363375576667,1.72466962836005,0.144490880955449,0.00250535714771631,0.000930157923521139,0.00568478968162108,0.0168031116227927,-15.3428258057623,-3.00049432064275,-15.4289782035419,17.2193349246454
31004,AT,6103,0.395452622486262,0.00498192938559911,1.7141430329765,0.239853847686529,0.401027306779154,0.00429685778128275,1.72557286366093,0.136792727859289,0.000994009868934561,0.000193754708444073,0.00225157409439704,0.00689798474613651,-5.60827861685863,3.53576751665935,-5.07637333049279,14.9407578619197
31005,AT,347,0.394985898187708,0.0273603082851638,1.71230097068106,0.342266766154073,0.400815070816182,0.029613689627245,1.7224567368934,0.16292347656899,0.00422138304436704,0.00249980713434425,0.00955144778969065,0.025751761809957,-1.3808679684381,-0.901422078176577,-1.06326982421371,6.96431144822643
31006,AT,607,0.404510485593443,0.0235489220563847,1.73416354021921,0.159168719412035,0.400764633488067,0.0206082171998137,1.72353982885794,0.15200901110953,0.0034633150327767,0.00156815317659249,0.0078317682381587,0.0212701787971022,1.08157995155655,1.87526633269403,1.3564894974165,0.336607809967269
31007,AT,2074,0.407093736109963,0.0107212475633528,1.73942955793787,0.344749888476894,0.400984322937619,0.00905134174908518,1.72517589278882,0.139824160161292,0.00182002705791057,0.000527151030145757,0.00412237048442253,0.011543078387212,3.35677051931164,3.16779389353735,3.45763807569252,17.7531262841141
31008,AT,400,0.387711015193516,0.0254606365159129,1.69513709410918,0.482558593903569,0.401005510094133,0.0271761267011938,1.72330875794503,0.158646160031076,0.00408116497592119,0.00225730802850874,0.00926760211963817,0.0255098263458154,-3.25752450073809,-0.759971684685939,-3.03980074588616,12.6975554236036
31009,AT,2600,0.395459077830604,0.00910505836575875,1.71259905474617,0.325065704752853,0.401053118574361,0.00775888098991587,1.72541912129962,0.138675927215467,0.00151140759684403,0.000427064688670834,0.00344424447315492,0.0106205506996518,-3.70121253554449,3.15216268531269,-3.72217090086946,17.5499164599342
31010,AT,52,0.420060331825038,0.0833333333333333,1.7453284843246,0.389832184758449,0.401067308277246,0.0910749534576657,1.70712675640708,0.272368454842461,0.0121402074304078,0.0119072029704662,0.0274081006405592,0.0591816539180245,1.56447273711485,-0.650162774879553,1.39381157485208,1.98479971645762
31011,AT,417,0.39252886002886,0.0185281385281385,1.70718011751577,0.195962336744649,0.400798766568082,0.026463872528417,1.72286438066897,0.159338032692127,0.00402728351564977,0.00209294633808439,0.00912642830961923,0.0257484828879282,-2.05347016347018,-3.79165669748696,-1.71855435895701,1.42238687273079
31012,AT,1806,0.402373175728092,0.0127889634601044,1.72931612069878,0.197378982909463,0.400840182180364,0.00992108604178982,1.72475683181716,0.141178693935805,0.00192608960727702,0.00057808642469241,0.00439697879006299,0.0127136708676927,0.795909775918925,4.9609838526143,1.03691400375286,4.42046121521604
31013,AT,258,0.395302367055772,0.0342412451361868,1.71151234546031,0.35479320753325,0.400977960630998,0.0361781668704744,1.72186477085795,0.171625250122034,0.00513012438976141,0.0032975528909101,0.0116387274626274,0.0298431758050064,-1.10632669776076,-0.587381551824946,-0.889480867292263,6.13768315436752
31014,AT,536,0.413189238030698,0.0265408805031447,1.75164161722506,0.197843856920695,0.401040583431337,0.0224410977122407,1.72394675327268,0.154010139237821,0.00358976848674311,0.00171874162698572,0.00813927956159964,0.0226654989664996,3.38424459522244,2.38533978960762,3.40261859084425,1.93394011522365
31015,AT,2124,0.409314957145309,0.0103562945368171,1.74459936848719,0.213574767110958,0.400901518476649,0.00889687933787129,1.72498278913804,0.139638461374286,0.00170057078721538,0.000501312695175996,0.00386105812439758,0.0119101032195263,4.94742043783781,2.91118739459302,5.08062264724752,6.20786439662888
31201,AT,1650,0.387519439692017,0.0126608551266086,1.69388914042265,0.203012420410728,0.400984121433986,0.0105549126760358,1.72505326607349,0.14065960421745,0.00194612220157674,0.000647400375968143,0.00440288148489532,0.0133963074996045,-6.91872367062029,3.25292126595306,-7.07812048944705,4.65447782496179
31202,AT,5796,0.384589583334005,0.00499102333931777,1.68764669085275,0.21914562270042,0.400969150140233,0.00445244108761471,1.72543411842133,0.137085769118199,0.000993924823931628,0.0002104574282935,0.0022574370299119,0.00681062625996855,-16.4796837867837,2.55910307405243,-16.7390837785838,12.0487970488929
31203,AT,8210,0.376041919096957,0.00319094184251158,1.66779172570264,0.2487626911134,0.400971122712732,0.00349202835967402,1.72549192164047,0.136409184696546,0.00083166324063595,0.000149231911634056,0.00189351130458617,0.00560846733022015,-29.9751178093579,-2.01757461836148,-30.4725912108798,20.032836031951
31301,AT,10,0.408888888888889,0.246666666666667,1.65159889242704,0.492149997502954,0.400058465608466,0.198823227513228,1.62430379987478,0.56746714441478,0.033998077779473,0.0408505607620394,0.0748757618607706,0.127310829334714,0.259733016016419,1.17118194367353,0.364538428377031,-0.591600473466476
31302,AT,688,0.393966838840539,0.0197127290737989,1.70826057472892,0.349300817706872,0.40100229594682,0.0190272116017654,1.72425587144842,0.149537742730964,0.00305867555988419,0.00138806106255256,0.00695990895187023,0.0204494523521772,-2.30016455440848,0.493866941828136,-2.29820488028168,9.76862712681106
31303,AT,101,0.379300330033003,0.0475247524752475,1.66403041901846,0.648646628850692,0.400872904526986,0.0635754748017789,1.71586185577788,0.216000629022168,0.00797831374842045,0.0072079195430127,0.0181041369106726,0.0461963449482786,-2.70390149776366,-2.22681763173824,-2.86296093623,9.36537295998015
31304,AT,6,0.284444444444444,0.166666666666667,1.32033222618971,1.03792899025718,0.398882222222222,0.243954444444444,1.55271190842136,0.724808674639118,0.0499446172346595,0.0574509346539171,0.107403382634582,0.154372178203966,-2.29129351898132,-1.3452832098095,-2.16361604757158,2.02834681262543
31305,AT,251,0.395947126818207,0.0336043360433604,1.71104316701061,0.412751475193114,0.401457064808262,0.0365865073094764,1.72287090334731,0.172229801144475,0.00511061526085897,0.00338706714970181,0.0115908994053945,0.0314267532989489,-1.07813594035422,-0.880458265015058,-1.02043300722585,7.65340510235538
31306,AT,300,0.396946846535224,0.0343502824858757,1.71332090437602,0.445821816745477,0.401021308571776,0.0326975743208506,1.72252491053586,0.165491022301654,0.0046287355735567,0.00293259355638857,0.0104811451975502,0.0284736546238929,-0.880253791084635,0.563565367394588,-0.878148903231948,9.84526918467964
31307,AT,156,0.397614952413714,0.0296296296296296,1.7096470315849,0.357976174486277,0.400682772923414,0.0491378211314021,1.71878463865385,0.191288945475949,0.00702969433561727,0.00507998038677058,0.0159124887303429,0.0386605796418067,-0.43640880573659,-3.84021000407328,-0.574241227993946,4.31155535055859
31308,AT,20,0.393333333333333,0.133333333333333,1.66794391495625,0.510843993099376,0.400936227660655,0.146251664373352,1.67650104727291,0.408052842522115,0.0205866927938407,0.0248748935517028,0.0460999274717918,0.0907508813659029,-0.369311108076389,-0.519332113448745,-0.185621383502138,1.13267385429363
31309,AT,1429,0.403428147655984,0.013806146572104,1.7302371357482,0.368647650836986,0.401056571972845,0.0116123384060163,1.72510359907269,0.142386324071086,0.00224750444542593,0.000725301408727792,0.00508978814394736,0.01413236023504,1.05520400102682,3.02468482714759,1.00859535413383,16.0101584592292
31310,AT,130,0.408833661417323,0.04375,1.73520861998655,0.371243718680701,0.400937121233506,0.0548609045328174,1.718091481592,0.201348523868237,0.00737200966684755,0.00549310245094198,0.0166925248605939,0.0399664142586103,1.07115163173597,-2.02270112965253,1.02543734620791,4.25094915228384
31311,AT,1330,0.380814012291693,0.00750199521149242,1.67312672298386,0.414770647994953,0.400951378401159,0.0122200164554136,1.72484186076278,0.142616726559319,0.00223656942136554,0.00078394010494502,0.00507735974672547,0.0150637996880151,-9.00368480275988,-6.01834402164194,-10.1854389601359,18.0667512229442
31312,AT,1166,0.391002775953271,0.010981098109811,1.69917177916642,0.34756856729755,0.401052864556658,0.0133611891217797,1.72494203885568,0.14382260136681,0.00244142711984003,0.000855811237535602,0.00556025048265,0.0159385606269752,-4.11648110308761,-2.78109343226482,-4.63472999456818,12.7832098957487
31313,AT,59,0.38749747933051,0.0747126436781609,1.66919822951821,0.594146977935161,0.401116244753547,0.0860055601962291,1.70959731955569,0.262626288143084,0.010994425192064,0.0109453402919953,0.0247741675902909,0.057634159092211,-1.23869735662643,-1.03175563452577,-1.63069414503019,5.75215627353329
31314,AT,2612,0.397508003360305,0.00887666928515318,1.71865600431453,0.279573243260236,0.400963634785443,0.00773023530503485,1.72520872859861,0.139250108678361,0.00157796044881857,0.000406157195787803,0.00359155713697724,0.0105977101065616,-2.18993538635577,2.8226361418875,-1.82448003307898,13.2408919635377
31315,AT,432,0.410974500598361,0.0267605633802817,1.74660028585356,0.393022211316449,0.401044353859474,0.0258754861398941,1.72352071345295,0.158848563697134,0.00387564271550687,0.00208791102056206,0.0087975406962414,0.0251845135490863,2.56219354254611,0.423905631835446,2.62341183718165,9.2983192692166
31316,AT,1109,0.412148440378413,0.0148694316436252,1.749030856165,0.358442959471281,0.400900881169899,0.0138163231205935,1.72455657971157,0.145035879293087,0.0023888524620912,0.000880910929160508,0.00543756497894517,0.0160289151912283,4.70835239388034,1.19547673683119,4.50096257206883,13.3138816714795
31318,AT,411,0.391110040031597,0.0244616709732989,1.69948163231614,0.323590457061396,0.401132353623183,0.0267751277802844,1.72365811767887,0.15890480676562,0.00396123985195305,0.00209685776028831,0.00896109350835204,0.0251427267293843,-2.53009511318661,-1.10329696691844,-2.69793919014445,6.5500314293003
31319,AT,311,0.372482834994463,0.0172757475083056,1.65849119823468,0.385488400661336,0.400978617696112,0.0319670767330499,1.72249570477742,0.165415607624586,0.00466438848150211,0.00267333448603425,0.0105960986149693,0.0291764923033428,-6.10922156562579,-5.49550731548673,-6.04038418935848,7.5428118894037
31320,AT,645,0.395902793549852,0.0216931216931217,1.71308310814562,0.344034300038988,0.40113975045628,0.0199231516758287,1.72449318146718,0.150983420232206,0.00307759549102289,0.00145832649012549,0.00697027954538091,0.0211152491668865,-1.70163912759273,1.21369942141052,-1.63696064803073,9.14272326511447
31321,AT,123,0.392941176470588,0.0527777777777778,1.70167877116807,0.509652444728049,0.401001848105413,0.0566451325412486,1.71782795709811,0.206159683882012,0.00790045246860151,0.00623327238010972,0.0178206266232434,0.0420846088974695,-1.0202797456044,-0.620437312479963,-0.906207524093071,7.21149058520265
31322,AT,4380,0.38971920776558,0.00505725190839695,1.70070531677505,0.269109147033367,0.400977685484164,0.00542569440012852,1.72540423941595,0.137557692251183,0.00118162663067394,0.000254946012296289,0.00267554257331606,0.0081415543233863,-9.52794852986912,-1.44517848470358,-9.23136969944904,16.1580270249266
31401,AT,1295,0.394977847276518,0.0157291666666667,1.70897155292328,0.341622204064047,0.401001251517186,0.0124271191571455,1.72492636435171,0.142375292971125,0.0021754453438138,0.00080703623109355,0.00492198284729046,0.0147545561456923,-2.76881432934915,4.09157282201171,-3.24154145259197,13.5040938626333
31402,AT,326,0.404681281966938,0.0320910973084886,1.72868045676516,0.374795219070165,0.401077448293901,0.0310246678272171,1.72289053836407,0.163372969440682,0.00451933094457047,0.00259655026827133,0.0102437948690585,0.0277508174699013,0.797426370681435,0.410710123467579,0.565212255330812,7.61859537502968
31403,AT,470,0.403663439423611,0.0249287749287749,1.72953585497575,0.337959349641718,0.400860259000727,0.0243485639083917,1.72327354810636,0.157253838321613,0.00374704991741437,0.00191043689107606,0.008475394390603,0.0248809177950399,0.748103303843348,0.303705934016192,0.738880880438953,7.26281533537839
31404,AT,102,0.373632538569425,0.0301075268817204,1.64800550464346,0.560827949427702,0.401081738630057,0.0637642396655515,1.7164072425064,0.216966690936859,0.00820714373912239,0.00684092549125883,0.0186023741038951,0.0442583595690139,-3.34454969148227,-4.91990635285194,-3.67704345052524,7.76940812626924
31405,AT,657,0.41083875897619,0.0286881061766207,1.74679094223193,0.273927427886475,0.400784070019245,0.0195435581341043,1.72372263329526,0.150773106636385,0.00317032763364605,0.00140932111105146,0.00721103661801681,0.0212081921388095,3.17149838087267,6.48861921588188,3.19902812295161,5.8069221763003
40101,IM,98,0.390321901956659,0.0578231292517007,1.69033232937445,0.450768369283319,0.402992592279366,0.0619564612007786,1.71994801115266,0.289512562585664,0.0085988760813069,0.00736025119147268,0.0199413521219838,0.0636165597922522,-1.47352865687319,-0.561574848677265,-1.48513910175443,2.53480866026481
40102,IM,5888,0.363271561675441,0.0025974025974026,1.631508638964,0.519810397251588,0.403684007000064,0.00387388018026142,1.7310801737065,0.238352021192782,0.000950824074421656,0.000190585113269468,0.00221721653455053,0.00873256608020965,-42.5025474341347,-6.6976772789909,-44.9083493609631,32.2308899209668
40103,IM,1952,0.378658614067301,0.00407231876426189,1.67366485357455,0.418930144910517,0.403749226555138,0.00850692276674292,1.7308960828043,0.239667856109316,0.00180528241154753,0.000500180876873248,0.00421293841749252,0.0164548591573762,-13.8984417769456,-8.86600069599385,-13.5846346559727,10.8941855464526
40104,IM,850,0.34354825863199,0.00983213429256595,1.58232432377375,0.64255496229991,0.403573973780508,0.0152993288379875,1.72986787926431,0.243455300600337,0.00282001006691003,0.0010841318907107,0.00655433185254327,0.0248644090387922,-21.2856386056416,-5.04292382897945,-22.5108460801088,16.051041513873
40105,IM,229,0.425256007558926,0.0521106259097526,1.77574162863666,0.288475603913152,0.403825136721411,0.0367605753610911,1.72737534956077,0.261799073920628,0.0054278972438397,0.0033353213845062,0.0126405426972928,0.0455140309836899,3.94828234116583,4.60227029993814,3.82628184834577,0.586116619775631
40106,IM,555,0.399109053140999,0.0201946472019465,1.71903750459469,0.262354732324007,0.403518934004509,0.020399510891168,1.72914170584633,0.248018709811098,0.00349768347691124,0.00152007391696731,0.00812928635994068,0.0296393223278593,-1.26080043909648,-0.134772188993448,-1.24293828563272,0.483682533437462
40107,IM,360,0.415205782687607,0.0410830999066293,1.75343129075439,0.356504131646872,0.403648769970959,0.0274204169562579,1.72845945001978,0.251456735112293,0.00438997376318844,0.00230038367658266,0.0101676274846733,0.0365795059118558,2.63259266229734,5.93930616420825,2.45601451983236,2.87175547935796
40108,IM,732,0.411367244554518,0.023264367816092,1.74685902328368,0.283578406075685,0.403777605992441,0.0169578767286262,1.73015350303206,0.243992741771943,0.00299421796193278,0.00122601596308226,0.0069653727292682,0.0265692638491693,2.53476488972055,5.14388986552095,2.39836702225834,1.48990444479248
40109,IM,83,0.403593295192211,0.0642276422764228,1.71804774397726,0.399386413063802,0.403393573087439,0.0686406083875357,1.71909674352382,0.297934391217481,0.00913003114808841,0.00792270273902005,0.0210924581377695,0.0661186359925971,0.0218752928147784,-0.557002610911887,-0.0497333947383329,1.5343937503139
40111,IM,424,0.423023625793598,0.0405660377358491,1.77123878093513,0.35594483015711,0.403596938549218,0.0244430865847057,1.72878521442491,0.251135360359678,0.00393974738176527,0.00206831505059894,0.00913650457508475,0.0337466792531498,4.93094743442031,7.79521047650575,4.64658734216576,3.10577135638167
40112,IM,307,0.424260320768919,0.0462719298245614,1.77478236547595,0.25425356921143,0.403863836891904,0.0302927383072206,1.72855172130118,0.252979473415253,0.00461348492068736,0.00272794896838419,0.010695467989317,0.0388033942744663,4.42105788306686,5.85758447189926,4.32245173572048,0.0328346481023022
40113,IM,355,0.419941625890634,0.0423040604343721,1.76284346132773,0.329178685775078,0.403506372344176,0.0276569439040636,1.72815292528391,0.25223575871401,0.00433141831755691,0.00239633946928142,0.0100876181204463,0.0377183412116643,3.79442767738214,6.11228781150137,3.43892241256707,2.03993401059944
40114,IM,449,0.403250836712528,0.0291948833709556,1.72535416859496,0.394651208564111,0.403597275770808,0.0237088575811706,1.72887267604181,0.250017744933867,0.00375188342485147,0.00192578315252326,0.00871470003646267,0.0331789023754268,-0.0923373727405884,2.84872457347907,-0.403743953563518,4.3591997707966
40115,IM,386,0.415046897546898,0.0368831168831169,1.755747080692,0.358976152256503,0.403559159149454,0.0261843754457363,1.72842355898904,0.254113881489318,0.0040548053718914,0.00219586165821147,0.00939117629659808,0.0358336069632482,2.83311709042283,4.87222926698155,2.90948874134654,2.92636660536948
40117,IM,37,0.397310924369748,0.0780952380952381,1.69115197560178,0.535312317036231,0.403567205708382,0.10510277220689,1.70492341814927,0.358065716971029,0.0146614599169658,0.0149460791057351,0.03359920895702,0.0845267842335749,-0.426716123364678,-1.8069979370903,-0.409874011174017,2.09692823017392
40118,IM,6946,0.410135558367825,0.00469973890339426,1.7471723745689,0.33647020002933,0.403656179550018,0.00343641517232517,1.73104427254666,0.23750937240294,0.000886569588735714,0.000162085091702094,0.00205877752249062,0.00767920833143414,7.3083702623356,7.79420067448913,7.83382461002043,12.8868528310793
40119,IM,2470,0.416666040312175,0.00887052341597796,1.76152229230696,0.159113245069719,0.403606850754133,0.00717555248549435,1.73068573154962,0.239250436914718,0.00163001022642103,0.000416795894661933,0.00378575213192155,0.0145260510017541,8.01172247042638,4.06666896721336,8.14542518442507,-5.51679130379771
40120,IM,399,0.426288501824074,0.0417710944026734,1.77814421552968,0.370375921789093,0.403669167884826,0.0255758169993798,1.72881051509772,0.250446465770887,0.00423643772733921,0.00211740198020684,0.0097974596112924,0.0347989052916909,5.33923437450252,7.64865507574125,5.03535634636249,3.44635714867855
40121,IM,663,0.408764385928053,0.0211704834605598,1.74192464249014,0.145847085365466,0.403635448484707,0.0181499786154952,1.72969633528324,0.244602300210836,0.00317883510097154,0.00131639951848302,0.00740497959527475,0.0281759175869635,1.61346445488091,2.29451986471807,1.65136271472109,-3.50495115342976
40122,IM,86,0.388946648426813,0.0356589147286822,1.68683630398529,0.454097395733574,0.403471122786032,0.0667036078928391,1.71960302438137,0.298483226692337,0.00934422538658414,0.00808476167338571,0.0216888034859454,0.0674502150784029,-1.55437971135337,-3.83990207977969,-1.51076662284826,2.30709670622035
40123,IM,1432,0.39693764341554,0.0129184347006129,1.71131720034009,0.417040424673738,0.403685621931817,0.0106034759471002,1.73057753837756,0.241013293841759,0.00198698515474928,0.000654667958899573,0.00462226126224491,0.0182370328906614,-3.39608904482686,3.53608072923544,-4.16686486218154,9.65218036768018
40124,IM,1112,0.415939890258362,0.0188484848484848,1.75746824999341,0.301619977315814,0.403749348942523,0.0126666576261852,1.73051231816816,0.242158374705468,0.00257115908698531,0.000857565104911783,0.00597737828096553,0.0207797561694706,4.74126294928418,7.20858065106966,4.50965800693736,2.86151589678933
40125,IM,63,0.425669909540877,0.108994708994709,1.76637084196138,0.387386151322042,0.40382982015734,0.0791919633786211,1.71629529497697,0.316259266507918,0.0105224112941651,0.0101477021372802,0.0243862957987697,0.0741995540475485,2.07557837961038,2.93689598028304,2.05342981966682,0.958589114545684
40126,IM,147,0.411567732115677,0.0521541950113379,1.74221019638623,0.27718600924371,0.403890143734137,0.0488550162181294,1.7251776090289,0.272431753235782,0.00709894402660459,0.00536882835232373,0.0164297093725557,0.0528152089506544,1.08151132799013,0.614506290144386,1.03669437913422,0.0900167982364732
40127,IM,6,0.328888888888889,0.144444444444444,1.36219957826636,1.05390177137638,0.402557777777778,0.240486666666667,1.56220414387832,0.74715691983879,0.0502720486839245,0.0570630111721609,0.111475161159987,0.170194335162402,-1.46540455019184,-1.68309067904706,-1.7941626056492,1.80232115977828
40128,IM,308,0.396799702712746,0.0224444444444444,1.71232858751916,0.429541334242953,0.403660864136479,0.0303698468790228,1.72805606042632,0.254196593672573,0.00464243708183338,0.00268604597441445,0.0107809127257817,0.0392319540457873,-1.47792232889529,-2.95058331468288,-1.45882573277458,4.46943683625184
40129,IM,900,0.395852322643833,0.0168350168350168,1.70913365856317,0.388370650095994,0.403794386272266,0.0147134200576683,1.73044030331686,0.242267584929636,0.00264310311811702,0.00100908073581741,0.00614687641783302,0.0237888997272174,-3.00482549242742,2.10250448952426,-3.46625559151937,6.14164870345804
40130,IM,237,0.367529968921119,0.0286123032904149,1.63606854294517,0.641817023594418,0.403482711721459,0.0360064828351497,1.72675405158919,0.257736823405698,0.00541699662969758,0.00334776975964168,0.0125952064066928,0.0447438448420985,-6.63702513736786,-2.2086881941147,-7.20000178765087,8.5839784565708
40131,IM,165,0.420842572062084,0.0602020202020202,1.76136405624398,0.186962539916975,0.403860323889712,0.0453198406961493,1.72583965848653,0.26866134434189,0.00646643877279101,0.00440693940907704,0.0149396531620467,0.0513920554338569,2.62621340262717,3.37698754723467,2.3778596043779,-1.58971661544194
40132,IM,37,0.442642642642643,0.0936936936936937,1.7910786214315,0.273424481433939,0.403711593560711,0.104726742189095,1.70538169085951,0.36572843550867,0.0144873165274558,0.0156908470843537,0.0335195921943518,0.0893759538015148,2.68725053450381,-0.703151871666835,2.55662211148343,-1.03276049260093
40133,IM,7,0.391111111111111,0.233333333333333,1.55225613220802,0.567733901907507,0.40175746031746,0.227039682539683,1.58607449561471,0.687087378422832,0.0438446273385757,0.0523572979700278,0.0946379674264922,0.160005351194567,-0.242819926923688,0.120205798191756,-0.357344566100859,-0.745934280474097
40134,IM,865,0.418585626178379,0.0198830409356725,1.76383453719577,0.304527630355578,0.403691238387547,0.0150476560127246,1.73015764055539,0.243074819644763,0.00277277060045114,0.0010709764979782,0.00643494349314669,0.0242919332528269,5.37166247666076,4.51493093646425,5.23344092706427,2.52976204368846
40135,IM,824,0.413542706282715,0.0196707818930041,1.75271622157598,0.250434167788033,0.403607789131703,0.0155821696284521,1.72990153913171,0.244509679901713,0.00284817880230407,0.0011010785601757,0.00662920232513096,0.0252379832074312,3.48816483816768,3.71327933576294,3.44154263594858,0.234744901667709
40136,IM,521,0.388947720862614,0.0198198198198198,1.69528857031515,0.390625676553541,0.403579119854792,0.0213363885411954,1.72911154457929,0.248063001981201,0.00360339067736679,0.00167646237506565,0.0083823143509353,0.0317386172081827,-4.0604531404486,-0.904624370896607,-4.03504006746867,4.49177333836666
40137,IM,6373,0.409434236777464,0.00434506818902632,1.74463830846289,0.272656360767174,0.40367746092747,0.00364973476534973,1.73107350416194,0.237983006841218,0.000926797622033521,0.000170701429325013,0.00215999417954882,0.00840201778321522,6.21147024240622,4.07338958101333,6.28001891365388,4.12678892387294
40138,IM,122,0.394285714285714,0.0472222222222222,1.69834330391907,0.46556003790502,0.403428803330018,0.0544648077994499,1.72280975239016,0.278961081350184,0.00781888887255741,0.00583980752997798,0.0181622958227755,0.0596108504362926,-1.16935912420927,-1.24020963705545,-1.34710108842133,3.13028509389004
40139,IM,164,0.411086956521739,0.05175983436853,1.7429236617435,0.283931964105258,0.403529354185933,0.0456053137063225,1.72504527994077,0.270364713995512,0.00645057152799881,0.00454385957909861,0.0149227899814256,0.052143369204469,1.17161747652936,1.35446981911981,1.19805893033309,0.260191282549178
40140,IM,51,0.406235827664399,0.0598639455782313,1.71133247228832,0.612283116965601,0.403030408779156,0.0888408013614327,1.71077027952326,0.334703004791053,0.0125430144904028,0.011657253007289,0.0291524813380666,0.0788304557030726,0.255554108439886,-2.48573619917856,0.0192845596414689,3.52122932309433
40141,IM,328,0.393766220771343,0.0311926605504587,1.70252557065756,0.444841668254551,0.403572732333327,0.0290546135674813,1.7280499152473,0.252517872485524,0.0044847477374246,0.00249864815951663,0.0104572721154399,0.0376854949009448,-2.18663615796063,0.855681491143189,-2.44082245426623,5.10339047621754
40142,IM,154,0.413569872393402,0.0701298701298701,1.74597617056303,0.443433391284913,0.403826036876178,0.047330057642649,1.72532525660991,0.271310893758822,0.00669499492583231,0.00473426432886509,0.015525502222039,0.0520686157419318,1.45539102346861,4.81591455470903,1.33012856252781,3.30568606584787
40143,IM,525,0.368987647029874,0.0144593730006398,1.64370549398261,0.665755004286116,0.403528889188752,0.0212043459298135,1.72903425914721,0.250007773303503,0.00353413650786244,0.00162585634746557,0.00824361813515177,0.0320458282453652,-9.7736015804806,-4.14856634762838,-10.3508876522004,12.973521164732
40144,IM,833,0.383368533051736,0.0119951040391677,1.68230186665634,0.407225474250473,0.403644697137159,0.0154785675602511,1.73002864539662,0.244225950128455,0.00270595778440848,0.00112345280652166,0.00630993539261918,0.0243499174799284,-7.49315610252791,-3.10067632646589,-7.56375077882854,6.69404831685272
40145,IM,12,0.368484848484848,0.163636363636364,1.55845027400668,0.880855442404943,0.404637710437711,0.17865404040404,1.65190960300347,0.542710085449991,0.0298176796785023,0.0350584219021082,0.0661193942548523,0.12742112438746,-1.21246395905605,-0.428361459326658,-1.41349342428273,2.65376214956889
40146,IM,3100,0.373642181033281,0.006963545077494,1.65455880052282,0.503633686709591,0.403689890403042,0.00610556025632777,1.73095344110671,0.238511499779843,0.00137914184165174,0.000331832108048652,0.00320720768748723,0.0126314874734524,-21.7872509282833,2.58559916402194,-23.8196736937072,20.9889917942725
40147,IM,23,0.421080368906456,0.133333333333333,1.72475604295986,0.521307545653487,0.403015014149339,0.133262205910032,1.68793022716097,0.426733900896711,0.0192070415320377,0.0221906912025169,0.0438246602073315,0.108171863558271,0.94055894693534,0.00320528201002028,0.840298946407594,0.874290611678609
40149,IM,5171,0.406892513669205,0.0053244808956584,1.73785136901131,0.322068010999249,0.403731130873588,0.00424136642474031,1.73116450212288,0.237985276593512,0.00104253528167962,0.000210646814230619,0.00242099249774142,0.0096213956033584,3.03239885610801,5.141850708135,2.76203536139146,8.73914116746092
40150,IM,793,0.400413169269031,0.0187769164513351,1.72110030585505,0.42062716665213,0.403604090594827,0.016056294485295,1.72986210895253,0.243782222518204,0.00283780668299217,0.00113745608196242,0.00657165410237696,0.0244410317878022,-1.12443224019442,2.39184792202813,-1.33327210485985,7.23557604561457
40151,IM,1399,0.399521862712372,0.0135454326343697,1.71922724841013,0.375808302238009,0.403771202730193,0.0107875026849502,1.73077700421648,0.240077713139825,0.00213252873867749,0.000683577755863135,0.00495130373803376,0.0195929778954086,-1.99262966109225,4.03455192297358,-2.33266961944494,6.9275119801973
40152,IM,833,0.404043925942231,0.015092816787732,1.73193773346786,0.269621511765027,0.403675987439766,0.015449169039277,1.73008600951136,0.243745756543995,0.00290273649204887,0.00113992056024288,0.00676998352098361,0.0249428347015958,0.126755736689381,-0.312611478355156,0.273519714007088,1.03740234542691
40153,IM,103,0.342686718700425,0.0349514563106796,1.58150284780531,0.624157145810243,0.404035964253532,0.0606969339442648,1.72261238953841,0.288406095802955,0.00852377360418231,0.00710643455522683,0.0197968552853269,0.0609933162767472,-7.19742785319926,-3.62284031936229,-7.12787660965974,5.50471872170178
40154,IM,663,0.391088459563036,0.0225641025641026,1.69703907611084,0.358276105232261,0.403794983047982,0.0181570782207322,1.73006612238376,0.245307353887186,0.00309985604130973,0.00134231538433102,0.00719016718290862,0.0275197277464365,-4.0990688972695,3.28315118400193,-4.59336277345946,4.10500977284209
40155,IM,373,0.397594084429175,0.0246376811594203,1.71746551148367,0.18589789112849,0.403574252309568,0.0265794900497839,1.72840694677477,0.252727434830716,0.00406314073366933,0.00224719069009707,0.00941379429921115,0.0369063244684401,-1.4718091920465,-0.864105079698315,-1.16227686130933,-1.81078838558887
40157,IM,10,0.38962962962963,0.153333333333333,1.6107811966194,0.648669473182331,0.405232169312169,0.195077222222222,1.63655387591563,0.580689509777518,0.0327066137152746,0.0402210260655068,0.0736229761008622,0.138933206321643,-0.477045401837275,-1.03786235639294,-0.350062992032767,0.489299608096811
40158,IM,1735,0.374175392503336,0.00848909657320872,1.65559522359068,0.514459364298349,0.403700038927691,0.00923621849981664,1.73075466147199,0.239191637413489,0.00192127144612918,0.000568305012316364,0.00446436563124709,0.0172893730713529,-15.367243646825,-1.3146495463109,-16.835412707966,15.9212092739763
40159,IM,1054,0.396905940673131,0.0118721461187215,1.7134726364223,0.328033741479132,0.403609020486896,0.0131215493981623,1.73015717844367,0.242949522936142,0.00244903319943647,0.000886489783652041,0.00570075748436561,0.0222470488249727,-2.73703101097519,-1.40938260370433,-2.92672369717991,3.82451709493624
40160,IM,65,0.360897435897436,0.0482051282051282,1.60123252274855,0.545837220569367,0.403250192908673,0.0780135958329917,1.71545044045033,0.312461545031109,0.0107928015247847,0.0102235870022589,0.025007283004118,0.0718824025149097,-3.92416713250748,-2.91565647372857,-4.56738613638962,3.24663154504124
40161,IM,778,0.334836457881809,0.011183355006502,1.55974568289492,0.680883216184761,0.403595682578516,0.0162383752689753,1.72980890046312,0.244562307221045,0.00290188740818107,0.00115272378457867,0.00675861858912239,0.0256607569945164,-23.6946562788271,-4.38528321363736,-25.1624226645815,17.0034309220479
40162,IM,176,0.422281385281385,0.0659090909090909,1.76559634152019,0.394811622498336,0.403880467110821,0.0435985414612203,1.72614940383151,0.26860871753278,0.00622763126460017,0.00427622635738347,0.0144537783350202,0.0497886333474514,2.95472184988875,5.2173452907488,2.72917826566505,2.53477343081192
40163,IM,2079,0.396668889382826,0.00951449983708048,1.71176230499714,0.385161210510991,0.403610149658298,0.00812190748008963,1.7305986069527,0.24048498423084,0.0017128162742914,0.00050267933170113,0.00399055121478977,0.0154494068948876,-4.0525422251397,2.77033939763973,-4.72022558832241,9.36451653221889
40164,IM,31,0.404014336917563,0.118279569892473,1.69599674254794,0.583855752209285,0.403750764736712,0.115854311119743,1.70020016228624,0.381091408182999,0.0156907862610862,0.0176874313355249,0.0359836077326131,0.0924441510832583,0.0167978950490408,0.137117636061657,-0.116814849959822,2.19337125875784
40165,IM,14,0.366300366300366,0.204761904761905,1.58686314279975,0.405835160479311,0.404039265179265,0.167437579087579,1.66302857692887,0.505392155112514,0.0256341232847806,0.0313385993568692,0.0569678291733262,0.121996083207594,-1.47221336418028,1.19100171801853,-1.33699028441812,-0.816067139334234
40166,IM,487,0.418895535474382,0.0366255144032922,1.76358554707846,0.450455801544737,0.403833151008076,0.0224032659152221,1.72963544328413,0.247280015408976,0.00372156753935583,0.00174301590278959,0.00863226761856394,0.0322423671465966,4.04732261527461,8.15956324053514,3.93292994314906,6.30151580409651
40167,IM,733,0.419334523173463,0.0254928931682714,1.76408383877189,0.171813402487367,0.403627274882448,0.0169466545462396,1.72978143465646,0.244671778055096,0.00301125235286856,0.00120214218814935,0.00697275235324379,0.0274074482300472,5.21618464691349,7.10917452717334,4.91949267343151,-2.65834217604589
40168,IM,710,0.403042077699422,0.0239848914069877,1.72469659934224,0.34554435006592,0.403626895284637,0.0173947688180973,1.7297544322526,0.245178152251888,0.00302478764358855,0.00126468566594279,0.00703505413684051,0.0266853023029827,-0.193341700021357,5.21087790140929,-0.718947262093936,3.76110402177511
40169,IM,680,0.389627578122138,0.0209382716049383,1.69553051632525,0.435886764404974,0.403738356393034,0.0177864311438962,1.72992961178661,0.245547197497327,0.00312579740231534,0.00134248974566207,0.00728664508980868,0.0269243365226127,-4.51429713916955,2.3477575685226,-4.72084135255546,7.06942459836618
40170,IM,1524,0.417366648107879,0.014373897707231,1.76252224269763,0.271355615803553,0.403730088294577,0.0101033644823766,1.73071268486703,0.240932337035184,0.00201549113993994,0.000658681120899045,0.00469734000950045,0.0180058989382236,6.76587435343825,6.48346079666826,6.77182357808251,1.68962843081303
40171,IM,1559,0.413350715945648,0.0150398620986856,1.75337724189538,0.269437626844048,0.403643721750156,0.00996072895530636,1.7305320660232,0.240901913098138,0.00209722262130797,0.000632150696889605,0.00485634748628865,0.0181453288674899,4.62849966277704,8.03468724842087,4.70418888612903,1.57262036716434
40172,IM,4298,0.417410138685512,0.00713447547524055,1.76350488690367,0.259470815847749,0.403674149561916,0.00483266386191323,1.73100467687166,0.23818880940045,0.00114023154901118,0.000250203936874799,0.00263073888038033,0.0100727033672505,12.0466664297335,9.19974178695332,12.3540235309529,2.11283958946845
40201,IM,551,0.418572143999929,0.0297510625379478,1.7614169603489,0.43699391967273,0.403629731888309,0.0205947938672599,1.72933712637836,0.24707664739474,0.00341150862651814,0.00153706505661042,0.00791968753820297,0.0292685791339993,4.38000126849188,5.95698186703922,4.05064389419313,6.48877662999964
40202,IM,2377,0.412596423917179,0.0101486563750715,1.75127936443628,0.208381007418623,0.403560412060612,0.00736941418419336,1.73054926127116,0.239825117464854,0.00157523976070187,0.000431882827735678,0.00365740753565615,0.0141885901206894,5.73627715728816,6.43517642377545,5.66797737550999,-2.21615465516763
40203,IM,220,0.42361582394258,0.0614916286149163,1.76981931347779,0.404261245836906,0.40359038053878,0.0377149947129821,1.72666615090863,0.261453698435282,0.00542338203011587,0.00370196280071855,0.0126547142718977,0.0471367416657703,3.6924272147158,6.42271010862646,3.41004637813021,3.02964401770111
40204,IM,610,0.41382445770164,0.0275482093663912,1.75154255364945,0.407184381335669,0.403772536952311,0.0192453506901636,1.72988638707368,0.244707353101276,0.00329516611579296,0.00149237997247154,0.00764714495973202,0.0286703380998117,3.05050501131103,5.56350180877675,2.83192834578162,5.66707750947174
40205,IM,21,0.438095238095238,0.111111111111111,1.75497597636767,0.525875254611845,0.403357781381559,0.138133959899749,1.68446728205758,0.437152744485892,0.0201255773045244,0.0234902968299664,0.0459102178256253,0.107465296315445,1.72603529270538,-1.1503834533996,1.53579524666824,0.825592197368755
40206,IM,1022,0.414941201591669,0.0188034188034188,1.75591488890085,0.43116124272739,0.403586855238138,0.0134087095442168,1.73007915011196,0.242853861427698,0.00265497013296912,0.000895480667160817,0.00619153884968273,0.0221867791907934,4.27663807307416,6.02437267161367,4.17274920114745,8.48736897232169
40207,IM,627,0.420016550281372,0.0272873194221509,1.76562809521676,0.390560383154394,0.403553734354494,0.0188289917384448,1.72940199514176,0.24713546785509,0.00328457962291796,0.00142261984004493,0.00762915870469983,0.0270804981204182,5.01215309624699,5.94559941146255,4.7483741624993,5.29624361640394
40208,IM,99,0.42737579880437,0.0814814814814815,1.77530140242347,0.485090644027167,0.403913623809535,0.062158491733328,1.72196612358701,0.289788833933692,0.00837988986763096,0.00726021828358481,0.019434679943971,0.0621905699574048,2.7998190149804,2.66148881388902,2.7443353320055,3.14037659129414
40209,IM,880,0.410419439904108,0.0227809523809524,1.74381579369945,0.401905743204467,0.40358250207665,0.0148929119545047,1.72988589722677,0.245278567391731,0.00277793068810517,0.00104929601723677,0.00645668865323237,0.023801453578711,2.46116213652591,7.51745960803338,2.15743660888752,6.58057186695649
40210,IM,1006,0.39916578196145,0.0161474036850921,1.71713151564772,0.329229989614114,0.403774063920808,0.0135341351460127,1.7304961845619,0.242619256185228,0.00260446615288829,0.000882718770278319,0.00605476706727205,0.0232747480543994,-1.76937678926916,2.96047691186573,-2.20729695555477,3.72123183574118
40211,IM,361,0.406825974574036,0.0361423220973783,1.73211193836938,0.4377813697918,0.403884715733227,0.027321212445578,1.72906596989551,0.25180073442617,0.00437216559854563,0.00224536764989556,0.0101652973160849,0.037364558477538,0.672723567878475,3.92858142950914,0.299643815538883,4.97746107390599
40212,IM,407,0.408031617976612,0.0339094650205761,1.7376399959929,0.324022069839214,0.403634429676459,0.0252612039559046,1.72877786990331,0.249989526319224,0.00405123146190828,0.00206317466482583,0.00943692303978083,0.0358594197006102,1.08539547579499,4.19172511766068,0.939090639208682,2.06452151591094
40301,IM,966,0.412117874898832,0.0191467221644121,1.75030420442123,0.356440199792999,0.403542673993708,0.0139895514792909,1.72991803242148,0.243489389352452,0.00266619926310452,0.000959365968858694,0.00621061424785159,0.0232894875716736,3.21626407440348,5.37560310926636,3.28247274523602,4.84986241508923
40302,IM,282,0.395772316094897,0.0280952380952381,1.70968917487686,0.449962272350813,0.403562326555437,0.0320518984139332,1.7275521150331,0.258090290892526,0.00498147084723634,0.00277655889168169,0.0115366828053467,0.0413613353436032,-1.56379725977168,-1.42502301339577,-1.54836017056491,4.63892134681675
40303,IM,12,0.427272727272727,0.216666666666667,1.70106346468389,0.365065186029419,0.404847272727273,0.179656262626263,1.65233790244171,0.546579526288874,0.0295666026102077,0.0356914542394902,0.066022599861917,0.132081221340018,0.758472484684876,1.03695421856626,0.738013382449105,-1.37426303616758
40304,IM,17,0.0764705882352941,0.0313725490196078,0.488639747025725,1.44503343425778,0.403396700227877,0.153235200746965,1.67390142515887,0.468383095701912,0.0223563641759951,0.0270433266965497,0.0505942593915124,0.113584127533357,-14.6234025094123,-4.50620047950334,-23.4268016250868,8.59847550679166
40401,IM,858,0.415842952927352,0.0201331766549158,1.75850735727416,0.232692585505953,0.403592822272772,0.0152160223638059,1.7299067688672,0.24358360416948,0.00275361264600987,0.00108284791341034,0.00637938254936922,0.0244441441443892,4.44874869104461,4.5409463602545,4.48328473572875,-0.445547146146545
40402,IM,31,0.38336917562724,0.0795698924731183,1.64422926058355,0.740484921373832,0.403758098956482,0.115229438313784,1.70025172126989,0.383405545674537,0.0156540503161745,0.0178270422792077,0.0361307997598261,0.092627378509649,-1.30246951539279,-2.00030634819645,-1.55054582402664,3.85500897730899
40403,IM,637,0.403692803058889,0.0259904912836767,1.73051766715246,0.550650195754603,0.403648915148469,0.0186783555073517,1.72962686577189,0.246251649129116,0.00325727133536715,0.00140250268703239,0.00757186366850636,0.0288623945008849,0.0134738269861396,5.21363405855361,0.117646251908741,10.5465451460084
40501,IM,543,0.394504524129079,0.0228464419475655,1.70916907162801,0.369744095306003,0.403616814967692,0.0208090061229524,1.72931618456504,0.245947638741068,0.00355233638121524,0.00165419347787889,0.0082468117625806,0.0313612070690924,-2.56515427052428,1.23167927564658,-2.44301840724031,3.9474391496538
40502,IM,432,0.40104009685405,0.0286821705426357,1.72392739799807,0.573103511342147,0.403516423168149,0.0241395610446957,1.72861230836419,0.25086940659154,0.00393355957860754,0.00192814312563721,0.0091355442137058,0.0339926618437437,-0.629538275603019,2.35595036361151,-0.512822253007469,9.47951961608189
40701,IM,270,0.421296687411412,0.0511860174781523,1.76840587490477,0.426501843260321,0.403464929698612,0.0330981597810567,1.72717942972896,0.257617265117778,0.004898324765712,0.00288604172923521,0.0113422751498119,0.0427107438825608,3.64037881637049,6.26735833853964,3.63475974892927,3.95414742967052
40901,IM,5,0.426666666666667,0.24,1.58616960632929,0.649938865918434,0.404053333333333,0.260936666666667,1.53234260749041,0.80336737976446,0.0573064553724816,0.0664197997656725,0.121828100966613,0.182958491086919,0.394603595464958,-0.315217250586884,0.441827447130906,-0.838597394056648
41001,IM,1566,0.380490170431691,0.00731601731601732,1.67688992850338,0.425509484810369,0.403559204437562,0.00994684945701207,1.73035857538129,0.239986297763958,0.00202115549251504,0.000617922639764874,0.00470772662799521,0.018271632398956,-11.4137848826094,-4.25754288918079,-11.3576363079266,10.153618625614
41301,IM,683,0.416423806636057,0.0268627450980392,1.75728768317245,0.413262073855387,0.403736285595696,0.017799255917678,1.72997916238575,0.244347441454897,0.00325694520985342,0.00134074984449903,0.0075612255068148,0.0268542638451846,3.8955279327315,6.76001508972602,3.61165273566973,6.29004888662323
41302,IM,5,0.333333333333333,0.12,1.40794538751733,1.29758175550651,0.403922222222222,0.262513333333333,1.53274748751894,0.796138882309407,0.055311879120792,0.0636548119991427,0.117178055856329,0.176778638126368,-1.27619762718121,-2.23884619021815,-1.06506375352932,2.83655807348539
41303,IM,659,0.405732638242413,0.0267276422764228,1.73304810238931,0.507398166617568,0.403716530986499,0.018134429387951,1.72987695442865,0.244371084295028,0.0031148356510301,0.00136083517652214,0.00723700803542973,0.0276727057022254,0.647259593053484,6.3146610528053,0.438184943990863,9.50492825504182
41304,IM,97,0.4118843069874,0.0721649484536083,1.73804959526027,0.526174852057368,0.403533967444518,0.0622913462848672,1.72102850895061,0.290852421896435,0.00866909251901985,0.00733889952768304,0.0201107882287554,0.0642199695464736,0.963231102282197,1.34537911733181,0.846365946279551,3.66431861962562
41401,IM,48,0.393676122931442,0.0777777777777778,1.68708286728305,0.454008120722401,0.404462657059157,0.091966731148986,1.71313224281829,0.334421131039023,0.0126769361536012,0.0120512882726714,0.0291037614260838,0.0779331346594222,-0.850878634791503,-1.17738062937092,-0.895051850991784,1.53448196593129
41402,IM,239,0.415493726132024,0.0445390070921986,1.75365071664899,0.314603042358932,0.403707424342846,0.035670801085714,1.7272542980918,0.260139957526176,0.00541921786103572,0.00333955479601947,0.0125706603489752,0.0453481417683261,2.17490827854003,2.65550546349918,2.0998434310051,1.20099926279219
41403,IM,124,0.408610892560539,0.0682795698924731,1.73444270592227,0.455457460436698,0.403229588893053,0.054252343262958,1.72240253683022,0.280150648236232,0.00781810556447778,0.00590315607456401,0.0180622681159041,0.0569026043069992,0.688312996429152,2.37622492990771,0.666592313589675,3.08082229865361
41404,IM,85,0.408814192343604,0.0698039215686275,1.72895266138633,0.334113868212681,0.403468051418789,0.0678990140005879,1.71950566122913,0.292984786965563,0.00939501419715198,0.00803109989469385,0.0217110447267039,0.0649876239224628,0.569040217782301,0.237191367685277,0.435124162661025,0.632875596378007
41405,IM,1088,0.328995583974046,0.00914786967418546,1.54597114370079,0.709200502173451,0.403640545473181,0.0128968141551957,1.73026786230067,0.242279768718242,0.00254033525375034,0.00086530883273705,0.00591432256701101,0.021900701291481,-29.3839017464075,-4.33249302350466,-31.1610867536803,21.3198987210895
41406,IM,41,0.379024390243902,0.0764227642276423,1.64531124645535,0.614052020871707,0.403967984088985,0.100151972946087,1.70830723464434,0.35027448343711,0.0137204858666683,0.0144183680383997,0.0317561465792821,0.0868360174741174,-1.81798181839022,-1.64576245073285,-1.98374157367363,3.03765125471374
50201,NA_Realm,1020,0.412987557048656,0.0156469408224674,1.75178880879661,0.421436649778866,0.395648811557204,0.0155673167706652,1.71361709958971,0.357576103935668,0.00249235865153657,0.000959830399159198,0.0057148905345879,0.0176713922110916,6.95676181305712,0.0829563763264864,6.67934214590244,3.6137812505296
50302,NA_Realm,5290,0.403338048614138,0.00433384773662551,1.73256577525185,0.338829487428525,0.395690538499319,0.00497449085774336,1.71443788245765,0.353789773700578,0.000997317534349341,0.000215941018377873,0.0022939169578684,0.00749232470699039,7.66807947461602,-2.96675048552743,7.90259330531495,-1.99674825332849
50303,NA_Realm,5283,0.401471887165344,0.00472685005811701,1.72924544904773,0.280799376342409,0.395692062226402,0.00497526613749854,1.7144571905245,0.353064917210342,0.000949203237244033,0.000214508163814621,0.00217737155926966,0.00720221393542305,6.08913319314304,-1.15807284424015,6.79179373876968,-10.0337953740176
50401,NA_Realm,1823,0.395384491127159,0.0119139547710976,1.71271499552528,0.535097649655052,0.395677129097216,0.0104620352324953,1.71408721667123,0.355485450246495,0.00172763538589331,0.000561559465933532,0.00398247338647644,0.0135034014433721,-0.16938641824909,2.5855134258821,-0.344565051108608,13.3012559955193
50402,NA_Realm,2836,0.398364449788834,0.00872847369662656,1.72004815607806,0.503577315488105,0.395808791788917,0.00768979147790147,1.71456272464714,0.353899379962742,0.00139008904855102,0.000394078343802305,0.00320285639068426,0.0108378115614895,1.83848509746977,2.6357251928722,1.71266855638005,13.8107158143643
50403,NA_Realm,3309,0.39604280402463,0.0079538554948391,1.71458685328643,0.498420987854456,0.395718037082466,0.00690018529613885,1.71439676034347,0.353492735534531,0.00123669130583525,0.000330799185499884,0.0028430936866665,0.00912768911098262,0.262609545835406,3.18522609754316,0.0668613010752085,15.8778690375797
50404,NA_Realm,2890,0.395013421819261,0.00868357068426537,1.71141073127863,0.533532920933702,0.395706706854524,0.00760137601222013,1.71434250471529,0.354225318269271,0.00134337607063164,0.000377526061916725,0.00309218929366176,0.0101108507398255,-0.516076659708075,2.86654295216299,-0.94812223904308,17.7341756177013
50405,NA_Realm,1875,0.399013390035762,0.0117668097281831,1.719222701947,0.533818940866806,0.395629290647623,0.0102446123364013,1.71398478394667,0.355360390667508,0.00172335800525796,0.000558329134732591,0.00396032614007837,0.0128229457352357,1.96366592304872,2.72634418855972,1.32259763844058,13.9171258994662
50406,NA_Realm,1742,0.38743600989721,0.0127258746635909,1.69283516910544,0.536854999550631,0.395737554356718,0.0108213814987041,1.71420743456962,0.354648628607753,0.00180148687405489,0.000615534162372527,0.00414877354647088,0.013694489139837,-4.608162612266,3.09404949604446,-5.15146590306345,13.3050871107593
50407,NA_Realm,2431,0.389496082294198,0.00998482967866501,1.69881521370311,0.56298931014121,0.395711148158626,0.00854308007736869,1.7142829289496,0.354346519561286,0.00150338253436997,0.000433818291244027,0.00345902211989195,0.0116840504508371,-4.13405485453006,3.32339514122821,-4.47170174412594,17.8570600544587
50408,NA_Realm,1245,0.389398652219296,0.0155879180151025,1.69708804889563,0.547739631247517,0.395729318297585,0.0135815922865461,1.7139735871592,0.355408414255524,0.00224660911969595,0.000785018667623005,0.00517306472208184,0.0165455121948786,-2.817876070558,2.55576817635615,-3.26412661946578,11.6243737109285
50409,NA_Realm,1959,0.398790230771779,0.0123381049761418,1.71862595499196,0.532656419984725,0.395691206983315,0.00994824026418329,1.71414920004176,0.354405827046578,0.00164112378008002,0.000552799301383245,0.00378034430159796,0.0123799975286376,1.88835469090146,4.32320501487328,1.18421884173647,14.3982737093295
50410,NA_Realm,2395,0.389722069949247,0.0099845743934932,1.69883820404909,0.529674194158199,0.395703928889976,0.00864468448284886,1.71426845300522,0.354364629917785,0.00151706841011985,0.00044040238369073,0.00349463386581344,0.0115312758037871,-3.94303836321823,3.04242202191456,-4.41541218582886,15.2029634208246
50411,NA_Realm,3432,0.397869557205671,0.00805237955633734,1.71827779505578,0.51455436684248,0.395636892471002,0.00671167672966195,1.71422746405056,0.353684953400633,0.00120691881269903,0.00032038304633311,0.00278836893627883,0.00940210966722702,1.84988808789529,4.18468717998715,1.45258073726028,17.1099273605147
50412,NA_Realm,1787,0.397040420417768,0.0118659928878907,1.71599158001631,0.538791498147245,0.395607073531063,0.0105679188409927,1.71391136595368,0.354046997943426,0.00177366444925502,0.000604166788909318,0.00407926382673179,0.0132953974758652,0.80812742641749,2.14853591876728,0.509948400247636,13.8953724805281
50413,NA_Realm,4119,0.399044010142115,0.00677057963955188,1.72118229000122,0.468299583640377,0.395672531991343,0.00592169827240598,1.71435520413222,0.353764465611765,0.00111387206128742,0.000283536482772458,0.00255228660326391,0.00833456952214208,3.02680915335599,2.9939052598996,2.67488998307231,13.7421756125894
50414,NA_Realm,2967,0.393961848601364,0.00867796610169492,1.7096044495893,0.542240615166425,0.39567078976595,0.00745351297205997,1.71425938199414,0.353681567163773,0.00135293890880673,0.00035936767853297,0.00312251758174629,0.0103512489672946,-1.26313254313367,3.4072433409523,-1.49076259235521,18.2160673169408
50415,NA_Realm,2482,0.388670745575798,0.00958941112911939,1.69681710659946,0.560892786261106,0.395680397498653,0.00842463925387327,1.71421752673086,0.354954900965908,0.0015304685791504,0.000443835981088419,0.00352096716170659,0.0111811869230568,-4.58006914898285,2.62432953810945,-4.94194331621085,18.4182490385285
50416,NA_Realm,2070,0.385269911752948,0.0106847984458475,1.68802069973377,0.54993864119342,0.395700729188582,0.00958721245706156,1.71418618998767,0.354405712514009,0.0016345902067455,0.000531762120840487,0.00375175605111622,0.0122911656361764,-6.38130425141998,2.06405448182568,-6.97419818810283,15.908412144728
50417,NA_Realm,1492,0.393870341753425,0.0125760649087221,1.70847083677951,0.583597923587224,0.39558636743622,0.0119855319882772,1.71375892006441,0.355601849579811,0.00198971268148618,0.000687675710852047,0.00456844797746107,0.0148145179975316,-0.862448985103226,0.858737499559497,-1.1575229292282,15.3900433375828
50501,NA_Realm,752,0.359877639841463,0.0138331102186524,1.62843220880975,0.581551595846084,0.395619628557777,0.0191088813407237,1.71322377843107,0.357395413246503,0.00278156344354557,0.00124603109552322,0.00638238463303753,0.0200339685396833,-12.8496039877323,-4.23406056319643,-13.285249087372,11.1888057603551
50502,NA_Realm,584,0.377601602369972,0.0190311418685121,1.67152841180181,0.547786447529351,0.395803459772007,0.022363206578127,1.71331051875316,0.359467012804585,0.00311644846203189,0.00153025288730363,0.00718622310468995,0.0234172903733331,-5.84057706193131,-2.17746016835565,-5.81419562719655,8.04189689423752
50503,NA_Realm,3079,0.387921129505152,0.00714519829564077,1.69533907574325,0.53231003205995,0.395723929913261,0.00724673355785057,1.71439088795042,0.353941400842371,0.00131475852649752,0.000360587718009754,0.00302550958597961,0.0100241321770184,-5.93477832685781,-0.281582697187289,-6.29705894684997,17.7939225129645
50504,NA_Realm,1344,0.398484351951965,0.0163681592039801,1.71905180521828,0.516892956985509,0.395598649037308,0.0128577540410541,1.71370853922657,0.355274585240236,0.00205150964624926,0.000758126391070118,0.00472526235525509,0.0153886484407442,1.40662410236915,4.63036929498124,1.13078715846599,10.5024409627398
50505,NA_Realm,1658,0.375870747947157,0.00944275582573455,1.66687928323056,0.56438169267439,0.39576629226603,0.0111355116062069,1.71423253518485,0.355014893545093,0.0018429808787597,0.000669400691980417,0.00424805192204282,0.0142426228982837,-10.7953069661049,-2.52876311714637,-11.1470511244416,14.7000170280803
50506,NA_Realm,1214,0.379066085248304,0.0125138427464009,1.67365961927143,0.515063884381657,0.395657006650611,0.0137960705019916,1.71376684853841,0.355955660655,0.00221522186071562,0.000797132792830046,0.00509268319175685,0.0160739414274568,-7.489507798983,-1.6085497512133,-7.87546127587413,9.89851956626368
50507,NA_Realm,1339,0.372713612551184,0.0104417670682731,1.65867102613607,0.546846976292155,0.3956058104406,0.0128994005221133,1.71372766601328,0.35575270967191,0.00208959468398642,0.000753346592768375,0.00480015224915164,0.0155010356309318,-10.9553293109184,-3.26228787311419,-11.4697695030269,12.3278386793024
50508,NA_Realm,1609,0.381045717742632,0.00977443609022556,1.67933066458895,0.494018602581823,0.395645768007166,0.0113403074269811,1.71392926090378,0.35534623336293,0.00187535173173367,0.00067205266157267,0.0042811778691622,0.0139384125919404,-7.78523304054335,-2.32998308955619,-8.08156011551174,9.94893559823864
50509,NA_Realm,418,0.369670219338894,0.0213141025641026,1.65055245357673,0.536082232211618,0.395611584062968,0.0276425762912681,1.71219881203083,0.359903504328495,0.0038184869233449,0.00212076367499035,0.00877876055843041,0.0283415075876631,-6.79362408326659,-2.98405418849618,-7.02221663796303,6.2162793329954
50510,NA_Realm,1964,0.384568703990515,0.0102643323034672,1.68693027813312,0.52350286023995,0.395752772878528,0.00993619459718822,1.71429795361115,0.353851233206662,0.0016773829632207,0.000535684665862576,0.00386302186954181,0.0126204488666262,-6.66757033619768,0.612557586935258,-7.08452512107452,13.4425985023337
50511,NA_Realm,2625,0.373298897506698,0.00747567844342038,1.66129823690438,0.563114230049773,0.395685586691677,0.00811607608863396,1.71425235246746,0.354043399996635,0.00136103677112286,0.000433679700964288,0.00315450861890029,0.0111345796010279,-16.4482618397669,-1.4766604104127,-16.7868032586151,18.7767152011592
50512,NA_Realm,1854,0.381542899023571,0.0101449275362319,1.68004752364036,0.5566267412812,0.395687402537234,0.0103278675693803,1.71411127201536,0.354741992810565,0.00172399415396753,0.000579306447269376,0.00396827706463944,0.0130562183071086,-8.20449621659742,-0.315791467557053,-8.58401462905333,15.4627276996982
50513,NA_Realm,1144,0.400977624834168,0.0179217746643316,1.72154338194911,0.32122253404809,0.395817048648806,0.0143571735536268,1.71409865148266,0.356543747856098,0.00223966539450471,0.000867165056948862,0.00516219745829614,0.0167688091084603,2.30417284565092,4.11063739496944,1.44216305683586,-2.1063638794831
50514,NA_Realm,839,0.368713291121107,0.0165869218500797,1.64771020452446,0.579108007384659,0.395694138816507,0.0177036287990964,1.71353424550134,0.357789669108263,0.00265016228247678,0.00118561286844072,0.00606916191629541,0.0195547037482275,-10.1808285001263,-0.941881602959782,-10.8456557733522,11.3179080146615
50515,NA_Realm,897,0.361802210780786,0.0106875934230194,1.63368466319556,0.522570133209101,0.395602678028562,0.0168851408088309,1.71338845023659,0.357249568706812,0.00265796844856848,0.00108480400270956,0.00608134711878415,0.0188546225919973,-12.7166548067867,-5.7130572622627,-13.1062716013764,8.76817150253953
50516,NA_Realm,2523,0.382996558774185,0.00755270883373365,1.68348835655436,0.519780360106215,0.395698443283759,0.00835660069423265,1.71425599167185,0.354187040136401,0.00146119708269095,0.000429744200614766,0.00335804740343909,0.0110945287195832,-8.69279350474909,-1.87062875857079,-9.16235878206417,14.9256741007412
50517,NA_Realm,3002,0.3929125178,0.0084864684263281,1.70483952917933,0.48463042733954,0.395764879241593,0.00739306720021805,1.71448344687718,0.353567099856001,0.00131060749597786,0.00038008533413719,0.00301013717148095,0.0101870022843596,-2.17636588402447,2.87672564002532,-3.20381336412859,12.8657404627036
50518,NA_Realm,2330,0.373467996802774,0.0086002886002886,1.66097535903037,0.56012724000912,0.395562182889975,0.00881417801138431,1.71393428308213,0.354609550877581,0.00156061230504712,0.000470849109513597,0.00359185262403011,0.011567611079058,-14.1573829808643,-0.454263174282449,-14.7441806764164,17.7666492871297
50519,NA_Realm,1822,0.393023740099752,0.011049519586105,1.70748703602292,0.523999594964386,0.395780434055516,0.0104377292223827,1.71430973694317,0.354276691319145,0.00181614611027568,0.000599107724232946,0.00416820367599464,0.0129987293953384,-1.51788115513781,1.02116921377631,-1.63684441802595,13.0568841371609
50520,NA_Realm,619,0.371458625275897,0.0169934640522876,1.65537489573233,0.483106662161142,0.395676648732477,0.0215409599061597,1.71307844309802,0.358551092783877,0.00306313476046447,0.00147367738076877,0.00706595590850054,0.0224803506246116,-7.90628730056532,-3.0858150591277,-8.16641769534192,5.54064175675715
50521,NA_Realm,243,0.363744769874477,0.0261111111111111,1.63430623002149,0.545771128663445,0.395772411127015,0.0385074763851849,1.71095173791538,0.367428485332273,0.00483068387835573,0.00333736858892613,0.0110819512492878,0.0371314125756922,-6.63004287985815,-3.7144130004719,-6.91624662207583,4.80301262354676
50522,NA_Realm,1467,0.382104398644389,0.0130772748056699,1.68061364885861,0.597607254748685,0.395566219905459,0.0121116058494865,1.71370438193573,0.355087915446854,0.00195254109376045,0.000707920505712293,0.00449618022436039,0.0155428613570793,-6.89451366943752,1.36409236403132,-7.35974347688268,15.6032620847751
50523,NA_Realm,2379,0.392686714258266,0.0103298245614035,1.70473271693947,0.519221221410491,0.395669029862684,0.00868758052791174,1.71417982213602,0.353612061164496,0.00146503787027279,0.000451350303861136,0.00336720847796308,0.0115500974625969,-2.03565768840012,3.63851318907503,-2.80561933078282,14.3383344410982
50524,NA_Realm,1946,0.396015948015948,0.0103549783549784,1.71344225355506,0.529339625766717,0.395770501659195,0.00996193846225808,1.71431669125138,0.354142654792425,0.00176053992952639,0.000539381431367146,0.00405414527107298,0.013202766186266,0.139415387652617,0.728686361568012,-0.215689778696235,13.2697170049514
50525,NA_Realm,333,0.369103219907579,0.0267477203647416,1.64617123614973,0.475535050525572,0.395543034492681,0.0319258995782974,1.71142177588016,0.363205023931203,0.00429072300897243,0.00231768279038506,0.00988632712160347,0.0314649858896051,-6.16208842421504,-2.23420531706822,-6.60007897046534,3.57000085709488
50526,NA_Realm,853,0.390369570253516,0.0147186147186147,1.70106658807144,0.484206955618185,0.395634689606756,0.017503960656332,1.71338727643456,0.357773079629488,0.00265009629920189,0.00107936001836533,0.00611632704033572,0.0195937915498369,-1.98676529408603,-2.5805531892275,-2.01439332492596,6.45275191721375
50527,NA_Realm,2954,0.379923720294327,0.00654173764906303,1.67682053380099,0.546186037363988,0.395708941893681,0.00746582315889525,1.71433760741621,0.354090337026661,0.00133483735255891,0.000379508379490325,0.00307095559402218,0.0103494647676946,-11.8255767783948,-2.43495416642251,-12.2167424655205,18.5609308934453
50528,NA_Realm,2475,0.368389767521853,0.00754000542446433,1.64983492675215,0.55925002635926,0.39565487452934,0.00844502194081294,1.71416299919151,0.353977030992219,0.0014448710401836,0.000459229414466582,0.00333308292876231,0.0111522051212841,-18.870270251954,-1.97072854621002,-19.2998715646265,18.406493884808
50529,NA_Realm,4111,0.39915174663594,0.00724673003493379,1.71882454838544,0.367576065878175,0.395662533282948,0.00593217912396152,1.71431960109945,0.353564689596132,0.00111192072892936,0.000277529999877609,0.0025572472045918,0.00840578489048751,3.13800549104892,4.73660833622307,1.76163934323481,1.66687304809561
50530,NA_Realm,1879,0.372585271184035,0.0090437890974084,1.65951342559091,0.5536411348236,0.395725779455737,0.0102266644140144,1.714180705146,0.35438645719059,0.00180990352854379,0.000558360555946771,0.00416847934056633,0.0132263347747044,-12.7854926556884,-2.11847936607972,-13.1144417637106,15.0649957850824
50601,NA_Realm,446,0.351259136133086,0.0212669683257919,1.60645903014284,0.549115183569813,0.395690145204284,0.0265844524871477,1.71251552355725,0.361566535472769,0.00376491016954727,0.00193370434696088,0.00866745564345742,0.0272271676553147,-11.8013463988017,-2.74989512730481,-12.2361737719964,6.88829078629612
50602,NA_Realm,1003,0.377442904348924,0.0143095954530257,1.66669724202505,0.537308619440255,0.39579813799775,0.0157628765059788,1.71392470056805,0.356550129133541,0.00240274017599803,0.00101583888159327,0.00551449222778662,0.0183153292986724,-7.63929193517646,-1.43062160671943,-8.56424428436641,9.86924599383628
50603,NA_Realm,469,0.37318572955722,0.0233261339092873,1.65783512107221,0.55279223697071,0.395770420831067,0.0257044285288808,1.71280010106361,0.360246724769063,0.00358641218298154,0.00187916287753619,0.00823949376191571,0.02684332906062,-6.29729381943825,-1.26561387946947,-6.67091711938227,7.17293714825098
50604,NA_Realm,79,0.387545787545788,0.0726495726495727,1.68204460889641,0.591318060866339,0.394991168652722,0.0739289258291253,1.70100031220544,0.401357577942253,0.00917288512652101,0.00862911351672998,0.0210417672559589,0.0609814797738268,-0.811672772987009,-0.14826009381755,-0.900860801207753,3.11505203921957
50605,NA_Realm,1322,0.378243363735998,0.0135567402894136,1.67017957039161,0.528366088588475,0.395791336342154,0.0130733322040633,1.71415464271189,0.354892487000189,0.00212395323649386,0.000773864811409137,0.00487367731720991,0.0163757762039472,-8.26193924830629,0.624667355619871,-9.0229757651366,10.5933055891709
50606,NA_Realm,595,0.352821961928201,0.017088251826869,1.60504214449094,0.565504412161674,0.395604164567756,0.0220605769547659,1.71286076548017,0.35787425596952,0.00323675210280814,0.0014795142558212,0.00740295508725358,0.0234296515268224,-13.2176333808319,-3.36078216775076,-14.5642678793055,8.86185421727071
50607,NA_Realm,771,0.358568023033818,0.0153778942769768,1.62547345751892,0.588540584558608,0.395668819049655,0.0187024310378457,1.71334087082833,0.358319090407878,0.00270094745632135,0.00123294925946244,0.00619238587248171,0.0203849950160979,-13.7362153895313,-2.69641003906219,-14.1895894601603,11.2936742917486
50608,NA_Realm,734,0.379637417909023,0.0183813443072702,1.67396346838984,0.564441510116268,0.395762931296206,0.0193509052076706,1.71350134218324,0.358192646663876,0.00277343211445769,0.00126289934455596,0.00638116282288821,0.0215497034906585,-5.81428090600154,-0.767726188615005,-6.19602960946038,9.57084460775985
50609,NA_Realm,547,0.376016502365219,0.0215686274509804,1.66154134415479,0.553296782880459,0.395684722261048,0.0233693284389944,1.71290262245202,0.35916678285084,0.00340422165225412,0.00173789462433817,0.00783312128075594,0.0242702720850764,-5.77759673281149,-1.03613933940313,-6.55693643138372,7.99867423608272
50610,NA_Realm,451,0.371072706202449,0.0219730941704036,1.65316902881646,0.585254266414813,0.395524447478519,0.026320691677088,1.71216015560388,0.361284696194696,0.00343720234349285,0.00202718752272351,0.00790316683862683,0.0260270862751732,-7.11384982102122,-2.14464496152949,-7.46423908187007,8.60524946404614
50611,NA_Realm,110,0.39318320822908,0.0593939393939394,1.70056467210494,0.402306195370405,0.395592410141664,0.0614646374755409,1.70580693454869,0.38514458456913,0.00787739386877907,0.00626734767534528,0.0181073349936775,0.0531457219845182,-0.305837432114751,-0.330394640422976,-0.289510435720394,0.322916128720084
50612,NA_Realm,351,0.361423386546596,0.0281904761904762,1.62795088719994,0.571424680809872,0.395684770059076,0.0309052532743034,1.71192975604626,0.362657945030347,0.00406712968936267,0.00248693797322109,0.00933201724947559,0.0303116198870738,-8.42397123506747,-1.09161431167942,-8.99900488836355,6.88735001815432
50613,NA_Realm,870,0.355326148610323,0.0140921409214092,1.61614389910754,0.584118177651894,0.395535620274946,0.0171976685214385,1.71319810545786,0.356907871650419,0.00261487099099388,0.001128442775816,0.00600873860795074,0.0189107867553954,-15.3772296236074,-2.75204703914527,-16.1521764687671,12.0148521021554
50614,NA_Realm,386,0.364137388325696,0.0228070175438597,1.63674372416208,0.552325442578693,0.395957731297269,0.0291047400749944,1.71277655535249,0.364153140399742,0.00401338578385804,0.00224785218638109,0.00929551410894873,0.0293614538948869,-7.92855326780579,-2.80166221306292,-8.17951866881796,6.40882099546578
50615,NA_Realm,40,0.418533513270355,0.14017094017094,1.74314438600747,0.324645360043248,0.395254043276087,0.106430634347476,1.68996610002917,0.439330217981381,0.0130314851643482,0.0146362900559596,0.0297211875649606,0.081098224929498,1.78640191050189,2.30524987510242,1.78923826183157,-1.41414757274691
50616,NA_Realm,846,0.365951342883566,0.0154577883472057,1.63741762055164,0.552981623409141,0.395661906786775,0.0176686111150424,1.71345064111694,0.357711194521379,0.00262520979840558,0.00112224632043841,0.0060392617467457,0.0202513045636602,-11.317405535075,-1.96999778709279,-12.5897872544228,9.64236295365206
50617,NA_Realm,540,0.362013762960896,0.0217661691542289,1.63220502320046,0.584539520847898,0.395547755993896,0.0235734726175633,1.7125678143242,0.361028292695065,0.00334497732646843,0.00167770750626162,0.00769204587073159,0.0246295206500848,-10.0251779788308,-1.07724585876212,-10.4475184462332,9.0749321242703
50701,NA_Realm,2215,0.398728346244057,0.0115297321833863,1.71771510622659,0.493282174749392,0.395673264011223,0.00912149791098522,1.71414430810624,0.353903233779992,0.00152325735133289,0.00048056300493465,0.00350202961159845,0.011788319595375,2.00562447977777,5.01127687248534,1.01963675821844,11.8234783033947
50801,NA_Realm,2054,0.393707404310265,0.010143509458578,1.70754918322241,0.640708919397659,0.395643580451117,0.00963097232415949,1.7140565520649,0.354559662781702,0.00164801757761572,0.000508600790896554,0.00377671691773929,0.0123701566881313,-1.17485163213723,1.00773955446465,-1.72302266339325,23.1322257130749
50802,NA_Realm,1259,0.377703682387423,0.0138555822009059,1.67049626712926,0.599687437943802,0.39568229180618,0.0134996089051239,1.71384575103085,0.355439952761984,0.00218090660400627,0.000795679407600676,0.00501550937940929,0.0157246807995849,-8.24364023004488,0.447382818232575,-8.643086997216,15.5327467879836
50803,NA_Realm,1807,0.391352671312679,0.0127107652399481,1.7025695104201,0.611076452829313,0.395678068215258,0.0104958896741673,1.71406311234227,0.354684861967025,0.00174648344121508,0.000578967838495273,0.00401454658210239,0.0132221950802223,-2.4766320713411,3.82555889725633,-2.86298880511539,19.3910004584487
50804,NA_Realm,4035,0.397623990586703,0.00710668327106683,1.7176799911246,0.519784888886035,0.395673630253355,0.00600003568868559,1.71435228441827,0.353795026429118,0.00112772161104594,0.000283034301949788,0.00259997033784988,0.00850608825669076,1.7294696796135,3.90994156806327,1.27990179652645,19.5142417346013
50805,NA_Realm,2053,0.401281006631722,0.0118685630210888,1.72394936049773,0.5271856261219,0.395700800851518,0.00963312690956452,1.71419553516326,0.354191979142795,0.00158884795980993,0.000522323660887296,0.0036513510930495,0.0121868532913274,3.51210809426453,4.27979101641079,2.67129210144521,14.1951037600668
50806,NA_Realm,1830,0.402328576280853,0.0125045837917125,1.72840971191661,0.522583837758382,0.395702259701862,0.0103889157437359,1.71412090300003,0.354976271366885,0.00175841346346647,0.000587661469798159,0.00403288122010287,0.0131055101559786,3.76834954728351,3.60014763040914,3.54307705502453,12.7890913361382
50807,NA_Realm,866,0.38822082027953,0.0183641975308642,1.69515360415008,0.675549526322883,0.395787992509064,0.0174013629773513,1.71378047658959,0.357414392316021,0.00247080381482358,0.00108347522259867,0.00563405406612619,0.0184798169055539,-3.06263580464584,0.888653965896472,-3.30612241574036,17.215275217973
50808,NA_Realm,1511,0.374983012226767,0.0118429807052562,1.66469765254405,0.592899922910827,0.395725957714315,0.0118797745876272,1.71409205846024,0.354712241878932,0.00186340266032668,0.000682012381379597,0.00428086118113421,0.0148851459204649,-11.1317569354072,-0.053948994733259,-11.538427392569,16.0017027918028
50809,NA_Realm,578,0.372213193565733,0.021683967704729,1.65648498693889,0.665865427730624,0.395697248225063,0.022489475139171,1.71301732280462,0.358784654164454,0.00315349009142578,0.00156002676558299,0.00723854193007835,0.0246328373543231,-7.4470044231889,-0.516342060413974,-7.80990652700683,12.4663175885533
50810,NA_Realm,975,0.378326937704582,0.0171487603305785,1.67138965397188,0.650609379125991,0.395778748719612,0.0160403625151935,1.71386783658197,0.357035782123707,0.00240316491692879,0.0010040196140733,0.00552008996518421,0.0187341283748586,-7.26201139675976,1.10396032094263,-7.69519751996936,15.6705233960211
50811,NA_Realm,1408,0.376353489004453,0.0126576255055912,1.66782372541756,0.635397319554304,0.395606853991475,0.0124798586258988,1.71376114065405,0.355835340027193,0.00201245826471839,0.000742271897595588,0.00463513026736513,0.0150453697479601,-9.56708783708171,0.239490246455939,-9.91070640666082,18.5812634857322
50812,NA_Realm,924,0.378431283455497,0.0161748633879781,1.67250476318115,0.630272188528793,0.395647090526893,0.0166137992267006,1.71352634853822,0.356220279744366,0.00257999363989847,0.00105499508945212,0.00592045109081359,0.0184647795765577,-6.67280988804063,-0.416054864246283,-6.92879389219536,14.8418727474199
50813,NA_Realm,1528,0.385214965278592,0.0117259552042161,1.68804856636423,0.609320570003323,0.395769923635305,0.0118255193849203,1.71418942141698,0.354884237752744,0.00193093876877069,0.000696937641291635,0.00444515792587183,0.0146137667210786,-5.46623151775688,-0.142859525451589,-5.88074833080874,17.4107290137309
50814,NA_Realm,2052,0.400273442576261,0.0112850619699935,1.72331587434828,0.562449818256755,0.395775570947355,0.00961572037720707,1.71434746126419,0.354384743124313,0.00163946166181815,0.000531220470199838,0.00377135741766211,0.0130490078732906,2.74350522104767,3.14246473250255,2.37803318298273,15.9448961294844
50815,NA_Realm,2456,0.386433724567266,0.00993431855500821,1.69147412094381,0.598277775585241,0.395681203969859,0.00850901991467339,1.71420653304821,0.354563517668922,0.00150687261566314,0.00044124306926671,0.00345898968436412,0.0112641046428132,-6.13686870839023,3.23018929839167,-6.57198031181074,21.6363630882829
51101,NA_Realm,748,0.352952364886752,0.0133513757329725,1.61132341005268,0.547403808186181,0.39561879719994,0.019081571851424,1.71322579974661,0.358792651359344,0.00268467268930973,0.00129296807432183,0.00615154494872839,0.019892413503187,-15.892601166274,-4.43181562812913,-16.5653328624372,9.48156224465264
51102,NA_Realm,249,0.359441780317201,0.0274348422496571,1.62678591239259,0.517583144972414,0.396041625187962,0.0382193209947142,1.7116124138967,0.365829976781947,0.00499732103270881,0.00320213572396453,0.0114703521260634,0.035666991769066,-7.32389306814696,-3.36790182388178,-7.3952831239909,4.25472294307933
51103,NA_Realm,391,0.338020198774507,0.0201550387596899,1.57512799179548,0.600377485832933,0.395762829562656,0.0289477061078255,1.71240613851386,0.361766045091797,0.00403282161754098,0.00227230721508928,0.00923395875558283,0.0297943629784521,-14.3181713113704,-3.86948881284529,-14.8666623224173,8.0086102499894
51104,NA_Realm,508,0.342989753825682,0.0171656686626747,1.58808341352582,0.584344198248982,0.395699924654853,0.0244055973083969,1.71277433152126,0.360024797617428,0.00331422989222099,0.00178502978417481,0.00761334154247488,0.0260854284702681,-15.9041987258911,-4.05591475834627,-16.3779488020857,8.59941407085689
51105,NA_Realm,22,0.251370851370851,0.0242424242424242,1.30914714252618,0.913363432077931,0.396311620465305,0.141589466089466,1.67294173766803,0.496008643336931,0.0181921120140436,0.0222428237010485,0.0412065312706898,0.0972193301157844,-7.96723156621752,-5.27572593409128,-8.82856634430246,4.2929198158838
51106,NA_Realm,376,0.359525023675967,0.0265947888589398,1.6270601855571,0.528022097528894,0.395688857697892,0.02969182374102,1.71213308264599,0.362811802230305,0.00401202254785617,0.00227525369487313,0.00919906823398757,0.0300664809670559,-9.01386609635309,-1.36118222291378,-9.24799065785482,5.49483311597427
51107,NA_Realm,530,0.346492034426378,0.0168582375478927,1.5959483555531,0.572092066016462,0.395662891556717,0.0238393424451605,1.71281312524635,0.359544758090598,0.00329576910257994,0.00171788573857815,0.00756469698109109,0.0242185138939888,-14.9193877361882,-4.06377720036597,-15.4487046851141,8.77623246646111
51108,NA_Realm,536,0.341071679090725,0.0155974842767296,1.58455170093177,0.573731797140139,0.395925185039946,0.0237955182179708,1.71338710672211,0.359308673111164,0.0033507542271318,0.00174933140115827,0.00768435653541804,0.025322790869777,-16.3704951873402,-4.68638128590906,-16.7659328658844,8.4675944737549
51109,NA_Realm,91,0.318013838013838,0.0358974358974359,1.51603562866143,0.633280524783565,0.395440700715573,0.0684168443355498,1.70369156976343,0.392311974784342,0.00847721479994521,0.00761749411505482,0.0195127629585926,0.0589684688701759,-9.13352610839058,-4.26904280422669,-9.61708710858713,4.08639658814502
51110,NA_Realm,207,0.302574788854685,0.0181229773462783,1.48230419970706,0.710852642647479,0.395455015178351,0.0424708574467829,1.70954924258398,0.371801666803117,0.00551937118658724,0.00381369735505608,0.0126785155652688,0.0390781467680185,-16.8280449318894,-6.38432414366205,-17.9236316512814,8.67622965482692
51111,NA_Realm,813,0.351581564765295,0.0137303556658395,1.6085876122065,0.587619006557048,0.395588666214245,0.0181440154860489,1.71324723205753,0.35776722387682,0.00267000432428847,0.00116221357812884,0.00613435711319399,0.0196268800348687,-16.4820337737381,-3.79763229690994,-17.0612205842925,11.7110708513976
51112,NA_Realm,173,0.302057103543172,0.0230019493177388,1.48011422909818,0.704117553534526,0.395663596013283,0.0473514949569765,1.70909933590564,0.374702475713813,0.00592986672496989,0.00471479109730481,0.0135467814069325,0.0446802906954503,-15.7855980263344,-5.1645014883389,-16.9032849891766,7.37271563576143
51113,NA_Realm,371,0.339319985783675,0.0233695652173913,1.57390642507916,0.592363715843007,0.395834164162947,0.029979589656991,1.71238913279432,0.363432574285357,0.003893419595462,0.00220850573497063,0.00893233221097261,0.0279482261594968,-14.5153064018949,-2.99298495581564,-15.5035330576988,8.19125837365031
51114,NA_Realm,382,0.333771691027628,0.0205804749340369,1.56220273347,0.592437645770766,0.395549600892779,0.029255399774893,1.71183448385366,0.363052673288824,0.00397333245492467,0.00227627761426413,0.00908600009513391,0.0284945858794497,-15.5481351147904,-3.81101355410045,-16.468385297926,8.05012480098453
51115,NA_Realm,355,0.324953595786929,0.0214015151515152,1.5409612626981,0.632976051095434,0.395847231233758,0.0307523294098596,1.71233637835644,0.362611193679129,0.0041381250044252,0.00242211118241728,0.00954067735741918,0.0308442669174899,-17.1318254936757,-3.86060488313846,-17.9625732260059,8.76548170652088
51116,NA_Realm,539,0.348590176361203,0.0153170119271814,1.6014637268273,0.557245301821661,0.395752313622599,0.0235622185177025,1.71300443652381,0.359881834210742,0.00329854086854986,0.0016783876799266,0.00753493615267601,0.0248797942235566,-14.2978787108769,-4.91257573511366,-14.803139328114,7.93268086695237
51117,NA_Realm,766,0.363004601481142,0.0140535792709706,1.63476518461995,0.529729686707577,0.395742806273187,0.0188526375311189,1.71352566835673,0.357417427559348,0.00279220372060643,0.00125691874460088,0.0064210833717899,0.0207998341966986,-11.7248625343624,-3.81811336712323,-12.2659182534213,8.28430926509879
51118,NA_Realm,87,0.350351955805043,0.0505747126436782,1.59979416526743,0.533835051477591,0.395329018137225,0.0697375763486689,1.7029075750515,0.397158117363406,0.00877842846439031,0.00793601097219017,0.0201089571163811,0.0604382395486557,-5.12358932064338,-2.41467202756427,-5.12773532646665,2.26143142379508
51201,NA_Realm,3686,0.402094809440131,0.00783452315577522,1.72868062176689,0.471802908639139,0.395662640491196,0.00639845236405119,1.7143030087772,0.35382834168098,0.00119293855865231,0.000305655088442826,0.00274449879790508,0.00910116352225565,5.39186943223763,4.69833759038713,5.23870260051245,12.9625807370309
51202,NA_Realm,3693,0.393815370106579,0.00666848865810331,1.70970803524171,0.544642892975083,0.395697482986807,0.00638539857358455,1.71439462513146,0.353875483876261,0.00124048987038794,0.000301509367845072,0.00285760401941756,0.008794101271048,-1.51723357453832,0.938909747786744,-1.64004174753024,21.69265547656
51203,NA_Realm,2972,0.393887660411964,0.00750028239015023,1.70939403927999,0.544693599506843,0.395735750906937,0.00743820339588728,1.71440856432584,0.353646810990702,0.00140377049430531,0.000373128456981525,0.00323300960217239,0.0101034395282529,-1.31651897690571,0.16637432257285,-1.55103932957022,18.9090841769186
51301,NA_Realm,1974,0.403906104411612,0.00885901413305757,1.73257147955058,0.464108572198205,0.395677933913436,0.00987747954182767,1.71411342039925,0.354572122290085,0.00168328264095799,0.000531748634961171,0.00386850515921921,0.0124622067605801,4.88816928183432,-1.91531363093104,4.77136733483197,8.78949065863681
51302,NA_Realm,3221,0.403183658432078,0.00695982284087314,1.73187419377892,0.342188054525417,0.395688517056438,0.00703705171654113,1.71432952874189,0.353717575233546,0.00127799795204478,0.00032910516986631,0.00293583443502592,0.00999296812101875,5.86475225852073,-0.234663210241747,5.97604034741129,-1.15376338326128
51303,NA_Realm,3977,0.400559740035001,0.00544806517311609,1.72582118654161,0.430877400205858,0.395668921073099,0.00606394232876272,1.71433585725212,0.353447226744562,0.0011393732625513,0.000279459126548516,0.00261005423017801,0.00855337116245931,4.2925519868268,-2.20381836604542,4.40041787511233,9.05259131056259
51304,NA_Realm,3642,0.381647530875638,0.00617967164729755,1.68042525011722,0.545438128630099,0.395669775978711,0.0064640544672958,1.71431251306319,0.353594754603258,0.00110452639943132,0.000314475569624526,0.00255111083057533,0.00910297011157439,-12.6952557315902,-0.904308148126741,-13.2833362391878,21.0748109326332
51305,NA_Realm,3397,0.37713501465681,0.00637269409095393,1.66930986260162,0.571541978397215,0.395678209458067,0.00675451718592573,1.71433001687555,0.35424786995203,0.00125849085745407,0.000339931191329909,0.00289068338346321,0.00949087808720251,-14.7344692187676,-1.12323642169463,-15.5742252961625,22.8950479026997
51306,NA_Realm,1124,0.408689836499354,0.0137488542621448,1.74305591013395,0.405265551832652,0.395693615334827,0.01456266616194,1.71378148324463,0.356128091069857,0.00221796145593283,0.000928202156465523,0.00510155417671151,0.0170751552113852,5.85953427178077,-0.876761483612604,5.73833500052866,2.8777167852642
51307,NA_Realm,3027,0.403047247122866,0.00690275435637999,1.73200676202905,0.285163563254568,0.395667479023246,0.00736212063983911,1.71424886541314,0.353921009122376,0.00131681698667658,0.000362811433031209,0.00302805591025999,0.0101439439008514,5.6042473436234,-1.26612956935017,5.86445466734756,-6.7781768649211
51308,NA_Realm,2261,0.388965170524776,0.00756966174936671,1.69725322647719,0.572285491717894,0.395747308631426,0.0090042750044949,1.71434553713004,0.354079877727189,0.00156162427017862,0.000499461074195633,0.00359951596584724,0.0122104208877833,-4.34300249820941,-2.87232244762735,-4.74850252506955,17.8704416494785
51309,NA_Realm,2563,0.377680968796567,0.00750915750915751,1.67070517876995,0.592206808572189,0.395631448593628,0.00824825288949586,1.71413030593698,0.353745731816302,0.00147618925953774,0.000429096844189696,0.00337994145503811,0.0110035265660937,-12.1600124652595,-1.72244422289812,-12.8478932977674,21.6713319428593
51310,NA_Realm,2749,0.405815458228356,0.00853313660395918,1.73656409923098,0.467391241882623,0.395672827139797,0.00784970935040987,1.71424331206684,0.353962731140157,0.00141991025483376,0.000399033722669009,0.00326127812450125,0.0108216465356628,7.14314940259806,1.71270550513396,6.84418387884221,10.48163145679
51311,NA_Realm,927,0.412317612545818,0.0195175438596491,1.75140035187542,0.358164048763078,0.395568585598694,0.0165450823114239,1.71332754868499,0.357407850791753,0.00250248385950154,0.001037343152424,0.00577120710287565,0.0185634191395921,6.69296102891152,2.86545637408354,6.59702597944629,0.0407359207718332
51312,NA_Realm,1481,0.407142109763263,0.0137148047229791,1.7396357666677,0.41474517994636,0.395708851465681,0.0120176616337574,1.71402676987555,0.354305581673713,0.00192462680678179,0.000695404653977034,0.00441849364232958,0.0144131191291955,5.94050662564509,2.44051154894598,5.7958659364835,4.19337394847579
51313,NA_Realm,1317,0.368951386098835,0.011441647597254,1.65053189282602,0.58438717453285,0.395738270924003,0.0130696418410012,1.71403122598139,0.35473003630634,0.00211372871526171,0.000762047325826775,0.00486828323828138,0.0158142417378702,-12.672811147315,-2.13634270283792,-13.0434755020113,14.5221719784738
60101,NT,5016,0.404315348469283,0.00509915014164306,1.73481146219062,0.0861359809658823,0.392506053711134,0.00407106454652962,1.70776121172736,0.129905068478988,0.00109343296261705,0.000221520067912182,0.00247357983011705,0.00854162064608595,10.8002000688588,4.64104947602764,10.9356690792461,-5.12421346330362
60102,NT,1398,0.396578058488752,0.0129724457449403,1.71572357490801,0.20583507499937,0.392658306229577,0.0103336331380138,1.70760406373062,0.13531858784637,0.00216843313306989,0.000701749110287901,0.00488625152622725,0.0163701400232503,1.80764267036713,3.76033623447545,1.6617055290345,4.30762883230358
60103,NT,7125,0.392036974945717,0.00299864577287677,1.70562768054481,0.217705896982234,0.39248788178925,0.00312762568025951,1.70778687862713,0.129481023543974,0.000870935349266119,0.00015864474385491,0.00196342615806577,0.00726878125978427,-0.517727112480278,-0.813010908831021,-1.09970933892863,12.1375056264766
60104,NT,7170,0.397886704329628,0.00323151202256322,1.72014725558235,0.156757362605569,0.392512318227622,0.00311389715265902,1.70783773383262,0.129818334970567,0.000887209991941753,0.000157350160425669,0.00200513727226741,0.00719672461359833,6.0576257603273,0.747472195681416,6.1389920380879,3.74323446864974
60105,NT,5197,0.393381653348566,0.00419635787806809,1.70822138009469,0.248647259982564,0.392468783397221,0.0039868598752963,1.70768729978141,0.130149485831834,0.00107416404009402,0.000213274427845577,0.00241879497289279,0.00849938654194613,0.849842218945003,0.98229311825178,0.220804292741132,13.9419208158049
60106,NT,506,0.396058277375094,0.0232931726907631,1.71159563349361,0.364837046682375,0.392532742190268,0.0204853211314564,1.70610020450101,0.149144191583252,0.00342466315661655,0.00169553771197405,0.00772567317523185,0.0265302812669355,1.02945458388051,1.65602424497984,0.71132040767885,8.13006288659065
60107,NT,2842,0.367820311661224,0.00554952346483291,1.6466006079782,0.474687731510051,0.392482156995513,0.00621428044797963,1.70757292735017,0.131781944983292,0.00144816901876766,0.000363887285454737,0.00326919135174474,0.0118888274541363,-17.0296733424638,-1.82682113313192,-18.6505813859535,28.8426918339586
60108,NT,214,0.366242412981543,0.0336538461538462,1.6367408221934,0.514565291023933,0.392348929736586,0.0359822825782819,1.70301225755958,0.17121717813453,0.00554562961016761,0.00369001658324866,0.012497653725781,0.0349031161617582,-4.70758391566172,-0.63100974532363,-5.3027101582655,9.83717646579634
60109,NT,3837,0.39345218125592,0.00574988874054295,1.70760073963811,0.272681061315101,0.392492216629765,0.00497328627691396,1.70766920698519,0.131017786444518,0.00123499673118587,0.000277723358128828,0.00279479388538427,0.00999643953101237,0.777301349804069,2.79631669752726,-0.024498174064184,14.1713731605233
60110,NT,117,0.370804597701149,0.0591954022988506,1.6435425272123,0.590668694504454,0.392360873922895,0.0528969546538508,1.69924072004545,0.198880055411309,0.00760025434546781,0.00625859541188819,0.0171655012830686,0.0458886279494934,-2.83625721481285,1.00636760015449,-3.24477519850171,8.53781550244564
60111,NT,2744,0.395481733982405,0.00692221808708597,1.71176986048059,0.223731288470602,0.392555788927293,0.00637910159149499,1.70771726924823,0.131783608114939,0.00153826469478139,0.000388664129914838,0.00346148787775588,0.0118733788835719,1.90210765743936,1.3973928999056,1.17076568674545,7.74401973164381
60112,NT,2711,0.399818761559483,0.00638993710691824,1.72384364935031,0.126420633448389,0.392470422021284,0.00643049855887135,1.70751119868812,0.132185159921694,0.00153559639653929,0.000372206940944207,0.00347000687811386,0.0123371543815963,4.78533262695816,-0.108975538850018,4.70674878635023,-0.467249277670085
60113,NT,1588,0.401038704961845,0.00970707718623049,1.72654007457807,0.147597540832342,0.392457112616219,0.00942922245655289,1.70722984737115,0.135148947159818,0.00200111026795778,0.000630281774936295,0.00451339600717937,0.014878200362289,4.28841552763767,0.440842081631954,4.27842519827714,0.836700230498043
60114,NT,739,0.401732515312762,0.0170096021947874,1.72814070187676,0.182480641112146,0.392412055795411,0.0158831126506021,1.70638814458656,0.143218217735578,0.00290593593777099,0.00121509756716606,0.00655822554687961,0.0225465600694098,3.20738643829165,0.927077441865453,3.31683580180557,1.74139306642335
60115,NT,3740,0.375745352458094,0.00502689667965127,1.665084532431,0.411808023740923,0.39249176731215,0.00505802216931979,1.70766972159133,0.131152455366227,0.00128414060161311,0.000275839381794165,0.0029117606423191,0.0104625609698937,-13.0409511489782,-0.112839180054942,-14.6252368898072,26.8247486616603
60116,NT,106,0.394486507474277,0.0620915032679739,1.69996740838993,0.401510096457163,0.392401002862598,0.0563382765601009,1.69843135168732,0.210458968446435,0.00778397306668864,0.0064288164884447,0.0176298492915296,0.0467405840319759,0.267922896676462,0.894912262344695,0.0871281811435907,4.08747840805811
60117,NT,951,0.387904325748427,0.0144990892531876,1.6933199546174,0.356348891468035,0.392444796497015,0.0134703127908918,1.70680810224571,0.137937826578186,0.00251626411571807,0.000985924115564699,0.00567042858179636,0.0200090188928887,-1.8044491912538,1.04346414298486,-2.37868221665011,10.9156308991979
60118,NT,3376,0.38749824008468,0.00607734806629834,1.69442019336882,0.318379364365276,0.392527376365186,0.00546095657407965,1.70772462289803,0.131371421550337,0.001290535303612,0.00031677378947423,0.00290989780789473,0.0108363052111417,-3.89693816699985,1.94584120498656,-4.57212947242157,17.2575374328384
60119,NT,4236,0.401377447153103,0.00538022966353489,1.72601606630415,0.162417502035209,0.392507330880129,0.00461282004977494,1.70773712357549,0.130607765866133,0.00119602336257173,0.000258386924832151,0.00270820947562277,0.00958467513144401,7.41634030785231,2.97000172999645,6.74945675111126,3.31881213842277
60120,NT,1655,0.381766698897345,0.00906395595086828,1.67907778156295,0.414561823471847,0.392444430768282,0.00917907070022081,1.70722317095661,0.134828181137036,0.00194241847094093,0.000600165862116561,0.00439934859649582,0.0162004524638218,-5.49713258532015,-0.191804893644837,-6.39762655227459,17.2670265203704
60121,NT,10034,0.383650199593582,0.0026436545442093,1.68481350521997,0.229276535465167,0.392510299438581,0.00242896716393393,1.70788139936837,0.129033435322825,0.000775640702097476,0.000116418568348919,0.00174306611337392,0.00619178810847296,-11.4229434079973,1.84409912714208,-13.234090188208,16.1896851743307
60122,NT,701,0.361196986460144,0.0128128128128128,1.62934085367234,0.52878027106337,0.392577534855352,0.0165237196123436,1.70674173590993,0.141445315911994,0.00292662473896501,0.00128506128115051,0.00659864204538694,0.0228492598271442,-10.7224366613894,-2.88772749904064,-11.7298198182603,16.9517506510751
60123,NT,32,0.414112903225807,0.127083333333333,1.72431995130456,0.386641925449473,0.392995604210213,0.108601665664068,1.67821955485737,0.322174185318895,0.015088457387059,0.0171606474638935,0.0341056237441695,0.0749490545300333,1.39956646818681,1.07697962493265,1.35169486396111,0.860154147838444
60124,NT,2993,0.372531562220353,0.0052924791086351,1.65938217135622,0.385852141860958,0.392521635021857,0.00599666968910596,1.70767250862249,0.131679972301174,0.00137859215838681,0.000345802954261701,0.0031053681079948,0.0116334310269727,-14.500352899799,-2.03639260969973,-15.5505999890798,21.8484270865984
60125,NT,5398,0.383462384841229,0.00387670797585002,1.68471898981738,0.332073342769657,0.392454308699653,0.00385338243057776,1.70766090690561,0.129990969616313,0.00101634333992952,0.000197095582750374,0.00230309341700247,0.00853183818480751,-8.84732895386242,0.118346362443826,-9.96134890528711,23.6856781359483
60126,NT,12,0.370707070707071,0.138888888888889,1.57609868768483,0.803573688011817,0.392305656565657,0.175128518518519,1.62435592916399,0.513741635683515,0.0282154680961195,0.0350792633830834,0.0635304900479314,0.11836279133428,-0.765487419347701,-1.03307840971101,-0.759591834452191,2.44867537391679
60127,NT,1885,0.399421156740825,0.0100724637681159,1.72090765310887,0.273559449382919,0.392542256793644,0.00836413416830743,1.70751560497254,0.132672080523705,0.00173459563094712,0.000517349794441074,0.00392076952181593,0.0143548393043344,3.96570810190779,3.3020784354503,3.41566829210748,9.81462528923428
60128,NT,2907,0.37285621296683,0.00623754250205182,1.65583365586931,0.517470128382695,0.39255051927288,0.00610360615213139,1.70772117671252,0.131078862016107,0.00147128074169594,0.000354606828000285,0.00333557074095712,0.0114183195758998,-13.385824844923,0.377703809810256,-15.5558148433455,33.8395911761068
60129,NT,6369,0.386316584340236,0.00403844077313465,1.69015600137932,0.30076652057758,0.392525968179683,0.00340401087343168,1.70785963177128,0.129447726978421,0.000944446618074527,0.000176084947980872,0.00213471176540514,0.00774776904525136,-6.57462658091408,3.60297633033282,-8.29321816596852,22.1120160653421
60130,NT,5444,0.390115787885806,0.0046345139412208,1.69908347901196,0.277117257707657,0.392474884626309,0.0038287638729622,1.70771075970825,0.130443243737624,0.00104624818106044,0.000200189628445794,0.00236601156010415,0.00803460794740053,-2.25481561947564,4.02493413127433,-3.64633919874506,18.2552795270474
60131,NT,876,0.383576314574678,0.0152088258471237,1.68367801953012,0.392550674052748,0.392513183405744,0.0141770178659629,1.70686319665178,0.139902596010584,0.00277399168554873,0.00105711022893586,0.00627396507881672,0.0207429304742343,-3.22166388515973,0.97606470254244,-3.69545842707112,12.1799607030448
60132,NT,2252,0.365169836519951,0.00744469870327994,1.6397321184925,0.491135376481167,0.39242760187344,0.00734540234805267,1.70734704668957,0.132687190997526,0.00164897856090539,0.000478551136915975,0.00374451411135019,0.0130925113688762,-16.5300908087749,0.207493719202484,-18.0570632627921,27.378107636076
60133,NT,334,0.361753028157936,0.0243353783231084,1.62866330849228,0.564325167538436,0.39266720053183,0.0269772392672634,1.70537949589453,0.157595431901528,0.00433999010896198,0.00254145958394482,0.00979221744487135,0.0316841687067782,-7.12309742597265,-1.03950539321754,-7.83440398808031,12.8370019551719
60134,NT,661,0.403495081189996,0.0238974358974359,1.72881302641978,0.162195784195501,0.392492710864559,0.0171895207668825,1.70646344654852,0.143408132197216,0.00301607709462754,0.00135567308532793,0.00679329202480891,0.0232983287769868,3.6479075236622,4.94803297576037,3.28994834752273,0.806394835360141
60135,NT,3703,0.377092696652515,0.00527182866556837,1.6677319919437,0.440441024614625,0.392433856011047,0.00508870489852795,1.70753879841997,0.13087667647427,0.00127853020845691,0.000289939508073474,0.00289310813977144,0.0100576253408955,-11.9990589640016,0.631593011442984,-13.7591837405066,30.7790693775031
60136,NT,7304,0.39244131215099,0.00367163472912231,1.70612213157094,0.228291729407157,0.392508378887267,0.003071206881259,1.70783269238388,0.129666098555552,0.000897133135494308,0.000157680008477158,0.00202221163220909,0.00753166227697022,-0.0747567263126479,3.80788822668216,-0.845886150439703,13.0948026112609
60137,NT,2034,0.379296813336816,0.0102306920762287,1.67179553830354,0.448895269598651,0.392504796490405,0.00791233873995975,1.70747667595872,0.133402321726509,0.00184769838799251,0.000519017243078946,0.00416022316389837,0.0138567601722169,-7.14834371205964,4.46681370837673,-8.57673645125759,22.7681610961783
60138,NT,936,0.362202608847513,0.0129125861443598,1.63281290580658,0.512661737772559,0.392478399998127,0.0135721307221182,1.7068506575771,0.13920904799387,0.00267107897024978,0.00100400300322398,0.00602370159222276,0.0197446910480406,-11.3346671842441,-0.656914945115218,-12.2910722978222,18.9140812013743
60139,NT,1294,0.39248271696087,0.0126083530338849,1.70295035030901,0.358224139089393,0.392512457535494,0.0108773148045067,1.70720878720243,0.135725612371426,0.00207717446323922,0.000740125073340159,0.00468097555576291,0.0168383275096812,-0.0143178029341801,2.33884554345141,-0.909732777428638,13.2138139366895
60140,NT,3381,0.390828102194058,0.00544381066746723,1.70162374717659,0.319119528982587,0.392455963489814,0.00547152217218779,1.70755762862966,0.1311403421168,0.00136065272477131,0.00030228000117046,0.00307047266530995,0.0108720565526346,-1.19638263762679,-0.0916749524059296,-1.9325628656825,17.2901222464884
60141,NT,544,0.341782902703703,0.0154806491885144,1.58342666823066,0.630226488114576,0.392484415751492,0.0194612592120477,1.70611714282496,0.146621503722302,0.00347404351202365,0.00166141822506964,0.00782904388798298,0.0257982979854176,-14.5943805459867,-2.39591089315668,-15.6711951484425,18.7456158799945
60142,NT,5068,0.378657049145485,0.00426049908703591,1.67088624434029,0.442368091054345,0.39245130467963,0.00403852978640283,1.70765071664652,0.130008911361766,0.00105860051471257,0.00021313243435863,0.00239619000826825,0.00834090775147687,-13.0306525855891,1.0414618558693,-15.3428869077028,37.4490629796584
60143,NT,2468,0.366405613064209,0.00618787624247515,1.64451443261021,0.45879195790121,0.39244553122368,0.00687868303507535,1.7074427972872,0.133283677063337,0.00152814679452385,0.00042063789696858,0.00343194608169247,0.0125492933252799,-17.0401942096041,-1.64228377323739,-18.3360586614927,25.9383753651016
60144,NT,178,0.394268376409098,0.0318007662835249,1.70720300428837,0.277851835457565,0.392616377301916,0.0405761976141546,1.7027004656976,0.181433253092488,0.00587437206594617,0.00432637172808731,0.0132520177522418,0.0388366785808274,0.281221395008054,-2.02835814446053,0.339762493150622,2.48266808307021
60145,NT,8200,0.386874162710559,0.00311866125760649,1.69214650343396,0.251351538961954,0.392506619781367,0.00280836870858475,1.70784851815491,0.12929546399023,0.000854241398154577,0.000141741629354781,0.00193107241451898,0.00669647688753868,-6.59351921245714,2.18914196509678,-8.13124075663665,18.2269090182116
60146,NT,2781,0.403177803917176,0.00638088199063809,1.73209686109135,0.157485278776776,0.39250537419124,0.00631043569808705,1.7076034288088,0.131549841104081,0.00144423302534376,0.000369106669990477,0.00327441129516265,0.0117021789319917,7.38968680168167,0.190856189493568,7.48025525038038,2.21629132689058
60147,NT,133,0.382030834662414,0.0446115288220551,1.6745194841245,0.329307993525298,0.392662881864836,0.0488085357941652,1.70087898623823,0.195125012166818,0.0073424525965338,0.00568775217530988,0.016572255984429,0.0441772946880684,-1.44802394876089,-0.737902574294455,-1.59058019249136,3.03737434141075
60148,NT,1207,0.404888633893546,0.0150501672240803,1.73257326160957,0.234664620968294,0.392697339309349,0.0114478360424267,1.70759850649302,0.135562696853035,0.00227004500190924,0.000828717633607953,0.00512045451441412,0.0174142325164176,5.37050788594198,4.34687405645064,4.87744887611999,5.69085798193104
60149,NT,99,0.417763157894737,0.05625,1.75183475475768,0.357949902559858,0.392197096854633,0.0585394598760078,1.69734051553796,0.212667942619708,0.00801935948418513,0.00705660488511884,0.0181767886389713,0.0484687490804294,3.18804277205957,-0.32444212383718,2.99801248185739,2.99743572294527
60150,NT,6188,0.403185124320055,0.00406973546719463,1.73194740970936,0.173019681238626,0.392520016717595,0.00348652201820641,1.70782972045432,0.130217429913176,0.000987156443467547,0.00019020023529184,0.00223713267866328,0.0079979856486648,10.8038676878777,3.06631297323767,10.7806253446931,5.35162892328957
60151,NT,1342,0.399215813175849,0.0124113475177305,1.72071161865681,0.222635790007593,0.392419571847968,0.0106608781941607,1.70703982146666,0.134811335845911,0.0022019519337939,0.000710987362839611,0.00496642304056373,0.0168568470008731,3.08646216276459,2.46202593050118,2.75284587689825,5.21001668681774
60152,NT,2016,0.399844212736855,0.00937340804890474,1.72290414693039,0.213389091582411,0.392514182783169,0.00795476372596026,1.70751055130754,0.133515682631971,0.00175375075803549,0.000495629841544435,0.00396511984992859,0.0138439739047627,4.17963038367924,2.86230610837279,3.8822522913459,5.76954344900645
60153,NT,6622,0.394067556285742,0.0033686837180287,1.71077140714103,0.211940435332778,0.392517614615001,0.00330064540740862,1.70784647149815,0.129740563103508,0.000895610100670219,0.000180676252153346,0.00202409738770063,0.00755688541247517,1.73059869420946,0.376575835557684,1.44505677476377,10.8774803034027
60154,NT,5866,0.398784553881443,0.00416957838341486,1.72023255205718,0.167438773078391,0.392474848517576,0.00361815678040128,1.70772216101262,0.12954893149451,0.00101182803408918,0.000183773097112896,0.00227970628970408,0.00821618897706694,6.23594637753505,3.00055672825077,5.48772054587028,4.61160785001898
60155,NT,1740,0.404496750869393,0.0129694154084398,1.7327940415523,0.217597938500753,0.392544692578821,0.00885159647709684,1.70747085396588,0.133606239700271,0.0019247362709567,0.000575789265399199,0.00433839324709084,0.0146495364039767,6.20971219326147,7.15160767800707,5.83699681982474,5.73340319340632
60156,NT,2302,0.35968564424042,0.00621945801865837,1.62614979913658,0.572699284165658,0.392500342109222,0.00725573188097193,1.70751122861491,0.132620802638024,0.00169923792184148,0.000441098765765856,0.00384555196765913,0.0130466143577093,-19.3114204002938,-2.34930120585201,-21.1572825338413,33.7312401103962
60157,NT,907,0.370704549753355,0.0123926838372527,1.65151928197109,0.495456488622337,0.392464685430032,0.0138495375065851,1.70679969046601,0.139525864915443,0.00251553092786519,0.00102057776577273,0.0057006694087807,0.0204029596387159,-8.65031530148752,-1.42747933395286,-9.6971784418453,17.4450486600725
60158,NT,847,0.358087516033726,0.0104192104192104,1.62495080532077,0.494077625359585,0.392511094862051,0.0145432703087804,1.70681888152573,0.139975556252986,0.00269500779009254,0.00103872705956824,0.00608156016345456,0.0205566222961309,-12.7730906585404,-3.97030177617998,-13.4616897645641,17.2256932099807
60159,NT,395,0.385175878227769,0.0228671943711522,1.68488615933152,0.420534200777563,0.39231405876935,0.024078858685024,1.70501735982571,0.152299758240738,0.00407182588499137,0.00215336688231766,0.00921356457251853,0.0285670700904775,-1.75306625165193,-0.562683639198434,-2.18495245089301,9.38963784830833
60160,NT,7526,0.39771516303811,0.00340440943456019,1.71877855863784,0.169745071290094,0.392527168954293,0.00300321637763672,1.70787863648845,0.129310029416349,0.000866793429183549,0.000148410072143103,0.00195425719991752,0.00674358901791781,5.98527158737681,2.7032737814225,5.57752692421833,5.9960714934301
60161,NT,2182,0.398717326318237,0.00867259397909843,1.7192072132223,0.227701724662922,0.392540900112793,0.00751884519683206,1.70758934058108,0.132936343984323,0.00167102011840399,0.000482618737379033,0.00377510396075676,0.0135055960595868,3.69620098370999,2.39060088825405,3.07749740457276,7.01674922458011
60162,NT,2314,0.399866626839959,0.00743668569755526,1.72314477791894,0.155917716657964,0.39254629336699,0.00722154716048988,1.70763201860787,0.132468049751065,0.00153772024508091,0.0004397209120102,0.00347433275776278,0.0129358589939041,4.76051056516096,0.489261554748141,4.46496072559689,1.81276457311028
60163,NT,2252,0.360314840401475,0.00631451123254402,1.62702687976359,0.575628693596438,0.39255172746218,0.00738224636407179,1.70763379674757,0.132590802225919,0.00159390456931434,0.000463369518524068,0.00360974074635485,0.0129564511761664,-20.225104865953,-2.3042843537243,-22.330389534313,34.1943858967721
60164,NT,1400,0.413463960347149,0.0148788096952244,1.75270267114058,0.268122822461151,0.392543400586616,0.0103115931777442,1.7073457058137,0.135575830478359,0.0021021451917289,0.00071462084346153,0.00472351868584326,0.0164477562352326,9.95200514352998,6.39110454063612,9.6023681377241,8.05866709641917
60165,NT,1762,0.406204271918558,0.0104118104118104,1.73886628886533,0.22766842271818,0.392533939971658,0.00875790693381503,1.70746385410578,0.134398413744857,0.00191106197756116,0.00055931941315365,0.00430571442918347,0.0143766881213601,7.15326457614159,2.95699280071483,7.2931996016063,6.48758658364076
60166,NT,6066,0.381229899300488,0.00373007799253984,1.67746453991528,0.43146889018063,0.392495890445122,0.00353719050936767,1.70777207662146,0.129776430983999,0.00100195744047533,0.000183769103703005,0.00225916942489285,0.00780792359082972,-11.2439817197128,1.04961867520402,-13.4153447599943,38.6392689025498
60167,NT,6552,0.384402834730811,0.00339729474677572,1.68654958840593,0.247617942532231,0.392464933766665,0.00332443596167545,1.70772751209376,0.129987683943243,0.000927446866142686,0.000163287890700804,0.00209245761336736,0.00742592033570741,-8.69278805090403,0.446198335881279,-10.1210765525338,15.8404956249484
60168,NT,1206,0.368826098570982,0.0114381833473507,1.64638389836055,0.535900131071975,0.392580808954968,0.0114665499825624,1.70730948207884,0.135944243425515,0.00222551650431961,0.000805827918859198,0.00503585220533219,0.0173908081901576,-10.673796549196,-0.0352018520925091,-12.0983661223766,22.9981196545436
60169,NT,2026,0.359997335321363,0.00547316384180791,1.63221956495984,0.382817494606487,0.392515049379109,0.00792809213555553,1.70750583577123,0.133370462091418,0.00177320039006319,0.000487760130983205,0.00401369023469365,0.013587128840896,-18.3384315951946,-5.0330646926781,-18.757369505157,18.3590687507323
60170,NT,1751,0.384189097642796,0.00939623374102116,1.68344831334533,0.378083862494567,0.392571264009778,0.00877332901527264,1.70755044716747,0.133424024823004,0.00192048001274009,0.000574447372177916,0.00435364534816632,0.0150354003322937,-4.36462046539221,1.08435473102938,-5.53608112160158,16.2722529672902
60171,NT,705,0.398469362441082,0.0237547892720307,1.71656603302733,0.199669941057177,0.392377128628839,0.0164023170050708,1.70627909942198,0.142806850434307,0.0030412349163515,0.00128730686231462,0.00686225388807302,0.0227865683639893,2.00321053118479,5.71151485492734,1.49906047971114,2.49546529844016
60173,NT,3900,0.365526158582545,0.00440136232643437,1.64029399492596,0.485980273346685,0.392608050831895,0.00491050711735657,1.70794701091177,0.130269984259949,0.00126563561417868,0.0002748171621999,0.00285295521390824,0.00991169813436049,-21.3978588670832,-1.85266737654415,-23.7133116061567,35.8879259905636
60174,NT,3757,0.375462843660805,0.00499682020532389,1.66353621567243,0.458045481653236,0.392490544079782,0.00504767781857916,1.70766906525118,0.131290778239059,0.0012408568708497,0.000291583907830815,0.00281138761409405,0.010066419485933,-13.7225338546231,-0.174418450022217,-15.6978886004561,32.4598735300859
60175,NT,1621,0.387123975277316,0.0106050605060506,1.6928171269699,0.321202162582108,0.392574482409606,0.00929757579679199,1.70750495024791,0.134295660638611,0.00195994613348717,0.000591227803056447,0.00443030675173837,0.0157346800033263,-2.78094741440283,2.21147365279401,-3.315306162997,11.8786338142234
60176,NT,4075,0.407037608100617,0.00606820461384152,1.73968438387383,0.175481606334144,0.392507330287565,0.00475115263235661,1.70771366882828,0.130324234685333,0.00120884324837057,0.000270331901786335,0.00273683895978304,0.00986877208310009,12.0199850829602,4.87198134138784,11.6816208462911,4.57578422812514
60177,NT,1347,0.404544053270855,0.0113796576032226,1.7341531156485,0.226125850816139,0.392563112853015,0.0105924745821508,1.70735752209721,0.135704565254063,0.0021916376896087,0.000734359028015767,0.00493938829554201,0.0168020408850752,5.4666610611077,1.0719321081934,5.42488096663244,5.38156561935255
60178,NT,2449,0.391952404445846,0.00807313642756681,1.70280586149697,0.300495694391478,0.392484569938509,0.00688532841890878,1.70752381676465,0.132348500197023,0.00155192836545099,0.000414708373631413,0.0034952821117735,0.0120454703479811,-0.342905964289869,2.86420068699587,-1.34980671568613,13.9593713933004
60179,NT,517,0.400045917635242,0.027931488801054,1.71939952747444,0.290277430586461,0.392294895429154,0.0202114577047454,1.70559067919129,0.148084023144841,0.0033670425950816,0.00170594164864453,0.00755620680893906,0.026270576338037,2.30202677489433,4.52537817014004,1.82748416398712,5.41264895036729
60180,NT,1652,0.384298934699272,0.00922380070002059,1.68518706633683,0.350051305511362,0.392494813672354,0.00917557344294464,1.70734011823936,0.134286411297984,0.00192793864280292,0.000592380302120033,0.00434583089239329,0.0148443701660105,-4.25110985957843,0.0814126616016006,-5.09754117246278,14.5351329696305
60181,NT,2038,0.403610136335807,0.00960931005818786,1.73055674713966,0.245239929998856,0.392549394042262,0.00788146906959395,1.70758714437996,0.132738150965819,0.0016733065831243,0.000484927818304481,0.00378620890360799,0.0138601102555655,6.61011102513751,3.56308902763137,6.06664960769027,8.11694690436264
60182,NT,2967,0.373684168002221,0.00538345515721081,1.66203887290609,0.378229023614684,0.39256124186414,0.00601042847319349,1.70775133361013,0.131228820421119,0.00143628199475012,0.000361059055506036,0.00325355068579481,0.0117477325884262,-13.1430136497697,-1.73648411920858,-14.0500226117964,21.025351176014
60201,NT,1397,0.395397631133672,0.0121256038647343,1.71108483544547,0.301830334032644,0.392495288039231,0.0103231591547345,1.70723272474999,0.1355722149833,0.0021286365016331,0.000696907608448666,0.00480208103692248,0.016455982944639,1.36347520688205,2.58634672393964,0.802175278980694,10.1032019544908
60202,NT,3468,0.393335238552144,0.0054453980467594,1.70875140131414,0.265192385674443,0.392527646228227,0.00536976856797426,1.70772799656276,0.131367337177742,0.00130368865921812,0.000305346822238753,0.00295226988081985,0.0105137421317031,0.619467169715786,0.247683857426892,0.346650134536628,12.7285838686461
60204,NT,2230,0.408748369714799,0.00977534911961142,1.7437518855104,0.356681599379261,0.392530502332564,0.00740584723697871,1.70757450459965,0.133002350135769,0.00168867564526617,0.00045581967519567,0.00380149423430472,0.0127520500536428,9.60389724793996,5.19833173417877,9.51662127599244,17.5406501936994
60205,NT,3603,0.408744093256989,0.00599100392382046,1.74349298209913,0.2875175484153,0.392469968186034,0.00522020637149962,1.70761023722506,0.13085175855626,0.00125496436643524,0.000294066916354383,0.00284828137093737,0.0103370302735508,12.9677985337395,2.62116378774123,12.5980337617639,15.1557832097966
60206,NT,2811,0.399352408860712,0.00708287696239504,1.72258837513025,0.264065510812584,0.392477283694722,0.00625154075474073,1.70755796174011,0.131944926586653,0.00144051228210352,0.000373079536951498,0.0032444046420875,0.0118284453274709,4.77269458331261,2.22830824345742,4.63271849483837,11.1697336858875
60207,NT,1031,0.38711038450083,0.015531424810793,1.69096428461421,0.389174984758354,0.392445036349996,0.0127205096887837,1.70686710027705,0.138290664045918,0.00242810323378262,0.000915980712213473,0.00550822422521482,0.0190487473769376,-2.19704490935308,3.06874924824208,-2.88710390365777,13.1706466439984
60209,NT,3304,0.404089417990528,0.00601008541730987,1.73234191383854,0.187039227697096,0.392496564634354,0.00555235706060424,1.70763864405787,0.131348797449347,0.00137486683553583,0.000316453886532026,0.00310917288638626,0.0109545299072622,8.43198268845821,1.44642987868409,7.94528663518124,5.083780930739
60210,NT,3047,0.406609547179711,0.00744500846023689,1.73917243342501,0.263337981552938,0.392530589149848,0.00591060915310043,1.70770045174782,0.131424217946309,0.00142940901631477,0.000343298936125776,0.00321760672669541,0.0115665830744959,9.84949574906206,4.46957198426706,9.78117723837421,11.4047305722894
60211,NT,2129,0.404855006083518,0.00771796093377799,1.73363894403491,0.21248062498523,0.392486016847048,0.00765279731773577,1.70744001919274,0.133038868336187,0.00174483195602632,0.000474753720272789,0.00394869913973547,0.0137122119745378,7.088928646538,0.137257725973744,6.63482425858476,5.79350412585203
60212,NT,3779,0.398441599665053,0.00554805007655589,1.71945629046506,0.255392570660315,0.392431764486774,0.00502779249855323,1.7075316580219,0.131667035612472,0.00125964239999643,0.000287489871172443,0.00285034440444791,0.0100788980742971,4.7710645325183,1.80965533109371,4.18357600034569,12.2757005910561
60213,NT,766,0.40301831254668,0.0175913396481732,1.72855582565935,0.271798473043758,0.39254321647746,0.0155823780810909,1.70678788236535,0.141278153571137,0.00283046655226655,0.00119640803046218,0.00639073708939778,0.0222134189731002,3.70083725625783,1.67916088485817,3.40617099240493,5.87574202920667
60214,NT,923,0.402941718122395,0.0149944873208379,1.72839681544276,0.271215750957234,0.392577073078048,0.0136953504350119,1.70704805897292,0.139551884500944,0.00255692137407363,0.00100256373677639,0.00579370245785261,0.0194871593280162,4.05356423918294,1.29581475787585,3.68482099747849,6.75644224178945
60215,NT,952,0.390474530576419,0.0159797541576283,1.69858154498062,0.39120222564521,0.392471615773989,0.0134700385620733,1.7068365812006,0.138861428769417,0.00252993908408501,0.000949334963894465,0.00572318745816612,0.0207286957726065,-0.789380744434724,2.64365655011732,-1.44238438463184,12.1735009111991
60216,NT,156,0.415165662224486,0.0463203463203463,1.75213599506969,0.296167855238013,0.392256321335875,0.0442034858689707,1.70107488012564,0.185722485567793,0.00631869450117267,0.00491828816664638,0.0143237569251014,0.0406398499547947,3.62564464611458,0.430405941996485,3.56478507775956,2.71766184651451
60217,NT,2796,0.407076014140929,0.00729090465740063,1.73910455328795,0.253046507712946,0.392534029149961,0.00627412305109732,1.70768736890749,0.131487129637653,0.00143883688897394,0.000376915117268391,0.00325328074765609,0.0119444636351494,10.1067640831324,2.69764082075617,9.65707752185161,10.1770478598616
60218,NT,202,0.392555369439792,0.0418760469011725,1.69805471836283,0.448010134741111,0.392508893512951,0.037458929741463,1.70310143278024,0.176985175028726,0.00560129144436178,0.00380108023380597,0.0126103426869227,0.0367787609124401,0.00829735915405908,1.1620689088393,-0.400204383235607,7.36906173532108
60219,NT,114,0.378603603603604,0.0327380952380952,1.66483683595358,0.454863362143357,0.392440025279504,0.0535590267070577,1.69922854029618,0.202881553865208,0.00759966984760531,0.00618626843790263,0.0171358455786836,0.0450198388291821,-1.82066089098071,-3.36566892917137,-2.00700363368008,5.59712817352009
60220,NT,394,0.403838751759858,0.0338409475465313,1.72807451973141,0.299608862676072,0.392574087477266,0.0241561964082849,1.7056517473606,0.152153296514437,0.00399310423219163,0.00212790061449098,0.0090265341766672,0.0287058676232158,2.82102936151249,4.55131742163771,2.48409543817697,5.13677440783503
60221,NT,863,0.389009213538415,0.0171428571428571,1.69385369113199,0.408690992725007,0.392547750523192,0.0143756479489837,1.70691079443121,0.139733105165188,0.00270382700828468,0.00108688276209733,0.00610648829913203,0.0210509574142304,-1.3087142683073,2.54600522740252,-2.13823439260064,12.7765156837002
60222,NT,271,0.37673739103513,0.0243346007604563,1.6650766926754,0.361223379591761,0.392738332345155,0.0309759434161998,1.70488665812568,0.163780716101446,0.00479387080005828,0.00312630104669166,0.010802663379731,0.0347557633482994,-3.33779152117136,-2.12434521069925,-3.68519910793309,5.68086108515801
60223,NT,528,0.393500969144534,0.0200660066006601,1.70597309487448,0.321943988233744,0.392542943807465,0.0199165602915571,1.70622101422608,0.147186658792629,0.00357267358179409,0.00163770828217194,0.00807784410652399,0.0249156686498536,0.26815361525054,0.0912533146042121,-0.0306912770699759,7.01395302277555
60224,NT,733,0.397163191021654,0.0207182320441989,1.71412734696084,0.314246000249238,0.392489768230912,0.0160103107262666,1.70658129780181,0.142152695286279,0.00297296463220183,0.00123744305464759,0.00671642955900609,0.0225692266900687,1.57197389438192,3.80455593511981,1.12352092622064,7.62513077325267
60225,NT,71,0.400966183574879,0.0961904761904762,1.71144332490888,0.518565908063128,0.392987170500439,0.0714076296683569,1.69512654158193,0.234902131878904,0.00944435661362389,0.00942730706523831,0.0213488603777134,0.0545784577507157,0.84484453529951,2.6288362467265,0.764292942960892,5.19735785646132
60226,NT,611,0.39974577247717,0.0236453201970443,1.71989976120657,0.348877993590894,0.392366210886785,0.0180671963908681,1.70601704713209,0.144841077139444,0.00325952153797941,0.0014778345157424,0.00734877800738725,0.0247511154770299,2.26400148132155,3.77452532523506,1.8891187161354,8.24354428150139
60227,NT,752,0.41264546595956,0.0186046511627907,1.75086829104477,0.355524014613033,0.39232364750871,0.0157417574092792,1.70626140956874,0.142082581257763,0.00289815531288359,0.00120964564617945,0.00652916984373674,0.0223852548758088,7.01198391974039,2.36672100011571,6.83193768022794,9.53491191140873
60228,NT,3069,0.410466719500987,0.00669558447336225,1.74763978431794,0.287892114163894,0.392509410852418,0.005880414064259,1.70765702497334,0.131641519757211,0.00137128231987224,0.000349611348570051,0.0030951759413675,0.0118282028271888,13.0952673919423,2.33164744919576,12.9177662601415,13.2100029640613
60229,NT,642,0.378744975703402,0.0207477619799895,1.67010741575703,0.468375891240016,0.392453316445086,0.0175198287816091,1.70629921890126,0.142460164860774,0.00309774024662125,0.00136784195350966,0.00698594806977954,0.0231949344416061,-4.42527121395548,2.35987292983521,-5.18065733995278,14.0511596271049
60230,NT,3469,0.404861578651592,0.00581761006289308,1.73389304871271,0.265636919614762,0.392525403889077,0.0053571471578235,1.70774570426957,0.130824438555723,0.0012926986468315,0.000306274579147433,0.00291779975844413,0.0109254409800852,9.54296254022626,1.50343168000218,8.9613224373844,12.3393171318918
60232,NT,480,0.40336284141207,0.0293785310734463,1.7271012230034,0.316005743557267,0.392315715230967,0.0210814149169481,1.70552150956656,0.148654096547762,0.00352029426441256,0.00181714489090192,0.00795309316275317,0.0259495128566181,3.13812577908062,4.56601793177874,2.71337365163886,6.44912480377541
60233,NT,1649,0.407180898152279,0.0111658456486043,1.73858250809291,0.27469178749174,0.392584144561477,0.00915530070832249,1.70754541481553,0.133949356669146,0.00195169422168281,0.00060884081385585,0.00441988850195183,0.0155531780019345,7.47901665570174,3.30225059576541,7.0221439440548,9.04911078656007
60235,NT,1809,0.406889515411707,0.0110612855007474,1.73784418795139,0.287130951188075,0.392582281622696,0.00863141187795225,1.70759483116759,0.133917743873938,0.0018340579023948,0.000538095731671698,0.00413954876819921,0.0145271101319069,7.80086265015379,4.51569020115856,7.30740437609469,10.5467092851195
60301,NT,514,0.402791136256483,0.0275907590759076,1.72664473615938,0.336940422235388,0.392522062620002,0.0202678927495651,1.70609022109429,0.148700694795638,0.00339453679725144,0.00168710218626086,0.00768309511919845,0.0252493138721745,3.02517670298802,4.34049957730908,2.67529097924646,7.4552412945841
60302,NT,465,0.396199821255679,0.0244252873563218,1.71238777233486,0.237114184116681,0.39253842205335,0.0216849441899011,1.70592550897521,0.148762753325871,0.00368492934919141,0.00181938891926854,0.00825479706170238,0.0274277707699922,0.993614491722172,1.50618877437289,0.782849452427257,3.22123994442421
60303,NT,6525,0.401474799678934,0.00362477802151886,1.72750017570637,0.0923146815280276,0.392508491299033,0.00335014156173619,1.70782057690783,0.129697666018863,0.000935188121507478,0.000169711151670662,0.00210909840134228,0.00745293845665851,9.58770558959582,1.61825818208824,9.33081111152537,-5.01587188841427
60304,NT,494,0.379809289255155,0.0160869565217391,1.67473159322556,0.391685786891249,0.392473348045967,0.020820310174115,1.70588368996309,0.148477120205241,0.00366674019087003,0.00176963473936468,0.00825775549508283,0.0265256774288537,-3.45376496058966,-2.67476307233615,-3.77246538191639,9.16880133743366
60305,NT,1177,0.399524387667028,0.0134851138353765,1.72173053903973,0.230149407144727,0.392483739382663,0.0116471064783821,1.7070841347315,0.135681127389887,0.00225170756833762,0.000789661622950372,0.005094025356615,0.0178674730150917,3.12680402347431,2.32758855638343,2.87521228947236,5.28716510023818
60306,NT,504,0.380720745372941,0.0197728790915164,1.67433059631744,0.283770197791943,0.392413536517415,0.0205924557764178,1.70578336403778,0.147222412595891,0.0035241992701944,0.00168453473777694,0.00796118147668766,0.0264090272005637,-3.31785754663874,-0.486529999365309,-3.95076632940057,5.17049659417733
60307,NT,589,0.408639088373197,0.0220309810671256,1.7414109343156,0.336412796601113,0.392513864272644,0.0185906781201097,1.70632869200983,0.14552243704401,0.00327201157751736,0.00149282361507124,0.00737474015859542,0.0247879997702428,4.92822953664138,2.3045609087928,4.75708181594519,7.70091823973071
60308,NT,2319,0.404632767341678,0.00791260702686743,1.7352895451629,0.189568041996942,0.392519513202379,0.0072056209829736,1.70756115305346,0.131868001378423,0.00160609427048085,0.000452584996225395,0.00362991091460157,0.0129146284306716,7.54205675341387,1.56210667563036,7.63886298088006,4.46780493362743
60309,NT,4693,0.404503426479589,0.00452448934768285,1.73547178574383,0.170412336301613,0.392551576667932,0.00428110043049465,1.70785547911503,0.129888990908313,0.00112488953545697,0.000232273761903582,0.00253933521750049,0.00893695765430501,10.6249097666303,1.04785368434867,10.8754080353304,4.53435575738464
60310,NT,6697,0.402232991517464,0.00398483917230076,1.73014846062008,0.224708263028892,0.392516523940729,0.003282686179822,1.70784028430238,0.129595900866907,0.000922361411896578,0.000165643623446128,0.00208524644025693,0.00758600193277978,10.5343387650576,4.23893765344442,10.6981006594848,12.537877396392
60401,NT,76,0.390551670551671,0.0626262626262626,1.68969136669924,0.347564354431915,0.392856243028493,0.0690068688848941,1.69587217934691,0.230790624455039,0.00885000660076193,0.00909055740498726,0.0201290125119726,0.0532427933975616,-0.260403475475852,-0.701893841529555,-0.307059903907028,2.19323071772234
60402,NT,430,0.371192147034252,0.0166666666666667,1.65433108134907,0.475755303835766,0.392576408305104,0.0228358854302488,1.70582866539006,0.150573450784351,0.00375739228896453,0.00191731213027007,0.00849360626880123,0.0271999326013135,-5.69125064041271,-3.21763924933449,-6.06309998500305,11.9552448095299
60404,NT,2013,0.397969288575447,0.00785161174140105,1.72116861196726,0.371306408259037,0.392506804154128,0.00795510022973181,1.70749562023599,0.133338776083005,0.00173269975219148,0.000498625604543122,0.0039275345056291,0.0138205048120194,3.15258567701116,-0.20754748129228,3.481316767981,17.2184471850173
60702,NT,599,0.398380987888,0.0214326001128032,1.71579087361632,0.387042720148339,0.392195962523209,0.0183455114090286,1.70561233757255,0.146665766042647,0.00335355753987478,0.00149718411491688,0.00764276845815531,0.0244067463530156,1.84431765110603,2.06192990762929,1.33178652467388,9.8487914213929
60703,NT,4591,0.393682005083199,0.00430251600416853,1.71132194748816,0.176605729602703,0.392452006146881,0.00435636999282631,1.70762926540567,0.13050525211126,0.00117334562924263,0.000243817823391092,0.00265535996778033,0.00925773139413413,1.04828356254411,-0.220877981391024,1.39065216290596,4.9796732621399
60704,NT,12201,0.398852295708777,0.00231937775531407,1.72269414459593,0.149180351861533,0.392503867672436,0.00209141093421078,1.70787455998372,0.129070890103158,0.000704925199957279,0.00010026865936807,0.00158651964742303,0.0054119326945479,9.00581797433988,2.27356007889229,9.34093985932421,3.71576346073804
60707,NT,2036,0.38967185073009,0.00832494125545485,1.70013486182715,0.255650573395485,0.392513935940624,0.00789925811406421,1.70749430154695,0.13342723806457,0.00175568397260082,0.000505998280451764,0.00394641175958706,0.0138354226306931,-1.61879088428661,0.841273889331366,-1.86484334837131,8.83408758759343
60708,NT,2407,0.405097084410152,0.0079887482419128,1.73624745584288,0.237263589844658,0.392465401860168,0.00701206966630688,1.70745932090435,0.132655374210099,0.00162240759630352,0.000434481286919106,0.00366023987267707,0.0125098194811638,7.78576393426907,2.24791862160858,7.86509516860619,8.36208834124817
60709,NT,3884,0.386563703979886,0.00500568828213879,1.69184499342214,0.318410392736672,0.392454819589366,0.00493140894754459,1.70759756005878,0.130620964698195,0.00119153051132953,0.000278800046719017,0.00268972773447183,0.00990547005481956,-4.94415841933166,0.2664251153052,-5.8565654935099,18.9581541309195
60710,NT,2628,0.404456447752673,0.00845905867182463,1.73448603939237,0.242523571475016,0.392446226971786,0.00656782966544221,1.70745895525206,0.131675125591565,0.0014960022827104,0.000400019737278499,0.00337519611186404,0.0119369031497291,8.02821019706424,4.72783922925713,8.0075596334397,9.28619797723377
60801,NT,1433,0.407069747492264,0.0149303094731869,1.74026952843485,0.377153731756986,0.392464878415025,0.0101200390145016,1.7071981783065,0.135784836763831,0.0020640841000997,0.000706229180135483,0.00465521662739943,0.0166899435651487,7.07571415163423,6.81120320993034,7.10414848016016,14.4619359586795
60802,NT,528,0.404987868275077,0.0235917826375083,1.73575789806921,0.382044372124365,0.39252690822744,0.0199459637130003,1.70616223569936,0.147260754075452,0.00337962031851934,0.0017100769619269,0.00762022327915506,0.0253591634487174,3.68708874761895,2.13196189743411,3.88383138992871,9.25833450790695
60803,NT,1275,0.412438326294847,0.0182829888712242,1.75171294242251,0.394432982892732,0.392420785331143,0.0110307977927986,1.70702736577868,0.137533302814475,0.0021347291208733,0.000741079782692077,0.00480763595744536,0.0172041409372881,9.37708712921642,9.7859788484324,9.29470888381686,14.9324328959346
60805,NT,882,0.390828473372213,0.0126478988168095,1.70456679303758,0.353308675417056,0.392748366919393,0.0141163360889562,1.70740539603381,0.138771355294229,0.00272246342439942,0.00104106132755296,0.00614290290798647,0.020721281247242,-0.705204532767355,-1.41051947016257,-0.462094719508065,10.3534775462488
60902,NT,45,0.383791402396054,0.1,1.66525317486092,0.317857386138652,0.392519258775438,0.0916003143553509,1.68609745962194,0.284906034463178,0.0130912337665022,0.0131755440433084,0.0296335939258479,0.0668086098187515,-0.666694716102064,0.637520971964349,-0.703400499216597,0.493220136818747
60903,NT,25,0.341777777777778,0.114666666666667,1.53652079377891,0.755480887393536,0.393303251138386,0.124319114436288,1.67015047533232,0.357544408543558,0.0178075045206044,0.021839165474928,0.0403475866118717,0.080479485402055,-2.89346962124818,-0.441978782600598,-3.3119621958774,4.94457036923122
60904,NT,1359,0.404020969470832,0.0160530191458027,1.72858702326352,0.306664808395683,0.392471894739451,0.0105267007735065,1.70716038836292,0.135657555881624,0.00218532260210211,0.000740021187145705,0.00491818463168587,0.016634761799621,5.28483745158382,7.46778398820089,4.35661458550331,10.2801142916248
60905,NT,168,0.399202515144544,0.0481481481481482,1.71704030190077,0.319433970079837,0.392272412175018,0.0421157248862048,1.70156203268662,0.181717274723856,0.00631313066839382,0.00466573098557032,0.0142937372222691,0.04044243185793,1.09772842248,1.29292136229023,1.08287069878654,3.40525257827633
60906,NT,8,0.307142857142857,0.125,1.39377208583976,0.8865786117223,0.394168412698413,0.210375079365079,1.58537150877009,0.614920928054231,0.036120760194126,0.0474795830268633,0.0796848010071618,0.13870294505201,-2.40929468504674,-1.79814298951984,-2.40446635379199,1.95855743053045
60907,NT,1534,0.397052885670397,0.0115350877192982,1.71576170986297,0.285622081573413,0.392473563762262,0.00967667756559785,1.70725670171643,0.134524880399522,0.00193197569203892,0.000621325449371886,0.00436867080164409,0.0155715479418704,2.37027925713836,2.99104141892,1.9468182732688,9.7034155973412
60908,NT,650,0.415071047013707,0.027536231884058,1.75690985697907,0.317739628707915,0.392344962934225,0.0173009743656391,1.70609902587198,0.143431487102111,0.00307187285690026,0.00134276676851585,0.0069316151268911,0.0227892804807084,7.39812001933391,7.62251327513248,7.33030183830758,7.6486899949895
60909,NT,674,0.40300570435503,0.0251874062968516,1.7292210716637,0.27657428793807,0.392344705968084,0.0169697440304565,1.7061659084417,0.143831922553326,0.00302954604707969,0.00131487815299428,0.00682445295010418,0.0233662997603837,3.51900853173117,6.249751923919,3.37831667835702,5.68093222915002
61001,NT,589,0.386440825488445,0.0111111111111111,1.69402980911631,0.354142406490024,0.392586205474216,0.0185231088161378,1.7064949238722,0.143563376903012,0.00334062725418837,0.0014613162863033,0.00753508038443141,0.0251984111123688,-1.83958865152248,-5.07213788999563,-1.65427760819229,8.35683760567143
61002,NT,1256,0.397990324164363,0.00949190396426577,1.72126707837805,0.263634483683789,0.392576895056835,0.0111211160891204,1.70734536060906,0.136468522776301,0.00222662481612207,0.000745838100476488,0.00504038782332832,0.017342618991444,2.4312264321909,-2.1844045293661,2.76203305320314,7.3325696061376
61003,NT,2225,0.397161136744265,0.00632103378483575,1.72050303648957,0.236279152324925,0.392531771287231,0.0074072247986853,1.70756996108939,0.13306244533465,0.00161063807008245,0.000457046122682087,0.00364006572522953,0.0130405275498906,2.87424316053587,-2.37654573563703,3.55297853841984,7.91507142601302
61004,NT,394,0.387449891218812,0.0133333333333333,1.69808432432559,0.197468839130041,0.392353240328016,0.0241528702757524,1.70511785092826,0.154337955535721,0.00402270905841787,0.00218277050654791,0.00909833571454624,0.0293724497160767,-1.218917162041,-4.95679088111299,-0.773056394415547,1.46841288388392
61005,NT,199,0.37150036954915,0.0246464646464646,1.65986206352801,0.310257177808043,0.392496711991701,0.0380262152220027,1.70301694003473,0.17329583771026,0.00553724935813492,0.00385246725378266,0.0125072750433477,0.0387378347976985,-3.79183617795807,-3.47303421265964,-3.45038198625619,3.53559616362246
61006,NT,3019,0.389459637765233,0.0045607911576498,1.70278896201241,0.180963724797638,0.392543452978825,0.00592612374875204,1.70772648856885,0.131115978201809,0.00135970259128703,0.000349322491672298,0.00305736779548191,0.0114001964376687,-2.2680071607958,-3.90851612378591,-1.6149599546837,4.37253400574066
61007,NT,78,0.378554778554779,0.0404040404040404,1.66753149356306,0.412063412531822,0.392482193907412,0.0675394296270451,1.69527497229371,0.231463783539651,0.00933892945682467,0.00885038145673071,0.0209557999585705,0.0496156255030397,-1.49132889556795,-3.06601352220454,-1.32390454124883,3.63997484988084
61008,NT,705,0.394023342683973,0.0130637636080871,1.71261819674849,0.351934178381963,0.392669866324332,0.0164436442852369,1.70695976579387,0.142273272100122,0.00304801449704929,0.0012703088439353,0.00688722623644209,0.0225236041526712,0.444051811745353,-2.6606763333862,0.821583430014239,9.30849720411978
61010,NT,773,0.395818694293425,0.0123559243891194,1.71586698616512,0.26419055991621,0.39252447765452,0.015471862264936,1.70670275374818,0.140755505649722,0.00284852536843432,0.00119569346221599,0.00646521344443568,0.0217056815761161,1.15646385860184,-2.60596714315205,1.41746788341965,5.68676241902996
61201,NT,1888,0.406473108901323,0.00890120036934441,1.74062810737293,0.36385976988762,0.39252792324068,0.00832178449058182,1.7075027845367,0.133949578694463,0.00186454726519197,0.000534472027520807,0.00419678036560832,0.0144105861675602,7.47912692854542,1.08409018419591,7.89303226532321,15.9542567193214
61301,NT,103,0.375059858927069,0.0503267973856209,1.65655852186167,0.385711273393046,0.392825438673344,0.0574177538186153,1.69920638217836,0.208302787908683,0.00792156868339129,0.00710907290795965,0.0178229472269118,0.0466874595808952,-2.24268455609339,-0.997451640291248,-2.39286240225723,3.79991730278165
61303,NT,178,0.393077862308632,0.0347140039447732,1.70480454176057,0.345087114420114,0.392343051537231,0.0407311571600981,1.70209214805241,0.181304714650344,0.00598913375272071,0.00435392969766826,0.0135177522934185,0.0380980216985194,0.122690659741319,-1.38200513861016,0.200654195260706,4.29897386971499
61304,NT,7065,0.398117811488293,0.00350111531374261,1.72000696204673,0.19360765830554,0.392538098361592,0.00315337238678734,1.70789777842594,0.129496465645261,0.000878515079540345,0.000161241393007876,0.00198952154182765,0.00738458755926766,6.35130034378028,2.15666039884854,6.08648027488764,8.68175671907628
61305,NT,1211,0.410716840236065,0.0169435215946844,1.74667143738113,0.191797256700378,0.392571031773214,0.0114010974032117,1.70728419965311,0.13687030290013,0.00228433142220938,0.000778366813113243,0.0051658495381322,0.0172855798081436,7.94359710085375,7.12058132245464,7.62454218561228,3.17761708949851
61306,NT,381,0.385752581850143,0.0277477477477478,1.68544083477575,0.466005751398608,0.392445516564878,0.0247435041662662,1.70526151972609,0.154508272748206,0.00404298327332155,0.00217037373362868,0.0091421821022272,0.0289546472196314,-1.6554445720564,1.38420564851693,-2.1680474889594,10.758116867651
61307,NT,757,0.410818298333826,0.0216485507246377,1.7459852491693,0.339660519654945,0.392413681131273,0.0156954499654569,1.70643139985927,0.141259730452787,0.00289013487452675,0.00117194823007345,0.00654214479387049,0.0214327356564571,6.36808246036172,5.07966188814308,6.04600640253181,9.25690459595554
61308,NT,1088,0.390336681580204,0.0154661677580293,1.69738655797259,0.424079540786652,0.392562184296469,0.0122683393805024,1.70717789988105,0.136472765893093,0.0023849456683703,0.000903610904053997,0.00536361313934809,0.0192670865764812,-0.933146086210546,3.53894398925471,-1.82551232799147,14.9273619419261
61309,NT,757,0.402657277905186,0.021062025881303,1.72839456080195,0.226531852270427,0.392422175621504,0.0156297195061016,1.70647292598595,0.141624475488141,0.00292458255804001,0.00127211772014988,0.00661325142864422,0.0210942375010897,3.49967972541767,4.27028590920136,3.31480438216156,4.02514557721744
61312,NT,310,0.404269301102296,0.0332233223322332,1.72733104772465,0.386109731385573,0.392862702802408,0.0283137461715118,1.70562382221205,0.158240081703372,0.00456767776599157,0.00262939416813072,0.0103007986762073,0.0310274926944105,2.49724233719273,1.86718911155558,2.10733421698045,7.34412064572818
61313,NT,39,0.373189383715699,0.0786324786324786,1.63363782049085,0.509103270959154,0.392868296172016,0.0993544525136082,1.6835708758145,0.299593030540461,0.0135335084177306,0.0148935500312572,0.0305791769263854,0.0707787055413638,-1.45408801981714,-1.39133879012326,-1.63291037701423,2.96007448590951
61314,NT,687,0.408756179718291,0.0196312904833084,1.74204142828084,0.320533715783646,0.392631364749187,0.0167547959225721,1.70683944671124,0.142778493786883,0.00308245095118694,0.00131460143312241,0.00692647200439245,0.0222665017813798,5.23116676451756,2.18811153575582,5.08223833825884,7.98307806686586
61315,NT,1463,0.402118156823227,0.0111435523114355,1.72894321012449,0.370994141711135,0.392534297990072,0.0100110511613519,1.70734217013229,0.135190949307328,0.0021250406959013,0.000683940143939165,0.0047743806132403,0.0162080412266827,4.50996484520964,1.65584833719647,4.52436488458736,14.5485311337692
61316,NT,1489,0.405604818756292,0.0113787565955494,1.7370687086906,0.316764448085118,0.392455940591437,0.00984104742491938,1.70719971560088,0.134609488541757,0.0019877358603478,0.000663941293107082,0.00447966388166916,0.0154079693051833,6.61500274113631,2.3160318338297,6.66768621010674,11.8221263253739
61401,NT,2098,0.400695204413215,0.00987773487773488,1.72467292793407,0.243701852967245,0.392448039016288,0.00771960283311298,1.70735883248207,0.133592449889855,0.00168081252731699,0.000478584711757371,0.00378609454202582,0.0134645237045917,4.9066539324834,4.50940448284944,4.57307530485929,8.17774215361507
61402,NT,1046,0.402017458777886,0.0171354671839638,1.72637930721237,0.313888810228235,0.392502063110826,0.0125461499074642,1.70703974729772,0.137391583075291,0.00227376656075493,0.000879304208202996,0.00513350644973818,0.0194380813977489,4.18486041236371,5.2192599940794,3.76731968762583,9.0799716052935
61403,NT,2288,0.400160797670171,0.0092107211609655,1.72270244468446,0.24619943451555,0.392566234864299,0.0072668747053177,1.70766564648297,0.132030167602647,0.00165350431371075,0.000438207305692788,0.00372460490152995,0.0134117101664469,4.59301057934861,4.43590608918456,4.03715255685762,8.51265539562051
61404,NT,858,0.411171453790064,0.0199842022116904,1.74645543707912,0.34914664907288,0.392500494576586,0.014389076689514,1.70680735409687,0.140209601528843,0.00277064643391233,0.00110456214727593,0.006289658358027,0.0204760423114703,6.73884584656772,5.06546918702133,6.30369421125209,10.2039761573942
61405,NT,609,0.394598405512111,0.0203828828828829,1.70708181595376,0.378566539012232,0.392528141844519,0.0181377118009076,1.70639132747153,0.144198984087069,0.00329432440112753,0.00147957236743239,0.00747311843874609,0.0240441427827295,0.628433455698477,1.51744594005324,0.0923962985306674,9.74738658986445
61406,NT,2190,0.397277815064995,0.00930594460006225,1.71618962242281,0.260668708108168,0.392528179444206,0.00752003409350597,1.7075643717928,0.132971815020543,0.0016774358426108,0.000469067768322574,0.0037869597093703,0.0133215504338258,2.8314857117855,3.80736138179532,2.27761880029143,9.58573806569683
61407,NT,719,0.409956996273365,0.0204983544898919,1.74336720490356,0.29587256036211,0.392585859147456,0.0163020688755126,1.70677745020694,0.142159963307204,0.00292996256269286,0.00125032592674552,0.00658133092152958,0.0223986959857821,5.92879149621046,3.35615340337844,5.55962846009299,6.862569015289
70101,OC,202,0.394673497200466,0.0445544554455446,1.70536609553662,0.382526323701879,0.409342806346048,0.0391312662533141,1.73924157968518,0.286454989047607,0.0055529552019075,0.00374020500783541,0.0125399395736379,0.0458623591958445,-2.64171213564674,1.44997110609428,-2.70140728746223,2.09477524355043
70103,OC,26,0.356307692307692,0.0871794871794872,1.58576937378026,0.582839124593154,0.409435501126892,0.123759165703861,1.70649592770832,0.426461806262124,0.0181003163804149,0.0200558755778217,0.0404388303575541,0.103883556086601,-2.93518675047503,-1.82388838534803,-2.98541161701789,1.50531348966017
70104,OC,6,0.413333333333333,0.122222222222222,1.58506258388062,0.784266159451614,0.408415555555556,0.243703333333333,1.57469452839999,0.762257716854582,0.0496121280003812,0.05604756123578,0.105592421883201,0.172911072016646,0.0991245079779689,-2.16746471090984,0.0981893898796724,0.127281858474121
70105,OC,414,0.372322012764959,0.0203473945409429,1.65418694552924,0.557484108581245,0.409220531636297,0.0257424307273501,1.74135408371309,0.280282377654548,0.00393547501280422,0.00206275761553418,0.00890350549486508,0.0323022762750448,-9.37587425946985,-2.61544843939898,-9.79020434525643,8.58149216997596
70106,OC,1569,0.413849351298444,0.0118279569892473,1.75406043151413,0.192546451375798,0.409384796099385,0.0112526382325392,1.74348967615427,0.268679961839977,0.00151236144503815,0.000566202566493137,0.00340870952546446,0.0128809882157795,2.95204245896861,1.01610058087767,3.10110183366868,-5.91053335262844
70107,OC,81,0.411610611610612,0.0769230769230769,1.73165078621965,0.574148525680396,0.40963006844558,0.0671478810443648,1.73273200804756,0.320011531050926,0.00912854220157571,0.00854073134472526,0.0206202853576671,0.065526332043337,0.216961604744489,1.14453850427567,-0.0524348625228417,3.87839493993639
70108,OC,226,0.392118469765529,0.0313725490196078,1.70015168769023,0.458419894085597,0.409261948025418,0.0366788215017777,1.73951913065817,0.287854265871372,0.0053699684120547,0.00348080434441162,0.0121454675948214,0.0446008536171729,-3.19247283120046,-1.52443859439817,-3.24132789953028,3.82426824558691
70109,OC,194,0.401619170984456,0.0397236614853195,1.72084458737204,0.439606033711762,0.409274245255765,0.0400929605546578,1.73881705523833,0.289367414614571,0.0059438055796942,0.00379773435830927,0.0134248943782352,0.0464493750567294,-1.28790791836477,-0.0972419433524213,-1.33874184480958,3.23445942843584
70110,OC,102,0.377993265993266,0.0533333333333333,1.66405906653221,0.500222931529549,0.409122940266108,0.0582976981585413,1.73401919600372,0.310809301353064,0.00819388157812752,0.00706092268277015,0.0185161397002322,0.0618695664797445,-3.7991364624964,-0.703075936141023,-3.77833234162892,3.06149923061927
70111,OC,25,0.377777777777778,0.144,1.63377760975189,0.547909677568657,0.409502211682038,0.127108868686869,1.70520977801511,0.431840317994669,0.0181613634801399,0.0209664608860418,0.0405006478966179,0.10354748891659,-1.74680903991332,0.805626252563034,-1.76372902590488,1.1209287717975
70112,OC,253,0.36797266118149,0.0290322580645161,1.64311023856378,0.582785933637711,0.40926797194589,0.0343656768675165,1.74001091241834,0.28427437373666,0.00509945593785436,0.00323863095021519,0.0115669556856867,0.0420008826272887,-8.09798364132453,-1.64681276903316,-8.37737054482462,7.10726873408852
70113,OC,463,0.4072987906918,0.0285507246376812,1.73768620032257,0.271861027841179,0.409182085830898,0.0241753474503299,1.74157611325114,0.276175887133713,0.00356415453307111,0.00181406556110607,0.00805593012479623,0.0300971091442022,-0.528398845118153,2.41191789379623,-0.482863290559118,-0.143364576041527
70114,OC,144,0.392330674020815,0.0428904428904429,1.69930721352208,0.289680618234759,0.409629875503646,0.0477171115037133,1.73793466076219,0.300022891042079,0.00681725270782656,0.0050499489009626,0.0153812980510148,0.0523553850325991,-2.53756200983579,-0.955785634256689,-2.51132557941476,-0.197539809914117
70115,OC,58,0.393990723936278,0.0839080459770115,1.69182233797757,0.453600750908426,0.40941165214386,0.0800849927630864,1.72759068087783,0.342563396268832,0.0113361825259708,0.0109787458934479,0.0253858673351185,0.0765001682357335,-1.36032815034985,0.348223125940701,-1.40898644226295,1.45146549609454
70116,OC,125,0.399166031019578,0.0411594202898551,1.71390201267383,0.367200238139218,0.409213103195363,0.0519355490247293,1.7359840159477,0.303682279891699,0.0072097705602945,0.00547116178543598,0.0162198306091404,0.0545745638030592,-1.39353563220391,-1.96962348354601,-1.36142009161462,1.16387477647523
70201,OC,122,0.383212267958031,0.0392156862745098,1.67698030455177,0.480442557645466,0.409666744961425,0.0525809499381934,1.73673316080599,0.304829416302248,0.0076476036152507,0.00576070007911898,0.0172376249798715,0.0578456181099816,-3.45918516888609,-2.32007628936093,-3.4664204798514,3.03589359196276
70202,OC,1167,0.419174417788844,0.0167530224525043,1.76531794887438,0.22120924788451,0.409272705049947,0.0136753866435133,1.74303273998679,0.270241882620874,0.0019782970978135,0.000786272971922572,0.0044576364089391,0.016709969574597,5.00516972392098,3.91420781190748,4.99933301937921,-2.93433417203255
70203,OC,170,0.406922137691368,0.0457593688362919,1.73411291872456,0.292490613413483,0.409247992280876,0.0434133911899507,1.73807846701231,0.295417443454737,0.00623709389958251,0.00447891811960242,0.0140706056866171,0.0490956271526429,-0.372906777892698,0.52378221340412,-0.281832095651673,-0.0596148824447131
70701,OC,107,0.397711889787362,0.0415094339622642,1.71065972110116,0.329690341473924,0.409687931198315,0.0568991267764156,1.73578097765363,0.308038001192278,0.00808707535503526,0.00649627830478652,0.0182460843514554,0.0587942551434756,-1.48088658571686,-2.36900146393239,-1.37680260973181,0.368273060502386
70702,OC,381,0.417713001354162,0.0348284960422164,1.75987610912098,0.32220696039293,0.409022895853111,0.0269909849172688,1.74073225775801,0.280563897778741,0.00405686559265326,0.00220928058230539,0.00916687579777279,0.0328784676827986,2.14207380120963,3.54753994930288,2.08837250392498,1.26657552949085
70703,OC,7,0.361904761904762,0.247619047619048,1.50546643760568,0.589275378238669,0.410478095238095,0.22883873015873,1.60447896976318,0.692137981659563,0.0426686235626693,0.0513956817028937,0.091156330681948,0.168284292649553,-1.13838528824328,0.365406525180112,-1.08618382746187,-0.611243044739194
80101,PA,5001,0.407362060016926,0.00525855692287002,1.7416692246938,0.42215597104485,0.388950052634745,0.00447296122671014,1.69966049916944,0.366063178867628,0.00101617333906423,0.0002246676615983,0.00232037030069272,0.00753978998834228,18.1189632461087,3.49670126341768,18.1043196044277,7.43956957209017
80102,PA,5898,0.409036473691966,0.00492684042066758,1.74567585265623,0.348948523994689,0.388955443377016,0.00397154520116715,1.69970074151254,0.365750125517376,0.000950914855767565,0.000192402150542797,0.00218167555896898,0.00671778522940353,21.1175902796684,4.96509637135235,21.0733034775435,-2.50106261943992
80401,PA,1888,0.38103920330097,0.0100124710493497,1.68039052883338,0.567658445330382,0.388908601418501,0.00885947430316244,1.69925384508298,0.366773504060698,0.0016840070548142,0.000529815593208005,0.00385694807019795,0.0122164774961137,-4.67301968541881,2.1762227480055,-4.89073638179025,16.4437696000005
80402,PA,6328,0.393266127589247,0.0049099314522557,1.70863756585961,0.530643116866811,0.388958386210148,0.00377825954804537,1.69971231345522,0.365858619689504,0.000940529291745942,0.000180762562281776,0.00215622268916609,0.00638819392890614,4.58012463503731,6.26054360994429,4.13929991982504,25.7951619833688
80403,PA,909,0.400051614252067,0.0210176991150442,1.72259236601553,0.556068314466126,0.388966327191644,0.0143242949123705,1.69883251653648,0.368448062003823,0.00257020014201865,0.000965525553799297,0.00589071055393565,0.0179604981775731,4.31300538786691,6.93239466975838,4.03344371812178,10.4462721806113
80404,PA,2347,0.386891709050239,0.00861600114498354,1.69378501293968,0.590724140268631,0.388976232865464,0.00760154133174485,1.69949329111345,0.366359831217961,0.00152110239668876,0.000439114241334868,0.00347974017501501,0.0114833010957693,-1.3704033467847,2.31024120318855,-1.64043229858189,19.538311081413
80405,PA,3587,0.390351491644931,0.00701262272089762,1.70201026837038,0.588194653624717,0.388953664444808,0.00565578024520253,1.6995862438871,0.36640065260386,0.00130050719162829,0.000296171506485661,0.00297725517453918,0.00895564122870321,1.07483234934921,4.58127283004105,0.81418096238732,24.7658425965075
80406,PA,4046,0.388814963929362,0.00668002672010688,1.69834384421231,0.486501008644571,0.388966114925625,0.00521143805448013,1.69964438538673,0.365931911174962,0.00110625664856365,0.000274691591238541,0.00254566927951132,0.00836158933601282,-0.136632847774753,5.34631824368963,-0.510883791892555,14.4193995452905
80407,PA,356,0.391753969509944,0.0237827715355805,1.70240110347533,0.541712904672863,0.38889727943519,0.0259602165879143,1.69707583735349,0.37550071551116,0.00401350576385685,0.00224573922260571,0.00922828940913224,0.0285050567433464,0.711769271762166,-0.969589447615071,0.577058855194054,5.83097205026612
80408,PA,3487,0.379364856171847,0.00571152918475639,1.67622072557032,0.535773400868302,0.388940396386998,0.00578391518467083,1.69955822777415,0.36675985656302,0.0012931519520677,0.000297970090346285,0.00297040825596353,0.00886105975749092,-7.4048066817211,-0.242930422413603,-7.85666487324946,19.0737393642338
80409,PA,3610,0.393853906184244,0.00678631519910264,1.71062362490717,0.542283448335035,0.388955214942601,0.00564504146182771,1.69960308072113,0.366571535620722,0.00125650481541474,0.000298699952551496,0.00287174926954111,0.00883501450926087,3.89866491679681,3.82080320912731,3.83757186009733,19.888129502236
80410,PA,571,0.387577142447783,0.0191829484902309,1.69385410330187,0.529934344171288,0.38910978315525,0.0193710173982151,1.69856350637485,0.371749101434207,0.00324601212147288,0.0015296311058492,0.00745009224311996,0.0219805020497599,-0.472161116506127,-0.122950499153075,-0.632126813909916,7.19661645484612
80411,PA,2668,0.397860301011007,0.00902123382334464,1.71851903448663,0.589722255731578,0.388923635525405,0.00695460561115403,1.69944476146735,0.36650842245698,0.00144974202447184,0.000390255780637846,0.0033337441399396,0.010461436396338,6.16431429506073,5.29557360768071,5.72157676732201,21.3368245829734
80412,PA,3703,0.386924850078786,0.00726577437858509,1.69337061083225,0.596555613866401,0.388945375994867,0.00554917298475045,1.69958423853462,0.365845215177022,0.00124487861882157,0.000295014699693101,0.00285713238547322,0.00923415504652163,-1.62307062353922,5.81869783309235,-2.17477766657326,24.9844623061948
80413,PA,2226,0.399488536365308,0.0112369732668781,1.72192073685793,0.550197224090961,0.388856645538246,0.0078916404502408,1.69920769723441,0.36682157931885,0.00157005780230191,0.000457783635639263,0.00360162258453475,0.0118503305560291,6.77165567501702,7.30767235042335,6.30633529483471,15.4743062993136
80414,PA,796,0.385169443155329,0.0175305520438264,1.68994384055354,0.614441043263205,0.388812628012437,0.015661962313912,1.69833389672093,0.370220511014979,0.00267371553540152,0.00112679195872003,0.00613917285260033,0.0192178410731059,-1.36259254541873,1.6583271787252,-1.36664276586334,12.7080108176144
80415,PA,4024,0.412959634794039,0.0071941245201135,1.75374585063731,0.455897936093143,0.388955047106684,0.00521453641592336,1.69961787792547,0.365782838087552,0.00116282899896144,0.000281324665272836,0.00265648221967593,0.00850603852322808,20.6432654404,7.03666741154848,20.3758083946238,10.5942499272143
80416,PA,2274,0.384287353954299,0.00910973084886128,1.68731995367245,0.61011998560753,0.388916656657412,0.00779075040466959,1.69934203277327,0.367021156696096,0.00158183268913271,0.0004441417849327,0.00363799912275875,0.0116294721563926,-2.92654383419719,2.96972833662016,-3.30458548645816,20.9036855363899
80417,PA,3884,0.408617788771155,0.00734580734580735,1.74439532297549,0.483913316088779,0.388919916526647,0.00534304839471749,1.69953959480653,0.365782246704016,0.00122517499047827,0.000282128185029969,0.00280575496543578,0.0088629344185855,16.0775990349086,7.09875530825504,15.9870440296952,13.3286633755343
80418,PA,1817,0.378558935258999,0.0102078693392725,1.67491163575819,0.535251318331957,0.38892576409713,0.00903988174424722,1.69928354532213,0.367321137428088,0.00187863317385836,0.000550121788362498,0.00429458942224127,0.0125426993175849,-5.51828264420522,2.12314367424328,-5.67502668304491,13.3886794741568
80419,PA,2699,0.378443543463429,0.00795908183632735,1.67338257010775,0.627444611082114,0.389013502292428,0.0069298115705364,1.69963835435458,0.366542002298527,0.00139535529923897,0.00038613238062526,0.00319877048190362,0.0104203993990029,-7.57510207956616,2.66558910217335,-8.20808632421678,25.0376783838586
80420,PA,387,0.388566430260047,0.0205673758865248,1.69534759625297,0.575062691675155,0.388910135357516,0.0246957170569527,1.69733612575391,0.373974575960139,0.00394413935343442,0.00213273917851265,0.0090221908726872,0.0264100318002719,-0.0871432438536086,-1.93569903531612,-0.220404281953037,7.61408078701918
80421,PA,2945,0.393294358031736,0.00870561282932417,1.70830016055781,0.587852598063801,0.388946399361634,0.00651362307749297,1.69951880077752,0.366033663504514,0.00131101240648808,0.000356520343179748,0.00301101064341836,0.0100969192435261,3.31648933952406,6.14828801150922,2.91641605435181,21.9689718427243
80422,PA,651,0.403805157665798,0.0239342578325629,1.73082981657564,0.569239110024137,0.388928880736502,0.0177650721393769,1.69835122249585,0.370776648594455,0.00303519517078946,0.00126655898176437,0.00693031917958721,0.0213771173271384,4.90125876334555,4.87082384792854,4.68644996545838,9.28387389153413
80423,PA,1250,0.388939381651157,0.0149285906763676,1.69759635271664,0.535477611073557,0.389013162257195,0.0116206974770789,1.69922357812771,0.367913726132644,0.00219689271078776,0.000754307231482738,0.00501871312394238,0.0155580591089801,-0.0335840733942341,4.385339369989,-0.324231604971907,10.7702306416997
80424,PA,2587,0.403055789900434,0.0096757457846952,1.72992017536248,0.59361812728824,0.388889528564948,0.00712508258764782,1.69933997411877,0.366789551168099,0.00151150583211922,0.000411424581369369,0.00347543354706777,0.0104100214401566,9.37228360913742,6.19958872792155,8.79896013822834,21.7894437032714
80425,PA,813,0.406092550562836,0.0230257689110557,1.73670993573069,0.487946178876365,0.388761465061237,0.0154263941868036,1.69822049129719,0.369797536459585,0.00275181498631014,0.00110316171763565,0.00629881464080027,0.0196568320548281,6.29805622391699,6.88872229951876,6.110585344771,6.0105637616088
80426,PA,2218,0.391658689155282,0.00984503190519599,1.70485850211305,0.561511784758871,0.388906334529309,0.00792437473550861,1.69931484874389,0.366786682553678,0.00163383433933052,0.000474856901845782,0.00374120823053338,0.0113380098131698,1.68459834618272,4.04470728386116,1.481781560278,17.1745399249001
80427,PA,2097,0.401213869180596,0.0096567212062881,1.72615271036902,0.464666581020649,0.388948618197343,0.00821065476327058,1.69939715614023,0.366818711033253,0.0016083422158496,0.000501968592698011,0.00367360863691019,0.0117335374895847,7.62602067046633,2.88079067904451,7.28318034751015,8.33916200244392
80428,PA,2877,0.394878261962081,0.00821917808219178,1.7118756560533,0.482711403206932,0.388990922511563,0.00660605250974988,1.69962184765742,0.366031447594055,0.00136272043782094,0.000363233873146923,0.00311672048605778,0.00993225783784831,4.32028410752522,4.44101085195161,3.93163533614916,11.7475761823511
80429,PA,1396,0.383246479281086,0.0142273491949051,1.68526948487262,0.537981082179807,0.389056994801347,0.0108288932630079,1.6994099209288,0.368096709965651,0.00213943020297375,0.000694777372248252,0.004889891792691,0.0149848825051552,-2.71591730928354,4.89143151121923,-2.89176870484406,11.3370506679456
80430,PA,1268,0.399375720809544,0.0157950343370312,1.72127128606791,0.608001221450448,0.388981102814992,0.0115123796970386,1.69917812229655,0.368501790874204,0.0021620329729375,0.000758290218060192,0.00494841339832083,0.0149743064534537,4.80779808849488,5.64777777425136,4.46469645782919,15.9940249199992
80431,PA,3293,0.38424743983059,0.00772532188841202,1.68734276921423,0.587380189262568,0.388961707414454,0.00601650746045264,1.69958510905503,0.366282722186375,0.00131196290803753,0.000334818954627297,0.00300441051220829,0.00942848388024005,-3.59329334311412,5.10369680193746,-4.07478931093376,23.4499490994054
80432,PA,1948,0.393734026802971,0.0124935467217346,1.70796022933582,0.609012259474718,0.38894961543683,0.00862951767599436,1.69935245226184,0.367367173500277,0.00176502936802586,0.000529325591880585,0.0040471560823903,0.0128399613303664,2.71066955191381,7.2999097436649,2.12687054779898,18.8197674242954
80433,PA,3658,0.379666407585568,0.00652654867256637,1.67723897928762,0.538327489883665,0.388998097495407,0.00559748286468654,1.69968972109081,0.366452921405551,0.00126140733206391,0.000308620302867148,0.00288807645566905,0.00865756876512102,-7.3978402318069,3.01038460285541,-7.77359676857509,19.8525213187507
80434,PA,3091,0.404393941192699,0.00789930555555556,1.73427789189132,0.52019748438307,0.388948389735989,0.00628939369803783,1.69953150824069,0.366252363861045,0.00134011755358669,0.000340421482996449,0.00306491133992138,0.00937982766680022,11.525519843667,4.72917232880547,11.3368315742283,16.4123612917657
80435,PA,957,0.375267091142797,0.0158730158730159,1.66754452698165,0.575174079969841,0.389044050729312,0.0138183179263432,1.6990827203867,0.369669255039135,0.00247624440917879,0.000936314549562098,0.00566885523231075,0.0172763370241137,-5.56365096088523,2.19445265229894,-5.56341485407658,11.8951618415333
80436,PA,5198,0.384752202110518,0.00497705384267339,1.68909953095043,0.525581778467285,0.38900067648761,0.00435748545517442,1.69977501340609,0.365794445124409,0.00103519519698945,0.000219739769178203,0.00237111399142963,0.00727260575466387,-4.10403215687928,2.8195551029114,-4.50230671922063,21.9711254443301
80437,PA,2192,0.406798614133116,0.0102209944751381,1.74039950811748,0.454396663189373,0.388993177919795,0.00799122971936695,1.6995026756388,0.366518328100902,0.00161117714959756,0.000448409979848215,0.00369584255822091,0.0113776745208817,11.0511970814437,4.97260287678239,11.0656316751666,7.7237518903521
80438,PA,376,0.388595348102516,0.0302536231884058,1.69649122872525,0.460550978524452,0.389031431092947,0.025064112337552,1.69755045376721,0.37383427666455,0.00401861924890953,0.00220450759245109,0.00922848629355992,0.0280610765893358,-0.108515627737082,2.35404535172582,-0.114777766175893,3.09028420858441
80439,PA,1601,0.405865813960188,0.0129490392648287,1.73641715535865,0.516219747825192,0.388960059682497,0.00986110126925172,1.69926632565126,0.367024068596302,0.0018958014059736,0.000610555937712946,0.00434870844487749,0.0137150306693694,8.9174711150762,5.05758408827205,8.54295710515024,10.8782607072179
80440,PA,4238,0.403959456608145,0.00670000793839803,1.73233725052403,0.443157052638021,0.388957950558492,0.00505063139872497,1.69964957138618,0.366041713991295,0.00115395580968932,0.000265458512371246,0.0026533193405818,0.00830428027872627,13.000069780568,6.21331192185086,12.3195420309566,9.28621578973891
80441,PA,2838,0.399551476128963,0.00793087121212121,1.72288877410915,0.462825041917148,0.38893348648071,0.00667495713999202,1.69947776207454,0.366219030270988,0.00136553671593104,0.000362457865318967,0.00312488799921043,0.00985305416833315,7.77568960568987,3.4649932924589,7.49179235880526,9.80467680332489
80442,PA,10,0.352592592592593,0.193333333333333,1.52835425826563,0.83131112664742,0.389914232804233,0.190963915343915,1.60597728936986,0.642695997625365,0.0308249562873641,0.0379314555590322,0.0687176192215917,0.135004059683554,-1.2107605235093,0.0624657808274846,-1.12959430177468,1.39710709043983
80443,PA,1215,0.385541167163803,0.0156405990016639,1.69028463794259,0.607616467299651,0.388988658205919,0.0118647311378396,1.69917125837919,0.367713831532309,0.00226694385821864,0.000776140963396717,0.0051686839075476,0.0150209467063157,-1.52076595528289,4.86492537038568,-1.71931977183317,15.9712061069009
80444,PA,1215,0.36996950223187,0.0150055370985604,1.6542738194053,0.655119453794938,0.388960943551621,0.0118208054563942,1.69912541825924,0.368867807135564,0.00220615470808625,0.000778460027687207,0.00506691037625644,0.0154581315621643,-8.60839054040108,4.09106637321892,-8.85186346774937,18.5178684440758
80445,PA,7100,0.388878776239371,0.0040129634925174,1.69883060825725,0.502675907860468,0.388980422401072,0.00346469761123029,1.69977694375278,0.365382766850778,0.000873433691617934,0.000164384560731689,0.00200705413159773,0.00605343296416187,-0.116375361605665,3.33526384014856,-0.471504719590932,22.680211678647
80446,PA,1177,0.386427749433727,0.0100768573868488,1.69391140022423,0.479755899804243,0.388975460187194,0.0121179547680047,1.69909898990761,0.367964901215636,0.00226385938400554,0.000822267877441815,0.00519572616206054,0.0158913242795089,-1.1253838341139,-2.48227790134041,-0.99843400548384,7.03471885805995
80501,PA,5099,0.381761441373024,0.0053073919661174,1.68242850575519,0.522002074487876,0.388989557114742,0.00439656447612946,1.6997545018123,0.365578595509257,0.00101317345616232,0.00021713049296136,0.00231125144671813,0.00718812398862366,-7.13413453318845,4.19483913827812,-7.49637002140726,21.7613774089294
80502,PA,1370,0.362327406554893,0.00986019131714496,1.63610012286814,0.635454743398812,0.388882525291066,0.0109482455026219,1.69900723894769,0.368778568680535,0.00204899360867869,0.000689425639590617,0.00466243591505131,0.0148809469666602,-12.9600788522208,-1.57820383083372,-13.4923283077143,17.9206454613237
80503,PA,1473,0.381395117201847,0.0126593806921676,1.68122920382094,0.535479683882052,0.38895309414428,0.0104140419385441,1.69921761160258,0.367155541731447,0.00209980123962046,0.000663057156993943,0.00481109120404768,0.0138752609567082,-3.59937731239704,3.38634268545272,-3.7389454946319,12.1312415439095
80504,PA,2433,0.377504376436005,0.00828140146794073,1.67211510004744,0.58665426370172,0.388927256613847,0.00743498893386998,1.69941096522957,0.367003567745778,0.0015029653727144,0.000420214756253341,0.00344012263499492,0.0113767718032823,-7.60022844519172,2.01423800919656,-7.9345616648824,19.3069439867441
80505,PA,565,0.375137760103301,0.0224611708482676,1.66624283537835,0.614449079190801,0.388929334332127,0.019464650874516,1.69813176097743,0.371071557805269,0.00325647519083192,0.00150466586547676,0.00745873912667291,0.0217101042346617,-4.23512338360612,1.991485314118,-4.27537752125487,11.2103340801544
80506,PA,152,0.370849308702219,0.0350877192982456,1.65028014013205,0.670461686466202,0.389069633414247,0.0439957445465951,1.69397031765362,0.388028323892642,0.00629279508158287,0.00468485553585084,0.0144018311989431,0.0430817392906715,-2.89542635280672,-1.90145142794284,-3.03365432617873,6.55575580799997
80507,PA,376,0.36355795148248,0.0159928122192273,1.63955288095475,0.544093750275891,0.388836398071222,0.0251088603579205,1.69711977993945,0.374280887194611,0.00405041069956977,0.00217642619438394,0.00928139369740619,0.0281715660197358,-6.24095887151087,-4.18853998459319,-6.20239813776944,6.02781055772038
80508,PA,222,0.378544347585444,0.0342424242424242,1.66923880009358,0.671335412123232,0.389067330253785,0.0348625996081228,1.69587523708937,0.381942086204475,0.0051778434838844,0.00340858201480026,0.0118815574716072,0.035604022771128,-2.03230991842333,-0.181945267271188,-2.24183042159629,8.12810753939386
80509,PA,3330,0.397217763824247,0.00609916187014036,1.718144297814,0.418434946382336,0.388963408043217,0.00597276970275821,1.69958896212815,0.366133520463278,0.00131227897140794,0.000323828982537756,0.0029901724288355,0.00945742780906549,6.29009224477158,0.390305297542089,6.20544002978351,5.53019562770801
80510,PA,1259,0.381328236410043,0.0131508319914117,1.67979013364885,0.507286702660184,0.388968416287795,0.0115703766815148,1.69914115108402,0.367844088925354,0.00212106936659331,0.000764644340169989,0.00486577998913406,0.0154253581705537,-3.60204149759737,2.06691559313125,-3.9769610377745,9.03982988226621
80511,PA,1887,0.394285664039039,0.0102426837972877,1.71053073970593,0.487200614583389,0.388944748158108,0.00885121470414271,1.69932533580745,0.367147225017146,0.00173769921190617,0.000516921260393198,0.00398317164079364,0.0128952090203907,3.07355602415887,2.6918395503534,2.81318630202241,9.30992195445675
80513,PA,888,0.395176547544354,0.0140877598152425,1.71261544552019,0.542980480595534,0.3888043295127,0.0144774590459747,1.69845598944734,0.368875633162982,0.00258977568520245,0.0010234703330528,0.00592669176605423,0.0183847623654748,2.46052894390175,-0.380762605565492,2.38909945577899,9.47006243385053
80514,PA,2748,0.404412728252235,0.00773372491434165,1.73521933158025,0.325415119925108,0.388975710022179,0.00683826942414252,1.69955666395337,0.36653718632308,0.001427774741167,0.000388388128251712,0.00327318995032268,0.00994816298538311,10.8119423778566,2.30556864400036,10.8953858981998,-4.1336341652617
80515,PA,562,0.38116166783567,0.0204301075268817,1.67998100377089,0.499981014512541,0.388841125681403,0.0194013600722656,1.69792922280696,0.371690124302112,0.00322500756983307,0.00149408002244915,0.0073810745126464,0.0225669077189025,-2.3812216496998,0.688549099886731,-2.43165395570976,5.68491225330668
80516,PA,4414,0.402252719235342,0.0056815578465063,1.73036801158312,0.358405704712876,0.388987738415598,0.00488625757156153,1.69970861947906,0.365917763462316,0.00109620542975384,0.000252487170236338,0.00250788100650619,0.00811858762331753,12.1008165620222,3.14986410675969,12.2252180324824,-0.925291331199584
80517,PA,430,0.390319223277874,0.0237421383647799,1.6999680364668,0.549572912807111,0.388960710979638,0.0231561717358652,1.69771340497125,0.374000280550307,0.00371159428051855,0.00189582952899214,0.00848282866125953,0.0270877675964377,0.366018534236663,0.309081918998374,0.265787697192344,6.48162059245862
80518,PA,5003,0.403928392367358,0.00548166062071745,1.73429116766245,0.421210845472951,0.388942771912811,0.00446870106282839,1.69963432874236,0.365856170781283,0.00104576047633355,0.00021842423364241,0.00239818081270075,0.00758874042896281,14.3298783934602,4.63757862851158,14.4513035616629,7.29431652193608
80519,PA,2018,0.360809148323754,0.00894227560894228,1.63284873930305,0.606261915594967,0.388920596169539,0.00845237420695245,1.69931138541792,0.367721130888636,0.00169194917560817,0.000484555486120761,0.00389105905027698,0.0115615079463947,-16.6148299553271,1.01103261860033,-17.0808628849116,20.632324590558
80520,PA,1403,0.375704318913768,0.0130926594464501,1.66656646244375,0.581884455126213,0.389013311452582,0.0107741460940465,1.69932832369428,0.368181702823361,0.00203849483418398,0.000703997632771595,0.00467179945290523,0.013885126041912,-6.52883309569056,3.29335390415403,-7.01268570725097,15.3907679093293
80521,PA,549,0.379063749705952,0.0227106227106227,1.66943473244121,0.651616716559567,0.388852658150509,0.0197087027748749,1.69791455833578,0.372599477895247,0.00339109342386207,0.00153805076781645,0.00775025361177725,0.0235282635255752,-2.88665253976069,1.95176908237535,-3.67469599334036,11.8588113551614
80601,PA,2081,0.360683093601117,0.00870271147913622,1.63169879806817,0.603519389084241,0.388970732719823,0.00826676308629625,1.69944101624484,0.367449691024352,0.00161930524949224,0.000488854114567609,0.00370417258683322,0.0119552830484247,-17.4689973540051,0.891776053118769,-18.2880836647464,19.7460567937784
80602,PA,605,0.356443943175452,0.0168057874234836,1.61571099300917,0.552105174910555,0.389094368179942,0.0186791805620453,1.69862159386807,0.371216804483427,0.00313297554001045,0.00143823810201558,0.0071692620255644,0.0220462202109669,-10.4215384344753,-1.30256119340484,-11.5647329618112,8.20496070057148
80603,PA,702,0.363005306094157,0.0172731683648714,1.63654651176638,0.582713184141164,0.388873322177988,0.016946382371774,1.69836961292704,0.37098177003634,0.00303375886253729,0.00126152668152029,0.00692457646666551,0.0202185371742837,-8.52672122470389,0.259040096324904,-8.92806967448072,10.4721430773997
80604,PA,135,0.371853877117035,0.0411027568922306,1.65044236208978,0.600562729837024,0.38930913230825,0.0475592257298247,1.69372366149898,0.39030300718676,0.0067628884178447,0.00525655982247824,0.0153494138065592,0.0455122218466235,-2.58103551511467,-1.22826887843734,-2.81973630750022,4.61985185778977
80605,PA,812,0.349978826917105,0.0151856487275761,1.6052093027001,0.591714531146575,0.388967279396294,0.0154095076325019,1.69871778188511,0.369839961967527,0.00265538593428608,0.00113906692391046,0.00609246164589466,0.0187447709530729,-14.6827818795657,-0.196528316490186,-15.3482261555179,11.836611380022
80606,PA,428,0.367660719021101,0.0253968253968254,1.64729467671808,0.607277270675779,0.388843797094119,0.0231190356178307,1.69744062861361,0.374649234218391,0.00374125246529042,0.00192550754609453,0.00861426396563884,0.0268468626475501,-5.66202849701916,1.18295551924202,-5.82126947764252,8.66499894275788
80607,PA,511,0.382098485631658,0.0252324037184595,1.68136723267987,0.531961531184248,0.389088455773599,0.0207723832597491,1.69830797637335,0.371459426398417,0.00348359206082727,0.00165105893192677,0.00799078010231969,0.0242988789491634,-2.00654095539547,2.70130906442302,-2.12003627637822,6.60532961712446
80608,PA,3576,0.374810227739448,0.00614950634696756,1.66451335272524,0.57639462098291,0.388915266321397,0.00568289635888524,1.69951239534608,0.366008362949255,0.00124469392678289,0.000303840756466679,0.00284643702329799,0.00940484544493518,-11.332134172459,1.53570572134056,-12.295737560458,22.3699856914667
80609,PA,1132,0.361438011939914,0.0132856717307119,1.63286267032651,0.617353275922742,0.388945674994106,0.0124194938594098,1.69902269567182,0.368127253286006,0.00228088511367256,0.000850325386828915,0.00524781228531287,0.0161561070058855,-12.0600826798771,1.01864284510229,-12.6071630897458,15.4261185906943
80610,PA,931,0.362650818519348,0.0155579789167575,1.63503598209983,0.658743757518812,0.388828821150134,0.0140925718076086,1.69855995600544,0.368797473763803,0.00245612056719291,0.000990672384406497,0.00564317068189333,0.0181037351802285,-10.658272635494,1.47920456067509,-11.2567876264016,16.0158266163584
80611,PA,1317,0.370741344106019,0.0132924335378323,1.65569142345141,0.630624243451844,0.388896495265868,0.0112074356518882,1.69900917168054,0.36781239308311,0.00210315291457219,0.000722844522998406,0.00480858196736342,0.0150258607213521,-8.63234957099722,2.88443478453065,-9.0084246297852,17.4906353281494
80801,PA,467,0.378465785841057,0.0197691197691198,1.66957142370699,0.71293169451005,0.388751625985213,0.022061294243004,1.697381618707,0.373599796217195,0.00357168775382667,0.00178454884015309,0.00819084122685455,0.0254333700703937,-2.87982624828722,-1.28445600496291,-3.39527946272923,13.3419950778707
80802,PA,145,0.351282051282051,0.0453703703703704,1.60195543654326,0.667207203092408,0.388784007342934,0.045314656254827,1.69298979274376,0.390862336378039,0.00661677096167211,0.00494088345165813,0.0151851974242197,0.043342416112981,-5.66771258641325,0.0112761444564525,-5.99494057649256,6.37585283649206
80803,PA,70,0.369385783298827,0.0438095238095238,1.64207895622303,0.683809015978366,0.388715580888607,0.0698896441022202,1.68580218245673,0.41568829142226,0.0093020520842673,0.00892203099617357,0.0212783855902972,0.0633086752887189,-2.07801433647887,-2.9231147374271,-2.05481877599027,4.23513402125922
80804,PA,1062,0.362840990353806,0.0131178707224335,1.6365328633618,0.616716132720024,0.38893376066571,0.0129074052994921,1.69892631494824,0.368771799895274,0.00242215053806229,0.000939246727630667,0.00554585067972688,0.0166572612559545,-10.7725634314942,0.224078952579716,-11.2504744879845,14.8850599756378
80805,PA,1657,0.379142755261127,0.00904848853722865,1.67619560489606,0.541945670998382,0.388923389423297,0.00965089802838409,1.69921799734598,0.366908501085438,0.00187492767733178,0.000593337237920234,0.00430285672822826,0.0132676752070873,-5.21653943265115,-1.01529021382007,-5.35049012877481,13.1927536045986
80806,PA,640,0.370416221631602,0.0176377952755906,1.65397294149004,0.622156539243334,0.388953534189693,0.0179271291056596,1.69834886099157,0.36904305549606,0.00296570831094005,0.00137740794918658,0.00679954421557629,0.0216211886152615,-6.25055150896318,-0.210056744800948,-6.52630795456426,11.7067330687182
80807,PA,66,0.372307692307692,0.0758974358974359,1.64564339623947,0.64085305721409,0.388820871310785,0.0725947420806493,1.68531150252633,0.418553561557077,0.0101293283330872,0.00958678607148128,0.0231798842260337,0.0657501284332659,-1.63023435119113,0.344504799852726,-1.71131597984032,3.38097431828805
80808,PA,2072,0.376939219804879,0.00678076609616952,1.67108983980008,0.56589541266278,0.388916785710537,0.0082744744047068,1.69930404163862,0.366919639365164,0.00164313890479446,0.000502812835408638,0.00376014253429607,0.0124333152607064,-7.28944209811389,-2.97070441195746,-7.50349264188773,16.0034366639482
80809,PA,1845,0.367947488400302,0.0106375227686703,1.64876805522149,0.626252515363003,0.388982507351363,0.00898758772338118,1.69940864448978,0.367596291195254,0.00178895017505691,0.000535155391186213,0.00409164818464169,0.0128316118343719,-11.7583034141191,3.08309525132863,-12.3765746669937,20.1577344690938
80810,PA,1257,0.370267667125153,0.0138243928476114,1.65348480060514,0.640825787463228,0.388817212243966,0.0115635162244666,1.69880617404854,0.368156616936098,0.00219464233704342,0.000751328441372279,0.00501283141247809,0.0154000929462695,-8.45219505962999,3.0091721524815,-9.04107274196038,17.7056834318121
80811,PA,333,0.365982483444719,0.0209466263846929,1.64095739204565,0.614680047908395,0.388969169332144,0.0270578418279263,1.6970387015828,0.376707167585694,0.00418122100369268,0.00241849808675517,0.00959943396216014,0.0302338067170809,-5.49760126698023,-2.52686387336891,-5.84214754309674,7.87108558804984
80812,PA,191,0.38301093046753,0.0338568935427574,1.6785523167499,0.693108742380211,0.388754907542962,0.0381003446853551,1.69447845397296,0.384038629485877,0.00588773114268902,0.00386584555969168,0.0135314960331059,0.0374844367015007,-0.975584131854346,-1.0976773585689,-1.17696795565674,8.24529164878605
80813,PA,1663,0.380285703543878,0.0103649929421254,1.67811676879389,0.616909698101185,0.388913985516826,0.00959500705207921,1.69920214574074,0.366641296129655,0.00185152561500437,0.000613338858066263,0.00424053286211031,0.0134316177187458,-4.66009322421806,1.25540046895746,-4.97234136192091,18.6327817848958
80814,PA,3345,0.382494420751851,0.00688821752265861,1.68282981141319,0.57798546772365,0.388975158020821,0.00595271338768347,1.69962539483112,0.36617644215966,0.00127458149830986,0.000316021363528862,0.00291427639836031,0.00917576079107705,-5.08460014331239,2.9602559919646,-5.7632088114148,23.0835382903576
80815,PA,611,0.356310316019935,0.0158730158730159,1.62046146172151,0.632509270931162,0.388982040371597,0.0185769439201868,1.69837591341051,0.371336207161902,0.00325619988408104,0.00137996754640106,0.00745320531139604,0.0223883067130816,-10.0336974125539,-1.95941422986562,-10.4538179794758,11.6656014729625
80816,PA,821,0.364644752098627,0.0149058149058149,1.63958706915086,0.630839359658243,0.388981552729011,0.0152540222038374,1.69877256125285,0.368863483804924,0.00273048704597578,0.00104587852926568,0.0062650146138572,0.0184331427520321,-8.91298886264725,-0.332932829462451,-9.44698388589348,14.2122197705239
80817,PA,1481,0.366742759096589,0.0125597269624573,1.64614509301943,0.638037531837782,0.388918823384215,0.0103851504984798,1.69913613110836,0.367402328007679,0.00190871792683793,0.000648991016008775,0.00437316440269373,0.0139849409067318,-11.6183035616814,3.35070349255522,-12.117321282568,19.3519018517861
80818,PA,1142,0.378753700744485,0.013896218117854,1.67234506273081,0.636620306295674,0.388994005118819,0.0123517016089936,1.69912544765858,0.367693317571035,0.00226588614157682,0.000833252368049725,0.00519034037347079,0.016516477552137,-4.51933757236734,1.85359990332267,-5.15965871229851,16.2823451838157
80901,PA,522,0.387518825816698,0.0240669240669241,1.69381049734787,0.661764184983496,0.38887041399911,0.0203915004308392,1.6978881813693,0.372494986982417,0.00344573374274589,0.0016502863105767,0.00791088501469106,0.0230756965384799,-0.392249745139857,2.22714301908044,-0.515452318401005,12.5356648506236
80903,PA,106,0.390871518418688,0.0685534591194969,1.69224068721047,0.656695435096818,0.389027727150217,0.0546844003052943,1.69119228206187,0.397435618679103,0.00754774025394433,0.00637095019845284,0.017304454129805,0.0492818384992375,0.244283879205733,2.17692155521332,0.0605858549908104,5.26075780272942
80904,PA,80,0.408945147679325,0.0816666666666667,1.7294631271274,0.701780829912014,0.38930114656295,0.0656806277455391,1.68885883795257,0.404600167037426,0.00878363747168781,0.00819304833620693,0.0201174749167782,0.0579884072382891,2.236431225639,1.95117107395566,2.01835913019892,5.12482885852334
80905,PA,95,0.394106634106634,0.0695970695970696,1.69791074006293,0.691502120451415,0.388967757739107,0.0587463606056832,1.69003134299845,0.401584962810774,0.00791232325987139,0.00713514783748392,0.0181118514169325,0.052883689079179,0.6494775552953,1.52074059830731,0.435040950982615,5.48216591332287
80907,PA,620,0.389374238645691,0.0230479267635972,1.69778554274843,0.678246296452449,0.388912137863234,0.0183514032802947,1.69821925984346,0.371176458950043,0.00308544240351731,0.00139317527199654,0.00706757031228275,0.0217948384896867,0.149768079264799,3.37109305462477,-0.0613672133230463,14.0891081917267
80908,PA,38,0.381381381381381,0.10990990990991,1.64735345873966,0.859653420704623,0.389122258097428,0.0995093373869225,1.67533670952078,0.457730992317223,0.0136948416467074,0.0147468983771464,0.0315117083769871,0.0820386667714833,-0.565240323016668,0.705271865106589,-0.888027092861672,4.89918283907448
81001,PA,1142,0.356335109993898,0.0111209179170344,1.62230805708291,0.611440760196872,0.388956358220475,0.0123481860122293,1.69902713269506,0.367953406368881,0.00232805577046478,0.00084331960605442,0.00534119091517299,0.0158623100441722,-14.0122279888789,-1.45528229912354,-14.3636647389273,15.3500564009873
81002,PA,819,0.368233903172936,0.0135635018495684,1.64780417080635,0.584903699742866,0.389002038857214,0.0153979102758413,1.69882017605196,0.370612347208193,0.00267774788369619,0.00110190286159965,0.00614569739073719,0.0187767616422312,-7.75582190195242,-1.6647641912916,-8.30109294390312,11.4125830970078
81003,PA,2261,0.389761891168874,0.00722747038536512,1.70052893711019,0.425475719179613,0.388865801982933,0.00780661547398041,1.69922052146302,0.366613697342542,0.00164297124767219,0.000458711666233985,0.00375304798729575,0.0114356196414902,0.545407710092731,-1.26254711019245,0.34862747601583,5.14725250422904
81004,PA,336,0.36208883873864,0.0160642570281124,1.63497337382616,0.561346644416202,0.388529446234494,0.0269566325722761,1.69608802621787,0.37689409502685,0.00431000561517898,0.00235828224511489,0.00988369283772806,0.0300714456977878,-6.13470372352523,-4.61877519823033,-6.1833824052505,6.13381050060126
81005,PA,57,0.374770258980785,0.0573099415204678,1.65075825601193,0.685794438917618,0.388859659691394,0.0790722343467461,1.68316788313608,0.422797431685668,0.0109279958093847,0.0105737770782768,0.0248001742747853,0.0665885495609201,-1.28929411727165,-2.05813803952683,-1.30683062002119,3.94958305844072
81006,PA,1219,0.372876702964679,0.00991735537190083,1.65988981962929,0.601065209958622,0.388921922431809,0.0118225006059135,1.69901576536946,0.368077637996077,0.00220450819172723,0.000753175440321022,0.00504610535854462,0.0150031849141745,-7.27836690620693,-2.52948401132237,-7.75369179993845,15.5292075179602
81007,PA,39,0.363832658569501,0.0837606837606838,1.61731250133928,0.690185183836212,0.388984535870542,0.0982430819078187,1.67577844863498,0.451052651181261,0.0130835770189755,0.0144481894032812,0.0298235514145127,0.0770032225020412,-1.92240067563808,-1.00236768379061,-1.96039520857508,3.10548734046308
81008,PA,283,0.367917302152178,0.0170818505338078,1.64538018568227,0.69025739462696,0.388868263405844,0.0298203409293926,1.69636084778666,0.377708288719076,0.00466038684340077,0.0028063943879152,0.0106625919039221,0.0311703344198285,-4.4955412410309,-4.53909487933655,-4.78126355803242,10.0271335462176
81009,PA,113,0.370173745173745,0.0410714285714286,1.6446822535056,0.52910580725498,0.389233258396018,0.0525751375363725,1.69216343554375,0.394884640058209,0.00746724921710158,0.00611613585644319,0.0170200870762335,0.0489511109156882,-2.55241423824757,-1.88087858657114,-2.78971440189939,2.7419432304192
81010,PA,82,0.360972360972361,0.0316239316239316,1.62326170965066,0.531447721371794,0.388838503098439,0.0635328321872052,1.68821747726164,0.40711720188092,0.00891923899680202,0.00836531068504829,0.0203138892782653,0.0563804019296015,-3.12427350988902,-3.81443101931717,-3.19760370459822,2.20520810841536
81011,PA,88,0.356339254615117,0.0477272727272727,1.60774390117985,0.596992826682798,0.389050987155574,0.0615886718466486,1.68937609518995,0.402163257717766,0.00850198992318582,0.00734885094451416,0.0195007964574035,0.0568228684834251,-3.84753838054423,-1.88619951935796,-4.18609538274029,3.42871759495674
81012,PA,683,0.374419573533311,0.0166420482520926,1.66322532835342,0.594435811592418,0.388951125646913,0.0172057813687003,1.69846989221343,0.371009094847958,0.00291137395431672,0.00136730925032983,0.00668942800424072,0.021184604488267,-4.99130387975621,-0.412293792696643,-5.26869619310824,10.5466550894639
81013,PA,962,0.392245078893808,0.0183473389355742,1.70390676354994,0.627230658464582,0.388878753642425,0.013787418207635,1.69868556969049,0.368855096215855,0.0025258179963472,0.00099779295862111,0.00578390351396231,0.0175718314574276,1.33276635777038,4.57000692231864,0.902711092404488,14.7039631511781
81014,PA,814,0.366665344097016,0.0112757201646091,1.64566272552902,0.572658162050819,0.3889809710382,0.0153675043403575,1.6987719873256,0.369854281317641,0.00268652989700176,0.00107606998520864,0.00614254297326128,0.019466999902892,-8.30648747519585,-3.8025260735761,-8.64613597784559,10.4178292363914
81015,PA,387,0.37068462713512,0.0231578947368421,1.65183523809812,0.564948511674288,0.388991903231066,0.0247782047637533,1.69753629042305,0.375653986203935,0.003881890927599,0.00202748886777166,0.0088941811882689,0.0273340016893105,-4.71607173859182,-0.799170862374186,-5.13830912115994,6.9252401321238
81016,PA,908,0.35593824820431,0.0126488095238095,1.62134456654847,0.596564914449166,0.389143812388929,0.0143287154834424,1.69923502773804,0.368480217939422,0.00265008650900834,0.00102525360159692,0.00606514333444042,0.0185065300246918,-12.5299925386378,-1.63852724537249,-12.8423116972814,12.3245522637377
81017,PA,3969,0.38911152700299,0.00517635117990358,1.6988085629481,0.497838190149736,0.388961715280582,0.00526783502629279,1.69962599588605,0.366442254517341,0.00117312090434861,0.000281119564915701,0.00269203025433846,0.00846032671873738,0.127703565635733,-0.325426821205588,-0.303649238946359,15.5308346829429
81018,PA,9,0.388888888888889,0.22962962962963,1.58590268127195,0.769915978939327,0.389996560846561,0.200057407407407,1.59587227801515,0.659193563972924,0.0319394219862444,0.0406105971508847,0.0708338653737766,0.139926258927457,-0.0346804008585072,0.728189790274433,-0.140746190972217,0.791291183049533
81019,PA,1530,0.372953190515181,0.00958634274458306,1.65983657537013,0.617166731384373,0.389031711785322,0.0101812200513855,1.6994160648317,0.367892104579564,0.0019626260650726,0.00065147665408714,0.00448105671228564,0.0137205034772287,-8.192350828453,-0.91312144966427,-8.83262408910395,18.1680378725546
81020,PA,951,0.369808789502642,0.0109103790294013,1.65308588184014,0.587440188833871,0.388961907050359,0.01390933359039,1.69886712840809,0.367624942079515,0.00256243589756735,0.000990864885242839,0.00589897718041373,0.0174396998151427,-7.47457431653241,-3.02660292604243,-7.76087873673375,12.6043022004021
81021,PA,596,0.366210635052609,0.0165814877910278,1.64368940554251,0.581864390921855,0.388936901137913,0.0187471753258044,1.6982377494427,0.37144954753992,0.00313305110652581,0.00141163458170392,0.00718287340313438,0.0216675438604328,-7.25371700383928,-1.53417007690651,-7.5942232082759,9.71106114921381
81022,PA,958,0.382516704613132,0.0154711673699015,1.68191558905096,0.545367941677929,0.388867175217516,0.0138455700388075,1.69866787247346,0.369998248049455,0.00243644849523752,0.000960012699542314,0.00558122976786748,0.0175355641321814,-2.60644565924437,1.69330815297447,-3.00153982531738,10.0008013603984
81101,PA,185,0.308343232755207,0.0221014492753623,1.49789364084666,0.710654250479589,0.389036490110888,0.0389939216388798,1.69501394671635,0.385240554916343,0.00575292100251333,0.00399341867998321,0.0131113416214478,0.0387512835129345,-14.0264845146366,-4.23007796507539,-15.0343352771192,8.39749463923251
81102,PA,384,0.350083714280339,0.0242263483642794,1.60628123756164,0.585092115127357,0.388994775964816,0.024688942804253,1.69749481221396,0.375365312818434,0.00395225339238284,0.00215311736261547,0.00904771153821072,0.0269650161867495,-9.84528516300839,-0.214848687770419,-10.08139729777,7.77773693353026
81103,PA,368,0.341530330624468,0.0202578268876611,1.5847557756749,0.614049973312863,0.389068271224715,0.0254795373919608,1.69756718515026,0.375134242213455,0.00414237009990243,0.00213631587124044,0.00949576043910696,0.0292449361549132,-11.4760244627507,-2.44425956601058,-11.8801869738377,8.16947350590369
81104,PA,386,0.341792426928751,0.0207563764291996,1.58634322211479,0.611103417685745,0.389048015067671,0.0246890085490334,1.6976698457961,0.375577683318438,0.00395328130145457,0.00208180547647962,0.00903284012479816,0.0279863923819857,-11.953510143974,-1.88904879166903,-12.3246533917587,8.41572329697308
81105,PA,434,0.360665746110651,0.0225352112676056,1.63091853169426,0.563855676249315,0.388772429372383,0.0229506791983835,1.69729649612943,0.374761596674099,0.00390377522048907,0.00192618710094755,0.00894389857101429,0.0266864230322075,-7.19987234772464,-0.215694482936524,-7.42159181570825,7.08577838802155
81106,PA,450,0.358176901049952,0.0234595397178916,1.62223544357575,0.561480824385013,0.388982675551577,0.0224870948202166,1.69780996843118,0.373060623549169,0.00376064115845604,0.00185129279213509,0.00861249974587599,0.0256916230826513,-8.19162828986104,0.525278822348512,-8.77498137420749,7.333915814882
81107,PA,165,0.337155696937565,0.0286298568507157,1.57258901539609,0.626592106147221,0.38936301337042,0.0416964047085158,1.69504534498497,0.383794687249503,0.00630931940043353,0.00441563308653076,0.0144613234578747,0.0403136223783067,-8.27463520538657,-2.9591561621498,-8.46785081224362,6.02271402503315
81108,PA,393,0.358513767789468,0.0236503856041131,1.62540781985144,0.543575720650681,0.389064768077722,0.0244994942558532,1.69772973702811,0.374026684511432,0.00393295632315102,0.0020321528838356,0.00904410190706194,0.0279814637446563,-7.76794802129324,-0.417836993709556,-7.99658362099964,6.05933405366002
81109,PA,23,0.289328063241107,0.0608695652173913,1.41451942441993,0.848284025262038,0.388901431246099,0.130500249074597,1.65887042746746,0.499628525090753,0.0185034602954408,0.0215764760201177,0.0420414937474114,0.0999665254516123,-5.38133767496059,-3.22715738159849,-5.81213894338793,3.4877225010691
81110,PA,1781,0.373587657861417,0.0102709873033921,1.66272434194996,0.539106133228837,0.388969313920639,0.00918135738191427,1.69935055366312,0.366978778783692,0.00182250815119332,0.000540221577252885,0.00417222388242722,0.0129629809516538,-8.43982840304442,2.01700555357073,-8.77858253662493,13.2783774879485
81111,PA,743,0.338821173061774,0.0132787630741246,1.57697678574233,0.619714328411993,0.388874166061103,0.0163542735618087,1.69839822521332,0.369977559746217,0.0028887756311239,0.00119767249105595,0.00663476902242637,0.0194345573689151,-17.3267153253627,-2.56790609340329,-18.3007786797964,12.8501392609652
81112,PA,620,0.350251204318789,0.0148148148148148,1.60654260532587,0.585326887464327,0.388935296171822,0.0183586311761397,1.6982721410488,0.370649872488126,0.00319263263546479,0.00141817110253273,0.00730861216973249,0.0218050522054429,-12.116674941964,-2.49886375134565,-12.5508829299788,9.8452878238289
81113,PA,154,0.319458777663112,0.0226579520697168,1.5226959441001,0.708926844012586,0.3893879020752,0.0436239113103398,1.69479014099422,0.38787169124397,0.00627984456140395,0.00465082540094384,0.0143584557999071,0.0426692927726601,-11.1354865121779,-4.50800824222905,-11.9855644153069,7.5242670292002
81114,PA,411,0.355582324527402,0.023739837398374,1.6175347537117,0.579750483921637,0.389175419421425,0.0238082618386596,1.69805183244471,0.372904174980887,0.00388915109785471,0.00185412329142999,0.00889515308016748,0.0275583979532288,-8.63764200690308,-0.0369039322260165,-9.05179236460051,7.50574504700172
81201,PA,3692,0.384770083727011,0.00620324758255793,1.68878921709735,0.544046452755198,0.388991143820965,0.00556227951825728,1.69967933241529,0.36585874175156,0.0011781360293627,0.000295247828688765,0.00270785875393584,0.00874805324030371,-3.58282913751281,2.17094929079503,-4.02167037040202,20.3688416278376
81202,PA,500,0.401191017070163,0.0230717639168343,1.72394936974136,0.59600648204002,0.389020949575562,0.0210133689695814,1.69811124023423,0.371412901738907,0.00333115874105,0.00167198417199821,0.00765172950872257,0.0233850568747464,3.65340364739401,1.23110911079553,3.37676985022586,9.60414941490485
81203,PA,1378,0.401697383967775,0.0142463004765488,1.72817908368883,0.434398432938272,0.388945067226465,0.0109301687454488,1.69916109132299,0.36803200399475,0.00213007426746405,0.000718138350034976,0.00489223738483302,0.0145193260737772,5.98679442125384,4.61767809912736,5.93143588162827,4.57090285088259
81204,PA,1325,0.386649810803133,0.0116564417177914,1.69306080927539,0.595727889810906,0.388901067730737,0.0111956461564102,1.69903707819272,0.36852844379725,0.00216408552611661,0.000728424261807526,0.00495617699922013,0.0152468770565085,-1.04028094104206,0.632592275602873,-1.2058223340853,14.9013758799
81205,PA,1171,0.392050466513051,0.013090066608746,1.70588989298125,0.562893767959751,0.388982096600779,0.0121313622767088,1.69911701117123,0.368039853745673,0.00223822068067685,0.00077041584375497,0.00514677439449455,0.0160354643614291,1.37089695344252,1.24439851517663,1.31594690011353,12.1514357066435
81206,PA,761,0.39749872549196,0.0172475424486148,1.71661003620166,0.563848510902341,0.389017896508341,0.0160232958339943,1.69877901761515,0.368954523761581,0.00287789609179604,0.00115487581376969,0.00658122579455269,0.0206260473866911,2.94688505529954,1.06006775795608,2.70937651178366,9.44892559815001
81207,PA,2596,0.388714000256873,0.00820672639916894,1.69779734412943,0.627247689776828,0.388918054299212,0.00709881647952165,1.69941270983334,0.366416197208149,0.00146067145452376,0.000391041341134713,0.00333304121902471,0.0100333121745131,-0.139698795171951,2.83322964378239,-0.484652183324359,25.9965490988361
81208,PA,3099,0.386717174159507,0.00670818310936305,1.69370887370519,0.527025907378872,0.389005987418687,0.00626551861560261,1.69968403323004,0.366177800171707,0.0013862438809355,0.000350520829618008,0.00317302389250189,0.00950686084051744,-1.65108989165402,1.26287642946313,-1.88311204935402,16.9191607940283
81209,PA,5182,0.391507413328155,0.00512921164540399,1.70495104917085,0.491473861501834,0.388971959446086,0.00434751102998269,1.69970988847037,0.365614808222826,0.00100214768921635,0.000223681265374711,0.00229954927854005,0.00731743446717057,2.53002018500046,3.49470758810221,2.27921216970487,17.1998879994991
81210,PA,2042,0.39267705576772,0.0106495219254863,1.70627365159978,0.571080192895283,0.38892777406477,0.00838606331182791,1.69932427055228,0.366553550195282,0.00170525034385991,0.00051628786880593,0.00391135518711101,0.0119366352771978,2.19866937218335,4.38410187497399,1.77671950387102,17.1343630722053
81211,PA,3914,0.387005627715789,0.0068852741199759,1.69353981289466,0.54198096527607,0.389005107256709,0.00531420833394615,1.69973029959117,0.365908361228224,0.00117855926822069,0.000278548607159789,0.00269548992412809,0.0084591244886845,-1.69654560006907,5.64018539546496,-2.29660910289385,20.8145186045403
81212,PA,893,0.397557397484808,0.0187717265353418,1.71819184799869,0.464993116378629,0.388951534792759,0.0144584959098176,1.6987996525838,0.368815843615815,0.00250977321385984,0.000989737860194575,0.00575138647128937,0.0182483101740761,3.42894036980079,4.35795254379404,3.37174271137826,5.27047555885172
81213,PA,441,0.385823868529941,0.0256049960967994,1.68965970536022,0.634896539338951,0.388909625195734,0.0227694574218578,1.69763190734569,0.373650353829683,0.00365339848574103,0.00180923409697016,0.00835727180715741,0.0261233917891249,-0.844626360315265,1.56725914003619,-0.953923980149084,10.0004696028034
81214,PA,2507,0.388277840129692,0.00756890168654875,1.6979398740061,0.548519449262606,0.388893830450749,0.0072795495260978,1.69935322590504,0.366967699012483,0.00153749147461516,0.00041440687284295,0.00350704175073859,0.0106149515231069,-0.400646332827084,0.69823205022133,-0.403004012893836,17.1033989043582
81215,PA,6243,0.389292566831754,0.00451518596719181,1.69933399946641,0.487968954055725,0.388937658594394,0.00380814675512202,1.69966557170414,0.365624628727615,0.000918661752745589,0.000180004348604276,0.00211000484679286,0.00667519946379932,0.386331787840991,3.92790072879939,-0.157142879660701,18.3281901899117
81216,PA,2856,0.388569971034469,0.00747330960854093,1.69782049362942,0.536910409196659,0.388965851698933,0.00666388242920184,1.69955028638795,0.366382892129505,0.00146106346851538,0.000373112659039525,0.00334948458419497,0.00998386845731158,-0.270953776474798,2.16939082534143,-0.516435503743764,17.0803048734351
81217,PA,2506,0.382963301673513,0.00778628003758894,1.68572045206829,0.563091363352119,0.388928740838573,0.00726692054814598,1.69941779580124,0.366565294115603,0.00151605538298872,0.000407316112330357,0.00348006850926277,0.0111728615742811,-3.93484250773203,1.27507720348104,-3.9359408288911,17.5895913441639
81218,PA,1140,0.390547199156452,0.0142222222222222,1.70117280486381,0.542899011445811,0.388923037458373,0.0123598108722736,1.69896116098391,0.368975171879146,0.00227039599281866,0.000837766447088312,0.00519896160435257,0.0163660121620855,0.715364942158302,2.22306748667424,0.42540107971574,10.6271361553542
81219,PA,1016,0.398094387315944,0.0164337990685296,1.71930887522538,0.562192484412165,0.38902688879668,0.0133372935252176,1.69909820168067,0.368674614767503,0.00246608576032307,0.000903540184503333,0.00566574214107811,0.0169833014672237,3.67687882763496,3.42708115966539,3.56717143870265,11.3945966288201
81220,PA,1502,0.386763010831819,0.00944632768361582,1.6933113614131,0.515349073296983,0.388947511812252,0.010285200544041,1.69920466312535,0.36692376649943,0.0019587820747197,0.00064755209146305,0.00446826025462253,0.0139896681815065,-1.11523431249766,-1.2954523218818,-1.31892534821651,10.6096374032489
81221,PA,4760,0.399569276072965,0.00621047395722305,1.72264205644121,0.482992971158202,0.388979213494565,0.00462121694146411,1.69970831548978,0.366030968989423,0.00108648901090434,0.000228928522851089,0.00248621611478019,0.00784289329963716,9.74704987543843,6.94215380401813,9.22435536279076,14.9131191385952
81222,PA,3311,0.391094196685565,0.00737562570231893,1.70270871886456,0.531335396228868,0.38896276414012,0.00600755922340705,1.69958906185337,0.366131312813119,0.00130206537160881,0.000321244015281889,0.00298003899981659,0.00926936218922747,1.63696277615604,4.25865203344384,1.04685106852263,17.8225944831181
81301,PA,74,0.365499746321664,0.0465753424657534,1.63616702951286,0.703432438631311,0.388597730528791,0.0674420391706312,1.68637148160892,0.411750640165089,0.00921987503244127,0.00883473186383641,0.0211556876330441,0.0597394958264401,-2.50523831677255,-2.36189360656121,-2.37309478977386,4.88256210453532
81302,PA,940,0.380920042040585,0.0160401002506266,1.67712477345067,0.583677498194063,0.388938188258407,0.0139905607021266,1.69880221695732,0.368788780997913,0.00249735801364479,0.000948092721828223,0.00572678607030793,0.0178094584174302,-3.2106514860957,2.16175011295082,-3.78527209511782,12.0659883169629
81303,PA,1115,0.390720953929107,0.0130540376442016,1.70235722289282,0.576533707740235,0.38897800332115,0.0125890061439887,1.69905051947527,0.368648588065253,0.00225556361454863,0.000854265018384265,0.00517612200538212,0.0159503756636536,0.772733961798055,0.544364442187321,0.638837997659152,13.0332428563858
81304,PA,76,0.375111111111111,0.0702222222222222,1.65468406861742,0.504260352028452,0.388970398806301,0.0671598988441309,1.68757810293672,0.410187816060757,0.00918507720256548,0.00835868762338474,0.0209218729843273,0.0583206625077744,-1.50889180238124,0.366364137059513,-1.57223181423284,1.61302241645754
81305,PA,447,0.392431160498387,0.0260935143288084,1.70318974738147,0.651148370398093,0.388852346063601,0.0225988435512764,1.69753581621613,0.374152820200686,0.00373117687879274,0.00189475145645402,0.00854695429881085,0.0268964800551061,0.959165043910814,1.84439535097242,0.66151414500103,10.2985799491195
81306,PA,333,0.369595654429491,0.0199395770392749,1.64937943209917,0.739967691475228,0.388746599014054,0.0271187608198528,1.69656051183002,0.377816124645364,0.00435254217884109,0.00238876450762058,0.00992425705834547,0.0287019586014577,-4.39994462952264,-3.00539620279646,-4.75411705415018,12.6176604133026
81307,PA,725,0.38461815389357,0.0196843082636955,1.68640285844893,0.665539950508226,0.388965399494837,0.0165737047602529,1.69860488844994,0.371230794624057,0.00292237499531168,0.00125191359806769,0.00668855020307236,0.0200751689606855,-1.4875728160282,2.48467906111393,-1.8243161268943,14.6603576019975
81308,PA,433,0.374412489433263,0.0278422273781903,1.6603687564146,0.711436865531916,0.389274406182465,0.0231250251453005,1.69841434465453,0.374125774382093,0.00372627723837692,0.00189984882642326,0.00851268858353054,0.0257733466638661,-3.988408751807,2.48293557217949,-4.4692799303771,13.0875937668867
81309,PA,386,0.363910533910534,0.0162770562770563,1.6383617806573,0.648653338540242,0.38868260107007,0.0246463840906228,1.69679815001092,0.374869192360983,0.00396033751259323,0.00206091066282638,0.00904591512051884,0.027359053476746,-6.25503939519412,-4.06098525497878,-6.45997321167285,10.0070766853087
81310,PA,494,0.377156844888204,0.0239837398373984,1.66597162497509,0.645573997136156,0.388982524379773,0.0210728227179971,1.69802343210807,0.372302596531351,0.00355952435710574,0.00176086452120269,0.00814827683007208,0.024894775201664,-3.32226396146484,1.65311816119336,-3.93356875341925,10.9770583743427
81311,PA,52,0.362393162393162,0.0717948717948718,1.61663709869557,0.643298542934826,0.389273403304992,0.0838184091927005,1.68249256585755,0.432486122961926,0.01125334264797,0.0114716569900774,0.0256996097901408,0.0704877984532642,-2.38864502332372,-1.04810816852603,-2.56250844661662,2.99076470820231
81312,PA,204,0.362164886439383,0.0318555008210181,1.62667847396874,0.79716461803181,0.388796599728611,0.0363788350999285,1.69488678942721,0.383924254729932,0.0057687499131152,0.00363549214807815,0.0132000774894021,0.0384877427234664,-4.6165484186932,-1.24421511439699,-5.16726629167332,10.7369342564723
81313,PA,567,0.377017400295608,0.0150652431791222,1.66909414529657,0.564871306186082,0.388932757793193,0.0193341345772493,1.69813762095569,0.371389067459781,0.00324751833422501,0.00149172647337063,0.00743606724684822,0.0228003517910163,-3.66906550519232,-2.86171189848316,-3.90575753217289,8.48593216892982
81314,PA,223,0.377084875908405,0.036500754147813,1.66307185883706,0.696279084093399,0.389183898100492,0.0347977299308373,1.69623365308908,0.380811877717319,0.00525229529444547,0.00340122238908051,0.0120348100605541,0.0355733486179356,-2.30356853790791,0.500709457412473,-2.75548962427844,8.86807732845894
81315,PA,128,0.378768253968254,0.0417989417989418,1.66474896351856,0.683676347658834,0.388941003601895,0.0487344947766208,1.6924730102327,0.393607660995608,0.00694463323542913,0.00546274796416189,0.015913854410336,0.0476810992406039,-1.46483612435336,-1.26960881651128,-1.74213273536919,6.08351508843178
81316,PA,707,0.363774718791362,0.0164292497625831,1.63831087994462,0.585637330878321,0.388895552194521,0.0168547824629566,1.69838079929333,0.371156994146395,0.00283923645684756,0.00124349604082331,0.00648720143235306,0.0198184235282913,-8.84774261846824,-0.342206719123762,-9.25975861472841,10.822270319622
81317,PA,1615,0.372446004782146,0.00941127694859038,1.65933468105276,0.636741707057954,0.388986375583234,0.0098445187164001,1.69935245177338,0.368054921392227,0.0018563008391795,0.000614215128950236,0.00423860874887121,0.0132426872324173,-8.9103934297626,-0.705358346594589,-9.44125138496856,20.2894458617129
81318,PA,261,0.371072171072171,0.0366666666666667,1.65245892885721,0.586778043723205,0.389069656188859,0.0316695308513076,1.69655939899464,0.378047244566365,0.00504953542277419,0.00290958609865095,0.011535643753715,0.0332522233778891,-3.56418632801679,1.71747308583719,-3.8229743462065,6.27719827287201
81320,PA,1016,0.385881218079589,0.0128026533996683,1.69067898767968,0.672753755428734,0.3889453534171,0.013335960984742,1.69891031587092,0.369472458441599,0.00231799542972359,0.000973240974523295,0.00532075406365277,0.0169490776957433,-1.32189015483812,-0.547970748287584,-1.54702286419723,17.893675539838
81321,PA,392,0.385995443466708,0.0250440917107584,1.68929372505902,0.529292343228405,0.388903456787599,0.0244366386581777,1.69737263322862,0.374683680602223,0.00393065615923477,0.00199141943120157,0.00907536344059656,0.0270288685214112,-0.739828975897372,0.305035214110646,-0.890202163525946,5.72013077438692
81322,PA,258,0.367510212418301,0.0302083333333333,1.64397244188643,0.762594941415119,0.389016952450273,0.0317944298267984,1.69631979161007,0.379391468282067,0.00490850964374654,0.0028895128157646,0.0112319001915789,0.0334107548589208,-4.38152139710512,-0.54891484987076,-4.660596055055,11.4694646903715
81323,PA,161,0.385020703933747,0.0434782608695652,1.68200833235448,0.699621298815789,0.388968505236472,0.0423817747266919,1.69408250779751,0.387212596051496,0.00612039831034039,0.00442353806659279,0.0139732213456354,0.042062797580683,-0.645023592019297,0.247875371787606,-0.864093908224144,7.42719744603397
81324,PA,137,0.368562091503268,0.0470588235294118,1.6406363644083,0.58651349753943,0.389220130648267,0.0466941076297913,1.69354883645121,0.38864511222822,0.00691335619868764,0.00516006144516993,0.0158253067978941,0.0449544568704706,-2.98813464130794,0.0706805342331514,-3.34353530826662,4.4015298834849
81325,PA,439,0.391317829457364,0.0207751937984496,1.70307549533065,0.448527570645683,0.388847422511716,0.0227484638269669,1.69748408780365,0.37352508559884,0.00371239741646666,0.00186763452885469,0.00850523613163223,0.0257572000927476,0.665447867917106,-1.05656111944311,0.657407676926491,2.91190365322206
81326,PA,101,0.372996632996633,0.0373333333333333,1.65307103868796,0.615355445733489,0.389055889178888,0.0563803671450464,1.69083215356481,0.400550919656843,0.00770612960512868,0.00675302551864089,0.0176047670038335,0.0518651094035432,-2.08395874520026,-2.82051856003447,-2.14493692922078,4.1415997873509
81327,PA,289,0.387483732806194,0.0308771929824561,1.6889520575025,0.498135557569239,0.389180744283441,0.0295979316444172,1.69710721158819,0.3764800129675,0.00463050081899957,0.00284384505727663,0.0105873282005157,0.0320716353595624,-0.366485514975923,0.449835104330185,-0.770274986402745,3.79324419343855
81328,PA,192,0.383841906422552,0.0383512544802867,1.6806647633608,0.530252414527795,0.388745545023894,0.0378964726402495,1.69455917020456,0.384316987318726,0.0057557596413826,0.00394742034199616,0.0131911095009183,0.0396505729233557,-0.851953331422326,0.115209884085279,-1.05331601127186,3.68053766817345
81329,PA,114,0.390033712600084,0.0489675516224189,1.6891082253135,0.582090883633765,0.388942617576558,0.0524851932079939,1.69165170138412,0.396512153500888,0.00759130858483905,0.00580894286991154,0.0173452930085366,0.0478299271117702,0.143729504779316,-0.605556237055678,-0.146637826721917,3.87997100014833
81330,PA,1058,0.374912646226546,0.0127888572333017,1.66396290832291,0.589426916503239,0.388924500454708,0.0129845380444468,1.69892818176721,0.369303244025177,0.00237955198277309,0.000888707375293346,0.00545768144205851,0.0170945253428512,-5.88844216457645,-0.220185875109383,-6.40661676858625,12.8768519782339
81331,PA,121,0.377040149393091,0.0444444444444444,1.66505426014706,0.57935359780616,0.389198555502833,0.0505311130214274,1.69260184112456,0.395005305605109,0.00672037915943737,0.00583060363480503,0.0153676901055748,0.047462372763585,-1.80918454469465,-1.04391739830321,-1.79256484144687,3.88409347167089
81332,PA,212,0.387650191998018,0.0381410256410256,1.69020532728449,0.492481333741926,0.388803005644533,0.0357114731341172,1.69508304425412,0.380815155373287,0.00543537118463871,0.00353126874487668,0.0124637998247698,0.0369693732389348,-0.212094741527993,0.688011217054297,-0.391350714726251,3.02050504472811
81333,PA,58,0.403629764065336,0.103448275862069,1.71414134929335,0.517536308776367,0.388994066903512,0.0782554532868012,1.68380488259231,0.425480112784642,0.0110956989584061,0.0104750867643797,0.0253178709924084,0.0659161390012879,1.3190423799968,2.40502280715567,1.19822344896764,1.39656535389499
