"Trait","State1_Label","State2_Label","bin_id","bin_start_age","bin_end_age","n_sims","prop_State1_mean","prop_State1_sd","prop_State2_mean","prop_State2_sd","rate_1to2_mean","rate_1to2_sd","rate_2to1_mean","rate_2to1_sd"
"GF","GF_W","GF_H",1,0,1,1000,0.566521977093768,0.000229086228514059,0.433478022906315,0.000229086228513879,0.0169574781155902,0.000460933575626354,0.0203465336963693,0.000591054432988585
"GF","GF_W","GF_H",2,1,2,1000,0.555528814757706,0.000407808072984487,0.444471185242293,0.000407808072984448,0.00917202561097318,0.000534553288444678,0.00940567166011357,0.000606977043350858
"GF","GF_W","GF_H",3,2,3,1000,0.549752739172792,0.000530784707428658,0.45024726082721,0.000530784707428665,0.00791017000026204,0.000583905163514665,0.00709127064715303,0.000617450472824345
"GF","GF_W","GF_H",4,3,4,1000,0.54247376666063,0.000656593096737242,0.457526233339365,0.000656593096737256,0.00645892025231029,0.000591000937625031,0.00620514229611055,0.000657354240819035
"GF","GF_W","GF_H",5,4,5,1000,0.532857743131393,0.000758793875565226,0.467142256868607,0.000758793875565206,0.0056711140153285,0.000646191085194906,0.00557931813547351,0.000671958564086102
"GF","GF_W","GF_H",6,5,6,1000,0.523292969108679,0.000872445277040721,0.476707030891325,0.000872445277040824,0.00515712701900317,0.000644683469618569,0.00514085683864508,0.000698108751303118
"GF","GF_W","GF_H",7,6,7,1000,0.516133749733005,0.000989335223346379,0.483866250266996,0.000989335223346377,0.0052825933551027,0.000711899120994308,0.00457545673559908,0.000701098203789613
"GF","GF_W","GF_H",8,7,8,1000,0.509460865272675,0.00114027904409695,0.490539134727324,0.00114027904409694,0.00489623206123995,0.00074857331119773,0.00444292379244803,0.000726527169774998
"GF","GF_W","GF_H",9,8,9,1000,0.499147370155963,0.00128660939688439,0.500852629844037,0.00128660939688441,0.00448874191924718,0.000779111442826899,0.00408075754374594,0.000803389356993781
"GF","GF_W","GF_H",10,9,10,1000,0.488743238222459,0.00147174188180095,0.511256761777541,0.00147174188180099,0.00444864310572323,0.000826289027217737,0.00416348531411316,0.000819930917479253
"GF","GF_W","GF_H",11,10,11,1000,0.480999577445042,0.00164365759938224,0.519000422554959,0.00164365759938225,0.00448758400933674,0.000878842587053638,0.00407314948683332,0.000827978601681048
"GF","GF_W","GF_H",12,11,12,1000,0.474063225151187,0.00176380768048465,0.525936774848811,0.00176380768048466,0.00422873680038758,0.000988309421359878,0.004182384827659,0.000906534992782687
"GF","GF_W","GF_H",13,12,13,1000,0.466752926998333,0.00189236385718069,0.533247073001667,0.00189236385718068,0.00405337198624657,0.000979888309292057,0.00404744662434836,0.000924873888145764
"GF","GF_W","GF_H",14,13,14,1000,0.459423215321184,0.00204945736511828,0.540576784678815,0.00204945736511828,0.00383432250111389,0.0010344547508665,0.00406981975729687,0.000984209121590653
"GF","GF_W","GF_H",15,14,15,1000,0.454441229849822,0.00220774260959755,0.545558770150177,0.00220774260959755,0.00385541510414707,0.00104224136752377,0.00399337499164308,0.000978913322690103
"GF","GF_W","GF_H",16,15,16,1000,0.448927968164649,0.00237106930601266,0.551072031835351,0.00237106930601263,0.00414081407594988,0.00115056365130474,0.00401405341449423,0.000996504962618376
"GF","GF_W","GF_H",17,16,17,1000,0.443596175426316,0.002484286073441,0.556403824573683,0.002484286073441,0.00385596128568892,0.00118636601079673,0.00408443184204993,0.00104530299721238
"GF","GF_W","GF_H",18,17,18,1000,0.438800710369884,0.00263768747764214,0.561199289630118,0.00263768747764214,0.00395410613614211,0.0012453458197804,0.00372204753829009,0.00106703153583116
"GF","GF_W","GF_H",19,18,19,1000,0.435315682248493,0.00280230234766976,0.564684317751507,0.00280230234766975,0.00386383701309758,0.00127866051626674,0.00358736126645943,0.00111505808428563
"GF","GF_W","GF_H",20,19,20,1000,0.431984093544423,0.00295197519885235,0.568015906455577,0.00295197519885236,0.00381051983411828,0.00132987248807428,0.00360009797368136,0.00115775754427143
"GF","GF_W","GF_H",21,20,21,1000,0.432772268992159,0.00310293339988336,0.567227731007842,0.00310293339988335,0.00366474252338029,0.00133391742497343,0.00375350619153488,0.00119162742968511
"GF","GF_W","GF_H",22,21,22,1000,0.433934998411844,0.00332087631385696,0.566065001588157,0.00332087631385696,0.00354306409496446,0.00136085474525171,0.00409213533545157,0.00127831374993658
"GF","GF_W","GF_H",23,22,23,1000,0.432319684657797,0.003453748131634,0.567680315342203,0.00345374813163401,0.00374578187319906,0.00148314223369139,0.00381772955477407,0.00128797760658918
"GF","GF_W","GF_H",24,23,24,1000,0.432731203446735,0.00362064057321844,0.567268796553265,0.00362064057321838,0.00402836726938209,0.00155733019350214,0.00374227229068112,0.00129753408038287
"GF","GF_W","GF_H",25,24,25,1000,0.433091161616918,0.00377428747488485,0.566908838383082,0.00377428747488485,0.0041852318708286,0.00163611679001582,0.0037660397155537,0.00137284768208151
"GF","GF_W","GF_H",26,25,26,1000,0.43800582728778,0.00399481181273141,0.56199417271222,0.0039948118127314,0.00400393391301824,0.0016411256317549,0.00384006951891711,0.00143957114026661
"GF","GF_W","GF_H",27,26,27,1000,0.44361767250549,0.00429937900462952,0.55638232749451,0.00429937900462953,0.00404782490548081,0.00172544445125171,0.00396167306670236,0.00151638716706871
"GF","GF_W","GF_H",28,27,28,1000,0.447858402922891,0.00456429468252887,0.552141597077109,0.00456429468252886,0.00400330053056532,0.00172219726307946,0.00391268992059156,0.00155650210703877
"GF","GF_W","GF_H",29,28,29,1000,0.451682432120359,0.00473661322853109,0.548317567879641,0.00473661322853109,0.00365507272655418,0.00169248050332911,0.0041776517955896,0.00164495848899744
"GF","GF_W","GF_H",30,29,30,1000,0.457780045320004,0.00494114731359578,0.542219954679996,0.00494114731359583,0.00369221722892774,0.00170735851186502,0.00416028502623997,0.00168857608924374
"GF","GF_W","GF_H",31,30,31,1000,0.46308637914569,0.00500629977646602,0.536913620854309,0.00500629977646603,0.00403171567766059,0.00192161696816889,0.00397352502845793,0.00174327472780724
"GF","GF_W","GF_H",32,31,32,1000,0.462385150697087,0.00519899779258678,0.537614849302914,0.00519899779258678,0.00397406183564026,0.00189636770504108,0.00432934529554049,0.0019245842724072
"GF","GF_W","GF_H",33,32,33,1000,0.46378950506017,0.00529685381245442,0.53621049493983,0.00529685381245442,0.00404147202211285,0.00187773891686126,0.00436575348407581,0.00184874416874754
"GF","GF_W","GF_H",34,33,34,1000,0.464327961859622,0.00547899701568947,0.535672038140378,0.00547899701568948,0.00413683474052692,0.00205872220458236,0.00472427274166916,0.00203404382897521
"GF","GF_W","GF_H",35,34,35,1000,0.463025097939848,0.00567236047565964,0.536974902060151,0.0056723604756596,0.00385878349841118,0.00207459714307162,0.00481387733192562,0.0020488525266092
"GF","GF_W","GF_H",36,35,36,1000,0.463248744430897,0.0059280158032439,0.536751255569103,0.00592801580324388,0.00377394935935003,0.00202485150754506,0.00460664207685322,0.00208860704933791
"GF","GF_W","GF_H",37,36,37,1000,0.469825349083546,0.00614965471384377,0.530174650916454,0.00614965471384378,0.00375827962465341,0.00212053335223432,0.0046915000656365,0.00225733369179329
"GF","GF_W","GF_H",38,37,38,1000,0.47659626636433,0.0065395852757962,0.52340373363567,0.00653958527579619,0.00364325228871596,0.00211537930335847,0.00502309756291263,0.00237096376206979
"GF","GF_W","GF_H",39,38,39,1000,0.479376038796454,0.00674205088223806,0.520623961203545,0.0067420508822381,0.00354202879067103,0.00215867513948548,0.00501736809050915,0.00241056493233393
"GF","GF_W","GF_H",40,39,40,1000,0.483957326588864,0.0069432484960568,0.516042673411136,0.00694324849605679,0.00364430879850152,0.00216454420472461,0.00497637128613813,0.00250740216827093
"GF","GF_W","GF_H",41,40,41,1000,0.489872815834747,0.00704947529038026,0.510127184165254,0.00704947529038027,0.0036789704106003,0.00223818785046669,0.00451592480440777,0.00253078820302472
"GF","GF_W","GF_H",42,41,42,1000,0.496260626698895,0.00736051350400594,0.503739373301105,0.00736051350400593,0.0036205008744847,0.00225782955870693,0.00454475276078331,0.00245360988604992
"GF","GF_W","GF_H",43,42,43,1000,0.500933250055742,0.00763202085640256,0.499066749944258,0.00763202085640255,0.0037575369245267,0.00242114293732562,0.00455563673165267,0.00265624196354991
"GF","GF_W","GF_H",44,43,44,1000,0.505424768964068,0.00789543909331354,0.494575231035932,0.00789543909331353,0.00376878144324884,0.00240300569591924,0.00449134352746723,0.00272708056526259
"GF","GF_W","GF_H",45,44,45,1000,0.506773110632235,0.00824103371793391,0.493226889367765,0.00824103371793393,0.00384004909189057,0.00245204111176473,0.00478610552643349,0.0028753871819302
"GF","GF_W","GF_H",46,45,46,1000,0.507977502992125,0.00839703116361985,0.492022497007875,0.00839703116361988,0.00368429032132925,0.00246524476004539,0.00490672898685229,0.00303002033954038
"GF","GF_W","GF_H",47,46,47,1000,0.507905291965226,0.00814750024239707,0.492094708034774,0.00814750024239702,0.00350051111004822,0.00256944873836975,0.00465673667521265,0.00284875461361961
"GF","GF_W","GF_H",48,47,48,1000,0.509696205911833,0.00837313946071976,0.490303794088166,0.00837313946071976,0.00331359996170535,0.00243466527885428,0.00476489107255931,0.00306618003914137
"GF","GF_W","GF_H",49,48,49,1000,0.508202105545674,0.00867846501353461,0.491797894454326,0.0086784650135346,0.00334890362797943,0.00261294845232531,0.0047859451286545,0.00313193331980388
"GF","GF_W","GF_H",50,49,50,1000,0.50140403938499,0.0089858028263252,0.498595960615009,0.00898580282632521,0.00314778226927566,0.00270963009147924,0.00489751335752566,0.00330969629022182
"GF","GF_W","GF_H",51,50,51,1000,0.504700749304539,0.00929216404072279,0.495299250695461,0.00929216404072277,0.00324087748469092,0.00269720407311751,0.00488692837336099,0.0034682334441612
"GF","GF_W","GF_H",52,51,52,1000,0.508095612791006,0.00976239407694015,0.491904387208994,0.00976239407694018,0.00309608087180504,0.0026835136874585,0.00479692897364426,0.00346780364840944
"GF","GF_W","GF_H",53,52,53,1000,0.512382894061712,0.0101367116292904,0.487617105938288,0.0101367116292904,0.00324506776288888,0.00277019330413402,0.00495275698924427,0.0033240419220995
"GF","GF_W","GF_H",54,53,54,1000,0.509425691952584,0.0105671698920032,0.490574308047416,0.0105671698920032,0.00326454970173011,0.00287873091652104,0.00506190503190356,0.00355974304467794
"GF","GF_W","GF_H",55,54,55,1000,0.50491630085605,0.0108396806180712,0.49508369914395,0.0108396806180712,0.00326554006158697,0.00297976251231419,0.0053665903687057,0.00390459481854836
"GF","GF_W","GF_H",56,55,56,1000,0.506281167395642,0.0110022369258026,0.493718832604359,0.0110022369258027,0.00325197981345565,0.00295603248545689,0.005078086707839,0.00389140476744264
"GF","GF_W","GF_H",57,56,57,1000,0.506741066514776,0.0111340577081629,0.493258933485224,0.0111340577081629,0.00318363324459277,0.00296974206147821,0.00588470571076097,0.0039825063115748
"GF","GF_W","GF_H",58,57,58,1000,0.510686667078601,0.0115229924567357,0.489313332921399,0.0115229924567357,0.00328083501633785,0.00310837218762484,0.00597415456982922,0.00420047447373008
"GF","GF_W","GF_H",59,58,59,1000,0.511609129036046,0.0116569222579086,0.488390870963954,0.0116569222579086,0.00326951326448125,0.00313905709167709,0.00556510327551013,0.00431689420320171
"GF","GF_W","GF_H",60,59,60,1000,0.507506622645185,0.0119476325953059,0.492493377354815,0.0119476325953058,0.0033281500352828,0.00334637507498179,0.00535883804018586,0.00433831488018739
"GF","GF_W","GF_H",61,60,61,1000,0.501728311350613,0.0124221939388169,0.498271688649387,0.012422193938817,0.0033899425787374,0.00342713355142166,0.00557111286189136,0.00446368037404087
"GF","GF_W","GF_H",62,61,62,1000,0.5020567137053,0.0127977911560432,0.4979432862947,0.0127977911560432,0.00348733683452089,0.00339006649197488,0.00539389997741398,0.00432893097205372
"GF","GF_W","GF_H",63,62,63,1000,0.502767931917404,0.0131196269444893,0.497232068082596,0.0131196269444893,0.00359310592990209,0.00358487315270829,0.00547194835423511,0.00446760084373769
"GF","GF_W","GF_H",64,63,64,1000,0.495622298029952,0.0135552326717996,0.504377701970048,0.0135552326717995,0.0030914631207371,0.00359356953160526,0.00508431387662615,0.00441223532965736
"GF","GF_W","GF_H",65,64,65,1000,0.492788097753207,0.0141636450932065,0.507211902246793,0.0141636450932065,0.00323888588029293,0.0036298247510412,0.00551286615272176,0.0047887758301018
"GF","GF_W","GF_H",66,65,66,1000,0.490481209168392,0.0143625710699739,0.509518790831608,0.0143625710699739,0.00344478994096672,0.00372912755927198,0.00540539588205759,0.00467264752490747
"GF","GF_W","GF_H",67,66,67,1000,0.483941202818041,0.0144924323806955,0.516058797181958,0.0144924323806954,0.00339199911745359,0.0039000936551616,0.00533553197785261,0.00458122574505977
"GF","GF_W","GF_H",68,67,68,1000,0.481839495470403,0.0146408522531692,0.518160504529596,0.0146408522531692,0.00334927572311956,0.00386308206957263,0.00586193861503008,0.00500182563395178
"GF","GF_W","GF_H",69,68,69,1000,0.478907599816056,0.0149660623195191,0.521092400183944,0.0149660623195191,0.00380948960597066,0.00414402026064756,0.00525664266646634,0.00494783696018078
"GF","GF_W","GF_H",70,69,70,1000,0.475456288829325,0.015533980623649,0.524543711170675,0.015533980623649,0.00387033556325654,0.00438613786691124,0.00541523150268689,0.00489847591724582
"GF","GF_W","GF_H",71,70,71,1000,0.473512155252108,0.015830977135973,0.526487844747892,0.0158309771359731,0.00357390130659675,0.00442751729913163,0.00550885857797956,0.00497915191506973
"GF","GF_W","GF_H",72,71,72,1000,0.472585751851238,0.0158731162478304,0.527414248148762,0.0158731162478304,0.00373442617778978,0.00451870601313637,0.00587029333985495,0.00538813745785548
"GF","GF_W","GF_H",73,72,73,1000,0.46510147184959,0.0160427779674342,0.53489852815041,0.0160427779674342,0.00360684366150436,0.00439191549320133,0.00560471432900396,0.00505162689961914
"GF","GF_W","GF_H",74,73,74,1000,0.466324129965583,0.0165805682235314,0.533675870034418,0.0165805682235314,0.00372732543605523,0.00439920888028074,0.00541269302490481,0.0052930666033502
"GF","GF_W","GF_H",75,74,75,1000,0.467166614238471,0.0169829836863336,0.532833385761529,0.0169829836863336,0.00358161764753977,0.00454643584481966,0.00539580599265966,0.00518919345938653
"GF","GF_W","GF_H",76,75,76,1000,0.460617003282502,0.0172854175162,0.539382996717497,0.0172854175162,0.00380079102553802,0.00483841791908903,0.00594404875286315,0.00555719974931495
"GF","GF_W","GF_H",77,76,77,1000,0.453340978634392,0.0177692036884621,0.546659021365608,0.0177692036884621,0.00354383733666812,0.00497651872104641,0.00633019796764767,0.00567232801554585
"GF","GF_W","GF_H",78,77,78,1000,0.44076629632789,0.0183830370644187,0.559233703672109,0.0183830370644186,0.00349064353473933,0.00526015282007208,0.0063959641529416,0.00605734235602436
"GF","GF_W","GF_H",79,78,79,1000,0.434270884529599,0.018740392983887,0.565729115470401,0.018740392983887,0.00379142116402972,0.00538614864666593,0.00594756548266137,0.00571068099037577
"GF","GF_W","GF_H",80,79,80,1000,0.421496008148698,0.0195070363584849,0.578503991851303,0.0195070363584849,0.00378872754677895,0.00560328063777589,0.00678856250042386,0.00600666101729067
"GF","GF_W","GF_H",81,80,81,1000,0.407795841633387,0.020100310519618,0.592204158366613,0.020100310519618,0.0036611242956471,0.00551847953209085,0.00647313060632961,0.0061164418274657
"GF","GF_W","GF_H",82,81,82,1000,0.405689618943778,0.0207652165603395,0.594310381056221,0.0207652165603395,0.00369595471541301,0.00575288169450068,0.00610095554094429,0.00611874451780256
"GF","GF_W","GF_H",83,82,83,1000,0.405237461748572,0.0211547240057825,0.594762538251428,0.0211547240057825,0.00397560711811545,0.00614507339855139,0.00525652816880182,0.00558245000512946
"GF","GF_W","GF_H",84,83,84,1000,0.40458612468739,0.0215774042587948,0.59541387531261,0.0215774042587948,0.0035805345120158,0.00588672020044486,0.00541151324642364,0.00599202247936391
"GF","GF_W","GF_H",85,84,85,1000,0.405031641607128,0.0226356172685172,0.594968358392872,0.0226356172685171,0.00401530461439174,0.00624215723300984,0.00572413039330749,0.00597149690707822
"GF","GF_W","GF_H",86,85,86,1000,0.403672364978419,0.0238349158186739,0.596327635021581,0.0238349158186739,0.00408720609000539,0.00653088494890617,0.00577612035179138,0.00629669289762717
"GF","GF_W","GF_H",87,86,87,1000,0.40186530217775,0.0237990869490604,0.59813469782225,0.0237990869490604,0.004071142593402,0.00660537206449653,0.00557406952815187,0.00622695253320571
"GF","GF_W","GF_H",88,87,88,1000,0.394779217187891,0.0244506206819942,0.605220782812109,0.0244506206819942,0.00374062050299706,0.00673654435584749,0.00607434732213007,0.00674593435156115
"GF","GF_W","GF_H",89,88,89,1000,0.384463251749987,0.0249071424035569,0.615536748250013,0.024907142403557,0.00413537682288866,0.00691298863107032,0.00582093554861447,0.0067180763764323
"GF","GF_W","GF_H",90,89,90,1000,0.370909786939103,0.0257107159537508,0.629090213060897,0.0257107159537509,0.00422305373399051,0.00736634492597862,0.0060648122769042,0.00672701186457387
"GF","GF_W","GF_H",91,90,91,1000,0.367203160805992,0.0256932290524413,0.632796839194008,0.0256932290524413,0.0036847604921891,0.00736033291341016,0.00541512857318359,0.00655901651434257
"GF","GF_W","GF_H",92,91,92,1000,0.364465023104871,0.0267862098815039,0.63553497689513,0.0267862098815039,0.00379853149579841,0.00759143643538476,0.00575456857940199,0.00692852276219977
"GF","GF_W","GF_H",93,92,93,1000,0.375091756053342,0.0282662643573745,0.624908243946658,0.0282662643573746,0.00399719025465386,0.00806280130840052,0.00547959617733789,0.00686902300885301
"GF","GF_W","GF_H",94,93,94,1000,0.382155649232029,0.0299601118006307,0.617844350767971,0.0299601118006307,0.00425752112320199,0.0086089242521365,0.00604255549789271,0.0079766880219104
"GF","GF_W","GF_H",95,94,95,1000,0.398415438927258,0.0321757813137598,0.601584561072742,0.0321757813137598,0.00379811688879643,0.00816353307056241,0.00552490935143213,0.00779966298862924
"GF","GF_W","GF_H",96,95,96,1000,0.414533475961164,0.0343867074792692,0.585466524038836,0.0343867074792692,0.00436753918036332,0.00910154767757779,0.00589150157101436,0.00821281301744359
"GF","GF_W","GF_H",97,96,97,1000,0.414766812794871,0.0351731097766262,0.585233187205129,0.0351731097766262,0.00426716134031809,0.00880589655997689,0.0062052285129783,0.0084195116913325
"GF","GF_W","GF_H",98,97,98,1000,0.410327940607707,0.0360551377245721,0.589672059392293,0.0360551377245721,0.00412519435071491,0.00850884850177484,0.00637355127470452,0.00897001087001971
"GF","GF_W","GF_H",99,98,99,1000,0.406791884831625,0.0365185133704025,0.593208115168375,0.0365185133704025,0.00368230714390466,0.00877455687473661,0.00589043667246555,0.00895305142084257
"GF","GF_W","GF_H",100,99,100,1000,0.411126435802097,0.0381652022030396,0.588873564197903,0.0381652022030396,0.00380397738037794,0.00890247520292184,0.00625746926454063,0.00951321750798471
"GF","GF_W","GF_H",101,100,101,1000,0.413510771816516,0.0391736194517655,0.586489228183484,0.0391736194517655,0.004036253105328,0.00915818044744687,0.00617607007291458,0.00968096676819629
"GF","GF_W","GF_H",102,101,102,1000,0.40650347790336,0.0395952904430024,0.59349652209664,0.0395952904430024,0.00399444766183944,0.00934755221508631,0.00624104813393158,0.00988211005528575
"GF","GF_W","GF_H",103,102,103,1000,0.414497378648087,0.0394428103972259,0.585502621351913,0.0394428103972259,0.00405502125058706,0.00928138014657179,0.00554150012122589,0.00915322509026909
"GF","GF_W","GF_H",104,103,104,1000,0.424115055013732,0.0416343465323093,0.575884944986268,0.0416343465323093,0.00394397845220707,0.00959291731340258,0.00609609723517264,0.0101361925040424
"GF","GF_W","GF_H",105,104,105,1000,0.433348441977418,0.0440108696680626,0.566651558022582,0.0440108696680626,0.00326436183889962,0.00874007550020876,0.00539261442018546,0.0101954458572061
"GF","GF_W","GF_H",106,105,106,1000,0.445390471378045,0.0452476351797305,0.554609528621955,0.0452476351797305,0.00381500953736306,0.00970015351479481,0.00417350904582361,0.0091570553736628
"GF","GF_W","GF_H",107,106,107,1000,0.454023940644032,0.0451713486539291,0.545976059355968,0.0451713486539291,0.00368087250192417,0.00938315873507296,0.0047269204617622,0.0100681046559163
"GF","GF_W","GF_H",108,107,108,1000,0.454844312431894,0.0471326658860763,0.545155687568106,0.0471326658860763,0.00355959773092106,0.00945451451987373,0.00474091041661616,0.00996435044320142
"GF","GF_W","GF_H",109,108,109,1000,0.45414874512315,0.0497264315354264,0.54585125487685,0.0497264315354264,0.00367030810183702,0.0101345939753433,0.00396748518417216,0.00959871229683252
"GF","GF_W","GF_H",110,109,110,1000,0.447413894522738,0.0524048575651663,0.552586105477262,0.0524048575651663,0.00334009850858877,0.0100828030341688,0.00387770612978052,0.00961683054322781
"GF","GF_W","GF_H",111,110,111,1000,0.447796581111055,0.0543161150061406,0.552203418888945,0.0543161150061406,0.00363726444237871,0.0107111524806476,0.00442989293604073,0.0108116926702684
"GF","GF_W","GF_H",112,111,112,1000,0.449570779121428,0.0569544778108154,0.550429220878572,0.0569544778108155,0.00311597232242984,0.0104667709992158,0.00424959275682636,0.0106224275777616
"GF","GF_W","GF_H",113,112,113,1000,0.466431330861895,0.0598300728681854,0.533568669138105,0.0598300728681854,0.00359816760666402,0.0107309047714004,0.00466916192300327,0.0119104612372571
"GF","GF_W","GF_H",114,113,114,1000,0.47526359385057,0.0601254448626693,0.52473640614943,0.0601254448626693,0.00380888875251745,0.0117509105412402,0.00478783994706901,0.0124046163630532
"GF","GF_W","GF_H",115,114,115,1000,0.473446988631958,0.061482240689055,0.526553011368042,0.061482240689055,0.00467647553443104,0.0125007140772578,0.00381261177521144,0.0106959164722103
"GF","GF_W","GF_H",116,115,116,1000,0.482129142032481,0.0600587962484472,0.517870857967519,0.0600587962484472,0.00386527480104997,0.0126702775294485,0.00416877130781123,0.0121509970485912
"GF","GF_W","GF_H",117,116,117,1000,0.468387215705889,0.0633161763559151,0.531612784294111,0.0633161763559151,0.0040303568383785,0.0130796672179941,0.00404785579020655,0.0122986602255221
"GF","GF_W","GF_H",118,117,118,1000,0.455223708898203,0.073447234862621,0.544776291101797,0.073447234862621,0.0037058271577034,0.0133265700530603,0.00473222062862073,0.0145170527615182
"GF","GF_W","GF_H",119,118,119,1000,0.453831752518235,0.0822860117480214,0.546168247481765,0.0822860117480214,0.00470077403832264,0.0161281690255167,0.00410139571570094,0.0136265573524052
"GF","GF_W","GF_H",120,119,120,1000,0.419174231120399,0.0919947556415638,0.580825768879601,0.0919947556415638,0.00425427398935008,0.0176019414521967,0.00453659557980468,0.0150204331624066
"GF","GF_W","GF_H",121,120,121,1000,0.405414321590981,0.0999296650095752,0.594585678409019,0.0999296650095751,0.00489354188117881,0.0193775272250314,0.0049456144587224,0.0160741142231046
"GF","GF_W","GF_H",122,121,122,1000,0.401275857301203,0.113085926105553,0.598724142698797,0.113085926105553,0.00489260848341229,0.0204806609156346,0.00537818835679153,0.0177638986531651
"GF","GF_W","GF_H",123,122,123,1000,0.412267429478026,0.122517464316488,0.587732570521974,0.122517464316488,0.00353995679442658,0.0180623749526139,0.00509036049272183,0.0195202726953887
"GF","GF_W","GF_H",124,123,124,1000,0.423507695717098,0.125519245077292,0.576492304282902,0.125519245077292,0.00473182043182136,0.0221671566554291,0.00600503186853249,0.0214699464961553
"GF","GF_W","GF_H",125,124,125,1000,0.423554584290751,0.135630534566818,0.576445415709249,0.135630534566818,0.00606175205612967,0.0245590244541563,0.00628764810886112,0.0241435789671642
"GF","GF_W","GF_H",126,125,126,1000,0.440633423687475,0.143846037383993,0.559366576312525,0.143846037383993,0.00532965299400493,0.0233348512158338,0.00622652211458256,0.0246681598302102
"GF","GF_W","GF_H",127,126,127,1000,0.42008809872567,0.152366410759325,0.57991190127433,0.152366410759325,0.00571283988812692,0.0267694474646158,0.00400293630482982,0.0183773405138167
"GF","GF_W","GF_H",128,127,128,1000,0.409964930803286,0.163255423354715,0.590035069196714,0.163255423354715,0.00688043659306452,0.0286118786254504,0.00451148763581763,0.0209640929910395
"GF","GF_W","GF_H",129,128,129,1000,0.441603682262762,0.174140669507767,0.558396317737238,0.174140669507767,0.00780212952110963,0.0319271549381057,0.00580834904664236,0.0265124086259037
"GF","GF_W","GF_H",130,129,130,1000,0.454218602513369,0.202702101023546,0.545781397486631,0.202702101023546,0.0121148947950564,0.0415550150557934,0.00387913226687888,0.024135433929946
"GF","GF_W","GF_H",131,130,131,1000,0.48382030845808,0.217596899561402,0.51617969154192,0.217596899561402,0.0166621296069602,0.0467728032547475,0.00792899040840753,0.0371017546297753
"GF","GF_W","GF_H",132,131,132,1000,0.484004833685304,0.257030307317393,0.515995166314696,0.257030307317393,0.0214558270756019,0.0604584953497336,0.0164514518123934,0.0519515331661438
"GF","GF_W","GF_H",133,132,133,1000,0.528959958314483,0.282702115611605,0.471040041685517,0.282702115611605,0.0234327814866519,0.0681160020605009,0.0147346710669157,0.0549039295304228
"GF","GF_W","GF_H",134,133,134,1000,0.527573749095938,0.317516346414738,0.472426250904062,0.317516346414738,0.0286105079965928,0.075961006769532,0.0228911416017574,0.0657903892214795
"GF","GF_W","GF_H",135,134,135,1000,0.547279605403137,0.344673619818829,0.452720394596863,0.344673619818829,0.0419374051083625,0.105774247726124,0.0233878606862303,0.0706668656383409
"GF","GF_W","GF_H",136,135,136,1000,0.611107921749938,0.375167582139524,0.388892078250062,0.375167582139524,0.0493827538912643,0.121872451337711,0.0311576677641112,0.102860265249563
"GF","GF_W","GF_H",137,136,137,1000,0.697015202041722,0.355323457698447,0.302984797958278,0.355323457698447,0.0372044948040969,0.127254359040016,0.00175769852985898,0.0280107604337277
"GF","GF_W","GF_H",138,137,138,1000,0.736158483575461,0.351349252936166,0.263841516424539,0.351349252936166,0.0850149728207722,0.239014233803067,0.00914414047226461,0.277171359463066
"GF","GF_W","GF_H",139,138,139,1000,0.861008142842003,0.292314799775116,0.138991857157997,0.292314799775116,0.144424805824509,0.292395293811928,0.000658822527370775,0.0208337976032027
"LC","LC_P","LC_A",1,0,1,1000,0.0775282296491463,0.000264728073881415,0.9224717703508,0.000264728073881198,0.048882334029976,0.00293504304710392,0.0163577655796913,0.000380160289391369
"LC","LC_P","LC_A",2,1,2,1000,0.0753274098240322,0.000516987133462293,0.924672590175972,0.000516987133462255,0.0414211718488479,0.00354549863708408,0.0105253050414342,0.000471664743899578
"LC","LC_P","LC_A",3,2,3,1000,0.0752381807186857,0.000731392025815506,0.924761819281314,0.000731392025815544,0.0436036240617427,0.00413229645771775,0.00936043505520541,0.000538531065444643
"LC","LC_P","LC_A",4,3,4,1000,0.0761805013414907,0.000947955136327837,0.923819498658509,0.000947955136327809,0.0462238765087071,0.00472489506174328,0.00904666104546194,0.000569390693168137
"LC","LC_P","LC_A",5,4,5,1000,0.0773289095605546,0.00115250685475925,0.922671090439446,0.00115250685475927,0.0491558038888638,0.00502787754537809,0.00846245092727452,0.000608075682931145
"LC","LC_P","LC_A",6,5,6,1000,0.0797134698160568,0.0013924985435796,0.920286530183943,0.00139249854357943,0.0506548460236836,0.00583034786244005,0.00781284657567085,0.000638353313010414
"LC","LC_P","LC_A",7,6,7,1000,0.0828458033392317,0.00161174036564135,0.917154196660769,0.00161174036564137,0.0507783275879532,0.00620007300787934,0.00734097326133919,0.000692897599538587
"LC","LC_P","LC_A",8,7,8,1000,0.0861659258606524,0.00184814832819477,0.913834074139348,0.00184814832819478,0.0502429318175642,0.00646059126358996,0.00693339496972966,0.000724585384018423
"LC","LC_P","LC_A",9,8,9,1000,0.0903902129724186,0.00204990993225318,0.909609787027581,0.00204990993225314,0.0497623601892184,0.00657885529598355,0.00681722459637942,0.000727150869150163
"LC","LC_P","LC_A",10,9,10,1000,0.0962670552601115,0.00228720628557634,0.903732944739889,0.00228720628557638,0.0484399782888462,0.00666787921768701,0.00672041358416414,0.000786744277468096
"LC","LC_P","LC_A",11,10,11,1000,0.102378300227859,0.00254055273068126,0.897621699772143,0.00254055273068123,0.0475239867315751,0.00677449324862249,0.00674756269843739,0.000857494403026908
"LC","LC_P","LC_A",12,11,12,1000,0.109601497064191,0.00277558505131934,0.890398502935808,0.00277558505131937,0.0453830640022683,0.00634325986762237,0.00657187522658851,0.000896187334423739
"LC","LC_P","LC_A",13,12,13,1000,0.116044069842961,0.00295640062288508,0.883955930157039,0.00295640062288512,0.0436990139838179,0.00699312604875194,0.00673229216862049,0.000904278079454103
"LC","LC_P","LC_A",14,13,14,1000,0.123955897101262,0.00314858835981294,0.876044102898738,0.00314858835981301,0.0416219401754594,0.00669351697884633,0.00668762686057741,0.000963753210415709
"LC","LC_P","LC_A",15,14,15,1000,0.131120233685655,0.00339935303708282,0.868879766314344,0.00339935303708279,0.0400341037921311,0.00665586182941185,0.00691677788154643,0.0010512274997256
"LC","LC_P","LC_A",16,15,16,1000,0.139053146568088,0.00364372317660633,0.860946853431912,0.00364372317660636,0.037468573192665,0.00672479856915394,0.00694015282326455,0.00112170716746059
"LC","LC_P","LC_A",17,16,17,1000,0.146691752901633,0.00387738666541154,0.853308247098366,0.00387738666541153,0.0354497396286273,0.00661168738361885,0.00722713697665898,0.00118770822710992
"LC","LC_P","LC_A",18,17,18,1000,0.155401469259914,0.00417846521436074,0.844598530740086,0.00417846521436074,0.0336285513900207,0.00620770910714653,0.00757014342455937,0.00123235368892824
"LC","LC_P","LC_A",19,18,19,1000,0.163788650261948,0.00445751229510024,0.836211349738051,0.00445751229510023,0.03196529638402,0.00603322649091015,0.0077422028122523,0.00133301385894845
"LC","LC_P","LC_A",20,19,20,1000,0.171232080608811,0.00471534516421382,0.828767919391189,0.00471534516421384,0.0305870855370869,0.00608451436211469,0.00807407632805926,0.0013944841474808
"LC","LC_P","LC_A",21,20,21,1000,0.180388569636459,0.00497926160788652,0.819611430363542,0.0049792616078865,0.0298050531451957,0.00598753639658136,0.00857315364296153,0.00152243867530919
"LC","LC_P","LC_A",22,21,22,1000,0.189520163438614,0.00529013099326479,0.810479836561387,0.00529013099326479,0.028067461506455,0.00584427325358195,0.00882284467195048,0.00158327347103958
"LC","LC_P","LC_A",23,22,23,1000,0.197619753130729,0.0056547863900398,0.802380246869271,0.00565478639003978,0.0269826302868648,0.00594005267721309,0.00918688784789923,0.00169760001657162
"LC","LC_P","LC_A",24,23,24,1000,0.206641174187287,0.00596109703761423,0.793358825812713,0.00596109703761425,0.0261194468105136,0.00586205172846125,0.00949383302758225,0.00184172876671243
"LC","LC_P","LC_A",25,24,25,1000,0.216596261731352,0.00624624126011542,0.783403738268649,0.00624624126011545,0.0248414511105252,0.00566458312733236,0.00979802322689661,0.00185490900131559
"LC","LC_P","LC_A",26,25,26,1000,0.226712984788829,0.00653093740575331,0.773287015211171,0.00653093740575325,0.023694732820037,0.00571379026730154,0.0103785895992514,0.00201586903934217
"LC","LC_P","LC_A",27,26,27,1000,0.238254859857567,0.00701042413047503,0.761745140142433,0.00701042413047503,0.0231184596824534,0.00579258785547784,0.0106907135023519,0.00216229445015635
"LC","LC_P","LC_A",28,27,28,1000,0.249005806412704,0.00747245732196845,0.750994193587296,0.00747245732196842,0.0221154967250582,0.00570913278800784,0.0111536447442473,0.00229466825413357
"LC","LC_P","LC_A",29,28,29,1000,0.258507094176097,0.00782297557285062,0.741492905823904,0.00782297557285064,0.0216675092942465,0.00534458514152922,0.0117654681285389,0.00234308758259607
"LC","LC_P","LC_A",30,29,30,1000,0.267729622586136,0.00818408267045437,0.732270377413864,0.00818408267045439,0.0208596784054448,0.00555960077153596,0.0121654842058025,0.00246058423531258
"LC","LC_P","LC_A",31,30,31,1000,0.276109030597998,0.00851533500247605,0.723890969402002,0.00851533500247605,0.0201398909759196,0.00536209652869827,0.0126118030998254,0.00262718037361353
"LC","LC_P","LC_A",32,31,32,1000,0.284688941762482,0.00876387142533924,0.715311058237517,0.00876387142533923,0.0194754797428461,0.0054126359093699,0.0133064238678316,0.00283521158192588
"LC","LC_P","LC_A",33,32,33,1000,0.292724938869618,0.00911555317228558,0.707275061130382,0.00911555317228558,0.0189788842369253,0.00537123119052713,0.0139087581440719,0.00304276947566269
"LC","LC_P","LC_A",34,33,34,1000,0.300545200392834,0.00948938262165932,0.699454799607166,0.00948938262165934,0.018457816368635,0.00543847314399261,0.0144827058017069,0.00301620672887586
"LC","LC_P","LC_A",35,34,35,1000,0.307034771273543,0.00968509826538127,0.692965228726457,0.00968509826538131,0.0184368123650467,0.00520273876072648,0.0151992283732534,0.00338888627990837
"LC","LC_P","LC_A",36,35,36,1000,0.31307914671532,0.00998752307678143,0.68692085328468,0.00998752307678142,0.0179633706801971,0.00561117078300682,0.0159961079104579,0.00354302739955831
"LC","LC_P","LC_A",37,36,37,1000,0.323330418500382,0.0103817094586934,0.676669581499617,0.0103817094586934,0.0171930488344648,0.00534234264197453,0.0160653653401848,0.00379310935492288
"LC","LC_P","LC_A",38,37,38,1000,0.335745274081364,0.0109332531207851,0.664254725918636,0.0109332531207851,0.016917684224129,0.00540981394583013,0.016243039760348,0.00375948573194424
"LC","LC_P","LC_A",39,38,39,1000,0.343679578176054,0.011300573651123,0.656320421823945,0.0113005736511231,0.0167074528304646,0.00539382964628454,0.0167279442846364,0.0040392019292157
"LC","LC_P","LC_A",40,39,40,1000,0.351170172929931,0.0116652562105988,0.648829827070069,0.0116652562105988,0.0163801754890914,0.00537018982043912,0.0172878171429054,0.00414225308794251
"LC","LC_P","LC_A",41,40,41,1000,0.360625793894175,0.0119295043971546,0.639374206105825,0.0119295043971546,0.015966707083434,0.00566056508310676,0.0177831028856905,0.00441013590020794
"LC","LC_P","LC_A",42,41,42,1000,0.370087664810116,0.0123493080233988,0.629912335189884,0.0123493080233988,0.0159146074168282,0.00576556895055604,0.0176089925947201,0.00458590336287959
"LC","LC_P","LC_A",43,42,43,1000,0.379893968905235,0.0128103218885305,0.620106031094764,0.0128103218885305,0.0150232513131208,0.00529347225488573,0.0179485555643093,0.00465372893262391
"LC","LC_P","LC_A",44,43,44,1000,0.387366120503458,0.0131754303669786,0.612633879496542,0.0131754303669785,0.0148558847262576,0.00553083880290763,0.018712949700811,0.00498901115127082
"LC","LC_P","LC_A",45,44,45,1000,0.395616225288158,0.0133863523192814,0.604383774711842,0.0133863523192814,0.0148096116255312,0.00582628920683027,0.0188179321213667,0.00519326737361116
"LC","LC_P","LC_A",46,45,46,1000,0.403348327060326,0.0134751684587014,0.596651672939674,0.0134751684587014,0.0143753804982082,0.00570519210931109,0.01955524256963,0.00531162398767448
"LC","LC_P","LC_A",47,46,47,1000,0.415972673424518,0.0139770548616072,0.584027326575482,0.0139770548616072,0.014053383377274,0.00579654777770309,0.0196639466210775,0.00565401402376335
"LC","LC_P","LC_A",48,47,48,1000,0.431929300919385,0.0147266966141918,0.568070699080614,0.0147266966141918,0.0144442385919091,0.00552103014542747,0.019688852000039,0.00569340263071548
"LC","LC_P","LC_A",49,48,49,1000,0.442906661922888,0.0153009167279694,0.557093338077113,0.0153009167279694,0.0142228945118394,0.00579430272446149,0.0196836135953364,0.00591984400669497
"LC","LC_P","LC_A",50,49,50,1000,0.451949701894334,0.0158875222250981,0.548050298105666,0.0158875222250981,0.0138288114374282,0.00580933864694327,0.0204649616347184,0.00638322458638275
"LC","LC_P","LC_A",51,50,51,1000,0.458976592833402,0.0164831106126683,0.541023407166598,0.0164831106126683,0.0132101719808109,0.0058013105416749,0.0208720099009189,0.00692051598480824
"LC","LC_P","LC_A",52,51,52,1000,0.469319644368077,0.0170517138076857,0.530680355631923,0.0170517138076857,0.0135588126584082,0.00552621215771352,0.0219482276094609,0.00696242467004276
"LC","LC_P","LC_A",53,52,53,1000,0.47656402544651,0.017665417226606,0.52343597455349,0.017665417226606,0.0131173671825157,0.00616716566030922,0.0217013042359034,0.0071228657522129
"LC","LC_P","LC_A",54,53,54,1000,0.48207516879131,0.018079471001713,0.51792483120869,0.018079471001713,0.0128228994130615,0.0057791617620305,0.022568423611268,0.0076180975428446
"LC","LC_P","LC_A",55,54,55,1000,0.490892891812653,0.0185318544591537,0.509107108187347,0.0185318544591537,0.0124357787493543,0.00603362039424504,0.0224474173811536,0.0078178812126898
"LC","LC_P","LC_A",56,55,56,1000,0.499547609503621,0.0190339622040143,0.500452390496379,0.0190339622040143,0.0120606918089994,0.00580887065513194,0.0230282625362778,0.00808878413451958
"LC","LC_P","LC_A",57,56,57,1000,0.503339748117422,0.0195970217006587,0.496660251882578,0.0195970217006587,0.012081353126463,0.00592227685872582,0.0244309870004368,0.00840145268152667
"LC","LC_P","LC_A",58,57,58,1000,0.507477674216238,0.020376776464982,0.492522325783762,0.020376776464982,0.0118345123346602,0.00597462379268091,0.0245793982439487,0.00876107442258121
"LC","LC_P","LC_A",59,58,59,1000,0.513561503138046,0.0209497234473627,0.486438496861953,0.0209497234473628,0.0115527277571576,0.0061750670267162,0.0249491814225965,0.00887675107888672
"LC","LC_P","LC_A",60,59,60,1000,0.519458017475486,0.0216336015290448,0.480541982524514,0.0216336015290448,0.0119062102346347,0.00634279911618099,0.0266905819078675,0.00925992775713075
"LC","LC_P","LC_A",61,60,61,1000,0.529705422836315,0.0222694308411654,0.470294577163685,0.0222694308411654,0.0117413852453849,0.00624305919314623,0.0261612390021228,0.00985060550972357
"LC","LC_P","LC_A",62,61,62,1000,0.532632841617957,0.0225524425111429,0.467367158382043,0.0225524425111429,0.0114822233646215,0.00640344841059107,0.0269293655244116,0.0102279287693275
"LC","LC_P","LC_A",63,62,63,1000,0.534812806912702,0.0229582203521657,0.465187193087297,0.0229582203521657,0.0112098343479108,0.00592171476925722,0.0274175917278878,0.0105414287979953
"LC","LC_P","LC_A",64,63,64,1000,0.539636449507288,0.0233869507994832,0.460363550492712,0.0233869507994833,0.0110883359437753,0.00628710328837454,0.0272101228515187,0.0111384529811201
"LC","LC_P","LC_A",65,64,65,1000,0.545164241965754,0.0241928245263522,0.454835758034246,0.0241928245263522,0.010592218409438,0.00624880208376665,0.0275604720059441,0.0109661196250344
"LC","LC_P","LC_A",66,65,66,1000,0.542981320810739,0.0246153259202945,0.457018679189261,0.0246153259202945,0.0104391886788807,0.0064592235357507,0.0285274497687474,0.0112256680961419
"LC","LC_P","LC_A",67,66,67,1000,0.540304352222939,0.0250243177023884,0.459695647777061,0.0250243177023883,0.0103306589142483,0.00648143778571593,0.0286760035280482,0.0113675729389781
"LC","LC_P","LC_A",68,67,68,1000,0.542118417580377,0.0252065632171071,0.457881582419623,0.0252065632171071,0.00994637595622115,0.00634318246374292,0.0301739001848654,0.0126544515420348
"LC","LC_P","LC_A",69,68,69,1000,0.546431566088286,0.0254903998868875,0.453568433911714,0.0254903998868875,0.00959362493429407,0.00643936267259978,0.0298600182923472,0.0123239844587624
"LC","LC_P","LC_A",70,69,70,1000,0.54795109667362,0.0262281591632268,0.45204890332638,0.0262281591632268,0.00972859354521383,0.00630131745037264,0.0305970746449475,0.0124176125466383
"LC","LC_P","LC_A",71,70,71,1000,0.55054002451548,0.0269043842314789,0.44945997548452,0.026904384231479,0.00952948207066603,0.00652808957468151,0.0309069810922184,0.0129191635055731
"LC","LC_P","LC_A",72,71,72,1000,0.556056302273224,0.0277675814436689,0.443943697726776,0.0277675814436689,0.00921053614493406,0.00655532220304593,0.0305986601019512,0.0132599842140028
"LC","LC_P","LC_A",73,72,73,1000,0.553661486229117,0.0285166537415572,0.446338513770883,0.0285166537415572,0.00907637035963535,0.00660454154270289,0.0312706912918438,0.0138946840918679
"LC","LC_P","LC_A",74,73,74,1000,0.551356814935909,0.0290192099859237,0.448643185064091,0.0290192099859237,0.00877236764713894,0.00627474699583252,0.0315147275831665,0.0133386716166786
"LC","LC_P","LC_A",75,74,75,1000,0.552836757202218,0.0298831042261974,0.447163242797782,0.0298831042261974,0.00880446508662139,0.00661054607911753,0.0321442794316781,0.0146848582139531
"LC","LC_P","LC_A",76,75,76,1000,0.549098988589943,0.0304056385189918,0.450901011410057,0.0304056385189918,0.00828657487959286,0.00658715960630769,0.0325315482257949,0.014833575301128
"LC","LC_P","LC_A",77,76,77,1000,0.544820733164169,0.0308644859379154,0.455179266835832,0.0308644859379154,0.00820388405841349,0.00657575390046207,0.0328814486470123,0.0151669994441335
"LC","LC_P","LC_A",78,77,78,1000,0.543792730783355,0.0314594763304221,0.456207269216645,0.0314594763304221,0.0080713310823071,0.00679409052585458,0.0331423917667005,0.0152501074813238
"LC","LC_P","LC_A",79,78,79,1000,0.543339836592286,0.0317638442059369,0.456660163407715,0.0317638442059368,0.0071253465850227,0.00639454043132088,0.0332606607770851,0.0150503366516196
"LC","LC_P","LC_A",80,79,80,1000,0.551062005563188,0.0317992726240291,0.448937994436812,0.031799272624029,0.00749232329566598,0.00692249592547009,0.0325515785634397,0.0153882104304055
"LC","LC_P","LC_A",81,80,81,1000,0.554398569127305,0.0323771783944915,0.445601430872695,0.0323771783944915,0.00773306213538327,0.00701201923615945,0.0338606810313759,0.0166469467647536
"LC","LC_P","LC_A",82,81,82,1000,0.55372225379556,0.0332046512238749,0.44627774620444,0.0332046512238749,0.00740531676548823,0.00689812551790331,0.0351464192697266,0.016570251208771
"LC","LC_P","LC_A",83,82,83,1000,0.548847811145544,0.0344760494352064,0.451152188854456,0.0344760494352064,0.00716398691752048,0.00732409464792281,0.0345830041066546,0.0165883312356511
"LC","LC_P","LC_A",84,83,84,1000,0.542165781000025,0.0350453303936489,0.457834218999975,0.0350453303936489,0.00721708075111886,0.00722495475193359,0.037186476342697,0.0183314766986752
"LC","LC_P","LC_A",85,84,85,1000,0.536576924309878,0.0354744534138654,0.463423075690122,0.0354744534138655,0.00646028953563182,0.00689173657536187,0.0368476441986745,0.017491801794431
"LC","LC_P","LC_A",86,85,86,1000,0.534069410119395,0.0357269850543214,0.465930589880605,0.0357269850543214,0.00674755792144711,0.00739218700713823,0.0372247761290582,0.0184059167289733
"LC","LC_P","LC_A",87,86,87,1000,0.528507925197563,0.0364749346906451,0.471492074802437,0.0364749346906451,0.00672039037374926,0.00748562410588567,0.0379081997176642,0.0191599904762309
"LC","LC_P","LC_A",88,87,88,1000,0.523774125302431,0.0375904563499151,0.47622587469757,0.0375904563499151,0.00668940940268807,0.00755590354045096,0.0392487996175542,0.0188069152777439
"LC","LC_P","LC_A",89,88,89,1000,0.522917064415697,0.0390495218831301,0.477082935584303,0.0390495218831301,0.00636491686403322,0.0074506507162985,0.0386231887965415,0.0202255262616462
"LC","LC_P","LC_A",90,89,90,1000,0.519988155200959,0.04010984071443,0.480011844799041,0.04010984071443,0.00650463910585641,0.00769997781494299,0.0404005544657406,0.0205077513652512
"LC","LC_P","LC_A",91,90,91,1000,0.521044967039663,0.0414275390284204,0.478955032960337,0.0414275390284204,0.00708003384712087,0.00855713228095767,0.038682161367431,0.0210949981436922
"LC","LC_P","LC_A",92,91,92,1000,0.517718120753228,0.0421548063918626,0.482281879246772,0.0421548063918626,0.00653428956138834,0.00822267750656289,0.0409782761651719,0.0212006835871975
"LC","LC_P","LC_A",93,92,93,1000,0.516504071295717,0.0423068845206206,0.483495928704283,0.0423068845206206,0.00595330549806999,0.00873904540137727,0.0401341329693052,0.0222292976724867
"LC","LC_P","LC_A",94,93,94,1000,0.530936732256287,0.0434197555001746,0.469063267743713,0.0434197555001746,0.0065466507361928,0.00872016638831372,0.037505978972313,0.0238138593732097
"LC","LC_P","LC_A",95,94,95,1000,0.54541476765301,0.0436473454638286,0.454585232346989,0.0436473454638286,0.00609028729092622,0.00898707609562555,0.0370964832037799,0.0238780588272582
"LC","LC_P","LC_A",96,95,96,1000,0.558224763850538,0.0448315889315666,0.441775236149462,0.0448315889315666,0.00589966657062596,0.00876343795596679,0.0378798884771136,0.0262695369039453
"LC","LC_P","LC_A",97,96,97,1000,0.550355183545482,0.0452252839513952,0.449644816454518,0.0452252839513952,0.00567687971743555,0.00884687801496877,0.0382574208610838,0.0253809397814736
"LC","LC_P","LC_A",98,97,98,1000,0.541856790063903,0.04573007106193,0.458143209936097,0.04573007106193,0.00550027617944213,0.00908851994715395,0.0374116521770991,0.0249674447358883
"LC","LC_P","LC_A",99,98,99,1000,0.536379225273971,0.0457661018953609,0.463620774726029,0.0457661018953609,0.00556069290243488,0.00924786416376444,0.0381635127878536,0.0270865146970973
"LC","LC_P","LC_A",100,99,100,1000,0.536184773350428,0.0476602932785633,0.463815226649572,0.0476602932785633,0.00603730930831983,0.00973712960492476,0.0389326932567936,0.0273465943053485
"LC","LC_P","LC_A",101,100,101,1000,0.529738717322001,0.0490491265725451,0.470261282677999,0.0490491265725451,0.00550202666988932,0.00945375554733355,0.0391281650205662,0.0276665740187487
"LC","LC_P","LC_A",102,101,102,1000,0.523244901845244,0.049657649231171,0.476755098154756,0.049657649231171,0.00494380456250045,0.00947820396441107,0.0398422481091298,0.0279190872163422
"LC","LC_P","LC_A",103,102,103,1000,0.51366585503534,0.0505221307947198,0.48633414496466,0.0505221307947198,0.00554698970650156,0.0105237029444465,0.040103122148747,0.0285852792205725
"LC","LC_P","LC_A",104,103,104,1000,0.517306842556939,0.0527418688196117,0.482693157443061,0.0527418688196117,0.00515151184344836,0.009730221697689,0.0398508349846183,0.0272579162968421
"LC","LC_P","LC_A",105,104,105,1000,0.52384875738122,0.0547971649422738,0.47615124261878,0.0547971649422737,0.00519833296318344,0.0104143703187104,0.0389144283078018,0.0290854968481018
"LC","LC_P","LC_A",106,105,106,1000,0.516730291218719,0.0542876592668553,0.483269708781281,0.0542876592668553,0.00457741615019076,0.0103386379936354,0.0365873342745983,0.0292650086713534
"LC","LC_P","LC_A",107,106,107,1000,0.501094595480137,0.0548097077046176,0.498905404519863,0.0548097077046176,0.00437848303988859,0.0100841503677341,0.0376736098582414,0.0288109544537439
"LC","LC_P","LC_A",108,107,108,1000,0.485741477055288,0.0570666894169525,0.514258522944712,0.0570666894169525,0.00501837908769326,0.0114589852286818,0.0402327289536853,0.0292375625947362
"LC","LC_P","LC_A",109,108,109,1000,0.471787039827519,0.0571250722624076,0.528212960172481,0.0571250722624076,0.00425337888971779,0.010819792618722,0.0408283376477743,0.0309141803583547
"LC","LC_P","LC_A",110,109,110,1000,0.464541477505967,0.0597022592415454,0.535458522494033,0.0597022592415454,0.00568099503494666,0.0135584268448234,0.0412533082973694,0.0332626784412127
"LC","LC_P","LC_A",111,110,111,1000,0.44914079954378,0.062246605589558,0.55085920045622,0.062246605589558,0.00429417599153381,0.0114997006415679,0.0411321984481636,0.0330515577647582
"LC","LC_P","LC_A",112,111,112,1000,0.440934039658558,0.0650469056060698,0.559065960341443,0.0650469056060698,0.00490109648822037,0.0128615013311389,0.0429380234674241,0.0328801740648964
"LC","LC_P","LC_A",113,112,113,1000,0.436080976400758,0.0692438946553185,0.563919023599242,0.0692438946553185,0.0045451576113497,0.0133172754396545,0.0451037907631975,0.0346867296724857
"LC","LC_P","LC_A",114,113,114,1000,0.424271335041283,0.0702488473720794,0.575728664958717,0.0702488473720794,0.00581500008575457,0.0156453905551649,0.0422782375682123,0.0356421466335162
"LC","LC_P","LC_A",115,114,115,1000,0.405645986176494,0.0716114300152979,0.594354013823506,0.0716114300152979,0.00456307797527899,0.0142127903901219,0.0483445795930594,0.0389757556575013
"LC","LC_P","LC_A",116,115,116,1000,0.381828422868183,0.0712470031436331,0.618171577131817,0.0712470031436331,0.00621604592975772,0.0181455980780143,0.0467603152618527,0.0370025296592058
"LC","LC_P","LC_A",117,116,117,1000,0.371980034637987,0.0716070177640517,0.628019965362013,0.0716070177640517,0.0048742529744271,0.0165226000590875,0.0478654771164938,0.0396138800655441
"LC","LC_P","LC_A",118,117,118,1000,0.385673634377247,0.0757642311688963,0.614326365622753,0.0757642311688963,0.00496798770758512,0.0179662373244036,0.0468338670775995,0.0434062272869681
"LC","LC_P","LC_A",119,118,119,1000,0.389668764470052,0.0805409869003409,0.610331235529948,0.0805409869003409,0.00489219104251937,0.0183523910007306,0.0475088022455282,0.0450756854055915
"LC","LC_P","LC_A",120,119,120,1000,0.398236103487027,0.0874258038442818,0.601763896512972,0.0874258038442819,0.00366094440492849,0.0161691611493157,0.0488131520986754,0.0474822157149637
"LC","LC_P","LC_A",121,120,121,1000,0.394746198358405,0.0941090809850051,0.605253801641595,0.0941090809850051,0.00504320113750297,0.0202178556409721,0.0518991191225329,0.0515812062134867
"LC","LC_P","LC_A",122,121,122,1000,0.407758762601411,0.105623049454636,0.592241237398589,0.105623049454636,0.00520118288652954,0.0218354623102446,0.0472514237459497,0.0525618071577145
"LC","LC_P","LC_A",123,122,123,1000,0.41459713777233,0.119334692699806,0.58540286222767,0.119334692699806,0.00391425227537847,0.0198415246984337,0.0494717996914977,0.0592618636409848
"LC","LC_P","LC_A",124,123,124,1000,0.397330987464519,0.131305706460827,0.602669012535481,0.131305706460827,0.00419294912671787,0.0238732045056512,0.0535559641758585,0.0706233454978371
"LC","LC_P","LC_A",125,124,125,1000,0.388246696726284,0.141533031741388,0.611753303273716,0.141533031741388,0.00532544028361906,0.0249801085394363,0.0590846376686495,0.0690583015129249
"LC","LC_P","LC_A",126,125,126,1000,0.372358639598128,0.151367374490508,0.627641360401872,0.151367374490508,0.00364834367207438,0.0219438152127893,0.0511169841199091,0.0630080429827297
"LC","LC_P","LC_A",127,126,127,1000,0.352467748643562,0.154292540356212,0.647532251356438,0.154292540356212,0.00611922714252258,0.0324594401654835,0.0537987396137357,0.0667362666540796
"LC","LC_P","LC_A",128,127,128,1000,0.334714196817107,0.159088707817513,0.665285803182893,0.159088707817513,0.00727481110403112,0.0446410513028609,0.0453880604685229,0.0643138764716482
"LC","LC_P","LC_A",129,128,129,1000,0.315840468067014,0.160420655687838,0.684159531932987,0.160420655687838,0.00474732379126844,0.0347434690325082,0.053053109490264,0.0731487457713161
"LC","LC_P","LC_A",130,129,130,1000,0.33396222427269,0.178307908655196,0.66603777572731,0.178307908655196,0.0086745067907006,0.113706393780417,0.0437350091930481,0.0725687943160771
"LC","LC_P","LC_A",131,130,131,1000,0.325721407909158,0.184842856542378,0.674278592090842,0.184842856542378,0.00680389378553511,0.0446829938848497,0.0448391569876028,0.0912617696893932
"LC","LC_P","LC_A",132,131,132,1000,0.338912005305423,0.196511186860152,0.661087994694577,0.196511186860152,0.00866429589182232,0.0614039535259685,0.0480129611302476,0.0898120114900799
"LC","LC_P","LC_A",133,132,133,1000,0.336267308819947,0.199075469187107,0.663732691180053,0.199075469187107,0.00664604264243893,0.0597296199496116,0.0492402941574539,0.101533587230488
"LC","LC_P","LC_A",134,133,134,1000,0.342760416030203,0.204765311676784,0.657239583969797,0.204765311676784,0.00675028884592439,0.0506158333811797,0.045898654523229,0.114020118888785
"LC","LC_P","LC_A",135,134,135,1000,0.363614616189077,0.206162508542036,0.636385383810923,0.206162508542036,0.00794101426631414,0.0958791855205928,0.035716713361838,0.0969473911976867
"LC","LC_P","LC_A",136,135,136,1000,0.42132437542269,0.199019455503175,0.57867562457731,0.199019455503175,0.0308505139742081,0.112158363812105,0.0223716771242964,0.0907955648162607
"LC","LC_P","LC_A",137,136,137,1000,0.660522785873865,0.247499274674574,0.339477214126135,0.247499274674574,0.129906313921659,0.194886259366397,0.0175538507310143,0.11000431475518
"LC","LC_P","LC_A",138,137,138,1000,0.763897586100943,0.276441887956035,0.236102413899057,0.276441887956035,0.160687126415533,0.276069675500724,0.0192492532803098,0.125315553258579
"LC","LC_P","LC_A",139,138,139,1000,0.938321859842595,0.125814706250601,0.0616781401574047,0.125814706250601,0.183583480152862,0.317172127834108,0.00256154754812586,0.0810032458689749
"PH","PH_E","PH_D",1,0,1,1000,0.323004016850819,0.000541418043925158,0.676995983149172,0.000541418043925183,0.0235532606452244,0.00155229881544634,0.0217668884395302,0.000994116917895235
"PH","PH_E","PH_D",2,1,2,1000,0.318586224069128,0.00105321755145158,0.681413775930876,0.00105321755145165,0.0159391551795823,0.00166861458730582,0.0142274498828149,0.00103939697036981
"PH","PH_E","PH_D",3,2,3,1000,0.319344095908791,0.0013628686781325,0.680655904091209,0.00136286867813248,0.0130725124782799,0.0016960427546198,0.0121847349580982,0.00116224494330044
"PH","PH_E","PH_D",4,3,4,1000,0.313488115817153,0.00173990300923256,0.686511884182852,0.00173990300923256,0.012118748336095,0.00185047523714328,0.0120233206283972,0.00121932767326899
"PH","PH_E","PH_D",5,4,5,1000,0.308839079275264,0.00205118393660161,0.691160920724734,0.00205118393660158,0.0119111377062015,0.00191880200572195,0.012224338055954,0.0013416450540993
"PH","PH_E","PH_D",6,5,6,1000,0.303027915798916,0.00232437131435011,0.696972084201085,0.00232437131435008,0.0105271897857658,0.00201923795911988,0.0120251905538429,0.00133192491342445
"PH","PH_E","PH_D",7,6,7,1000,0.301382087689234,0.00262143844295228,0.698617912310767,0.00262143844295233,0.0106851879038108,0.00205465210116261,0.0110726634258065,0.00145910797371955
"PH","PH_E","PH_D",8,7,8,1000,0.297246158387284,0.00290117535014071,0.702753841612715,0.00290117535014076,0.0105328994036184,0.00210883945796173,0.0109322949772151,0.00144223310562372
"PH","PH_E","PH_D",9,8,9,1000,0.292922286403447,0.00320792738156771,0.707077713596553,0.00320792738156771,0.0105099740458495,0.00226202708615592,0.0116064097817163,0.00154337588791819
"PH","PH_E","PH_D",10,9,10,1000,0.287435313527927,0.00349694066155423,0.712564686472073,0.00349694066155423,0.0103085730950852,0.002455390059595,0.01068798596121,0.00152422796228096
"PH","PH_E","PH_D",11,10,11,1000,0.281662921496144,0.00377594787448497,0.718337078503856,0.00377594787448493,0.00984028513817999,0.00256748860095786,0.0100006026060919,0.00157530728112469
"PH","PH_E","PH_D",12,11,12,1000,0.275678817343015,0.00406192757808877,0.724321182656984,0.00406192757808885,0.010057139545972,0.00268925797241044,0.00985530828991477,0.00160988465999811
"PH","PH_E","PH_D",13,12,13,1000,0.271611018622269,0.00427230313136488,0.72838898137773,0.00427230313136485,0.0100703793363412,0.00275012715460039,0.00980397249875555,0.00163614939925813
"PH","PH_E","PH_D",14,13,14,1000,0.26539674118809,0.0043752763900123,0.73460325881191,0.0043752763900123,0.00990539458263643,0.00290060277648309,0.00959900619211291,0.00172857080654984
"PH","PH_E","PH_D",15,14,15,1000,0.262166085041163,0.0046189742015299,0.737833914958837,0.00461897420152992,0.0104231108019653,0.00304404426205191,0.0093603255666713,0.00171696402632588
"PH","PH_E","PH_D",16,15,16,1000,0.262300459720756,0.00483739738862519,0.737699540279244,0.00483739738862524,0.0100452836248486,0.00327005503292304,0.00901502568898588,0.00178035681935739
"PH","PH_E","PH_D",17,16,17,1000,0.260533691785651,0.00511865251756986,0.739466308214348,0.00511865251756981,0.00978177700654979,0.00311067167095911,0.00875994150990225,0.00179714653289373
"PH","PH_E","PH_D",18,17,18,1000,0.260930200797253,0.00533547164923455,0.739069799202746,0.0053354716492346,0.00988077169044543,0.00336903247073606,0.00860958672530147,0.00186880616348216
"PH","PH_E","PH_D",19,18,19,1000,0.263926860004558,0.00550926801799014,0.736073139995442,0.00550926801799015,0.0096067690718234,0.00332077757698541,0.00844601732711937,0.00195250313908467
"PH","PH_E","PH_D",20,19,20,1000,0.266230318850738,0.00587752889687636,0.733769681149262,0.00587752889687638,0.0098302796357672,0.00359988828166825,0.00857703129584198,0.00200142042108746
"PH","PH_E","PH_D",21,20,21,1000,0.269688072305532,0.00617737395799774,0.730311927694469,0.00617737395799773,0.00948103532144849,0.0035231786878225,0.00842790149464407,0.00206207062542196
"PH","PH_E","PH_D",22,21,22,1000,0.272568687945435,0.00646262236181123,0.727431312054565,0.00646262236181122,0.00963659742643372,0.00374554997264625,0.00858913942884846,0.00201487417629181
"PH","PH_E","PH_D",23,22,23,1000,0.275205440952321,0.00676471696391272,0.724794559047679,0.0067647169639127,0.00971300274214417,0.00377124954857443,0.00862842123984793,0.00217168040094526
"PH","PH_E","PH_D",24,23,24,1000,0.279772764351912,0.00711947047905326,0.720227235648087,0.00711947047905323,0.00932007894811195,0.00390197645432298,0.00856292764980718,0.00226249009909234
"PH","PH_E","PH_D",25,24,25,1000,0.282233878096005,0.00755352599053209,0.717766121903994,0.00755352599053207,0.00938856520832704,0.00401663969274711,0.00849072186250906,0.00237922464559256
"PH","PH_E","PH_D",26,25,26,1000,0.286299376649668,0.00807253109113832,0.713700623350332,0.00807253109113831,0.00945426683708431,0.00413145302727321,0.00840978637616668,0.00247569898826675
"PH","PH_E","PH_D",27,26,27,1000,0.289578376076106,0.00858272452198565,0.710421623923894,0.00858272452198566,0.00955011750074915,0.00406721717132142,0.00876335852182613,0.00250025863347861
"PH","PH_E","PH_D",28,27,28,1000,0.296024340205837,0.00897908580048373,0.703975659794163,0.00897908580048378,0.00948103042717758,0.00435321552059288,0.00896011771705026,0.00276898741335382
"PH","PH_E","PH_D",29,28,29,1000,0.298858459805388,0.00944886145720837,0.701141540194612,0.00944886145720836,0.00960711744285187,0.00454317930357972,0.00936747232550006,0.00286703271261759
"PH","PH_E","PH_D",30,29,30,1000,0.298495871942342,0.00994605995234276,0.701504128057658,0.00994605995234277,0.00981459966857312,0.00450151546091278,0.00937692924192936,0.00308341023381283
"PH","PH_E","PH_D",31,30,31,1000,0.30049308644574,0.0102799942700577,0.69950691355426,0.0102799942700578,0.00963461004285991,0.00456036446017198,0.00911938621353393,0.00310868424333944
"PH","PH_E","PH_D",32,31,32,1000,0.302309617331521,0.0107152458704538,0.697690382668479,0.0107152458704538,0.00962578137432341,0.00480404418936934,0.0092163753361973,0.00307482434884686
"PH","PH_E","PH_D",33,32,33,1000,0.304557621218885,0.0110831616767446,0.695442378781115,0.0110831616767446,0.00934207745133489,0.00483799461923629,0.00909129629348491,0.00292495728529062
"PH","PH_E","PH_D",34,33,34,1000,0.307113788024336,0.0116539136901431,0.692886211975664,0.0116539136901431,0.00975117173757391,0.00497930783099356,0.00945605259725383,0.00323035154196825
"PH","PH_E","PH_D",35,34,35,1000,0.306027850796373,0.0123297254000572,0.693972149203627,0.0123297254000572,0.00978287550902093,0.00527898348151947,0.00960981765232097,0.00335000243689923
"PH","PH_E","PH_D",36,35,36,1000,0.303354980410345,0.012820807498994,0.696645019589656,0.012820807498994,0.00971269522004044,0.00520190214348904,0.0100081405321745,0.00335295303234122
"PH","PH_E","PH_D",37,36,37,1000,0.297324660324236,0.013243558549924,0.702675339675764,0.013243558549924,0.00964511052215728,0.00554455799199556,0.00989103767770467,0.0036486977887432
"PH","PH_E","PH_D",38,37,38,1000,0.297254184299664,0.0137694121376164,0.702745815700336,0.0137694121376164,0.00975126124683142,0.00563588675309476,0.0101052264669966,0.00373433777969697
"PH","PH_E","PH_D",39,38,39,1000,0.295888642736967,0.0143297352480747,0.704111357263033,0.0143297352480747,0.0103548084540706,0.00599604015348949,0.0101983835674794,0.00390403430771749
"PH","PH_E","PH_D",40,39,40,1000,0.295048873978933,0.0149466164615685,0.704951126021067,0.0149466164615685,0.0100194350478601,0.0058572882698009,0.0103394218031819,0.00395183902860544
"PH","PH_E","PH_D",41,40,41,1000,0.294098129506933,0.015419623912598,0.705901870493067,0.015419623912598,0.0104100281851217,0.00636235598577038,0.0102483747988919,0.00397988886867242
"PH","PH_E","PH_D",42,41,42,1000,0.291780129490453,0.0159604653241041,0.708219870509547,0.0159604653241041,0.0102432122703569,0.00620944998227327,0.0104062845719891,0.00412089616796184
"PH","PH_E","PH_D",43,42,43,1000,0.290221825272492,0.0166102992597962,0.709778174727509,0.0166102992597962,0.0100814991415999,0.00639450844301944,0.0106262069605435,0.00434374374791337
"PH","PH_E","PH_D",44,43,44,1000,0.290277027048478,0.01719162344717,0.709722972951522,0.01719162344717,0.0105857751324927,0.00686131319967081,0.0103293178448675,0.00427500135466054
"PH","PH_E","PH_D",45,44,45,1000,0.286530475318062,0.0181407545914032,0.713469524681938,0.0181407545914032,0.0110518519958949,0.0069624170329288,0.0100512101848825,0.00430058433428272
"PH","PH_E","PH_D",46,45,46,1000,0.285240885152647,0.0187239063679624,0.714759114847353,0.0187239063679624,0.0107284697246598,0.00738738538588954,0.0103854559080032,0.00450400683546707
"PH","PH_E","PH_D",47,46,47,1000,0.28596780624558,0.0191561587006512,0.714032193754421,0.0191561587006511,0.0109531290937184,0.00766528206402383,0.0102813384551257,0.00465491539562424
"PH","PH_E","PH_D",48,47,48,1000,0.290822236165217,0.0201887999328698,0.709177763834783,0.0201887999328698,0.0110799368765302,0.00789962935643367,0.0105746375798465,0.0046478107277072
"PH","PH_E","PH_D",49,48,49,1000,0.294406374153366,0.0207332306038662,0.705593625846635,0.0207332306038662,0.0110461025283558,0.00762996595902088,0.0107575878440288,0.00457976334766478
"PH","PH_E","PH_D",50,49,50,1000,0.293841165699078,0.0206662396280524,0.706158834300922,0.0206662396280524,0.0116917568768249,0.00826648411730172,0.0102594063879571,0.00513580915668426
"PH","PH_E","PH_D",51,50,51,1000,0.293691176561245,0.0208772783522676,0.706308823438755,0.0208772783522676,0.011777753218848,0.00849123001947658,0.0105293698388308,0.00493784321480544
"PH","PH_E","PH_D",52,51,52,1000,0.294004150217869,0.0210880641304651,0.705995849782131,0.0210880641304651,0.0113848707020901,0.00841142355422482,0.00983209651830456,0.00498884510263487
"PH","PH_E","PH_D",53,52,53,1000,0.292641238107347,0.0215384511186747,0.707358761892653,0.0215384511186747,0.0116375619325781,0.00891616422697712,0.0105239958772734,0.00524816321654769
"PH","PH_E","PH_D",54,53,54,1000,0.290719680784147,0.0217062027200872,0.709280319215853,0.0217062027200872,0.0115128306262437,0.00884381820114736,0.0106649530605635,0.00548071207086333
"PH","PH_E","PH_D",55,54,55,1000,0.287965187478664,0.0219343474830512,0.712034812521336,0.0219343474830511,0.0117720188813785,0.00903882304513575,0.0104300324197977,0.0054262947876252
"PH","PH_E","PH_D",56,55,56,1000,0.285687110251606,0.0222976321050832,0.714312889748394,0.0222976321050832,0.0112449610121026,0.00919292618121588,0.0105965940433806,0.00565456193288559
"PH","PH_E","PH_D",57,56,57,1000,0.284266304955857,0.0229783996488818,0.715733695044143,0.0229783996488818,0.012141200741256,0.010074651280593,0.0107825067545301,0.00579086990416987
"PH","PH_E","PH_D",58,57,58,1000,0.281092659723783,0.0235710644271373,0.718907340276217,0.0235710644271372,0.0110472765116061,0.00937913987793403,0.0105961813729726,0.00559097999249687
"PH","PH_E","PH_D",59,58,59,1000,0.282371572935137,0.024322827988864,0.717628427064863,0.024322827988864,0.0114476216369949,0.00986701773719151,0.0105930824678377,0.00583049391644797
"PH","PH_E","PH_D",60,59,60,1000,0.284924701826937,0.0252514009014983,0.715075298173063,0.0252514009014983,0.0125313270292863,0.0103907107867743,0.0104223982865144,0.00588994444826866
"PH","PH_E","PH_D",61,60,61,1000,0.281686784072087,0.0263127242702856,0.718313215927913,0.0263127242702856,0.0126631183699799,0.011125654162337,0.0106335351783042,0.00612004531498172
"PH","PH_E","PH_D",62,61,62,1000,0.27880022054149,0.0270434225564935,0.72119977945851,0.0270434225564935,0.0122646673963601,0.0108048967090929,0.0109693312040035,0.00649262021983511
"PH","PH_E","PH_D",63,62,63,1000,0.276814248113164,0.0272429523685956,0.723185751886836,0.0272429523685956,0.0122424871727485,0.011158219473664,0.0108609064971335,0.00614755803491375
"PH","PH_E","PH_D",64,63,64,1000,0.271467702354001,0.0272602003746444,0.728532297645999,0.0272602003746444,0.0129500695642693,0.0115960915247687,0.01105473378944,0.00663305375185806
"PH","PH_E","PH_D",65,64,65,1000,0.268404238943005,0.0274520929138785,0.731595761056995,0.0274520929138785,0.012439790628438,0.0114159852682126,0.0105400463837988,0.0063167968983886
"PH","PH_E","PH_D",66,65,66,1000,0.262474209843137,0.027527723413006,0.737525790156863,0.027527723413006,0.0121761832283867,0.0118492966562777,0.0109915906056198,0.00697452749417405
"PH","PH_E","PH_D",67,66,67,1000,0.260203388819617,0.0279975135703616,0.739796611180383,0.0279975135703616,0.0124950217816158,0.0124940017563024,0.0110958327557601,0.00665353319701152
"PH","PH_E","PH_D",68,67,68,1000,0.258610177973805,0.0281261568443343,0.741389822026195,0.0281261568443343,0.0116011909947861,0.0120030976654828,0.0108597695400167,0.00676909266769481
"PH","PH_E","PH_D",69,68,69,1000,0.255321488085363,0.0283522488944095,0.744678511914637,0.0283522488944095,0.01287326060629,0.0130728572986234,0.0108667390807869,0.0070815400482498
"PH","PH_E","PH_D",70,69,70,1000,0.25336293714203,0.028310976882733,0.74663706285797,0.028310976882733,0.0123545077449524,0.0131563353684195,0.0112717909755212,0.00707318492510432
"PH","PH_E","PH_D",71,70,71,1000,0.251618777543256,0.0286657608913598,0.748381222456744,0.0286657608913598,0.0128281947475521,0.0137317314308359,0.0110628074651117,0.00739807217462609
"PH","PH_E","PH_D",72,71,72,1000,0.249396992060606,0.0284895421684353,0.750603007939394,0.0284895421684352,0.0125909327722879,0.0132072226133063,0.0109869057094823,0.00740188778724599
"PH","PH_E","PH_D",73,72,73,1000,0.245121743363074,0.0288587495424996,0.754878256636926,0.0288587495424996,0.012463645919437,0.013896072055623,0.0112386037999007,0.00781671627947668
"PH","PH_E","PH_D",74,73,74,1000,0.242105518257541,0.0294132364738158,0.757894481742459,0.0294132364738159,0.0121370299388074,0.0137478245442286,0.0111268958925795,0.00730213070586565
"PH","PH_E","PH_D",75,74,75,1000,0.23753658704243,0.0294826989616143,0.76246341295757,0.0294826989616143,0.0128476249480502,0.0145794676379782,0.0112661264808557,0.0077217894420857
"PH","PH_E","PH_D",76,75,76,1000,0.234491911059096,0.0296361781099273,0.765508088940904,0.0296361781099273,0.0127089774416445,0.0150641286397165,0.0111299179038358,0.00749335656971166
"PH","PH_E","PH_D",77,76,77,1000,0.231060642758379,0.0297742659423784,0.768939357241621,0.0297742659423784,0.0120804279742557,0.0144651689366251,0.0114673343885323,0.00775804893045258
"PH","PH_E","PH_D",78,77,78,1000,0.226262277450123,0.0298772991357143,0.773737722549877,0.0298772991357143,0.0124616909226834,0.0156433871776282,0.0116051382288353,0.00766014244912327
"PH","PH_E","PH_D",79,78,79,1000,0.22256400197991,0.0299206578786176,0.77743599802009,0.0299206578786176,0.0124378657063445,0.0149863361951645,0.0110233175762318,0.00806572264130119
"PH","PH_E","PH_D",80,79,80,1000,0.222158459942577,0.0303615669269788,0.777841540057423,0.0303615669269788,0.0113306918845063,0.0148995019867374,0.010994355366064,0.00759722930003915
"PH","PH_E","PH_D",81,80,81,1000,0.219041312147359,0.0308780640431468,0.780958687852641,0.0308780640431468,0.0118844606792063,0.0154492783949817,0.0118029026767301,0.00808898910796165
"PH","PH_E","PH_D",82,81,82,1000,0.218529192198631,0.0315026127083472,0.781470807801369,0.0315026127083472,0.0118418589110862,0.0157959781150384,0.0109886745645317,0.00788391223394992
"PH","PH_E","PH_D",83,82,83,1000,0.214678712112681,0.0318765259568956,0.785321287887319,0.0318765259568955,0.0134736761139442,0.0177209858865001,0.0116613011014446,0.00841032648468948
"PH","PH_E","PH_D",84,83,84,1000,0.210775498228752,0.0321492943833986,0.789224501771248,0.0321492943833986,0.011425752638225,0.016734333243256,0.0113327539629258,0.00859932777970355
"PH","PH_E","PH_D",85,84,85,1000,0.207633059778615,0.0324149349543696,0.792366940221386,0.0324149349543695,0.0122319199731951,0.0175691445725381,0.0109639428244242,0.00827899954061817
"PH","PH_E","PH_D",86,85,86,1000,0.205609017660273,0.0327523496822338,0.794390982339726,0.0327523496822338,0.0116701246515674,0.0178697834050576,0.0111136701953305,0.0087257314247861
"PH","PH_E","PH_D",87,86,87,1000,0.202925088622733,0.0334238581279073,0.797074911377267,0.0334238581279073,0.0117854126697891,0.0176836527307094,0.0111403342583139,0.00822591048285274
"PH","PH_E","PH_D",88,87,88,1000,0.198292030311208,0.0333606873192874,0.801707969688792,0.0333606873192874,0.0110524598655577,0.0186979379400556,0.0116397201497772,0.00875235291196652
"PH","PH_E","PH_D",89,88,89,1000,0.193977683437794,0.0336704302531175,0.806022316562206,0.0336704302531175,0.0114317916432713,0.0184212945391732,0.0111644034336663,0.00889052225838086
"PH","PH_E","PH_D",90,89,90,1000,0.189522348844436,0.033342724341441,0.810477651155564,0.033342724341441,0.0119179329201707,0.0208131575842267,0.0120413487463941,0.00919349180916808
"PH","PH_E","PH_D",91,90,91,1000,0.18224652842142,0.0328123839713308,0.81775347157858,0.0328123839713308,0.0112125228481563,0.0204596115220019,0.010725174596226,0.00892581755392873
"PH","PH_E","PH_D",92,91,92,1000,0.177677344104055,0.0331360462021693,0.822322655895945,0.0331360462021694,0.0111172534971728,0.0205785256898454,0.011051680373817,0.00935563156115158
"PH","PH_E","PH_D",93,92,93,1000,0.177046388690215,0.0336281230118421,0.822953611309785,0.0336281230118421,0.0116577472121003,0.0209699523588874,0.0107804460374659,0.00943090180126735
"PH","PH_E","PH_D",94,93,94,1000,0.181531084803071,0.0351052541112731,0.818468915196929,0.0351052541112731,0.0105753586749846,0.0215642210907402,0.0105633494894614,0.010065706412161
"PH","PH_E","PH_D",95,94,95,1000,0.188954855105437,0.0373483975016981,0.811045144894563,0.0373483975016981,0.0110623171984339,0.0225335192615026,0.0101921545019844,0.00991736435713494
"PH","PH_E","PH_D",96,95,96,1000,0.193789186236232,0.0393229257340862,0.806210813763768,0.0393229257340862,0.0112677547482499,0.0233298432893306,0.0112234524351425,0.0108150016903605
"PH","PH_E","PH_D",97,96,97,1000,0.190381823943535,0.0395714668293668,0.809618176056465,0.0395714668293668,0.00975189449498282,0.0213986704958423,0.0111457374549718,0.0110558784144564
"PH","PH_E","PH_D",98,97,98,1000,0.18669392729472,0.03990660594336,0.81330607270528,0.03990660594336,0.0114094577235218,0.0249327851676549,0.0111912926380615,0.0110489686925345
"PH","PH_E","PH_D",99,98,99,1000,0.179886321377373,0.038846223885092,0.820113678622627,0.0388462238850921,0.0112373436714094,0.0257207110251606,0.0103543101570942,0.0106503517150617
"PH","PH_E","PH_D",100,99,100,1000,0.180190049870396,0.0394855126147223,0.819809950129604,0.0394855126147223,0.0114783239561563,0.0265155341623281,0.0107581375001426,0.0115210439879998
"PH","PH_E","PH_D",101,100,101,1000,0.176844065147899,0.0401663223462273,0.823155934852101,0.0401663223462273,0.0102848294915041,0.0247936771965976,0.0108814731472326,0.0111859331300366
"PH","PH_E","PH_D",102,101,102,1000,0.173198636722208,0.041171792241758,0.826801363277792,0.041171792241758,0.00918845709623799,0.0245563561905271,0.0107426640220457,0.0115819644385576
"PH","PH_E","PH_D",103,102,103,1000,0.169375320491212,0.0411351359853051,0.830624679508788,0.0411351359853051,0.0101909904152392,0.0269425234063039,0.0113404065917976,0.0121890828270125
"PH","PH_E","PH_D",104,103,104,1000,0.168626055609131,0.0421498241507157,0.831373944390869,0.0421498241507157,0.00914894478494847,0.025747854910615,0.0111147286553385,0.0121250527138657
"PH","PH_E","PH_D",105,104,105,1000,0.16667307369193,0.043269671448911,0.83332692630807,0.043269671448911,0.0117899538852206,0.03342573433009,0.011255804153036,0.0124540401207531
"PH","PH_E","PH_D",106,105,106,1000,0.168236551295024,0.044259910129733,0.831763448704976,0.044259910129733,0.0102490583798906,0.0289668994223871,0.0107558375829249,0.0127170453086584
"PH","PH_E","PH_D",107,106,107,1000,0.162406449545541,0.0437254797260118,0.837593550454459,0.0437254797260117,0.0108663575103,0.0293882278768664,0.0109294560901805,0.0132928549331952
"PH","PH_E","PH_D",108,107,108,1000,0.159180907782409,0.0441473693823804,0.840819092217591,0.0441473693823804,0.0121207243592502,0.035354397841457,0.0111028871749547,0.013076462279509
"PH","PH_E","PH_D",109,108,109,1000,0.159195563390126,0.0450223806674825,0.840804436609874,0.0450223806674826,0.0104732768854472,0.0321979358286707,0.0113471569846863,0.0141862950138236
"PH","PH_E","PH_D",110,109,110,1000,0.155416028829546,0.0463875345525734,0.844583971170453,0.0463875345525734,0.0103878983372183,0.0323167044940807,0.0103541502125025,0.0138023018322641
"PH","PH_E","PH_D",111,110,111,1000,0.148036079570485,0.0467914680344279,0.851963920429515,0.0467914680344279,0.0109535609039248,0.0376005306630524,0.0113334800896794,0.0147348098346634
"PH","PH_E","PH_D",112,111,112,1000,0.144325135328511,0.0476031598923947,0.855674864671489,0.0476031598923946,0.00969641294812579,0.0374056802047669,0.0111621225554932,0.0145367532273107
"PH","PH_E","PH_D",113,112,113,1000,0.142917434491296,0.0498657921007973,0.857082565508704,0.0498657921007974,0.0153903750951567,0.0628237548652318,0.0117995361013428,0.0157948217057935
"PH","PH_E","PH_D",114,113,114,1000,0.136548836533586,0.0484734129469078,0.863451163466414,0.0484734129469078,0.00904937606328014,0.0365330040736045,0.0107280658776676,0.0154679128689967
"PH","PH_E","PH_D",115,114,115,1000,0.130003079701059,0.0481378224065712,0.869996920298941,0.0481378224065712,0.0121287031886859,0.0469107138722398,0.0118119314796369,0.0165047841331652
"PH","PH_E","PH_D",116,115,116,1000,0.123781093546895,0.0467524330117385,0.876218906453105,0.0467524330117384,0.00989527253969003,0.0479630800740043,0.0115254297985178,0.0165651504444102
"PH","PH_E","PH_D",117,116,117,1000,0.119113960132155,0.0464258898011603,0.880886039867845,0.0464258898011602,0.00995729029316198,0.0522050685526965,0.0119859494170739,0.0174584567444377
"PH","PH_E","PH_D",118,117,118,1000,0.12526938362838,0.0504194170693036,0.87473061637162,0.0504194170693036,0.0216304409802918,0.33503712688698,0.0110151969067344,0.0173528321422879
"PH","PH_E","PH_D",119,118,119,1000,0.126820931890892,0.0525501857530866,0.873179068109109,0.0525501857530866,0.0100959956291746,0.056347410589716,0.0105022037575244,0.0188746091936591
"PH","PH_E","PH_D",120,119,120,1000,0.129334860897309,0.0553922180612842,0.870665139102691,0.0553922180612842,0.0157399892306284,0.10021916422662,0.0112077521456868,0.020235553184773
"PH","PH_E","PH_D",121,120,121,1000,0.129283498243088,0.0574991109724654,0.870716501756912,0.0574991109724654,0.0113027496431631,0.0821240289919616,0.0124899236151196,0.0217288400786865
"PH","PH_E","PH_D",122,121,122,1000,0.135769705518142,0.0624246672537952,0.864230294481858,0.0624246672537952,0.0145668153072575,0.0784695339050258,0.0121416065371725,0.0228290035784336
"PH","PH_E","PH_D",123,122,123,1000,0.138010306562474,0.0641861954564605,0.861989693437526,0.0641861954564604,0.0101913732594247,0.0598730179724905,0.0116428703753567,0.0246246739656073
"PH","PH_E","PH_D",124,123,124,1000,0.128455210768975,0.0608056384394376,0.871544789231025,0.0608056384394376,0.0113969672475426,0.0704776055652415,0.0119160741600794,0.0264060182100343
"PH","PH_E","PH_D",125,124,125,1000,0.123537087913027,0.0594823322118398,0.876462912086973,0.0594823322118397,0.00658296669258582,0.0551697186474575,0.0115462662073453,0.0259347063376153
"PH","PH_E","PH_D",126,125,126,1000,0.119756058065405,0.0600247525356962,0.880243941934595,0.0600247525356962,0.00863061479701432,0.0722526209087469,0.0122550366739024,0.0264440733829669
"PH","PH_E","PH_D",127,126,127,1000,0.121535260128281,0.0586427401735001,0.878464739871719,0.0586427401735,0.00834415384571826,0.0697989963178442,0.010905610974711,0.0263232517482115
"PH","PH_E","PH_D",128,127,128,1000,0.120538815754844,0.0577484301306588,0.879461184245156,0.0577484301306587,0.00824181554403517,0.082680791520489,0.010560582744477,0.0271141217091016
"PH","PH_E","PH_D",129,128,129,1000,0.121176700442962,0.0573683501419241,0.878823299557038,0.057368350141924,0.0117655649566036,0.107060221543183,0.0104380171786356,0.0286194267571707
"PH","PH_E","PH_D",130,129,130,1000,0.134889170597331,0.0618851882006664,0.865110829402669,0.0618851882006663,0.0174752329865289,0.242493495015394,0.0104917891830438,0.0334193375155442
"PH","PH_E","PH_D",131,130,131,1000,0.143287599469747,0.0620146807832658,0.856712400530253,0.0620146807832658,0.0127566357245611,0.160186851918947,0.00930950180134148,0.0316887329040556
"PH","PH_E","PH_D",132,131,132,1000,0.163941083562424,0.0676460945410304,0.836058916437576,0.06764609454103,0.0073521002494252,0.104274005037093,0.00903855242235838,0.0342289513388983
"PH","PH_E","PH_D",133,132,133,1000,0.182387790803246,0.0725166557476116,0.817612209196754,0.0725166557476115,0.00697444339312017,0.0881287813673589,0.0076961255840168,0.0340659281293859
"PH","PH_E","PH_D",134,133,134,1000,0.207730181993105,0.0813740302148538,0.792269818006895,0.0813740302148538,0.0099200456454499,0.0893863890963677,0.00635751465124654,0.0336018374321373
"PH","PH_E","PH_D",135,134,135,1000,0.246005112419712,0.0940698596090488,0.753994887580288,0.0940698596090488,0.0299693639048259,0.54486137436565,0.00433806988445877,0.0337189018743647
"PH","PH_E","PH_D",136,135,136,1000,0.319917806904981,0.118125644629558,0.680082193095019,0.118125644629558,0.04736212969365,0.3654448759102,0.00356500642999491,0.0339245795786997
"PH","PH_E","PH_D",137,136,137,1000,0.552414993851878,0.241948184588575,0.447585006148122,0.241948184588575,0.137907717477044,0.383366655415397,0.00255814308916877,0.0410077330808992
"PH","PH_E","PH_D",138,137,138,1000,0.670054909503978,0.293235872136128,0.329945090496022,0.293235872136128,0.223054791776234,0.495394453011768,0.00525994988173682,0.110694720572904
"PH","PH_E","PH_D",139,138,139,1000,0.904213522315932,0.164005139022698,0.0957864776840681,0.164005139022698,0.261568440461518,0.438130755041342,0,0
"RS","RS_T","RS_F",1,0,1,1000,0.489945218375538,0.000524822915060708,0.510054781624454,0.000524822915060684,0.0180772989268993,0.00111802048318959,0.0164861642426654,0.00111182681653325
"RS","RS_T","RS_F",2,1,2,1000,0.500224497375785,0.0010337764501978,0.499775502624214,0.00103377645019781,0.00786187535136181,0.00133956232642335,0.00995643049594729,0.00145323662203184
"RS","RS_T","RS_F",3,2,3,1000,0.500077033408965,0.00141721756626095,0.499922966591035,0.00141721756626099,0.00665000044842176,0.00147789641337002,0.00985591641750991,0.00171244874432351
"RS","RS_T","RS_F",4,3,4,1000,0.495339515388739,0.00184223921016814,0.504660484611261,0.00184223921016811,0.00668367132346896,0.00162287873858437,0.00887741073540885,0.0017674897008892
"RS","RS_T","RS_F",5,4,5,1000,0.491795983515879,0.00228019815982458,0.508204016484121,0.00228019815982459,0.0061414067086788,0.00180265241227602,0.00834489407547694,0.00191138611179429
"RS","RS_T","RS_F",6,5,6,1000,0.49191685484688,0.00265159666262216,0.50808314515312,0.00265159666262212,0.0055747120799798,0.00183091736158888,0.00817546928038713,0.00214158748873488
"RS","RS_T","RS_F",7,6,7,1000,0.491801452160656,0.00286765727421314,0.508198547839343,0.00286765727421317,0.00538284363943775,0.00193765589803355,0.00714437872762597,0.00212755611568497
"RS","RS_T","RS_F",8,7,8,1000,0.486220208182712,0.00320885218089552,0.513779791817288,0.00320885218089555,0.00528814265320844,0.00201731958840986,0.00667712117830823,0.00225560417361437
"RS","RS_T","RS_F",9,8,9,1000,0.480126416624159,0.00355022889357215,0.519873583375841,0.00355022889357211,0.00526598981529821,0.00207672869249692,0.00645023850554141,0.00225724998964426
"RS","RS_T","RS_F",10,9,10,1000,0.482485367447421,0.00401055020644687,0.517514632552579,0.00401055020644685,0.00534018970251284,0.00222534365736464,0.00648341384349244,0.00236192041634451
"RS","RS_T","RS_F",11,10,11,1000,0.477486560416865,0.00447036133943221,0.522513439583135,0.00447036133943222,0.00609012244737072,0.00251673424295914,0.00747633743317076,0.00258187535977295
"RS","RS_T","RS_F",12,11,12,1000,0.474191137811625,0.00495001909704737,0.525808862188375,0.00495001909704736,0.00622504711512395,0.00269826680995175,0.00645547574543779,0.00248688164739592
"RS","RS_T","RS_F",13,12,13,1000,0.471522820835112,0.00512799848996836,0.528477179164888,0.00512799848996833,0.00618004697565553,0.00274761832148205,0.00612470166633115,0.0025909977041671
"RS","RS_T","RS_F",14,13,14,1000,0.47160685622961,0.00532156616730223,0.52839314377039,0.00532156616730222,0.00568285387860748,0.00284267851090923,0.0063081776412317,0.00272531664966706
"RS","RS_T","RS_F",15,14,15,1000,0.466506613848905,0.00569951421842989,0.533493386151096,0.00569951421842992,0.00540595651052113,0.00285457924308832,0.00634298361540951,0.00285263889987834
"RS","RS_T","RS_F",16,15,16,1000,0.463117402047329,0.00604109104215277,0.536882597952671,0.00604109104215274,0.00558594272169513,0.00313796623010057,0.00572299201999699,0.00279225795510474
"RS","RS_T","RS_F",17,16,17,1000,0.465485806880581,0.00647082765614589,0.534514193119419,0.0064708276561459,0.00561102679852993,0.00315021570110649,0.00597738615449895,0.00300970809265543
"RS","RS_T","RS_F",18,17,18,1000,0.462639491346259,0.00689865288939495,0.537360508653741,0.00689865288939495,0.00551215359675954,0.0033447202671074,0.00597368034403101,0.00313165502318452
"RS","RS_T","RS_F",19,18,19,1000,0.4573304235266,0.00750377404614813,0.542669576473399,0.00750377404614811,0.00565819440935423,0.00353470766421239,0.00602464700101547,0.00320812381946784
"RS","RS_T","RS_F",20,19,20,1000,0.453746647415966,0.0077648324555863,0.546253352584034,0.00776483245558628,0.0055477846312247,0.00343398643971158,0.00622225544311666,0.00338897295371855
"RS","RS_T","RS_F",21,20,21,1000,0.45367759312653,0.00804882223365062,0.54632240687347,0.00804882223365063,0.00532417983911585,0.00347953604759634,0.00605336041688365,0.00349824522928873
"RS","RS_T","RS_F",22,21,22,1000,0.448016333939625,0.00842905953912004,0.551983666060374,0.00842905953912005,0.00553989216415374,0.00382117964621074,0.00585574451054776,0.00358946982536536
"RS","RS_T","RS_F",23,22,23,1000,0.448538858828606,0.00884160251547036,0.551461141171395,0.00884160251547036,0.00560971192124698,0.00390573383617501,0.00589856222459738,0.00366043102711481
"RS","RS_T","RS_F",24,23,24,1000,0.45050436794528,0.00941012010938085,0.54949563205472,0.00941012010938088,0.00543695572546037,0.00397154187064763,0.00579879112893551,0.00373503667364808
"RS","RS_T","RS_F",25,24,25,1000,0.453386618931108,0.00991308944042509,0.546613381068892,0.0099130894404251,0.00515123654615373,0.0038234753950777,0.00566484768277324,0.00380539678364669
"RS","RS_T","RS_F",26,25,26,1000,0.455764605423509,0.0103897353032248,0.544235394576491,0.0103897353032248,0.00546200097227875,0.00425441447098889,0.00576932226186863,0.00397540515705656
"RS","RS_T","RS_F",27,26,27,1000,0.451833361576042,0.0110177845563451,0.548166638423958,0.011017784556345,0.00565685924025984,0.00436385791250741,0.00576349824439891,0.00396984840614167
"RS","RS_T","RS_F",28,27,28,1000,0.450832150938027,0.0116076232255318,0.549167849061973,0.0116076232255318,0.00537900627196744,0.0042568644073428,0.00557452214988558,0.0040657001175678
"RS","RS_T","RS_F",29,28,29,1000,0.451665194230653,0.0120660863170213,0.548334805769347,0.0120660863170213,0.00539403545930664,0.0044581205908817,0.00576036628291214,0.00406204664110196
"RS","RS_T","RS_F",30,29,30,1000,0.449998180266403,0.0123066855321773,0.550001819733597,0.0123066855321773,0.00548234585533899,0.00472167571700189,0.00597938265127425,0.00438656695053214
"RS","RS_T","RS_F",31,30,31,1000,0.448836283233992,0.0127444198834178,0.551163716766008,0.0127444198834178,0.00556601103785147,0.004707629060963,0.00605823357728151,0.00446506295942429
"RS","RS_T","RS_F",32,31,32,1000,0.446750423325258,0.0133506176073127,0.553249576674742,0.0133506176073127,0.00566727194240679,0.00486365596421806,0.00597090283160417,0.00442127704332618
"RS","RS_T","RS_F",33,32,33,1000,0.446678903263618,0.0137293475245908,0.553321096736382,0.0137293475245908,0.00578347222878835,0.0050959793191246,0.00601020044109033,0.00442441354069616
"RS","RS_T","RS_F",34,33,34,1000,0.449097772654763,0.0141806846482486,0.550902227345237,0.0141806846482486,0.00565323451158849,0.0051748323988032,0.00614420087005331,0.00474215820348343
"RS","RS_T","RS_F",35,34,35,1000,0.449945031885798,0.0147311748537533,0.550054968114202,0.0147311748537534,0.00591050732878967,0.00519537591004236,0.00611415292178022,0.00489666332113612
"RS","RS_T","RS_F",36,35,36,1000,0.450690961530481,0.0152007933630181,0.549309038469519,0.0152007933630181,0.00572553033402564,0.00536644940003059,0.0058189743555463,0.00461872906045928
"RS","RS_T","RS_F",37,36,37,1000,0.448576509268185,0.0155656835613846,0.551423490731815,0.0155656835613846,0.00558465717841838,0.00513638597966124,0.00602465211502532,0.00486120302354784
"RS","RS_T","RS_F",38,37,38,1000,0.442854678785115,0.0161546449755722,0.557145321214884,0.0161546449755722,0.00575816860465416,0.00538541506330035,0.00610729549270468,0.00503236370894844
"RS","RS_T","RS_F",39,38,39,1000,0.443478650943156,0.0164531659227089,0.556521349056845,0.0164531659227089,0.0053097796365355,0.00541027024401936,0.00629573844049599,0.00522030186103705
"RS","RS_T","RS_F",40,39,40,1000,0.440396022904186,0.0165646808465092,0.559603977095814,0.0165646808465092,0.00504289262576512,0.00552349673737861,0.00610186379385341,0.00524292246148042
"RS","RS_T","RS_F",41,40,41,1000,0.436841445821239,0.0168871009514519,0.56315855417876,0.0168871009514519,0.00515984862860927,0.00539270548137231,0.00590277936691956,0.00499115801866289
"RS","RS_T","RS_F",42,41,42,1000,0.428807753178349,0.0174467364421646,0.571192246821651,0.0174467364421646,0.00522022291242004,0.00562123450366517,0.00650618406380006,0.00553216120977546
"RS","RS_T","RS_F",43,42,43,1000,0.419509295673351,0.0178834470551058,0.580490704326649,0.0178834470551058,0.00512129327588461,0.00577415808436305,0.00672799097057551,0.00553386916942253
"RS","RS_T","RS_F",44,43,44,1000,0.41248894386907,0.0182771658481429,0.58751105613093,0.0182771658481428,0.00546652666692781,0.00645748995084546,0.00640500947586732,0.00555374621795506
"RS","RS_T","RS_F",45,44,45,1000,0.403308270000143,0.0186701930199352,0.596691729999857,0.0186701930199352,0.00556667159232582,0.00650348400742955,0.00659543301909259,0.00590315773367222
"RS","RS_T","RS_F",46,45,46,1000,0.394361545436866,0.0190425178384605,0.605638454563134,0.0190425178384605,0.00528459601173855,0.00639003886742774,0.00634813661844928,0.00565989281143341
"RS","RS_T","RS_F",47,46,47,1000,0.3923090955899,0.0194820759015385,0.6076909044101,0.0194820759015386,0.00501575274822021,0.00635445609527904,0.00640141264640156,0.00564759648156632
"RS","RS_T","RS_F",48,47,48,1000,0.395338221101632,0.0201226001605545,0.604661778898368,0.0201226001605545,0.00523790508091733,0.00652700503578716,0.00651737423328656,0.00601505591339695
"RS","RS_T","RS_F",49,48,49,1000,0.400046775992184,0.0208315507724858,0.599953224007816,0.0208315507724858,0.00510745934304006,0.00678038542116478,0.00633176370558379,0.00594813446742703
"RS","RS_T","RS_F",50,49,50,1000,0.405228683609717,0.0214034449647748,0.594771316390283,0.0214034449647748,0.00566643004084985,0.00701846381448426,0.00591207400133892,0.00595890662947874
"RS","RS_T","RS_F",51,50,51,1000,0.407626433672051,0.0216702236693054,0.592373566327949,0.0216702236693054,0.00515323135793834,0.00698366177447163,0.00586834326145423,0.00611338801395153
"RS","RS_T","RS_F",52,51,52,1000,0.414098070801878,0.0222828626210011,0.585901929198122,0.0222828626210011,0.00509263720413949,0.00708668737016937,0.00583972269142649,0.00621164792048397
"RS","RS_T","RS_F",53,52,53,1000,0.414744510567003,0.0226032057592336,0.585255489432997,0.0226032057592336,0.00499512477916735,0.00685556987633618,0.00576189982373209,0.00601231922451032
"RS","RS_T","RS_F",54,53,54,1000,0.415509560925655,0.0232205358728815,0.584490439074345,0.0232205358728815,0.0052210952374371,0.00730642132278675,0.00595705034366131,0.00610608679371265
"RS","RS_T","RS_F",55,54,55,1000,0.417642376026948,0.0238870862204427,0.582357623973052,0.0238870862204427,0.00516128643524597,0.00726272871587779,0.005587225545285,0.00640151994942013
"RS","RS_T","RS_F",56,55,56,1000,0.416409257999656,0.0240942140395132,0.583590742000344,0.0240942140395131,0.00531682779812827,0.00749918470087185,0.00587892177766224,0.00685935444804379
"RS","RS_T","RS_F",57,56,57,1000,0.410922053368297,0.0246283377616447,0.589077946631703,0.0246283377616447,0.00553372250507838,0.0079840764165895,0.00601519916139905,0.00655750334248575
"RS","RS_T","RS_F",58,57,58,1000,0.411797149972273,0.024845781543457,0.588202850027727,0.024845781543457,0.00493501301842817,0.00770788639384458,0.00616290260772367,0.00664990953834283
"RS","RS_T","RS_F",59,58,59,1000,0.408915662282822,0.0254053032641606,0.591084337717178,0.0254053032641606,0.00533686557427649,0.00773267976481383,0.00623592774017643,0.00677050773490476
"RS","RS_T","RS_F",60,59,60,1000,0.399502909580598,0.0260556654272834,0.600497090419402,0.0260556654272835,0.00498276779806762,0.00765623288057526,0.00564288765211317,0.00657178436108239
"RS","RS_T","RS_F",61,60,61,1000,0.396457895207924,0.0269427614268543,0.603542104792076,0.0269427614268543,0.00510430873453818,0.0081314296011785,0.00600496805948134,0.00707066200390824
"RS","RS_T","RS_F",62,61,62,1000,0.396330025126978,0.0276059684778894,0.603669974873022,0.0276059684778894,0.0050800432304535,0.00817262235475721,0.00627668548940076,0.00703922318950203
"RS","RS_T","RS_F",63,62,63,1000,0.395491483406782,0.0279066259607015,0.604508516593218,0.0279066259607015,0.00500070028210763,0.00852118558979602,0.0059326791813565,0.00707432328778695
"RS","RS_T","RS_F",64,63,64,1000,0.392796720561732,0.0285944455767311,0.607203279438268,0.0285944455767311,0.00487178321481737,0.00800120575148107,0.0064474026373563,0.00751203545813276
"RS","RS_T","RS_F",65,64,65,1000,0.395679634521533,0.0295712477648826,0.604320365478467,0.0295712477648826,0.00467087463822014,0.00820461147409744,0.00659020126417398,0.00772507248085365
"RS","RS_T","RS_F",66,65,66,1000,0.398958713020078,0.0301741222207305,0.601041286979922,0.0301741222207305,0.00533395994049117,0.00832010239519082,0.00644195408060736,0.00757062268337769
"RS","RS_T","RS_F",67,66,67,1000,0.393293130783414,0.031196839157064,0.606706869216586,0.031196839157064,0.00506310408490519,0.00860497347084712,0.00621906315206907,0.00776071144130445
"RS","RS_T","RS_F",68,67,68,1000,0.383218960281567,0.0317432964979349,0.616781039718433,0.0317432964979349,0.0050910943974116,0.00897767842071052,0.00629240904919923,0.0076431633374896
"RS","RS_T","RS_F",69,68,69,1000,0.382502893706161,0.0327167700401511,0.617497106293839,0.0327167700401511,0.00471147004540844,0.0087221153026384,0.00737710111613753,0.00871853675849447
"RS","RS_T","RS_F",70,69,70,1000,0.381209385272516,0.033708221217866,0.618790614727484,0.033708221217866,0.00504214897341014,0.00932165244226072,0.0065790787533909,0.00827821854416178
"RS","RS_T","RS_F",71,70,71,1000,0.384742060035996,0.0343589692570463,0.615257939964004,0.0343589692570463,0.00492273414091556,0.00880106879485487,0.00705620676866258,0.0083123173979447
"RS","RS_T","RS_F",72,71,72,1000,0.396736840077663,0.0357424350581934,0.603263159922337,0.0357424350581934,0.00500911428904802,0.00899728190712115,0.00762608085147606,0.00933664306227672
"RS","RS_T","RS_F",73,72,73,1000,0.389860581154919,0.0362259393820924,0.610139418845081,0.0362259393820924,0.00578076567268061,0.0100384275443972,0.00742963601769432,0.00909619418967462
"RS","RS_T","RS_F",74,73,74,1000,0.391364222809898,0.036558664526554,0.608635777190102,0.0365586645265539,0.00566455682601256,0.0104834175929978,0.0073983508148959,0.00929344683472111
"RS","RS_T","RS_F",75,74,75,1000,0.393550942660093,0.0372390855013442,0.606449057339907,0.0372390855013442,0.00595928354658823,0.010486427818524,0.00776151665950338,0.0095454970947367
"RS","RS_T","RS_F",76,75,76,1000,0.394818609454563,0.0378867182740915,0.605181390545437,0.0378867182740914,0.00571212647328743,0.0100293020829516,0.00653342822333721,0.00907436588890343
"RS","RS_T","RS_F",77,76,77,1000,0.389333148528958,0.0387392536740553,0.610666851471042,0.0387392536740553,0.00601816514550249,0.0105454471836549,0.0063354406628689,0.00871190593341325
"RS","RS_T","RS_F",78,77,78,1000,0.381916994089219,0.0397558367756508,0.618083005910781,0.0397558367756507,0.00479162293758728,0.00977501269882767,0.00688108548598484,0.00950456827263654
"RS","RS_T","RS_F",79,78,79,1000,0.381596553951519,0.0410490674264743,0.618403446048481,0.0410490674264743,0.00490243267468348,0.00999244849330458,0.0065642384345538,0.00927274520505322
"RS","RS_T","RS_F",80,79,80,1000,0.390130755416532,0.0429303904302478,0.609869244583468,0.0429303904302478,0.00497402611969411,0.0107321444412829,0.00713289332188127,0.0095607202373024
"RS","RS_T","RS_F",81,80,81,1000,0.378697320481476,0.0443044569374367,0.621302679518524,0.0443044569374367,0.00458528814346598,0.00990491490524711,0.00704793181661331,0.00969095704973855
"RS","RS_T","RS_F",82,81,82,1000,0.369511566716008,0.0456798523049236,0.630488433283992,0.0456798523049237,0.00471866986413331,0.0107186939096929,0.00690202570154346,0.00977952011446025
"RS","RS_T","RS_F",83,82,83,1000,0.364948784964104,0.0462604405938579,0.635051215035896,0.0462604405938579,0.00405949623217181,0.00973366662722407,0.00735205719834291,0.0102279345491727
"RS","RS_T","RS_F",84,83,84,1000,0.36554863692378,0.0475122501627625,0.63445136307622,0.0475122501627625,0.00468793026851878,0.0105856969564133,0.00683299479264075,0.00984330277925014
"RS","RS_T","RS_F",85,84,85,1000,0.356100346116507,0.0486818552731847,0.643899653883493,0.0486818552731846,0.00497306219856979,0.0116136180043329,0.0072815447958809,0.0104828711071206
"RS","RS_T","RS_F",86,85,86,1000,0.358709335083903,0.0504894856756668,0.641290664916097,0.0504894856756668,0.0051138457284025,0.0115508492883782,0.00660619601369694,0.00964808469452306
"RS","RS_T","RS_F",87,86,87,1000,0.362825623793368,0.0516797463266912,0.637174376206632,0.0516797463266912,0.00450579022649113,0.0108294122320892,0.00675747570848965,0.010039706344073
"RS","RS_T","RS_F",88,87,88,1000,0.362643051788934,0.0525952865463685,0.637356948211066,0.0525952865463685,0.0049312183519628,0.0114738507728403,0.00675718125033234,0.0103936808554308
"RS","RS_T","RS_F",89,88,89,1000,0.363896237113171,0.0545669897147915,0.636103762886829,0.0545669897147915,0.00542795548374971,0.0123843609546322,0.00722825067300267,0.0105662568967655
"RS","RS_T","RS_F",90,89,90,1000,0.354793545871666,0.0575086831619138,0.645206454128334,0.0575086831619138,0.00503860261854959,0.0125028219108035,0.00757038617028251,0.0111286111574765
"RS","RS_T","RS_F",91,90,91,1000,0.360398624881809,0.0590507728539916,0.639601375118191,0.0590507728539916,0.00488990229298661,0.0122368584663203,0.00669335597849386,0.0104877450657608
"RS","RS_T","RS_F",92,91,92,1000,0.366807602295206,0.0615680704303278,0.633192397704794,0.0615680704303278,0.00584415685223422,0.0137175466035203,0.00681790468845266,0.0111432773501781
"RS","RS_T","RS_F",93,92,93,1000,0.368910856136498,0.0631472820780532,0.631089143863502,0.0631472820780532,0.0046115502318721,0.0122430166720261,0.00654742961942271,0.0109112630746231
"RS","RS_T","RS_F",94,93,94,1000,0.389724922358735,0.0651262230364679,0.610275077641265,0.0651262230364678,0.00548160286314007,0.0136459753823145,0.00721329603515658,0.0122206759571713
"RS","RS_T","RS_F",95,94,95,1000,0.401760362781158,0.0690661060081488,0.598239637218842,0.0690661060081488,0.00497240479212728,0.0126372819258204,0.00710274663286502,0.0127230476567792
"RS","RS_T","RS_F",96,95,96,1000,0.415229341627472,0.0734635782624406,0.584770658372528,0.0734635782624406,0.00539614455215746,0.0145579467151646,0.00628975944153271,0.01244244243966
"RS","RS_T","RS_F",97,96,97,1000,0.414357954442324,0.0757015057493379,0.585642045557676,0.0757015057493379,0.00530190677467934,0.0136285004564873,0.0074936800275756,0.0142173879502455
"RS","RS_T","RS_F",98,97,98,1000,0.402764638746849,0.0781034391275556,0.597235361253151,0.0781034391275557,0.00468916705069965,0.0135768977662759,0.00797749786689157,0.0145868958879794
"RS","RS_T","RS_F",99,98,99,1000,0.389832685504105,0.081853774045817,0.610167314495895,0.081853774045817,0.00478601665825442,0.0147958117486907,0.00806952261752723,0.0143732207522919
"RS","RS_T","RS_F",100,99,100,1000,0.388249885574207,0.0829169859016127,0.611750114425793,0.0829169859016127,0.00601317478044054,0.016824241402484,0.00695977723058053,0.014558731174528
"RS","RS_T","RS_F",101,100,101,1000,0.386922134999757,0.0843494992498931,0.613077865000243,0.0843494992498931,0.00507120449550588,0.0147376203112269,0.00801556185037386,0.0154423462713201
"RS","RS_T","RS_F",102,101,102,1000,0.37365195537031,0.0875687035342708,0.62634804462969,0.0875687035342708,0.00511796855005569,0.0151971223428163,0.00833709529238419,0.0155235352050204
"RS","RS_T","RS_F",103,102,103,1000,0.372550421623738,0.0897956209720682,0.627449578376262,0.0897956209720682,0.00582426552486475,0.0165041195606388,0.00731402342682223,0.0153221327788311
"RS","RS_T","RS_F",104,103,104,1000,0.365443950084389,0.0942249495141863,0.634556049915611,0.0942249495141864,0.00482728140656402,0.0160847438503888,0.00751149605869506,0.0155416449146486
"RS","RS_T","RS_F",105,104,105,1000,0.379941756247243,0.100712281079122,0.620058243752757,0.100712281079122,0.00502918966276702,0.0161475119079839,0.00722402935810466,0.0154024564919145
"RS","RS_T","RS_F",106,105,106,1000,0.381303844851961,0.106466947473514,0.618696155148039,0.106466947473514,0.0046320507229775,0.0157208419507133,0.00712957784255124,0.0150659185678641
"RS","RS_T","RS_F",107,106,107,1000,0.382522319604679,0.109137626347298,0.617477680395321,0.109137626347298,0.0051214910503868,0.0161917348037652,0.00780625279675355,0.0169790825909387
"RS","RS_T","RS_F",108,107,108,1000,0.383857024361151,0.116646962895968,0.616142975638849,0.116646962895968,0.00499483746894901,0.0166999679658424,0.00726044213155268,0.0167488067956353
"RS","RS_T","RS_F",109,108,109,1000,0.37485575198138,0.122769683600727,0.62514424801862,0.122769683600727,0.00521207534208319,0.0183788013692424,0.00664472077801238,0.0157518223200498
"RS","RS_T","RS_F",110,109,110,1000,0.36354955895686,0.130143766389632,0.63645044104314,0.130143766389632,0.00573649936718488,0.0218754147624599,0.00705822183097279,0.018015830379933
"RS","RS_T","RS_F",111,110,111,1000,0.351931939466533,0.137398813811684,0.648068060533467,0.137398813811684,0.00606705733172637,0.0226459175405537,0.00935652343309038,0.0203072418290175
"RS","RS_T","RS_F",112,111,112,1000,0.348278731061528,0.1453459466181,0.651721268938472,0.1453459466181,0.00530737433745752,0.0201917915671453,0.00862307688910659,0.0194293306873871
"RS","RS_T","RS_F",113,112,113,1000,0.356358612173917,0.153122407587838,0.643641387826083,0.153122407587838,0.00622724607531698,0.0230270086909762,0.00865574308460029,0.0199451127078854
"RS","RS_T","RS_F",114,113,114,1000,0.369903381852653,0.160107127395858,0.630096618147347,0.160107127395858,0.00541474421482248,0.0212231028464278,0.00783044544602427,0.0200841909836421
"RS","RS_T","RS_F",115,114,115,1000,0.363475063934868,0.167222621523778,0.636524936065131,0.167222621523778,0.00567853751610027,0.0262455825435456,0.00862689138975337,0.0216720420397711
"RS","RS_T","RS_F",116,115,116,1000,0.356377931659381,0.177388137572709,0.643622068340619,0.177388137572709,0.00591843458387294,0.0251159525442549,0.00863167529531174,0.0222268739609548
"RS","RS_T","RS_F",117,116,117,1000,0.360218791970434,0.186322841075713,0.639781208029566,0.186322841075713,0.00554372034305256,0.0229412705120537,0.00875533021833979,0.0221516285837108
"RS","RS_T","RS_F",118,117,118,1000,0.346202413860841,0.197929224129854,0.653797586139159,0.197929224129854,0.00675547267925915,0.0294258050824694,0.0103766314711044,0.0256709314307502
"RS","RS_T","RS_F",119,118,119,1000,0.342130401873796,0.194735709006379,0.657869598126204,0.194735709006379,0.00866460469364544,0.0331406224154128,0.0109985598452016,0.0257678684118182
"RS","RS_T","RS_F",120,119,120,1000,0.330230476795813,0.189415895283147,0.669769523204187,0.189415895283147,0.00580359270051882,0.030281373305518,0.0119095742139412,0.0292109774068821
"RS","RS_T","RS_F",121,120,121,1000,0.314352016123593,0.207359417722043,0.685647983876407,0.207359417722043,0.00688222568865456,0.032957823955781,0.0112792496930299,0.0296936587629881
"RS","RS_T","RS_F",122,121,122,1000,0.319807428467647,0.217201899511784,0.680192571532353,0.217201899511784,0.00491374297196644,0.0334660067552847,0.0122181783387772,0.0319553197579744
"RS","RS_T","RS_F",123,122,123,1000,0.325977579837929,0.231110980211594,0.674022420162071,0.231110980211594,0.00369119006465811,0.0309111843461498,0.0147809308223191,0.041103078605411
"RS","RS_T","RS_F",124,123,124,1000,0.332421335322466,0.246889606958587,0.667578664677534,0.246889606958587,0.00788830139497311,0.0605866596588444,0.0122557991663773,0.0362420399009542
"RS","RS_T","RS_F",125,124,125,1000,0.344691449394768,0.269120922133988,0.655308550605232,0.269120922133988,0.0103403153663428,0.0456599887284883,0.0169758091110528,0.0517488621879907
"RS","RS_T","RS_F",126,125,126,1000,0.358292710202689,0.289962701044075,0.641707289797311,0.289962701044075,0.00641150279983433,0.0321572854678269,0.0139341872999173,0.0478229625236429
"RS","RS_T","RS_F",127,126,127,1000,0.341895205027265,0.294554702957768,0.658104794972735,0.294554702957768,0.014389611646948,0.248499312527735,0.0137808603870765,0.0390749435794223
"RS","RS_T","RS_F",128,127,128,1000,0.333947572917144,0.300926037452073,0.666052427082857,0.300926037452073,0.00617710961961036,0.0359654725612893,0.012514838774288,0.0450735380263798
"RS","RS_T","RS_F",129,128,129,1000,0.341522896067311,0.311243439912948,0.658477103932689,0.311243439912948,0.00675097556003224,0.0401283596697388,0.0191532820006808,0.219734652752893
"RS","RS_T","RS_F",130,129,130,1000,0.328891365712404,0.321259491989767,0.671108634287596,0.321259491989767,0.00770268619676697,0.0526876513098296,0.0131532696836254,0.045221095908177
"RS","RS_T","RS_F",131,130,131,1000,0.315581672835458,0.329683357462473,0.684418327164542,0.329683357462473,0.00506020820489556,0.056959504455455,0.0136921314798378,0.0454134668335619
"RS","RS_T","RS_F",132,131,132,1000,0.285911076558798,0.341474165721926,0.714088923441202,0.341474165721926,0.00461231873650455,0.0303886703885275,0.0201333750070474,0.107054035525766
"RS","RS_T","RS_F",133,132,133,1000,0.29535568373784,0.35881208989958,0.70464431626216,0.35881208989958,0.00362117711298882,0.028077162774037,0.0307639097756065,0.396279571260544
"RS","RS_T","RS_F",134,133,134,1000,0.267574369928607,0.362688649193172,0.732425630071393,0.362688649193172,0.00346306208595021,0.0282810762219111,0.0299802407271693,0.0986520877589089
"RS","RS_T","RS_F",135,134,135,1000,0.243442858367439,0.376226632400017,0.756557141632561,0.376226632400017,0.0178463584339005,0.335667892855271,0.0268265999821373,0.0826284613716266
"RS","RS_T","RS_F",136,135,136,1000,0.230692283603017,0.387789780552232,0.769307716396983,0.387789780552232,0.00421014079149286,0.037235047959765,0.031675298472873,0.103635039887444
"RS","RS_T","RS_F",137,136,137,1000,0.227707885343369,0.393913345442573,0.772292114656631,0.393913345442573,0.00127839382776188,0.028720037899991,0.0238846578938153,0.138056325116796
"RS","RS_T","RS_F",138,137,138,1000,0.214911141682323,0.394123531070069,0.785088858317677,0.394123531070069,0.00122824157101864,0.0277373005541345,0.0171073402749737,0.110509911078529
"RS","RS_T","RS_F",139,138,139,1000,0.199886478930457,0.392877796358169,0.800113521069543,0.392877796358169,0.00466306190916851,0.121568228154997,0.0249246792993025,0.134266312315892
"PT","PT_U","PT_M",1,0,1,1000,0.252815201664613,0.00015903708049642,0.747184798335511,0.000159037080496169,0.0090168049974062,0.000542356657599647,0.00648388186940062,0.000262881789870112
"PT","PT_U","PT_M",2,1,2,1000,0.245151177499782,0.000301202677084686,0.754848822500214,0.000301202677084666,0.00547357049140807,0.000657066824685227,0.00413660739319665,0.000341445936626191
"PT","PT_U","PT_M",3,2,3,1000,0.236260386904157,0.000392561398912088,0.763739613095841,0.000392561398912099,0.00453883590215865,0.000715209018933161,0.0035886672999207,0.000373459158760659
"PT","PT_U","PT_M",4,3,4,1000,0.230901874934901,0.000487249438599717,0.769098125065094,0.00048724943859972,0.00430054386328055,0.00080556850313415,0.00319268067511422,0.000395482650564709
"PT","PT_U","PT_M",5,4,5,1000,0.22701038570162,0.000600232565354779,0.772989614298377,0.000600232565354797,0.00414126921040614,0.00087953860765299,0.00333601275876913,0.00041533095084264
"PT","PT_U","PT_M",6,5,6,1000,0.22293133120313,0.000700793991295771,0.777068668796871,0.000700793991295826,0.00411424290558598,0.00093684755534987,0.00292123104008761,0.000448244452709647
"PT","PT_U","PT_M",7,6,7,1000,0.218302848969235,0.00080206540871209,0.781697151030766,0.000802065408712086,0.00349178726521269,0.00103577592979592,0.00284617496206817,0.000455133814314547
"PT","PT_U","PT_M",8,7,8,1000,0.213774975184984,0.000899203875741262,0.786225024815016,0.000899203875741384,0.00344767253794196,0.00105624654962711,0.00260061718891023,0.000480276319074224
"PT","PT_U","PT_M",9,8,9,1000,0.210709632392262,0.00100693967038784,0.789290367607739,0.0010069396703878,0.00324221699764244,0.00111889385884439,0.00245262519074692,0.000511372490933725
"PT","PT_U","PT_M",10,9,10,1000,0.206120053376334,0.00108649004957528,0.793879946623666,0.00108649004957529,0.00311959674289012,0.0011627472385636,0.00258359987995964,0.000523817914302922
"PT","PT_U","PT_M",11,10,11,1000,0.204141143111407,0.00118240871036287,0.795858856888593,0.00118240871036287,0.00291130449085631,0.00121963233377158,0.0025716656253194,0.000567067932499959
"PT","PT_U","PT_M",12,11,12,1000,0.200057798765364,0.00121186527151026,0.799942201234635,0.00121186527151029,0.00281359447224357,0.0013425864686967,0.00264409697646605,0.000640293390497612
"PT","PT_U","PT_M",13,12,13,1000,0.193630611857343,0.00132374243289834,0.806369388142657,0.00132374243289837,0.00336800441771868,0.00148290811966053,0.00287055373026992,0.000653306937190407
"PT","PT_U","PT_M",14,13,14,1000,0.187759973411377,0.00144355894164495,0.812240026588623,0.00144355894164494,0.0034436367197121,0.00153690573961082,0.00251373025219544,0.000665435224399914
"PT","PT_U","PT_M",15,14,15,1000,0.18373679947356,0.00153737327602655,0.816263200526439,0.00153737327602655,0.00360557166369178,0.00168436754851699,0.0025104915536164,0.000700212170511868
"PT","PT_U","PT_M",16,15,16,1000,0.180798203307064,0.00165165128520643,0.819201796692936,0.00165165128520641,0.003171749667152,0.00173502456879123,0.00241213372975521,0.000688402215194655
"PT","PT_U","PT_M",17,16,17,1000,0.176696533642921,0.0017513284422592,0.82330346635708,0.0017513284422592,0.00337046952092678,0.00186075184832397,0.00221884952326518,0.000682420092129123
"PT","PT_U","PT_M",18,17,18,1000,0.174291456620697,0.00187361775996225,0.825708543379304,0.00187361775996224,0.00362110181249483,0.0019076280590724,0.00213983868659978,0.000703114846339816
"PT","PT_U","PT_M",19,18,19,1000,0.171159721582192,0.00196807233178302,0.828840278417808,0.00196807233178302,0.00303977521481181,0.00197959478934493,0.00221254655998219,0.000712812803325222
"PT","PT_U","PT_M",20,19,20,1000,0.167459002788456,0.0020775706088915,0.832540997211544,0.0020775706088915,0.0031922520868473,0.00207306632365982,0.00238356491767633,0.000776189545008687
"PT","PT_U","PT_M",21,20,21,1000,0.164550844433228,0.00214615380122371,0.835449155566772,0.00214615380122371,0.00319063022530902,0.00211002452489208,0.00206020060482802,0.000752787704766348
"PT","PT_U","PT_M",22,21,22,1000,0.159907392640455,0.00223144345619677,0.840092607359545,0.00223144345619679,0.0032615451217784,0.00225696855406896,0.00201972007979063,0.00076103558505865
"PT","PT_U","PT_M",23,22,23,1000,0.157346141996329,0.00230407802220062,0.842653858003671,0.00230407802220064,0.0032166530458551,0.00246841401818273,0.00196821657509268,0.000808913015351198
"PT","PT_U","PT_M",24,23,24,1000,0.15575471836432,0.00238960575902327,0.84424528163568,0.00238960575902326,0.00318437073621984,0.0024411326169634,0.00199654429132366,0.000815522488945101
"PT","PT_U","PT_M",25,24,25,1000,0.151793206836965,0.00252810618869106,0.848206793163035,0.00252810618869105,0.00329558248147797,0.00269272449696427,0.002184241826631,0.000887588231568605
"PT","PT_U","PT_M",26,25,26,1000,0.148269544295351,0.00266538601971445,0.851730455704648,0.00266538601971446,0.00327556808316336,0.00259576981297466,0.00205282288070134,0.000847462604973271
"PT","PT_U","PT_M",27,26,27,1000,0.147943696626273,0.0028267131460373,0.852056303373726,0.00282671314603729,0.00344796047441667,0.00294629710194261,0.00181099640102149,0.000849605917738465
"PT","PT_U","PT_M",28,27,28,1000,0.146603343734481,0.00297636041842872,0.853396656265518,0.0029763604184287,0.00354169744525941,0.00313467202058014,0.00184455031579773,0.000882554136507266
"PT","PT_U","PT_M",29,28,29,1000,0.145646250609502,0.00308907097542068,0.854353749390498,0.00308907097542071,0.00349463790347255,0.00324541832825857,0.00184401287355195,0.000906220934042702
"PT","PT_U","PT_M",30,29,30,1000,0.145093963864539,0.00325734521770378,0.854906036135461,0.00325734521770375,0.00363479569495597,0.00321999272615757,0.00184719417597558,0.000940691743710663
"PT","PT_U","PT_M",31,30,31,1000,0.142368759460264,0.00337234376098923,0.857631240539736,0.00337234376098922,0.00381918556611348,0.00339637834106174,0.00178335739411579,0.000963365759211634
"PT","PT_U","PT_M",32,31,32,1000,0.141935741333263,0.00355831626468424,0.858064258666737,0.00355831626468426,0.00368278853850443,0.00362516412234234,0.00170889673360905,0.000966588526197911
"PT","PT_U","PT_M",33,32,33,1000,0.142273456691558,0.00377387155099278,0.857726543308442,0.00377387155099276,0.00359892415933043,0.00353343085967563,0.00177316232497475,0.00101916662418925
"PT","PT_U","PT_M",34,33,34,1000,0.141454084661656,0.0039618804548422,0.858545915338344,0.0039618804548422,0.00376076821880195,0.00374399666145408,0.00179222785430238,0.00101229609937801
"PT","PT_U","PT_M",35,34,35,1000,0.138691937900407,0.00407050263961002,0.861308062099593,0.00407050263961004,0.0045494364700268,0.00414207805759348,0.0018610256923564,0.0010288309649931
"PT","PT_U","PT_M",36,35,36,1000,0.13698676663626,0.00414075437627781,0.863013233363739,0.00414075437627779,0.00705692316804432,0.00457850218298813,0.00187641129317566,0.00108766572617212
"PT","PT_U","PT_M",37,36,37,1000,0.136440138991712,0.00417816911057943,0.863559861008288,0.00417816911057942,0.00425732623841007,0.00423713773382011,0.00211412128597086,0.00113898131693286
"PT","PT_U","PT_M",38,37,38,1000,0.13863658245805,0.00425853781848244,0.86136341754195,0.0042585378184825,0.0038431367968729,0.00420562059100225,0.00191819664854598,0.00120181710393414
"PT","PT_U","PT_M",39,38,39,1000,0.138866068041779,0.00448814830780618,0.861133931958221,0.00448814830780616,0.00430433464525907,0.00451309387812792,0.00191258432098504,0.00117013387106614
"PT","PT_U","PT_M",40,39,40,1000,0.139374530598312,0.00468645982660133,0.860625469401688,0.00468645982660134,0.00396386463708954,0.00441668820186331,0.00187436311707971,0.00120085364725529
"PT","PT_U","PT_M",41,40,41,1000,0.137324356735044,0.00485559887901813,0.862675643264956,0.00485559887901813,0.00422460943505932,0.00462133985197996,0.00190778006669544,0.0012815765895829
"PT","PT_U","PT_M",42,41,42,1000,0.135410082900833,0.00509390646293775,0.864589917099167,0.00509390646293777,0.00427150982924301,0.0047427648466223,0.00187743185258648,0.0013091696619248
"PT","PT_U","PT_M",43,42,43,1000,0.136733031353551,0.00522814544435238,0.863266968646449,0.0052281454443524,0.00548304731973569,0.00551539691683682,0.00179849783515707,0.0012867065746059
"PT","PT_U","PT_M",44,43,44,1000,0.137645792858152,0.00528688521391379,0.862354207141848,0.00528688521391379,0.00551920290831683,0.00574036120288219,0.00173518607425516,0.00128851208060509
"PT","PT_U","PT_M",45,44,45,1000,0.137583229808552,0.00541880762525868,0.862416770191448,0.00541880762525867,0.00519995876583327,0.00577807186234476,0.00177805838785178,0.00133560140497744
"PT","PT_U","PT_M",46,45,46,1000,0.135626374862379,0.00531204521150849,0.864373625137622,0.00531204521150849,0.00430650463083658,0.00534350258611134,0.00178890835878304,0.00136637581800397
"PT","PT_U","PT_M",47,46,47,1000,0.133656617182026,0.00537618665586007,0.866343382817974,0.00537618665586009,0.0044800417045312,0.00562357032845237,0.00171424809126755,0.00139437043488906
"PT","PT_U","PT_M",48,47,48,1000,0.130839611473418,0.00554699413320883,0.869160388526582,0.00554699413320886,0.00451284473903266,0.00585448547189059,0.00171993922483431,0.00141445767865907
"PT","PT_U","PT_M",49,48,49,1000,0.128016244487433,0.00580652661981063,0.871983755512566,0.00580652661981065,0.00428163451610459,0.00588610405177611,0.001874804442541,0.00159491726434793
"PT","PT_U","PT_M",50,49,50,1000,0.124730934066369,0.00598848659085426,0.875269065933631,0.00598848659085427,0.00373142635691756,0.00578491195491445,0.00192812359122745,0.00158931191135344
"PT","PT_U","PT_M",51,50,51,1000,0.123487235534363,0.00622119743006013,0.876512764465637,0.00622119743006012,0.00383028012050405,0.00603552840458882,0.00189858545701076,0.00153024362478047
"PT","PT_U","PT_M",52,51,52,1000,0.120525013102828,0.00650490365612556,0.879474986897172,0.00650490365612559,0.00391551144088941,0.00636183810223602,0.00197834262031504,0.00166735873243661
"PT","PT_U","PT_M",53,52,53,1000,0.11601092527283,0.0067076443895375,0.88398907472717,0.00670764438953748,0.00408828785369495,0.00668387767460973,0.00222005719531693,0.00185076724886048
"PT","PT_U","PT_M",54,53,54,1000,0.113527515035718,0.00698652895040638,0.886472484964282,0.00698652895040636,0.00380447597711342,0.00692676638302699,0.00224866688853287,0.0019137940917385
"PT","PT_U","PT_M",55,54,55,1000,0.11387699862894,0.00731719549294646,0.88612300137106,0.00731719549294643,0.00391580583881523,0.0069244181753108,0.00243627738356367,0.0020381772933152
"PT","PT_U","PT_M",56,55,56,1000,0.114229439964361,0.00757468700641056,0.885770560035638,0.00757468700641056,0.00371138238259424,0.00698784081730872,0.0023097322157926,0.00193944553135576
"PT","PT_U","PT_M",57,56,57,1000,0.113233384876075,0.00774872314924066,0.886766615123925,0.00774872314924071,0.004055849088106,0.00726621756299697,0.00240845707899106,0.0020461676506722
"PT","PT_U","PT_M",58,57,58,1000,0.114391926814421,0.00814957554128635,0.885608073185579,0.00814957554128634,0.00430671293801903,0.00777507625558433,0.00252774368783801,0.00213750123155234
"PT","PT_U","PT_M",59,58,59,1000,0.113911362265739,0.00849552047270285,0.886088637734261,0.00849552047270286,0.00398808247443524,0.00776292395026786,0.00262785842018001,0.00225845826096092
"PT","PT_U","PT_M",60,59,60,1000,0.110669888752939,0.0086291002574587,0.889330111247062,0.00862910025745869,0.00470927627124749,0.00859106022598953,0.00299199647243596,0.00244126616140425
"PT","PT_U","PT_M",61,60,61,1000,0.106260320456271,0.00881176832309543,0.893739679543729,0.00881176832309544,0.00418208802419203,0.00822060353018297,0.00317754701503605,0.00244554006338023
"PT","PT_U","PT_M",62,61,62,1000,0.101657260785605,0.00877578689441579,0.898342739214395,0.0087757868944158,0.00458232124961859,0.0093051408660443,0.00317749096467089,0.00260476630233871
"PT","PT_U","PT_M",63,62,63,1000,0.101054313679021,0.00898051028777545,0.898945686320978,0.00898051028777547,0.00430549488185523,0.00913559262187632,0.00287544948421576,0.00247621503276773
"PT","PT_U","PT_M",64,63,64,1000,0.102870488273746,0.00936948892476186,0.897129511726254,0.00936948892476186,0.00363654821945637,0.00856282413770062,0.00255456941810883,0.00240957065554138
"PT","PT_U","PT_M",65,64,65,1000,0.102727270247919,0.00972737039093815,0.897272729752081,0.00972737039093818,0.00374583601403291,0.0090432335135778,0.00265108487692154,0.00249440764592623
"PT","PT_U","PT_M",66,65,66,1000,0.1025087293166,0.00994834278680124,0.8974912706834,0.00994834278680125,0.00423218864962411,0.00929166978450241,0.00283297642105706,0.00265592535322557
"PT","PT_U","PT_M",67,66,67,1000,0.100760273415967,0.0101939631856287,0.899239726584033,0.0101939631856287,0.00458968947161061,0.0103296323993438,0.00287252183849684,0.00265563825777657
"PT","PT_U","PT_M",68,67,68,1000,0.0987653351161108,0.0105936720280001,0.901234664883889,0.0105936720280001,0.00429033083574145,0.0102070202163615,0.00285762387474107,0.00275869167121014
"PT","PT_U","PT_M",69,68,69,1000,0.0950209581481606,0.0106473236867231,0.90497904185184,0.0106473236867231,0.00521906095553326,0.0116960871448622,0.00283528218599814,0.00282674024733034
"PT","PT_U","PT_M",70,69,70,1000,0.0933893085491794,0.0107752816933835,0.906610691450821,0.0107752816933836,0.00438745383478007,0.0108758632471548,0.00295267661938384,0.00284777770161216
"PT","PT_U","PT_M",71,70,71,1000,0.091976835859139,0.0109539408218935,0.908023164140861,0.0109539408218935,0.0041456278584518,0.0108964082394105,0.00303976906794888,0.00286425444919522
"PT","PT_U","PT_M",72,71,72,1000,0.0861844154960497,0.0114389443808823,0.91381558450395,0.0114389443808823,0.004456848127951,0.0120477797141998,0.00332868151755126,0.00299847726700812
"PT","PT_U","PT_M",73,72,73,1000,0.0852490452541741,0.011684051108323,0.914750954745826,0.011684051108323,0.00431901816094964,0.0117908937313874,0.00333096744682831,0.00302965685452051
"PT","PT_U","PT_M",74,73,74,1000,0.081819731244088,0.0114673933209234,0.918180268755912,0.0114673933209234,0.00451722804800817,0.0129707009341334,0.00288574585964759,0.00304771082042684
"PT","PT_U","PT_M",75,74,75,1000,0.0781113432225645,0.0118310034333498,0.921888656777436,0.0118310034333498,0.00474753249948964,0.0135391163717245,0.00301249963321665,0.00313298580910199
"PT","PT_U","PT_M",76,75,76,1000,0.0767604518280002,0.0121263309391964,0.923239548172,0.0121263309391964,0.00480751388540719,0.0138717870078974,0.00315676070917601,0.00321496423042861
"PT","PT_U","PT_M",77,76,77,1000,0.0746773307517157,0.0123956666744663,0.925322669248285,0.0123956666744663,0.00534980483284002,0.0155693852511163,0.00329859535092364,0.00328205166663859
"PT","PT_U","PT_M",78,77,78,1000,0.0726056113399788,0.0124895173914144,0.927394388660021,0.0124895173914144,0.004234358602283,0.0143106093747533,0.00303231415255397,0.00321260765029909
"PT","PT_U","PT_M",79,78,79,1000,0.0719669152069123,0.0127397912265046,0.928033084793088,0.0127397912265046,0.00433029653529604,0.0144199049774519,0.00323236721495733,0.00332344929433141
"PT","PT_U","PT_M",80,79,80,1000,0.0699310039182241,0.013424628628861,0.930068996081776,0.013424628628861,0.00522352330324241,0.017140270505792,0.00389863881280771,0.00361565259610972
"PT","PT_U","PT_M",81,80,81,1000,0.0697265983047128,0.0139923680355209,0.930273401695287,0.0139923680355209,0.00464199521598265,0.0161929577414598,0.00403108034495739,0.00396339454132448
"PT","PT_U","PT_M",82,81,82,1000,0.0689606047828747,0.0144004131415106,0.931039395217125,0.0144004131415106,0.00520897462052118,0.0180408089475962,0.00356683923143665,0.00378107150701731
"PT","PT_U","PT_M",83,82,83,1000,0.0660893056351673,0.0143316609786958,0.933910694364833,0.0143316609786958,0.00526524439405188,0.0178277411493414,0.0040372926640266,0.00415239750057992
"PT","PT_U","PT_M",84,83,84,1000,0.0641284790663011,0.0146922132336605,0.935871520933699,0.0146922132336605,0.00485144271784481,0.0178989617801619,0.00393103667147893,0.00386755248522996
"PT","PT_U","PT_M",85,84,85,1000,0.0630645246795798,0.0151300236989663,0.93693547532042,0.0151300236989663,0.00476460050363582,0.018023114452575,0.00391758860503183,0.00416759151984262
"PT","PT_U","PT_M",86,85,86,1000,0.0623394692329195,0.0153036709376109,0.93766053076708,0.0153036709376109,0.00584766813052681,0.0201938511389685,0.00375363963783319,0.00405964535933084
"PT","PT_U","PT_M",87,86,87,1000,0.059918424689769,0.0149204060246288,0.940081575310231,0.0149204060246288,0.00517209604474403,0.0213950957746715,0.00352558778164905,0.00418185021892328
"PT","PT_U","PT_M",88,87,88,1000,0.0585694227068696,0.0150839775560232,0.94143057729313,0.0150839775560232,0.00481708005465907,0.0197793625054704,0.00339591236219768,0.0039879389713353
"PT","PT_U","PT_M",89,88,89,1000,0.05787731069492,0.0157145891428464,0.94212268930508,0.0157145891428464,0.00440651055856915,0.0198711802982362,0.00332013851883682,0.00403905577519395
"PT","PT_U","PT_M",90,89,90,1000,0.0567423600758766,0.0157537293109173,0.943257639924123,0.0157537293109173,0.00644401499850899,0.0249320666288658,0.00309205601741666,0.00416546051057367
"PT","PT_U","PT_M",91,90,91,1000,0.0563645928240505,0.016178760321591,0.943635407175949,0.016178760321591,0.00641313783140324,0.0258059806251468,0.00295828890666901,0.00406333243452492
"PT","PT_U","PT_M",92,91,92,1000,0.0549880366555419,0.0161854959062687,0.945011963344458,0.0161854959062687,0.00585476833260104,0.0245727305156137,0.00300593110215016,0.00414813381099259
"PT","PT_U","PT_M",93,92,93,1000,0.0551336596027661,0.016638422788235,0.944866340397234,0.016638422788235,0.00588980120756494,0.0266924405391861,0.0029443799304391,0.00435885580245547
"PT","PT_U","PT_M",94,93,94,1000,0.0566992036042933,0.0173857322305347,0.943300796395707,0.0173857322305347,0.00601250458725803,0.0323069123448706,0.00286118576258911,0.0044159666357029
"PT","PT_U","PT_M",95,94,95,1000,0.0579685303899233,0.0180390860916162,0.942031469610077,0.0180390860916162,0.00648859441181244,0.0307534716950219,0.0030912173208478,0.00481379998732643
"PT","PT_U","PT_M",96,95,96,1000,0.0585561197762474,0.0186488598050985,0.941443880223753,0.0186488598050985,0.00639612790033555,0.0282434821023542,0.0021403363582603,0.00394656176290729
"PT","PT_U","PT_M",97,96,97,1000,0.0580836118066265,0.018887328716508,0.941916388193374,0.018887328716508,0.00591717272354539,0.0286206863505226,0.00203298920357935,0.00391115611068012
"PT","PT_U","PT_M",98,97,98,1000,0.058466977483924,0.0194646303640957,0.941533022516076,0.0194646303640957,0.00459025616478189,0.02582809962755,0.00214203437119621,0.00429037814013612
"PT","PT_U","PT_M",99,98,99,1000,0.0589919282325785,0.0198330142401899,0.941008071767422,0.0198330142401899,0.00471487864273196,0.0279850007143455,0.00240434457534566,0.00447851565035036
"PT","PT_U","PT_M",100,99,100,1000,0.059501831744032,0.0203588618493683,0.940498168255968,0.0203588618493683,0.00567765348467374,0.0286431700251833,0.00260599293022002,0.00488634275398864
"PT","PT_U","PT_M",101,100,101,1000,0.0589250682736603,0.0208036962577233,0.94107493172634,0.0208036962577233,0.00562451151481377,0.0329922084412527,0.00221478627055873,0.00455879062274466
"PT","PT_U","PT_M",102,101,102,1000,0.0571629555157404,0.0207460535602023,0.94283704448426,0.0207460535602023,0.00471994548345471,0.0270451802137306,0.00283454697283055,0.00524576154852141
"PT","PT_U","PT_M",103,102,103,1000,0.0505905069205052,0.0197701793809663,0.949409493079495,0.0197701793809663,0.00690458316814484,0.039700498422078,0.00211725470104439,0.00460348927153544
"PT","PT_U","PT_M",104,103,104,1000,0.0511212871638479,0.0207122968388068,0.948878712836152,0.0207122968388067,0.0080333258573092,0.0416630044542141,0.00242968587214623,0.00485043812023327
"PT","PT_U","PT_M",105,104,105,1000,0.0521621542205247,0.0216426359102881,0.947837845779475,0.0216426359102881,0.00472046358235411,0.0320660300058555,0.00235227230930985,0.00495801885565811
"PT","PT_U","PT_M",106,105,106,1000,0.05377971702646,0.0226212528243671,0.94622028297354,0.0226212528243671,0.00513325277922845,0.0349367837259097,0.00229261257662334,0.00518332725668572
"PT","PT_U","PT_M",107,106,107,1000,0.0533164198510376,0.0231661600275722,0.946683580148963,0.0231661600275722,0.00558871246758074,0.0451407654989392,0.00215986961886554,0.00512881198545502
"PT","PT_U","PT_M",108,107,108,1000,0.0535814386341827,0.0236148872294995,0.946418561365817,0.0236148872294994,0.00520383653116243,0.0351719146396249,0.0023954043970957,0.00533499721866158
"PT","PT_U","PT_M",109,108,109,1000,0.0543634257822765,0.0246986375457697,0.945636574217723,0.0246986375457697,0.00698107069971796,0.0491630212717349,0.001983219630579,0.00522213458882433
"PT","PT_U","PT_M",110,109,110,1000,0.0550681578283502,0.0251512085681636,0.94493184217165,0.0251512085681636,0.00870249168282108,0.0583843283481806,0.00182210302398895,0.00501241360881848
"PT","PT_U","PT_M",111,110,111,1000,0.0534830280830258,0.0243349808708621,0.946516971916974,0.0243349808708619,0.0165704063191983,0.0809318434080166,0.00232424416207295,0.00593082951752552
"PT","PT_U","PT_M",112,111,112,1000,0.0537705348262729,0.0251585367476377,0.946229465173727,0.0251585367476378,0.0223912889319563,0.191110528811913,0.00212746544918131,0.00572652853194664
"PT","PT_U","PT_M",113,112,113,1000,0.0548407517575029,0.026269404927933,0.945159248242497,0.026269404927933,0.0264354815359184,0.472159105745722,0.00257543242605293,0.006313979007511
"PT","PT_U","PT_M",114,113,114,1000,0.0581058476296866,0.0287047934091509,0.941894152370313,0.0287047934091509,0.0274623661123197,0.275036607332441,0.00182172846940849,0.00587890793510614
"PT","PT_U","PT_M",115,114,115,1000,0.0580561732147818,0.0293379844868527,0.941943826785218,0.0293379844868527,0.0555312145074243,0.866135021249821,0.00247261640663917,0.00671749750491742
"PT","PT_U","PT_M",116,115,116,1000,0.053898821653205,0.0278106369067297,0.946101178346795,0.0278106369067296,0.0234226349798166,0.168037370570289,0.00220479601828464,0.00665826108376122
"PT","PT_U","PT_M",117,116,117,1000,0.0500461510397217,0.027158663693914,0.949953848960278,0.0271586636939139,0.0252011965090221,0.18366688844134,0.00262591322490243,0.00756164310906183
"PT","PT_U","PT_M",118,117,118,1000,0.055921595180923,0.0305148971753026,0.944078404819077,0.0305148971753025,0.0256532136836052,0.160807182093722,0.00216765471885827,0.00769372540128852
"PT","PT_U","PT_M",119,118,119,1000,0.0611774548073837,0.0341533010948668,0.938822545192616,0.0341533010948668,0.0820388923763242,1.70490031344996,0.00206423927422912,0.00762598674707642
"PT","PT_U","PT_M",120,119,120,1000,0.0665471199206607,0.0376346107801536,0.933452880079339,0.0376346107801537,0.030784573765661,0.189888101964298,0.00211418481222107,0.0082939011245972
"PT","PT_U","PT_M",121,120,121,1000,0.0700725529729628,0.0399521662215214,0.929927447027037,0.0399521662215214,0.0173605965335512,0.13037798421946,0.00280034470468986,0.00937306048665463
"PT","PT_U","PT_M",122,121,122,1000,0.0768789930247727,0.0445649172854876,0.923121006975227,0.0445649172854875,0.0302234289626323,0.286347794505733,0.00226088219952672,0.00930673841257576
"PT","PT_U","PT_M",123,122,123,1000,0.0768745095263234,0.0440082315156858,0.923125490473677,0.0440082315156857,0.0398528731080566,0.496223327759147,0.00321385922228397,0.0117974873166867
"PT","PT_U","PT_M",124,123,124,1000,0.0692505628481883,0.0410479921926176,0.930749437151812,0.0410479921926177,0.0291373812682427,0.274096071454737,0.00389011240219684,0.0131971679473743
"PT","PT_U","PT_M",125,124,125,1000,0.0710404544929822,0.0431471669086176,0.928959545507018,0.0431471669086177,0.156781208701561,3.76292947630206,0.00397863733606073,0.0142532458911121
"PT","PT_U","PT_M",126,125,126,1000,0.0721750882112535,0.0437186902895583,0.927824911788746,0.0437186902895582,0.980760569894875,29.3576815007397,0.0039010501332771,0.014703863118106
"PT","PT_U","PT_M",127,126,127,1000,0.0792408750102968,0.0476258422112827,0.920759124989703,0.0476258422112827,0.340548798583661,8.7759324124186,0.00397562250488836,0.0149779097658177
"PT","PT_U","PT_M",128,127,128,1000,0.0839173159066551,0.0510667219467424,0.916082684093345,0.0510667219467424,0.0418832820656777,0.582832747875671,0.00534277773423814,0.0182521768500873
"PT","PT_U","PT_M",129,128,129,1000,0.0907340898931218,0.0544757556113583,0.909265910106878,0.0544757556113583,0.286395178465394,6.02761053274126,0.00605119059332786,0.0207279183556356
"PT","PT_U","PT_M",130,129,130,1000,0.105204153913474,0.0627969754696156,0.894795846086526,0.0627969754696156,0.184016318593137,4.27473173553647,0.00644428151199115,0.0232236994588257
"PT","PT_U","PT_M",131,130,131,1000,0.115394573067808,0.0671546813894758,0.884605426932192,0.0671546813894758,0.158619106455548,3.31576582285284,0.00562940528375242,0.0231766801286339
"PT","PT_U","PT_M",132,131,132,1000,0.136330603656098,0.0763774378637351,0.863669396343902,0.0763774378637348,0.637025177286826,16.3355556608672,0.00773108551092154,0.0310563331191654
"PT","PT_U","PT_M",133,132,133,1000,0.153843685765813,0.0823878764950362,0.846156314234187,0.0823878764950361,0.0655882885986691,0.739200040695139,0.00937920383846375,0.0373947443009248
"PT","PT_U","PT_M",134,133,134,1000,0.173512902987451,0.089060959984323,0.82648709701255,0.0890609599843231,0.0556868667914498,0.521464261720982,0.0109805307452306,0.0435156751879185
"PT","PT_U","PT_M",135,134,135,1000,0.204297443891861,0.0986569817767985,0.795702556108139,0.0986569817767985,0.0477360249980197,0.437947227053717,0.00675259100065376,0.0387672499381524
"PT","PT_U","PT_M",136,135,136,1000,0.26809420692407,0.122383529131741,0.73190579307593,0.122383529131741,0.0861048453004398,0.738532801182531,0.00115883761892229,0.0214710932098152
"PT","PT_U","PT_M",137,136,137,1000,0.467730010632447,0.244252059329143,0.532269989367553,0.244252059329143,0.196275901787937,0.778352865381576,0.000927827685404849,0.0293404876204149
"PT","PT_U","PT_M",138,137,138,1000,0.57341911644164,0.28852069911751,0.42658088355836,0.28852069911751,0.353554355309945,1.38666000030908,0,0
"PT","PT_U","PT_M",139,138,139,1000,0.869989989653751,0.170613821038824,0.130010010346249,0.170613821038824,0.392900475082802,0.635943210969453,0,0
"LS","LS_S","LS_C",1,0,1,1000,0.145059984718507,0.00013286548546207,0.854940015281328,0.000132865485462492,0.0111418707186052,0.000730601436502105,0.0061010723278583,0.000202579074618478
"LS","LS_S","LS_C",2,1,2,1000,0.153140746528859,0.000246037719988831,0.846859253471141,0.000246037719988808,0.00542313538454319,0.000793989022638458,0.00296951075252887,0.00024142594223835
"LS","LS_S","LS_C",3,2,3,1000,0.159515545215781,0.000316808194238638,0.840484454784223,0.000316808194238677,0.00423239867305385,0.000808308002721828,0.00263123346980144,0.000261112325772249
"LS","LS_S","LS_C",4,3,4,1000,0.165196846644058,0.00037438347856965,0.83480315335594,0.00037438347856962,0.00335000146041327,0.000782694283734879,0.00203660327388439,0.000274658500505528
"LS","LS_S","LS_C",5,4,5,1000,0.171261763223188,0.000432218397535892,0.828738236776811,0.000432218397535922,0.00347756167629429,0.000881218766736133,0.00175337035021884,0.000290601542710864
"LS","LS_S","LS_C",6,5,6,1000,0.176814775555379,0.000474371477660477,0.823185224444621,0.00047437147766047,0.00316760853705259,0.000912412509005836,0.00169270109844184,0.000292661466427353
"LS","LS_S","LS_C",7,6,7,1000,0.183234563791356,0.000534128415415888,0.816765436208646,0.000534128415415871,0.00277030241652744,0.000898073977202813,0.00164122427399449,0.000328613786599093
"LS","LS_S","LS_C",8,7,8,1000,0.188328937494626,0.000615410582903149,0.811671062505375,0.000615410582903179,0.00263717476457004,0.00091550320493567,0.00134320041637358,0.000320083587973208
"LS","LS_S","LS_C",9,8,9,1000,0.192207827723969,0.000679609156669745,0.807792172276032,0.000679609156669757,0.00276479869175106,0.00100399072940974,0.0012389709543605,0.000341059760709258
"LS","LS_S","LS_C",10,9,10,1000,0.196896235910042,0.000754572942392947,0.803103764089959,0.000754572942392936,0.00285535370922617,0.00103703176657098,0.00124783230034896,0.000348684649815959
"LS","LS_S","LS_C",11,10,11,1000,0.201586858537188,0.000833318977833902,0.798413141462815,0.000833318977833943,0.00232418300352523,0.00101219497789754,0.00132629940308082,0.000382687634431011
"LS","LS_S","LS_C",12,11,12,1000,0.204535974698844,0.000919819590734361,0.795464025301154,0.000919819590734388,0.00200023193008991,0.00103353148757772,0.00147822759873171,0.000412215405607361
"LS","LS_S","LS_C",13,12,13,1000,0.208060214135296,0.000984381687762131,0.791939785864705,0.000984381687762064,0.00193453198032348,0.00104476023432866,0.00123242388709891,0.000412452276092708
"LS","LS_S","LS_C",14,13,14,1000,0.212075143702957,0.0010577068285936,0.787924856297043,0.0010577068285936,0.00242161569778244,0.00110332049649132,0.00125875955507268,0.00044112673430424
"LS","LS_S","LS_C",15,14,15,1000,0.218079383856145,0.00115307675839954,0.781920616143855,0.00115307675839962,0.00248178257897018,0.00109559845687031,0.00130022516330832,0.000489871578704154
"LS","LS_S","LS_C",16,15,16,1000,0.222608487087793,0.00122576905608734,0.777391512912206,0.00122576905608736,0.0019528453686758,0.0010968575240413,0.00121938713366574,0.000468149100847029
"LS","LS_S","LS_C",17,16,17,1000,0.227293049932545,0.00132417091192897,0.772706950067455,0.00132417091192894,0.00197822352897285,0.00118635289947479,0.00129060010138037,0.000503664509289703
"LS","LS_S","LS_C",18,17,18,1000,0.229374514433781,0.00142320328987142,0.77062548556622,0.00142320328987142,0.00188088922779761,0.00118266988025629,0.00121251660329761,0.000528300585969388
"LS","LS_S","LS_C",19,18,19,1000,0.233768650601898,0.00150780419122118,0.766231349398102,0.0015078041912212,0.00177719348392243,0.00123945186233462,0.00115568740772693,0.000531356981642481
"LS","LS_S","LS_C",20,19,20,1000,0.237096992205948,0.00162810670527988,0.762903007794052,0.00162810670527991,0.00197885536547435,0.00126849613134161,0.00116854050684169,0.000577146498458638
"LS","LS_S","LS_C",21,20,21,1000,0.241654754951226,0.00174854473957476,0.758345245048775,0.00174854473957473,0.00208914171183586,0.00133073531412719,0.00117236834906851,0.000558213990784734
"LS","LS_S","LS_C",22,21,22,1000,0.248193101269061,0.00188385094954021,0.75180689873094,0.00188385094954021,0.00245374858183614,0.00146579001193949,0.00118093258691832,0.000596594739609294
"LS","LS_S","LS_C",23,22,23,1000,0.254688911084925,0.00200920318451405,0.745311088915076,0.00200920318451406,0.0025026121691151,0.00148612552821313,0.00111687445685691,0.000614271474959036
"LS","LS_S","LS_C",24,23,24,1000,0.261257290170879,0.00215169400733873,0.738742709829121,0.00215169400733873,0.00235670049120113,0.00153148636004167,0.00117034291655972,0.000648776063786203
"LS","LS_S","LS_C",25,24,25,1000,0.265944006598092,0.00229615822645528,0.734055993401909,0.00229615822645527,0.00226774174918462,0.00151392352796859,0.00117448047959607,0.000666869634074377
"LS","LS_S","LS_C",26,25,26,1000,0.273108912719611,0.00241704553596054,0.726891087280389,0.00241704553596053,0.00184889416354501,0.00143687912671777,0.00111731065645238,0.000678073252101294
"LS","LS_S","LS_C",27,26,27,1000,0.279448398640689,0.00257045983162435,0.720551601359311,0.00257045983162439,0.0018585265314233,0.00144413908540894,0.0011230925282822,0.00071527898099477
"LS","LS_S","LS_C",28,27,28,1000,0.285434809803491,0.00279106499837969,0.714565190196509,0.0027910649983797,0.00173594598291177,0.00145663230404156,0.00127741276900814,0.000789197342952321
"LS","LS_S","LS_C",29,28,29,1000,0.289726498991128,0.00292028749788507,0.710273501008872,0.00292028749788506,0.00178428644198992,0.00144072924590546,0.0012610578121574,0.000797796770299836
"LS","LS_S","LS_C",30,29,30,1000,0.291838055711254,0.00308752384826815,0.708161944288746,0.00308752384826816,0.00179828841493942,0.00151792140940091,0.00124134211214562,0.000816194669543167
"LS","LS_S","LS_C",31,30,31,1000,0.295894696851814,0.00327203384979492,0.704105303148187,0.00327203384979494,0.00182487762527999,0.00160269418674716,0.00120132901698036,0.00084410620564208
"LS","LS_S","LS_C",32,31,32,1000,0.297952011698364,0.00339929866260755,0.702047988301636,0.00339929866260756,0.00171649982456738,0.00161335986650874,0.00113961279837922,0.000901852391584873
"LS","LS_S","LS_C",33,32,33,1000,0.298408637128705,0.00357131466298784,0.701591362871295,0.00357131466298786,0.00160696212049703,0.00158106705450151,0.00115216332691776,0.000882278228325537
"LS","LS_S","LS_C",34,33,34,1000,0.302427512568511,0.00380815700497567,0.697572487431489,0.00380815700497568,0.00154946942625457,0.00157773041537483,0.00115231905297163,0.000915730280497098
"LS","LS_S","LS_C",35,34,35,1000,0.304967384996874,0.00407076716351413,0.695032615003126,0.00407076716351417,0.00167994551522263,0.00165274114453489,0.00122274106832807,0.000958717934380694
"LS","LS_S","LS_C",36,35,36,1000,0.306199255815234,0.00429152437818863,0.693800744184766,0.00429152437818861,0.00176921513719423,0.00173586046223126,0.00132463481927364,0.000991116180646489
"LS","LS_S","LS_C",37,36,37,1000,0.300031428169547,0.0045692258323953,0.699968571830453,0.00456922583239531,0.00189230029441744,0.00184895201697251,0.00150336316531981,0.00107076275469308
"LS","LS_S","LS_C",38,37,38,1000,0.287505537300802,0.00498158145404951,0.712494462699199,0.00498158145404953,0.00221051586372878,0.00213010385049954,0.00165685306680537,0.00118708415980016
"LS","LS_S","LS_C",39,38,39,1000,0.286607829453997,0.00523386122975815,0.713392170546002,0.00523386122975813,0.00215118087147652,0.00219578211685333,0.00168748455051955,0.00122273816770586
"LS","LS_S","LS_C",40,39,40,1000,0.2890180006889,0.00536062413389647,0.710981999311101,0.00536062413389648,0.00199555990238162,0.00202177130099322,0.0017174244395853,0.00128267743618695
"LS","LS_S","LS_C",41,40,41,1000,0.28929967578401,0.00559205886889587,0.71070032421599,0.00559205886889587,0.00210165976690349,0.00218455838540921,0.00159207931145458,0.00121271017851218
"LS","LS_S","LS_C",42,41,42,1000,0.28683987612065,0.005587337233921,0.71316012387935,0.00558733723392101,0.00213745815088706,0.0023843660975876,0.00145290295790896,0.00123347368886418
"LS","LS_S","LS_C",43,42,43,1000,0.287981005777674,0.00565148960550231,0.712018994222326,0.00565148960550232,0.00181359794987269,0.00219238250716767,0.00151976418860702,0.0012977453861866
"LS","LS_S","LS_C",44,43,44,1000,0.288835391362013,0.00573570199083232,0.711164608637987,0.00573570199083229,0.00172275903279328,0.00223330608378055,0.00140893585473669,0.00125406755749461
"LS","LS_S","LS_C",45,44,45,1000,0.288203704782365,0.00581078447821897,0.711796295217635,0.00581078447821898,0.00224353366559178,0.0025546464006265,0.00131293899310422,0.00125552614446042
"LS","LS_S","LS_C",46,45,46,1000,0.287407187681707,0.00594697605334529,0.712592812318293,0.00594697605334529,0.00230366755158848,0.00253763884182189,0.00126413768085067,0.0012738733111691
"LS","LS_S","LS_C",47,46,47,1000,0.282127650728891,0.00587908795565033,0.717872349271109,0.00587908795565034,0.00219837536147205,0.00272943916019485,0.00115463157854482,0.00127693934337196
"LS","LS_S","LS_C",48,47,48,1000,0.280869244223528,0.00582925492953667,0.719130755776472,0.00582925492953666,0.00245923432784613,0.00300345035161275,0.00114958481274392,0.00131598195878897
"LS","LS_S","LS_C",49,48,49,1000,0.279140355970301,0.00616182021781258,0.720859644029699,0.00616182021781257,0.00300416746179581,0.00325464950748246,0.00115095171493542,0.00137628628058937
"LS","LS_S","LS_C",50,49,50,1000,0.272693551169223,0.00640701487422856,0.727306448830777,0.00640701487422854,0.00229496439902811,0.00315813125559279,0.00119101970789825,0.00137531297351723
"LS","LS_S","LS_C",51,50,51,1000,0.265504025513876,0.00644609515181107,0.734495974486124,0.00644609515181109,0.00212033741728148,0.00297632877821854,0.00121657892870799,0.00138441519517828
"LS","LS_S","LS_C",52,51,52,1000,0.257024951332337,0.00663125925643048,0.742975048667663,0.00663125925643048,0.00185825012778681,0.00307642447538933,0.00130056894902732,0.00145925058282781
"LS","LS_S","LS_C",53,52,53,1000,0.248401453603108,0.00678760881848934,0.751598546396891,0.0067876088184893,0.00184606800349942,0.00313551283545244,0.00126459120994072,0.0014600549097343
"LS","LS_S","LS_C",54,53,54,1000,0.239834221966833,0.00709318046197442,0.760165778033167,0.00709318046197443,0.00187173265923373,0.00326324949875146,0.00129232261694416,0.00149747712890376
"LS","LS_S","LS_C",55,54,55,1000,0.226226969581104,0.00717335913774851,0.773773030418896,0.00717335913774855,0.00192849149222432,0.00347676118666514,0.00133941547838207,0.00160393415989818
"LS","LS_S","LS_C",56,55,56,1000,0.220898176689335,0.00728063826804774,0.779101823310665,0.00728063826804775,0.00206076708056456,0.00377913123907594,0.00136907991341071,0.00159440197709718
"LS","LS_S","LS_C",57,56,57,1000,0.21986836361143,0.00749244424760616,0.78013163638857,0.00749244424760619,0.00316944849866743,0.00463030585013182,0.00135016609624944,0.00172317792958572
"LS","LS_S","LS_C",58,57,58,1000,0.215240041321282,0.00743771301837631,0.784759958678718,0.0074377130183763,0.00221496224700448,0.00401573286177392,0.00131375952968247,0.00161246800367496
"LS","LS_S","LS_C",59,58,59,1000,0.210804252952674,0.00724240751242274,0.789195747047326,0.00724240751242275,0.00212696297947007,0.00406145703759047,0.00122388839329681,0.00156530879262216
"LS","LS_S","LS_C",60,59,60,1000,0.209699865578537,0.00760430749368324,0.790300134421463,0.00760430749368323,0.00212968896756082,0.00427112162577441,0.00123695735194096,0.0015256150114411
"LS","LS_S","LS_C",61,60,61,1000,0.198056042481456,0.0076075696391333,0.801943957518544,0.00760756963913328,0.00189661482993942,0.00430951111065156,0.00176387838093404,0.00198768000697886
"LS","LS_S","LS_C",62,61,62,1000,0.191586394872918,0.00802773155417598,0.808413605127082,0.00802773155417599,0.00156716674148184,0.00397709257354225,0.00160866711761793,0.00187704641808294
"LS","LS_S","LS_C",63,62,63,1000,0.187466841682017,0.00852976051795803,0.812533158317982,0.00852976051795805,0.0022058856494722,0.0047456094005996,0.00171049523415788,0.00204367635148712
"LS","LS_S","LS_C",64,63,64,1000,0.180645355224887,0.0086513654681391,0.819354644775113,0.0086513654681391,0.00185456704269026,0.0046927456170914,0.0014118509308948,0.00184693614102223
"LS","LS_S","LS_C",65,64,65,1000,0.168006359007157,0.00890147682405338,0.831993640992843,0.00890147682405334,0.00203126389031523,0.00498201798759123,0.00146495955719504,0.00192754370582441
"LS","LS_S","LS_C",66,65,66,1000,0.164462450468585,0.00923850432596232,0.835537549531415,0.00923850432596232,0.00186539658203643,0.00480178164849792,0.00121611382372056,0.00176325252040808
"LS","LS_S","LS_C",67,66,67,1000,0.161375747360009,0.00960205460765227,0.838624252639991,0.00960205460765221,0.00204853085357143,0.0054103125669425,0.00147399554263015,0.00200715665929853
"LS","LS_S","LS_C",68,67,68,1000,0.158943970104332,0.00967424297042595,0.841056029895668,0.00967424297042598,0.00222894760625462,0.00598749586161509,0.00139724032890006,0.00194575336046618
"LS","LS_S","LS_C",69,68,69,1000,0.158890660949791,0.0100750433494331,0.841109339050209,0.0100750433494331,0.00195303921967745,0.00548945175260794,0.00148710206833109,0.00207966666834281
"LS","LS_S","LS_C",70,69,70,1000,0.155057203669538,0.0101376609311163,0.844942796330462,0.0101376609311163,0.00200378219807812,0.00570568535603689,0.00159744965884131,0.00226990176817885
"LS","LS_S","LS_C",71,70,71,1000,0.151935810463616,0.00959292802781436,0.848064189536384,0.00959292802781436,0.00183262021360699,0.0055658085215937,0.00160439811483281,0.00222061043236232
"LS","LS_S","LS_C",72,71,72,1000,0.141421081898528,0.00949339584242896,0.858578918101471,0.00949339584242896,0.00266310636803045,0.00743078553152831,0.00160491465801114,0.00226629852509791
"LS","LS_S","LS_C",73,72,73,1000,0.137723625019275,0.00996291898006505,0.862276374980725,0.00996291898006506,0.00247015064073677,0.00698003534902052,0.00177614354164757,0.00238947044972679
"LS","LS_S","LS_C",74,73,74,1000,0.133445451072834,0.0102959096159027,0.866554548927166,0.0102959096159027,0.00257871589522095,0.00749736609781164,0.00177256640300652,0.00251065732889085
"LS","LS_S","LS_C",75,74,75,1000,0.128987382367715,0.0108146413006808,0.871012617632286,0.0108146413006809,0.00243866415656375,0.00768209288908528,0.00177162586936716,0.00229817510962864
"LS","LS_S","LS_C",76,75,76,1000,0.126887465962801,0.011227540215335,0.873112534037199,0.0112275402153351,0.00336199779959754,0.00878676369186681,0.00182270158065543,0.0024226080249525
"LS","LS_S","LS_C",77,76,77,1000,0.126330641545717,0.0115692946194047,0.873669358454283,0.0115692946194047,0.00267795677884634,0.0079469533349934,0.00202171610076791,0.0027216834030315
"LS","LS_S","LS_C",78,77,78,1000,0.122544858011097,0.0119705857917969,0.877455141988902,0.0119705857917969,0.00271250254772664,0.00848744058055918,0.00172189118983575,0.00254614527083969
"LS","LS_S","LS_C",79,78,79,1000,0.118051830916626,0.0122703640183196,0.881948169083374,0.0122703640183196,0.00229712817369641,0.00788611585167348,0.00199002548165044,0.00278683436841757
"LS","LS_S","LS_C",80,79,80,1000,0.108435751260448,0.0125418902298148,0.891564248739552,0.0125418902298146,0.00315759345508122,0.0103645939513049,0.00294909372750594,0.0033199502137331
"LS","LS_S","LS_C",81,80,81,1000,0.104155538355053,0.0126323917070092,0.895844461644947,0.0126323917070092,0.00338894628988299,0.0109222279873375,0.00233789715090683,0.00303471065116232
"LS","LS_S","LS_C",82,81,82,1000,0.0977819291449967,0.0128804771880405,0.902218070855003,0.0128804771880405,0.00359773040866428,0.0118611839828545,0.00261657145626341,0.00328214767170129
"LS","LS_S","LS_C",83,82,83,1000,0.0909852790964756,0.0132520481826513,0.909014720903524,0.0132520481826513,0.00439381444387477,0.0135883259261606,0.00337258919547533,0.00361673036080049
"LS","LS_S","LS_C",84,83,84,1000,0.0892857464640309,0.0138008735462997,0.910714253535969,0.0138008735462997,0.00383977808010573,0.0135005789236067,0.00320009365175012,0.00360918054276149
"LS","LS_S","LS_C",85,84,85,1000,0.081303840824284,0.0126542667107193,0.918696159175716,0.0126542667107193,0.00201671886227009,0.00990433197217154,0.00280275445190682,0.00330695017166156
"LS","LS_S","LS_C",86,85,86,1000,0.0727132383933836,0.0112620344518789,0.927286761606616,0.011262034451879,0.00154044344738174,0.00956443299649601,0.00237310891417026,0.00321606925694598
"LS","LS_S","LS_C",87,86,87,1000,0.0706072281203498,0.0108179129105643,0.92939277187965,0.0108179129105643,0.00175614579558737,0.0103154478552411,0.00244768447214352,0.00343159672902354
"LS","LS_S","LS_C",88,87,88,1000,0.0690565031700306,0.010851152986017,0.930943496829969,0.0108511529860169,0.00221486428690042,0.0119737425346823,0.00242798673710546,0.00351302252200007
"LS","LS_S","LS_C",89,88,89,1000,0.0583519528294905,0.0101747320255695,0.94164804717051,0.0101747320255695,0.00216868877396636,0.0127341696642652,0.00297880782444227,0.0037720873567567
"LS","LS_S","LS_C",90,89,90,1000,0.0553224894490895,0.0101979288910939,0.944677510550911,0.0101979288910939,0.0025633474553246,0.015209253568303,0.00293040469189155,0.00397691022247409
"LS","LS_S","LS_C",91,90,91,1000,0.0449738028300044,0.0103959618544431,0.955026197169996,0.0103959618544432,0.00349858906058451,0.019967388475554,0.00260577442642433,0.00360085175289529
"LS","LS_S","LS_C",92,91,92,1000,0.0367001768520384,0.0103349365527471,0.963299823147962,0.0103349365527471,0.00339036120244762,0.0227979228539291,0.0026203667106516,0.00388668058591781
"LS","LS_S","LS_C",93,92,93,1000,0.0362942356979761,0.010646439741949,0.963705764302024,0.0106464397419489,0.00211898857733837,0.0175627529628449,0.00252923027654187,0.00377162415718698
"LS","LS_S","LS_C",94,93,94,1000,0.0324181657291782,0.0111172472559918,0.967581834270822,0.0111172472559918,0.0036609957226482,0.0262346446832377,0.00230418345749975,0.00384716212062286
"LS","LS_S","LS_C",95,94,95,1000,0.0307092072847416,0.0118082061241869,0.969290792715258,0.0118082061241868,0.00230861020073225,0.021156822511982,0.0027506971544838,0.00419588298732105
"LS","LS_S","LS_C",96,95,96,1000,0.0300231961086555,0.0122848321549097,0.969976803891345,0.0122848321549098,0.00568075183238363,0.0420194642775689,0.00246543427409216,0.00434150020941222
"LS","LS_S","LS_C",97,96,97,1000,0.0284285667697297,0.0120128806176033,0.97157143323027,0.0120128806176033,0.00634965258500505,0.0446624836155567,0.00195681389194959,0.00387382723721934
"LS","LS_S","LS_C",98,97,98,1000,0.0272651112960389,0.011847548126311,0.972734888703961,0.011847548126311,0.00774320929202493,0.0508931238936823,0.00241120807035945,0.00449590617188927
"LS","LS_S","LS_C",99,98,99,1000,0.0264264390121509,0.012243361574842,0.973573560987849,0.012243361574842,0.022069972251513,0.48655422339112,0.00220312122373493,0.00407775487537196
"LS","LS_S","LS_C",100,99,100,1000,0.0256523861792059,0.0126948226357926,0.974347613820794,0.0126948226357926,0.00784868792218707,0.087998698293337,0.00222321006343158,0.00437906968635939
"LS","LS_S","LS_C",101,100,101,1000,0.0240534995463719,0.0126262346671693,0.975946500453628,0.0126262346671692,0.00626116933229859,0.0510702914104264,0.00234408027698117,0.00461716923106424
"LS","LS_S","LS_C",102,101,102,1000,0.0227743268517995,0.0125034836745712,0.977225673148201,0.0125034836745711,0.0124795123740542,0.243089973064427,0.00205628307854562,0.00426984275648931
"LS","LS_S","LS_C",103,102,103,1000,0.0213688977709866,0.0124275637842627,0.978631102229013,0.0124275637842626,0.00657282614962034,0.0619508248560103,0.0025227788233968,0.00478125585550929
"LS","LS_S","LS_C",104,103,104,1000,0.0201295691957102,0.012696884746252,0.97987043080429,0.0126968847462519,0.0373916727921549,0.859818482928705,0.00246734469806271,0.00491035777954167
"LS","LS_S","LS_C",105,104,105,1000,0.018938718326076,0.0129630593190635,0.981061281673924,0.0129630593190635,0.00460537754027806,0.0572038366074094,0.00237119252055453,0.00497670152917356
"LS","LS_S","LS_C",106,105,106,1000,0.0183124302720396,0.0135232106082078,0.98168756972796,0.0135232106082078,0.00367285611497493,0.0763819992442985,0.00202039623019663,0.00479911793631538
"LS","LS_S","LS_C",107,106,107,1000,0.0167427153273404,0.0132756600104522,0.98325728467266,0.0132756600104522,0.00671188123920036,0.0895781758161092,0.00224769738547365,0.00505304122070689
"LS","LS_S","LS_C",108,107,108,1000,0.0154286930024226,0.0132586546915929,0.984571306997577,0.013258654691593,0.0231401481197128,0.295658085672711,0.00214790915695353,0.00489569780944493
"LS","LS_S","LS_C",109,108,109,1000,0.0142112778950986,0.01314394537531,0.985788722104902,0.01314394537531,0.0103723434800964,0.182746004869228,0.00209046832874402,0.0050909736118315
"LS","LS_S","LS_C",110,109,110,1000,0.0133324052535398,0.0131232930403032,0.98666759474646,0.0131232930403032,0.0571518955015273,1.12209138301459,0.00163756738633615,0.0047579690935463
"LS","LS_S","LS_C",111,110,111,1000,0.0132257703710788,0.0132355130559554,0.986774229628921,0.0132355130559554,0.186710188317156,3.68001887354889,0.0011123994613836,0.00399323076582749
"LS","LS_S","LS_C",112,111,112,1000,0.0131296072252414,0.0133621782288441,0.986870392774759,0.013362178228844,0.0968848998462515,0.950076558316853,0.00118521814738404,0.00431480542510992
"LS","LS_S","LS_C",113,112,113,1000,0.0130854401958664,0.013500755646571,0.986914559804134,0.0135007556465709,0.147294068150373,1.84384128398947,0.00136353288943578,0.0046227578661956
"LS","LS_S","LS_C",114,113,114,1000,0.013431143865087,0.014309229268703,0.986568856134913,0.014309229268703,0.0967070769181571,1.62575218566955,0.00129701204685528,0.00472818128759597
"LS","LS_S","LS_C",115,114,115,1000,0.01328473890592,0.0142918792604802,0.98671526109408,0.0142918792604801,0.129776558807099,1.47403383913994,0.00115041669969036,0.00455269628985475
"LS","LS_S","LS_C",116,115,116,1000,0.0138293453829775,0.0150313468518948,0.986170654617022,0.0150313468518948,0.0415615292235216,0.256174473847773,0.00117269821508655,0.0046846473851709
"LS","LS_S","LS_C",117,116,117,1000,0.0143260268938437,0.0157693644147182,0.985673973106156,0.0157693644147183,0.256446093247415,3.03114495720405,0.00109036695599068,0.00497941660421506
"LS","LS_S","LS_C",118,117,118,1000,0.0162559621791269,0.0175727831849871,0.983744037820873,0.017572783184987,0.136912921236872,1.59031932785598,0.000993812337119084,0.00486792439633195
"LS","LS_S","LS_C",119,118,119,1000,0.0180032136386242,0.0189900696346267,0.981996786361376,0.0189900696346268,0.102155634387021,1.29012422790066,0.00104660998660569,0.0051306422984024
"LS","LS_S","LS_C",120,119,120,1000,0.0198128025252022,0.0207795080254605,0.980187197474798,0.0207795080254606,0.309003453823601,4.2140302326331,0.000844487779203115,0.00508058239080496
"LS","LS_S","LS_C",121,120,121,1000,0.0212792971644462,0.0216380687400402,0.978720702835554,0.0216380687400401,0.114403205588816,1.0794754395963,0.00145174849956433,0.00685303068088074
"LS","LS_S","LS_C",122,121,122,1000,0.0236210670247409,0.0238719112673348,0.976378932975259,0.0238719112673348,0.104673230150424,1.14826500017798,0.00124145973504625,0.00660903812721554
"LS","LS_S","LS_C",123,122,123,1000,0.0268460647265045,0.0263897378062412,0.973153935273496,0.0263897378062411,0.48353837944885,11.7778189504529,0.00078980540113281,0.00553268655334647
"LS","LS_S","LS_C",124,123,124,1000,0.0302119411610902,0.0281623227605412,0.96978805883891,0.0281623227605411,0.132554090234081,1.4124322478356,0.00109515214234731,0.00699056677968046
"LS","LS_S","LS_C",125,124,125,1000,0.0323661850049377,0.028540713411265,0.967633814995063,0.0285407134112649,0.194635171784189,2.38704041787776,0.00101526919925636,0.00693995875148312
"LS","LS_S","LS_C",126,125,126,1000,0.0347687369011766,0.0290981316167011,0.965231263098823,0.0290981316167012,0.193136323102826,2.16907682343011,0.000957514133700757,0.006888878610327
"LS","LS_S","LS_C",127,126,127,1000,0.0400569420303199,0.0317328832051772,0.95994305796968,0.0317328832051773,0.107241879712359,1.24455589960176,0.000804090812902256,0.00730579637349609
"LS","LS_S","LS_C",128,127,128,1000,0.0449365275043329,0.0338654881487357,0.955063472495667,0.0338654881487357,0.169749386769308,1.52117467373392,0.000873402362950679,0.00733740059751683
"LS","LS_S","LS_C",129,128,129,1000,0.0517587207531241,0.0364502110118353,0.948241279246876,0.0364502110118354,0.176690588625361,2.32401984615656,0.00133545725971398,0.0096099752366388
"LS","LS_S","LS_C",130,129,130,1000,0.0628683454166333,0.0418713098026671,0.937131654583367,0.0418713098026672,0.218590074766351,2.66194695987648,0.00110951962237445,0.00968111423424889
"LS","LS_S","LS_C",131,130,131,1000,0.0719432400405121,0.0453755587432322,0.928056759959488,0.0453755587432322,0.0931687267069983,1.05892334873006,0.00126531264531829,0.0110458830202765
"LS","LS_S","LS_C",132,131,132,1000,0.0875197587008695,0.0520192904228574,0.91248024129913,0.0520192904228576,0.251804016104123,4.05760099610638,0.00255076994396783,0.0174420384339223
"LS","LS_S","LS_C",133,132,133,1000,0.102847633937736,0.0553294628680131,0.897152366062264,0.0553294628680131,0.210725908148966,2.80489532070732,0.00185186407988568,0.0161673148060182
"LS","LS_S","LS_C",134,133,134,1000,0.122458629696617,0.0600508160719464,0.877541370303383,0.0600508160719463,3.5854772476119,75.2271450484912,0.00271528719405701,0.0213765131150014
"LS","LS_S","LS_C",135,134,135,1000,0.151006990562536,0.0661362805426741,0.848993009437464,0.0661362805426741,6.68668071697656,190.033810344973,0.000756033259806563,0.0119616252257522
"LS","LS_S","LS_C",136,135,136,1000,0.202764432669819,0.0805831471879371,0.797235567330181,0.0805831471879371,0.16162911935513,1.57420958907379,0,0
"LS","LS_S","LS_C",137,136,137,1000,0.33193426237317,0.140522862991593,0.66806573762683,0.140522862991593,0.425960687526728,9.53467071557905,0.000335062795419428,0.0105956159270843
"LS","LS_S","LS_C",138,137,138,1000,0.398661928280087,0.154170415065392,0.601338071719913,0.154170415065392,26.6147799748034,825.373980360781,0,0
"LS","LS_S","LS_C",139,138,139,1000,0.812832906895595,0.170467123833265,0.187167093104405,0.170467123833265,0.546449771534478,0.456439655988046,0,0
"LM","LM_E","LM_L",1,0,1,1000,0.600168918769733,0.000379049999843684,0.399831081230132,0.000379049999843437,0.0207573636719665,0.000636782115228131,0.0362260512846066,0.00106995886709088
"LM","LM_E","LM_L",2,1,2,1000,0.60499002396652,0.000673683065038865,0.395009976033478,0.000673683065038802,0.00917010673334569,0.000628822709108169,0.0199196540150977,0.00117801703811801
"LM","LM_E","LM_L",3,2,3,1000,0.607197159192833,0.000873233823146071,0.392802840807164,0.000873233823146129,0.00735932662671585,0.000684882860913333,0.0167236970328769,0.00125514870293277
"LM","LM_E","LM_L",4,3,4,1000,0.611805397784733,0.00107049961127926,0.388194602215267,0.0010704996112793,0.00668336884129251,0.000730026053292669,0.0144825491031456,0.00133895129666701
"LM","LM_E","LM_L",5,4,5,1000,0.613733024807465,0.0012691706806887,0.386266975192537,0.00126917068068874,0.00637776955538076,0.000774477473042433,0.0132372546340721,0.00139658450997908
"LM","LM_E","LM_L",6,5,6,1000,0.61652290512554,0.00145204708577601,0.38347709487446,0.00145204708577598,0.00639329540234986,0.000861315406265506,0.012247727277651,0.00151228421741466
"LM","LM_E","LM_L",7,6,7,1000,0.618612125106427,0.00165664203075411,0.381387874893571,0.00165664203075413,0.00630373770497038,0.000848795855979345,0.0119411187568205,0.00153575428451922
"LM","LM_E","LM_L",8,7,8,1000,0.622051897938344,0.00185523788665467,0.377948102061655,0.00185523788665467,0.00584470525101603,0.000924872826065374,0.0111437755398357,0.00163076666769247
"LM","LM_E","LM_L",9,8,9,1000,0.624809334744731,0.00207713310779267,0.375190665255269,0.00207713310779266,0.00553919326301197,0.00097905866249896,0.0103764634331907,0.00174486455025067
"LM","LM_E","LM_L",10,9,10,1000,0.624601557652583,0.00226323617847821,0.375398442347417,0.00226323617847824,0.00570976824540012,0.00102938256213966,0.0107457981010927,0.00183976148412853
"LM","LM_E","LM_L",11,10,11,1000,0.62510201929112,0.00251083351972386,0.374897980708879,0.00251083351972387,0.00566726604275928,0.0011060233400816,0.010593483145271,0.00192359607377775
"LM","LM_E","LM_L",12,11,12,1000,0.626453749722065,0.00276716603064797,0.373546250277936,0.00276716603064796,0.00542614873107946,0.00103024236409912,0.0100004622591716,0.00197505745183619
"LM","LM_E","LM_L",13,12,13,1000,0.627911234453261,0.00294309953772301,0.372088765546738,0.00294309953772302,0.00510836425222544,0.00114885239635628,0.0102204944189236,0.00200409075928168
"LM","LM_E","LM_L",14,13,14,1000,0.62696869128127,0.00318212694810443,0.373031308718729,0.00318212694810443,0.00521149867705318,0.00117893114316006,0.0101889534726957,0.00222450843415002
"LM","LM_E","LM_L",15,14,15,1000,0.624276161651875,0.00344883505211367,0.375723838348125,0.00344883505211366,0.00510393287332261,0.0012071255191328,0.00992729479493803,0.00229658876402644
"LM","LM_E","LM_L",16,15,16,1000,0.622120315356229,0.00368069309616486,0.377879684643771,0.00368069309616488,0.00507527276014109,0.00129472880383878,0.0101573384716531,0.00231847108964906
"LM","LM_E","LM_L",17,16,17,1000,0.618484785008583,0.00395387359427822,0.381515214991416,0.00395387359427822,0.00500984810556528,0.00129601529551848,0.0100103364456239,0.00245542283259858
"LM","LM_E","LM_L",18,17,18,1000,0.613582443004914,0.00417664849437684,0.386417556995086,0.00417664849437684,0.00497993956876923,0.00133792748371564,0.0101511920592456,0.00249700633062079
"LM","LM_E","LM_L",19,18,19,1000,0.610549321382131,0.00442052695011422,0.38945067861787,0.00442052695011423,0.00497254753667864,0.00147203705077446,0.0101178892982268,0.00254483749489417
"LM","LM_E","LM_L",20,19,20,1000,0.605399080243517,0.0047380366574455,0.394600919756484,0.00473803665744554,0.00498316603434414,0.00149671911982304,0.0100582975711714,0.00264509931422509
"LM","LM_E","LM_L",21,20,21,1000,0.598987946652544,0.00510285527178357,0.401012053347455,0.00510285527178359,0.004991794800025,0.00153086601061038,0.0098268485798546,0.00264846981976072
"LM","LM_E","LM_L",22,21,22,1000,0.593415911594726,0.00538187884053122,0.406584088405274,0.00538187884053123,0.00507734083575227,0.0015828344588037,0.00989905524064945,0.00267170224891748
"LM","LM_E","LM_L",23,22,23,1000,0.588105779075064,0.00566473392541373,0.411894220924936,0.00566473392541372,0.00527896173229476,0.00172497932631511,0.00998256387453746,0.00274749756979735
"LM","LM_E","LM_L",24,23,24,1000,0.583255334591871,0.00592421304078449,0.416744665408129,0.00592421304078447,0.00535906384916035,0.00180332029474164,0.00978020912199584,0.00301523027503707
"LM","LM_E","LM_L",25,24,25,1000,0.578248339060752,0.00627488625781482,0.421751660939248,0.00627488625781486,0.00566649550572477,0.00191405793216358,0.0101867024607804,0.00296404823634502
"LM","LM_E","LM_L",26,25,26,1000,0.57516083133535,0.00658460108330141,0.42483916866465,0.00658460108330143,0.00562815628537416,0.00194128032914293,0.0100375271665102,0.00322600835979614
"LM","LM_E","LM_L",27,26,27,1000,0.576221666997461,0.00698604402887821,0.423778333002539,0.0069860440288782,0.00538889337422867,0.00208922443289599,0.00971340263223033,0.00313198788866781
"LM","LM_E","LM_L",28,27,28,1000,0.575707494573461,0.00741564697689562,0.424292505426538,0.00741564697689563,0.0055228802079957,0.0021254890108885,0.00967026534904279,0.00307653036291805
"LM","LM_E","LM_L",29,28,29,1000,0.573694188625606,0.00769482411121982,0.426305811374394,0.00769482411121984,0.00566098801944084,0.00215640736064162,0.00946131889525089,0.003296848777843
"LM","LM_E","LM_L",30,29,30,1000,0.571998815864829,0.00822231330759328,0.428001184135171,0.00822231330759328,0.00564151384102367,0.00231235819710327,0.00975397026787242,0.0033836252206423
"LM","LM_E","LM_L",31,30,31,1000,0.569023286208087,0.00851319226310674,0.430976713791913,0.00851319226310675,0.00578412914210454,0.00243845031096213,0.00991715291771803,0.00382302920078351
"LM","LM_E","LM_L",32,31,32,1000,0.566943558999197,0.008711484019303,0.433056441000803,0.00871148401930298,0.00565901493193185,0.00243509542064608,0.00961056174481466,0.00366300083702513
"LM","LM_E","LM_L",33,32,33,1000,0.564422679506724,0.008998500805296,0.435577320493276,0.00899850080529603,0.00564905073730826,0.00245871703107322,0.00937908843618672,0.00372451875286004
"LM","LM_E","LM_L",34,33,34,1000,0.562445943113003,0.00944125877417915,0.437554056886997,0.00944125877417916,0.00547876085359393,0.00251942599908642,0.00963982904493123,0.00377154673967776
"LM","LM_E","LM_L",35,34,35,1000,0.561495789121895,0.00984335911702317,0.438504210878105,0.00984335911702313,0.00569892092259485,0.00276790931769015,0.00970084797494614,0.00382005001546065
"LM","LM_E","LM_L",36,35,36,1000,0.561314118101335,0.010298392326834,0.438685881898665,0.0102983923268341,0.00573303222678713,0.00265303780669462,0.00986165174556851,0.00395328614908174
"LM","LM_E","LM_L",37,36,37,1000,0.557950459412233,0.0109898501026959,0.442049540587766,0.010989850102696,0.0057701933460786,0.00289406483545261,0.0102384833946015,0.00414629579559368
"LM","LM_E","LM_L",38,37,38,1000,0.546919550549239,0.0118003613628871,0.453080449450761,0.0118003613628871,0.00593530485083817,0.00293107741466176,0.0098314457862316,0.00422252621006335
"LM","LM_E","LM_L",39,38,39,1000,0.544102099058811,0.0124153317654556,0.455897900941189,0.0124153317654557,0.00591049165764379,0.00290367499962595,0.00995297478955536,0.00422792855981951
"LM","LM_E","LM_L",40,39,40,1000,0.541603843291595,0.012919484202454,0.458396156708405,0.012919484202454,0.00610970555332601,0.00309334909384249,0.0101210464671083,0.00441480244438366
"LM","LM_E","LM_L",41,40,41,1000,0.541041693412244,0.0134616368000083,0.458958306587756,0.0134616368000083,0.00570216295063908,0.0031191254812636,0.00981374585063956,0.00450253587196986
"LM","LM_E","LM_L",42,41,42,1000,0.544533443285057,0.0141930281306567,0.455466556714943,0.0141930281306567,0.00590112849312741,0.00327147038119494,0.0100223432838634,0.004692951901152
"LM","LM_E","LM_L",43,42,43,1000,0.542949168632674,0.0149607078883127,0.457050831367326,0.0149607078883127,0.00589384292944349,0.00344269618366294,0.0100010465893855,0.00467980302371827
"LM","LM_E","LM_L",44,43,44,1000,0.543013977537232,0.0155303497484997,0.456986022462768,0.0155303497484997,0.00607585940093952,0.00353192321515986,0.0102310596123783,0.00488282050960061
"LM","LM_E","LM_L",45,44,45,1000,0.54444507467814,0.0162297274646544,0.45555492532186,0.0162297274646544,0.00622078619775901,0.00357455935075951,0.010171736988149,0.00514364257886823
"LM","LM_E","LM_L",46,45,46,1000,0.544429046212972,0.0168310282091582,0.455570953787028,0.0168310282091581,0.00617731761950038,0.00375050788360879,0.0107408863274736,0.00543960360142196
"LM","LM_E","LM_L",47,46,47,1000,0.53985186689346,0.0170794428257692,0.46014813310654,0.0170794428257692,0.00635236735604043,0.00387682083224965,0.0107741707825787,0.00558191111249176
"LM","LM_E","LM_L",48,47,48,1000,0.533338883150063,0.0176836918851916,0.466661116849938,0.0176836918851916,0.00649634881909306,0.00404523441296931,0.0108527463223969,0.00580745530595296
"LM","LM_E","LM_L",49,48,49,1000,0.5313847262639,0.0185574965785047,0.468615273736101,0.0185574965785047,0.00634782909654034,0.00424733825118411,0.0108533605953843,0.00588497967683441
"LM","LM_E","LM_L",50,49,50,1000,0.54006746171858,0.0192208517726697,0.45993253828142,0.0192208517726697,0.00658777068801001,0.00439751602699791,0.0113742264732453,0.00610767307300036
"LM","LM_E","LM_L",51,50,51,1000,0.541171310623447,0.0199617612335503,0.458828689376553,0.0199617612335503,0.00622803102931614,0.00424548787728966,0.0112398495784538,0.00622731078350409
"LM","LM_E","LM_L",52,51,52,1000,0.542128851870711,0.0206748360414667,0.457871148129289,0.0206748360414667,0.00673272069481018,0.00448366343663267,0.0110968762801089,0.00609696452311517
"LM","LM_E","LM_L",53,52,53,1000,0.540629203603371,0.0212929623230498,0.45937079639663,0.0212929623230498,0.00654392075930284,0.00465310137963171,0.0114496739525217,0.00670197753831176
"LM","LM_E","LM_L",54,53,54,1000,0.549014992947125,0.0221899248046795,0.450985007052875,0.0221899248046795,0.00673601623864321,0.00462617393708999,0.0116698280325431,0.00662501683017869
"LM","LM_E","LM_L",55,54,55,1000,0.5538252285821,0.0232656277332633,0.4461747714179,0.0232656277332633,0.00656334844865029,0.00474981812890483,0.0115454028987886,0.0069232056047047
"LM","LM_E","LM_L",56,55,56,1000,0.552872959885238,0.0240456029467723,0.447127040114762,0.0240456029467723,0.00665756886303787,0.00480349003162829,0.012036709004054,0.00715977694304084
"LM","LM_E","LM_L",57,56,57,1000,0.54907625237476,0.0249273528816449,0.45092374762524,0.0249273528816449,0.00674430271373367,0.0049448524965485,0.0121182871794833,0.00728716176418829
"LM","LM_E","LM_L",58,57,58,1000,0.548654130107857,0.0255678144303125,0.451345869892144,0.0255678144303125,0.00674070633997289,0.00490709788227977,0.0119849997403268,0.00733206714871453
"LM","LM_E","LM_L",59,58,59,1000,0.552906194620702,0.0266413165768675,0.447093805379298,0.0266413165768674,0.00686184971540032,0.00518556570452537,0.0117453125473743,0.00724689245227535
"LM","LM_E","LM_L",60,59,60,1000,0.544313770806844,0.0277498016590033,0.455686229193156,0.0277498016590033,0.00681757178340758,0.00518085794930534,0.0121157633123923,0.00762108444905474
"LM","LM_E","LM_L",61,60,61,1000,0.541734084698207,0.0287705972232808,0.458265915301793,0.0287705972232808,0.00706522714546212,0.00546261742125943,0.012062060437014,0.00750957056209622
"LM","LM_E","LM_L",62,61,62,1000,0.540096825014694,0.0295882217313026,0.459903174985306,0.0295882217313026,0.00718351158207355,0.00555258994696324,0.0121950266055726,0.00776382137889624
"LM","LM_E","LM_L",63,62,63,1000,0.538368275096016,0.0302281462639901,0.461631724903985,0.0302281462639901,0.00713898925043464,0.00581276423794128,0.0121415870812307,0.00832901260163641
"LM","LM_E","LM_L",64,63,64,1000,0.537066750011203,0.0312303919703703,0.462933249988797,0.0312303919703704,0.0076144790111118,0.00612495772817974,0.0126629820949111,0.00846078447657398
"LM","LM_E","LM_L",65,64,65,1000,0.543106124910739,0.032311087623229,0.456893875089262,0.032311087623229,0.00705760006015145,0.00598764377139869,0.0124587911500553,0.00863747923347967
"LM","LM_E","LM_L",66,65,66,1000,0.54402691726847,0.0329713770246543,0.45597308273153,0.0329713770246543,0.00739341009008227,0.0060569230213458,0.0121436266481943,0.00859393230313844
"LM","LM_E","LM_L",67,66,67,1000,0.541829945517117,0.0331857388739093,0.458170054482883,0.0331857388739093,0.00707589359460348,0.0061128110018616,0.0125352115918242,0.00909477810006087
"LM","LM_E","LM_L",68,67,68,1000,0.54081684791412,0.0338455808559921,0.45918315208588,0.0338455808559921,0.00700950554910819,0.00595789869386348,0.0127653439725533,0.0089730359606754
"LM","LM_E","LM_L",69,68,69,1000,0.534221243227959,0.0345621053052563,0.465778756772041,0.0345621053052563,0.00713785850153879,0.00622338215352671,0.013209281128865,0.00895150254254414
"LM","LM_E","LM_L",70,69,70,1000,0.536628254080997,0.0357996992060608,0.463371745919004,0.0357996992060608,0.00697931131492274,0.00607781146449402,0.0127014253865704,0.00908581426563661
"LM","LM_E","LM_L",71,70,71,1000,0.538147784443778,0.0373124371288609,0.461852215556222,0.0373124371288609,0.00711344766002886,0.00644201754609832,0.0126516603278676,0.00952023007038866
"LM","LM_E","LM_L",72,71,72,1000,0.54671835586389,0.0385054065515661,0.453281644136111,0.0385054065515661,0.00714196687350618,0.00661636038714167,0.0131165307407207,0.00940694250982073
"LM","LM_E","LM_L",73,72,73,1000,0.540958822573754,0.0389386588579479,0.459041177426246,0.0389386588579479,0.00687055002557593,0.00663124915028839,0.0127146328379061,0.00959302090199072
"LM","LM_E","LM_L",74,73,74,1000,0.53417063762274,0.0400298168719866,0.46582936237726,0.0400298168719866,0.00722125242885791,0.00718676115181921,0.0135454016395606,0.0097980404647055
"LM","LM_E","LM_L",75,74,75,1000,0.532882849477035,0.0407474173880966,0.467117150522965,0.0407474173880966,0.00693945268998932,0.00677901203876589,0.013224721083195,0.00994202309688217
"LM","LM_E","LM_L",76,75,76,1000,0.529164901706034,0.0414757716496741,0.470835098293966,0.0414757716496741,0.00710257165343627,0.00696701214724284,0.0131958253752899,0.00994681217636005
"LM","LM_E","LM_L",77,76,77,1000,0.525256221652801,0.0425961705972852,0.474743778347199,0.0425961705972852,0.00687067328603353,0.00725282117376015,0.0129879155078115,0.0100865902017805
"LM","LM_E","LM_L",78,77,78,1000,0.514364399173053,0.0437192132720082,0.485635600826947,0.0437192132720082,0.00733957936122814,0.00734452584299873,0.0128595804748284,0.00988513877840708
"LM","LM_E","LM_L",79,78,79,1000,0.505272429717214,0.0448696927910345,0.494727570282786,0.0448696927910345,0.00683358587763291,0.0074692456933254,0.0133053619641838,0.010363952674732
"LM","LM_E","LM_L",80,79,80,1000,0.500001229536362,0.0458063440749489,0.499998770463638,0.0458063440749488,0.00722001316187287,0.00774763643972535,0.0135703862889674,0.0106843909793306
"LM","LM_E","LM_L",81,80,81,1000,0.489242307999343,0.0474437374787365,0.510757692000657,0.0474437374787365,0.00697236677708178,0.00812147538916141,0.0127940128493939,0.0102770216389867
"LM","LM_E","LM_L",82,81,82,1000,0.48437959605528,0.0497653331073003,0.51562040394472,0.0497653331073003,0.00733549241659477,0.00831799031755821,0.0133144827195169,0.0103926173042056
"LM","LM_E","LM_L",83,82,83,1000,0.484239861022081,0.0516609616759793,0.515760138977919,0.0516609616759793,0.00734721647125657,0.00805833533409047,0.0140747917372693,0.0117478534370417
"LM","LM_E","LM_L",84,83,84,1000,0.480985831618295,0.0537171801758004,0.519014168381705,0.0537171801758004,0.0072866843977217,0.00851954614719576,0.0141529348431059,0.0111989732584399
"LM","LM_E","LM_L",85,84,85,1000,0.477723112958085,0.0553817655969693,0.522276887041915,0.0553817655969694,0.00719808180454642,0.00875046050048424,0.0135691279911911,0.0109936712369252
"LM","LM_E","LM_L",86,85,86,1000,0.477284674195993,0.0586958279069565,0.522715325804007,0.0586958279069565,0.00706180518144414,0.00900528679488402,0.0135443719810051,0.0112977062375765
"LM","LM_E","LM_L",87,86,87,1000,0.47521957082781,0.0610948705920387,0.52478042917219,0.0610948705920387,0.00739925253550399,0.00900244077024632,0.0143531884932501,0.0115246760684782
"LM","LM_E","LM_L",88,87,88,1000,0.4744463451617,0.0631486800518168,0.5255536548383,0.0631486800518168,0.00704595593626899,0.00923464918191454,0.0143717581202344,0.0123752861321477
"LM","LM_E","LM_L",89,88,89,1000,0.46878653748958,0.0646811885069473,0.53121346251042,0.0646811885069473,0.00743908570100118,0.00938837471431201,0.0141606317319009,0.0121198566366085
"LM","LM_E","LM_L",90,89,90,1000,0.456478691992856,0.0648203568958057,0.543521308007144,0.0648203568958056,0.00747589185353953,0.0102353718647809,0.0149011507309358,0.0129168762061424
"LM","LM_E","LM_L",91,90,91,1000,0.459060993438255,0.0652739748664089,0.540939006561745,0.0652739748664089,0.00742770376389648,0.0101346623242724,0.0136506714257289,0.0123257125939378
"LM","LM_E","LM_L",92,91,92,1000,0.458936851390951,0.0651354439882618,0.541063148609049,0.0651354439882618,0.00751496908872324,0.0101138709968758,0.0147777581529295,0.0131258795594306
"LM","LM_E","LM_L",93,92,93,1000,0.456042547289211,0.0657529674435865,0.543957452710789,0.0657529674435865,0.00695868635298986,0.0103022411225199,0.0143610039261236,0.0133530688685886
"LM","LM_E","LM_L",94,93,94,1000,0.458706280166473,0.0677278346776568,0.541293719833527,0.0677278346776568,0.00738631111693643,0.0103377016372019,0.0146565803716063,0.0141400701383308
"LM","LM_E","LM_L",95,94,95,1000,0.457508316895937,0.0702880438183537,0.542491683104063,0.0702880438183537,0.00736750562757553,0.0115490251109301,0.0142596761821424,0.0144748017550465
"LM","LM_E","LM_L",96,95,96,1000,0.461920965479594,0.0719889264879663,0.538079034520406,0.0719889264879663,0.0070968583758335,0.0113198523444534,0.0145111351744882,0.015541140906113
"LM","LM_E","LM_L",97,96,97,1000,0.450610423073428,0.0739905202991705,0.549389576926572,0.0739905202991705,0.00713953750132175,0.0114907060948029,0.0157299286197167,0.0161562069205058
"LM","LM_E","LM_L",98,97,98,1000,0.443643859935438,0.0766260845939271,0.556356140064562,0.0766260845939271,0.00740580832250119,0.0122135634590249,0.0142870003407497,0.014857955152496
"LM","LM_E","LM_L",99,98,99,1000,0.442055664180769,0.0797583659398073,0.557944335819231,0.0797583659398072,0.00775591960656503,0.0133063170715228,0.0140852742965498,0.0157820579252311
"LM","LM_E","LM_L",100,99,100,1000,0.440939748369053,0.0826411385082788,0.559060251630947,0.0826411385082788,0.00698906960836007,0.0129128165687176,0.0143891797454573,0.0160578037909983
"LM","LM_E","LM_L",101,100,101,1000,0.439433776147759,0.0855807200219043,0.560566223852241,0.0855807200219043,0.00611242276584745,0.0118641186249555,0.0142435018609206,0.0163045391553637
"LM","LM_E","LM_L",102,101,102,1000,0.427050624468185,0.0883933484102239,0.572949375531815,0.0883933484102239,0.00742601248129291,0.0135492303808422,0.0157646207482811,0.0178014182773904
"LM","LM_E","LM_L",103,102,103,1000,0.431495641499688,0.0909294255315416,0.568504358500312,0.0909294255315416,0.00762593874237352,0.0141097501000978,0.0148655445816911,0.0169331389952432
"LM","LM_E","LM_L",104,103,104,1000,0.434965874088168,0.0958356210426196,0.565034125911832,0.0958356210426196,0.00674039931029744,0.0138010800790542,0.0143501599631404,0.0173757509439032
"LM","LM_E","LM_L",105,104,105,1000,0.436004628671415,0.100091156755937,0.563995371328585,0.100091156755937,0.00837755870072127,0.0162399991260714,0.014984821421863,0.0178533658121304
"LM","LM_E","LM_L",106,105,106,1000,0.435465514343122,0.10335319080182,0.564534485656878,0.10335319080182,0.00826954575672915,0.0157651554951036,0.0153623300733832,0.0189348147284314
"LM","LM_E","LM_L",107,106,107,1000,0.43510037827318,0.107098752163343,0.56489962172682,0.107098752163343,0.0071069095928543,0.0152187239469812,0.016228277218656,0.019289978601927
"LM","LM_E","LM_L",108,107,108,1000,0.431521190248824,0.113251006666272,0.568478809751176,0.113251006666272,0.00673004604027605,0.0155470068254009,0.016635042302678,0.0201997268637907
"LM","LM_E","LM_L",109,108,109,1000,0.419172911087667,0.116031291337602,0.580827088912333,0.116031291337602,0.00761147466065785,0.0176035403860318,0.015947518873513,0.0200215667880719
"LM","LM_E","LM_L",110,109,110,1000,0.401921477533283,0.118234992098439,0.598078522466717,0.118234992098439,0.00780134074565672,0.0192579615511216,0.0159475404756045,0.0216608675226002
"LM","LM_E","LM_L",111,110,111,1000,0.392338596321356,0.120884668602276,0.607661403678644,0.120884668602276,0.00744243331639905,0.0192921858709549,0.0160583474231837,0.0211442054073221
"LM","LM_E","LM_L",112,111,112,1000,0.387751104702545,0.12507093159916,0.612248895297455,0.12507093159916,0.00651332966633684,0.0180126372875082,0.0171906584019402,0.0224463578101487
"LM","LM_E","LM_L",113,112,113,1000,0.39882522844789,0.133130207307562,0.60117477155211,0.133130207307562,0.00869011996837926,0.0244899803016623,0.0170086491423697,0.0241720417084293
"LM","LM_E","LM_L",114,113,114,1000,0.416584467701114,0.14384885621767,0.583415532298886,0.14384885621767,0.00660971848452389,0.0181033738800019,0.0159538647522028,0.0230220217977008
"LM","LM_E","LM_L",115,114,115,1000,0.41047803403481,0.149083553407271,0.58952196596519,0.149083553407271,0.00852011326873029,0.0224643106355954,0.0173941890733992,0.0263492757369633
"LM","LM_E","LM_L",116,115,116,1000,0.407265382235419,0.154554657283171,0.592734617764581,0.154554657283171,0.00885556366291789,0.0364970868621988,0.0172154124523887,0.0257324148148048
"LM","LM_E","LM_L",117,116,117,1000,0.396411698674752,0.15741865284369,0.603588301325248,0.15741865284369,0.0072282142079714,0.026057627725659,0.0158610423681419,0.0247577279412094
"LM","LM_E","LM_L",118,117,118,1000,0.390235425383828,0.167734719686606,0.609764574616172,0.167734719686606,0.00676943947748842,0.0224841233046752,0.0162333489619341,0.0266278469764423
"LM","LM_E","LM_L",119,118,119,1000,0.392641901009225,0.178853452340911,0.607358098990774,0.178853452340911,0.00795423929772514,0.0286360465531255,0.0177898878622606,0.0301764742382949
"LM","LM_E","LM_L",120,119,120,1000,0.376569306434551,0.183621400832243,0.623430693565449,0.183621400832243,0.00779910514458378,0.0304030003988368,0.016526635478099,0.0299126885489747
"LM","LM_E","LM_L",121,120,121,1000,0.359415807936224,0.190919014828901,0.640584192063776,0.190919014828901,0.00731577779459602,0.048237907507405,0.0141839676046714,0.0291564480968947
"LM","LM_E","LM_L",122,121,122,1000,0.3541944507491,0.204734817435401,0.6458055492509,0.204734817435401,0.00804150346871878,0.0689255981381924,0.0145312407035038,0.0299010895994794
"LM","LM_E","LM_L",123,122,123,1000,0.362632304038204,0.223151524270241,0.637367695961796,0.223151524270241,0.00961638322705836,0.0419013662501983,0.0155008160405634,0.0340603396199428
"LM","LM_E","LM_L",124,123,124,1000,0.378082374668371,0.23933309003107,0.621917625331629,0.23933309003107,0.0059072526947591,0.0370684024359041,0.0138523235800861,0.0354626950528706
"LM","LM_E","LM_L",125,124,125,1000,0.384229788581945,0.254059159621592,0.615770211418055,0.254059159621592,0.00802694038284026,0.0426261083595158,0.013215901471676,0.0325130984499025
"LM","LM_E","LM_L",126,125,126,1000,0.394697676711531,0.271941081164146,0.605302323288469,0.271941081164146,0.00758426009576141,0.0647994372214036,0.0153063251375384,0.0407877730994366
"LM","LM_E","LM_L",127,126,127,1000,0.368606694596841,0.270811075212835,0.631393305403159,0.270811075212835,0.0122518236967197,0.0917098089077464,0.0169403521354742,0.0432078082755072
"LM","LM_E","LM_L",128,127,128,1000,0.356128870686327,0.279377935746149,0.643871129313673,0.279377935746149,0.00764792689572168,0.0458548696594579,0.0143682943693962,0.0375040973195929
"LM","LM_E","LM_L",129,128,129,1000,0.358220831658951,0.295133278326841,0.641779168341049,0.295133278326841,0.0202753777483555,0.309340120423683,0.0157215993453284,0.0456251331924094
"LM","LM_E","LM_L",130,129,130,1000,0.3494076877371,0.309058724123945,0.6505923122629,0.309058724123945,0.00733783959219505,0.0420221485280761,0.0136403919767591,0.0520333685200299
"LM","LM_E","LM_L",131,130,131,1000,0.35058208903411,0.324803694299942,0.64941791096589,0.324803694299942,0.0310694309455093,0.810297641452321,0.0152123868248065,0.0564411500093695
"LM","LM_E","LM_L",132,131,132,1000,0.335800290806299,0.342588234374653,0.664199709193701,0.342588234374653,0.00804621171583465,0.0457557203949086,0.017234772009103,0.0504976775572612
"LM","LM_E","LM_L",133,132,133,1000,0.343747797677464,0.370341391452795,0.656252202322536,0.370341391452795,0.012713195503168,0.0596830388954161,0.0174532099431563,0.0531182978873835
"LM","LM_E","LM_L",134,133,134,1000,0.321467199954858,0.385098283236925,0.678532800045142,0.385098283236925,0.0135481614820084,0.11114137827889,0.0231873723968925,0.0870244702832811
"LM","LM_E","LM_L",135,134,135,1000,0.318219133562691,0.410391437741493,0.681780866437309,0.410391437741493,0.0161081905894788,0.0546136029757786,0.0220068351881055,0.0792580176598181
"LM","LM_E","LM_L",136,135,136,1000,0.325441429957758,0.439154182994657,0.674558570042242,0.439154182994657,0.0187017748519391,0.118397562280587,0.0224803576633039,0.166924250650726
"LM","LM_E","LM_L",137,136,137,1000,0.331805133578792,0.452064680725859,0.668194866421209,0.452064680725859,0.00997457842663557,0.0662741587754731,0.00640911892041802,0.0504520051834996
"LM","LM_E","LM_L",138,137,138,1000,0.331767274857724,0.4617628935052,0.668232725142276,0.4617628935052,0.00915020299034676,0.0712364872932482,0.0112789001863591,0.0778293598554488
"LM","LM_E","LM_L",139,138,139,1000,0.331590124156342,0.468508449783643,0.668409875843658,0.468508449783643,0.00933655854718096,0.135937044516529,0.00562643927867926,0.0597697726836927
"LV","LV_R","LV_P",1,0,1,1000,0.30322188447237,0.000147725404334918,0.696778115527582,0.000147725404335051,0.00658260970233764,0.000451353428777124,0.00415476168304499,0.000258626425305589
"LV","LV_R","LV_P",2,1,2,1000,0.299365450403008,0.000262395191136967,0.700634549596989,0.000262395191136942,0.00367658047377491,0.000600862200457262,0.00248570021508344,0.000321416055710465
"LV","LV_R","LV_P",3,2,3,1000,0.292021554279417,0.000355601201695381,0.707978445720585,0.000355601201695384,0.00308626310677779,0.00061798079228995,0.00208336921458945,0.000327289558198954
"LV","LV_R","LV_P",4,3,4,1000,0.284324067404877,0.000425369938119435,0.715675932595123,0.000425369938119462,0.00220759636863119,0.000624923442506503,0.00184469386880764,0.000326645077899721
"LV","LV_R","LV_P",5,4,5,1000,0.27462204498941,0.000475382829788676,0.725377955010588,0.000475382829788673,0.0026055515725372,0.000676529382486361,0.00171361501586246,0.000354742920385451
"LV","LV_R","LV_P",6,5,6,1000,0.265059830582482,0.000542176646985752,0.734940169417517,0.00054217664698571,0.00199526044059026,0.000735899636696379,0.00151049655289994,0.000354104669868316
"LV","LV_R","LV_P",7,6,7,1000,0.255215546675709,0.00057323415636759,0.74478445332429,0.000573234156367585,0.0017823390290566,0.000785753715111672,0.00138004448644116,0.000366918366533011
"LV","LV_R","LV_P",8,7,8,1000,0.245694272682284,0.000643636137025911,0.754305727317715,0.000643636137025922,0.00174791330431665,0.000821171570752815,0.00128594985855993,0.000388472400221914
"LV","LV_R","LV_P",9,8,9,1000,0.234574145500655,0.00072850109498618,0.765425854499344,0.000728501094986221,0.00210331375430436,0.000937968137147272,0.00139145968095346,0.000438977200266315
"LV","LV_R","LV_P",10,9,10,1000,0.224185821149552,0.000776653059119259,0.775814178850448,0.000776653059119208,0.00174278977313881,0.00095704049937284,0.00120518577559263,0.000424435820196189
"LV","LV_R","LV_P",11,10,11,1000,0.213842309510829,0.000789916092271735,0.786157690489169,0.000789916092271737,0.00158251198659602,0.00102094048905337,0.00112457281470685,0.000437888902611407
"LV","LV_R","LV_P",12,11,12,1000,0.204237449971554,0.000861003751191654,0.795762550028446,0.000861003751191627,0.00175400099569744,0.00115327902979277,0.0011486798996047,0.000450704649024275
"LV","LV_R","LV_P",13,12,13,1000,0.198717449479602,0.000933475396812775,0.801282550520399,0.000933475396812754,0.00199192867204911,0.00126484894363073,0.00111116627898015,0.00047456487040678
"LV","LV_R","LV_P",14,13,14,1000,0.193295915221253,0.000986003173760331,0.806704084778747,0.000986003173760331,0.00218587493893941,0.00133482447565482,0.00117524464817238,0.000484034809340152
"LV","LV_R","LV_P",15,14,15,1000,0.186898213181046,0.00104347857199951,0.813101786818954,0.00104347857199952,0.00214082337053377,0.00144235608253307,0.000967516790597727,0.000478025978302862
"LV","LV_R","LV_P",16,15,16,1000,0.180575420752039,0.00107742691504185,0.819424579247962,0.00107742691504189,0.00189805123346991,0.00146958118027961,0.000689233908591689,0.0004369826082633
"LV","LV_R","LV_P",17,16,17,1000,0.176327046491426,0.00116009285158986,0.823672953508574,0.00116009285158988,0.00174884948608528,0.00153538048257594,0.000678849802593582,0.000426521048131714
"LV","LV_R","LV_P",18,17,18,1000,0.167784143810386,0.00120349021596165,0.832215856189614,0.00120349021596164,0.00179664956723851,0.00163799204474464,0.00085443902714154,0.000482902133464067
"LV","LV_R","LV_P",19,18,19,1000,0.163367197239235,0.0012533827867952,0.836632802760765,0.00125338278679519,0.00191494030954135,0.0018012448423132,0.000623787694073004,0.000424132318371504
"LV","LV_R","LV_P",20,19,20,1000,0.158980394838243,0.00128426400626032,0.841019605161757,0.00128426400626034,0.00171163335809064,0.0018153650110866,0.000578977952487774,0.000438018696088415
"LV","LV_R","LV_P",21,20,21,1000,0.157161078670879,0.00135366381050315,0.842838921329121,0.00135366381050315,0.00189870221887333,0.00191261259938376,0.000586011406914995,0.000454394975505074
"LV","LV_R","LV_P",22,21,22,1000,0.154429558385244,0.00143918207875999,0.845570441614756,0.00143918207876001,0.00203362610764232,0.00216836196087452,0.00059487344921208,0.000484137888633394
"LV","LV_R","LV_P",23,22,23,1000,0.150365850013858,0.0014580551180004,0.849634149986142,0.00145805511800038,0.00216642955295452,0.00217443681174265,0.000531734779120984,0.000480260505162341
"LV","LV_R","LV_P",24,23,24,1000,0.145981321904252,0.00151114931570289,0.854018678095748,0.00151114931570288,0.00214617783116354,0.00234972879052167,0.000596288478712923,0.000495281214911285
"LV","LV_R","LV_P",25,24,25,1000,0.142015422759989,0.00161172920023921,0.85798457724001,0.00161172920023919,0.00210602775507744,0.00247348043000205,0.00063333766795199,0.000567145304218033
"LV","LV_R","LV_P",26,25,26,1000,0.142735862327077,0.00166811409111007,0.857264137672922,0.00166811409111008,0.00197326010543185,0.00259279140859426,0.000528648221118257,0.000539021606713469
"LV","LV_R","LV_P",27,26,27,1000,0.141042895273506,0.00176114332062847,0.858957104726493,0.00176114332062849,0.00214803791126762,0.00270218388286131,0.000611251706055071,0.000586452218515131
"LV","LV_R","LV_P",28,27,28,1000,0.137780741798386,0.00184773459076807,0.862219258201614,0.00184773459076805,0.00224262419317693,0.00296030060512762,0.00070255187718597,0.000617737329505235
"LV","LV_R","LV_P",29,28,29,1000,0.138058087780074,0.00192270748016675,0.861941912219926,0.00192270748016676,0.0023474553434041,0.00316738947850777,0.000735163800287069,0.000663247456455472
"LV","LV_R","LV_P",30,29,30,1000,0.139870884030221,0.00202602288566816,0.860129115969779,0.00202602288566813,0.00274063426245346,0.00334342172347677,0.000757886527472379,0.000694697783292519
"LV","LV_R","LV_P",31,30,31,1000,0.139869477875909,0.00210416086216106,0.860130522124091,0.00210416086216105,0.00241112908927175,0.00339986057905383,0.000639908027028858,0.000644011228029899
"LV","LV_R","LV_P",32,31,32,1000,0.13926913476794,0.00218042502362315,0.860730865232061,0.00218042502362318,0.00241792047207258,0.00330676441789038,0.000535221088766753,0.000654947794715353
"LV","LV_R","LV_P",33,32,33,1000,0.137307183398395,0.00221273158798974,0.862692816601604,0.00221273158798975,0.00266100709959341,0.00357536131569673,0.000534394223157314,0.000637522955616082
"LV","LV_R","LV_P",34,33,34,1000,0.138818515299034,0.00230437994001166,0.861181484700966,0.00230437994001166,0.00233371025013275,0.00348793796672469,0.000547504489380636,0.000690997298862467
"LV","LV_R","LV_P",35,34,35,1000,0.140118199874602,0.00240371975822839,0.859881800125398,0.00240371975822841,0.00243047120267622,0.00361138687446718,0.000536426723981787,0.000676106998055293
"LV","LV_R","LV_P",36,35,36,1000,0.14002256360596,0.00248150862131525,0.859977436394041,0.00248150862131526,0.00258497883644061,0.00385044559620326,0.000560887788909855,0.000758315318530861
"LV","LV_R","LV_P",37,36,37,1000,0.141607974544688,0.00260376049404722,0.858392025455312,0.00260376049404729,0.00255516995197919,0.00389607513255591,0.000546676848898652,0.000764711820167158
"LV","LV_R","LV_P",38,37,38,1000,0.14194958251747,0.00274923258923479,0.85805041748253,0.00274923258923478,0.00206830071771127,0.00365845903259962,0.000505755449292992,0.000763929740644782
"LV","LV_R","LV_P",39,38,39,1000,0.140797846089022,0.00288512329535439,0.859202153910978,0.0028851232953544,0.00225713250534233,0.00397097132845557,0.000653436277241142,0.000866534783048142
"LV","LV_R","LV_P",40,39,40,1000,0.141162851759067,0.00307368019590668,0.858837148240933,0.00307368019590667,0.00240758733264431,0.00414120098945141,0.000753800855015508,0.000938396263810461
"LV","LV_R","LV_P",41,40,41,1000,0.141173261299697,0.00329388041223303,0.858826738700303,0.00329388041223302,0.00242887364256512,0.00431873401881553,0.000698189972045601,0.000973974346170685
"LV","LV_R","LV_P",42,41,42,1000,0.142893829015996,0.00351226796996876,0.857106170984004,0.00351226796996877,0.00244409359574245,0.00429479694462517,0.000810102995663611,0.000994197681820621
"LV","LV_R","LV_P",43,42,43,1000,0.143089957861543,0.00370337378441581,0.856910042138457,0.00370337378441581,0.00218176332288569,0.00422356851902749,0.000768352437008752,0.0010443722234585
"LV","LV_R","LV_P",44,43,44,1000,0.144680753592426,0.00388147484805502,0.855319246407574,0.00388147484805501,0.00229529268244333,0.00423596217385558,0.000749515695080834,0.0010951925034924
"LV","LV_R","LV_P",45,44,45,1000,0.139691934143533,0.0038536439325759,0.860308065856467,0.00385364393257586,0.00199997609502133,0.00424892532516889,0.00082336239814403,0.0011006531280431
"LV","LV_R","LV_P",46,45,46,1000,0.135550077683674,0.00383280952613494,0.864449922316326,0.00383280952613494,0.00177852650870106,0.00410058861181716,0.000593011108771909,0.000949404233905655
"LV","LV_R","LV_P",47,46,47,1000,0.133796885713045,0.0040254342083408,0.866203114286955,0.00402543420834081,0.00184954825890829,0.00464916732055327,0.000568443993756742,0.000976612143770801
"LV","LV_R","LV_P",48,47,48,1000,0.133824780594894,0.00424303389745102,0.866175219405106,0.00424303389745104,0.00156912476080243,0.00426456959434403,0.000613509011520393,0.00105129793408278
"LV","LV_R","LV_P",49,48,49,1000,0.131986507866611,0.00415803422097417,0.86801349213339,0.00415803422097417,0.00180204681783799,0.0048163581955257,0.000554776990291961,0.00105750913922579
"LV","LV_R","LV_P",50,49,50,1000,0.130539784142771,0.00415136521838722,0.869460215857229,0.00415136521838721,0.00179589202647124,0.00503352279965961,0.000571472063109449,0.000998329199413593
"LV","LV_R","LV_P",51,50,51,1000,0.130523565111486,0.00416560341960203,0.869476434888514,0.00416560341960203,0.00183306826903503,0.00494500956468835,0.000529001087887152,0.00102197856643153
"LV","LV_R","LV_P",52,51,52,1000,0.13176654287438,0.00422114980063728,0.86823345712562,0.00422114980063726,0.00205525735906,0.00525126952659708,0.00146673343462354,0.00149124809231443
"LV","LV_R","LV_P",53,52,53,1000,0.131675675764374,0.00420108580669046,0.868324324235626,0.00420108580669046,0.00202776779480188,0.00529915389347891,0.00159479428080279,0.0015023628057932
"LV","LV_R","LV_P",54,53,54,1000,0.132672655898104,0.00424407069494287,0.867327344101896,0.00424407069494287,0.00163106055599179,0.00489445095554244,0.000479520847715082,0.00102797086788676
"LV","LV_R","LV_P",55,54,55,1000,0.131689718737531,0.00430359823150193,0.868310281262469,0.00430359823150194,0.00174078248297532,0.00519766740260563,0.000517145767429507,0.00107964963907659
"LV","LV_R","LV_P",56,55,56,1000,0.131508154845969,0.00437810050117105,0.868491845154031,0.00437810050117109,0.00148982285318109,0.00500339613495859,0.000564628108931283,0.00112654165871736
"LV","LV_R","LV_P",57,56,57,1000,0.130074817685037,0.00450190887076714,0.869925182314963,0.00450190887076717,0.00147488212226164,0.0048627360986288,0.000563590740564843,0.0011596578316395
"LV","LV_R","LV_P",58,57,58,1000,0.130406395482218,0.00459548939105824,0.869593604517782,0.00459548939105828,0.00139052498498411,0.00474404074367419,0.000550769661803004,0.00119932509064905
"LV","LV_R","LV_P",59,58,59,1000,0.129635222831411,0.00464164955019604,0.870364777168589,0.00464164955019613,0.00109741843131462,0.00423710257928065,0.00047910402523323,0.00111025083752634
"LV","LV_R","LV_P",60,59,60,1000,0.119434685774448,0.00471894652101837,0.880565314225552,0.00471894652101837,0.00105465816121726,0.00454486392093647,0.000450042579250938,0.00106202900287753
"LV","LV_R","LV_P",61,60,61,1000,0.11389474133625,0.00490207435996452,0.88610525866375,0.00490207435996444,0.0010922900780436,0.00497580465961877,0.000458698168278436,0.0011421155703854
"LV","LV_R","LV_P",62,61,62,1000,0.11596461968544,0.00504707020759546,0.88403538031456,0.00504707020759545,0.000953269115367344,0.0046187840658795,0.000410322028200225,0.00104596047878918
"LV","LV_R","LV_P",63,62,63,1000,0.116331160964249,0.00520346749686302,0.883668839035751,0.00520346749686305,0.00117596936332885,0.00517838896527079,0.000415855070548709,0.00109945355448965
"LV","LV_R","LV_P",64,63,64,1000,0.109550518871227,0.00534075691593909,0.890449481128774,0.00534075691593909,0.00138037274081582,0.00579615323489955,0.00042321200718805,0.00109315866689917
"LV","LV_R","LV_P",65,64,65,1000,0.107307098873293,0.0054713627246044,0.892692901126707,0.00547136272460427,0.00107675330198474,0.00522115960662589,0.000450697728965845,0.00121276330819735
"LV","LV_R","LV_P",66,65,66,1000,0.109098306454784,0.00554829233796466,0.890901693545216,0.00554829233796466,0.00114787661809185,0.00545549059167068,0.00044531985734165,0.00115543461561221
"LV","LV_R","LV_P",67,66,67,1000,0.109661424381766,0.0056962425433457,0.890338575618234,0.00569624254334561,0.00109773832413379,0.00545100502929807,0.000458502447970007,0.00123851834966829
"LV","LV_R","LV_P",68,67,68,1000,0.107750610898159,0.00585830341005932,0.892249389101841,0.00585830341005932,0.00110054646572036,0.00552511732556221,0.000436757426768355,0.00122917719533696
"LV","LV_R","LV_P",69,68,69,1000,0.106691609167637,0.00606708736507298,0.893308390832363,0.00606708736507303,0.00125001704419212,0.00618547048965895,0.000443169269372095,0.00121548697112581
"LV","LV_R","LV_P",70,69,70,1000,0.101840379867727,0.00621168646139111,0.898159620132273,0.00621168646139117,0.00163309330370393,0.00725573175602718,0.000482981321076348,0.00129035845823658
"LV","LV_R","LV_P",71,70,71,1000,0.0968958995368194,0.00640573739757854,0.903104100463181,0.00640573739757849,0.001698629651535,0.00735095561262066,0.000513943770104325,0.00133621990574144
"LV","LV_R","LV_P",72,71,72,1000,0.0995496158451496,0.00667079001033333,0.90045038415485,0.00667079001033329,0.00102525166925565,0.00592657599856948,0.000489668661678125,0.00132839672382042
"LV","LV_R","LV_P",73,72,73,1000,0.0981494036732646,0.00679185003170594,0.901850596326735,0.00679185003170596,0.0014670848831798,0.00729138301979213,0.000530427315049239,0.00148105198549489
"LV","LV_R","LV_P",74,73,74,1000,0.0971751975069867,0.00669497068677728,0.902824802493013,0.00669497068677729,0.00135746102689608,0.00735317845523994,0.000659337018835133,0.00165062841961569
"LV","LV_R","LV_P",75,74,75,1000,0.0981801329882678,0.00684574676392111,0.901819867011732,0.00684574676392117,0.00136013113704,0.00706421747063931,0.000548844074024263,0.00148896105865143
"LV","LV_R","LV_P",76,75,76,1000,0.0963629626410681,0.00695463799123841,0.903637037358932,0.00695463799123835,0.00104314452374182,0.00616051502381851,0.000649253900699221,0.00164287466206483
"LV","LV_R","LV_P",77,76,77,1000,0.0905438142819424,0.00710261131769662,0.909456185718058,0.00710261131769655,0.00120541498355555,0.00700140727215312,0.000664822756690204,0.00176265298112086
"LV","LV_R","LV_P",78,77,78,1000,0.0879178355255327,0.00726877940980397,0.912082164474467,0.00726877940980389,0.00110972266325421,0.00682214993138059,0.000548020107467805,0.0014994929986047
"LV","LV_R","LV_P",79,78,79,1000,0.0854558065065286,0.00738233466085969,0.914544193493471,0.0073823346608596,0.00113128481086767,0.00723998386962456,0.000742937484948827,0.00176267587211304
"LV","LV_R","LV_P",80,79,80,1000,0.0868154133665239,0.00771551991056552,0.913184586633476,0.00771551991056548,0.00107796952406274,0.00727438952601722,0.000671205127428056,0.00179622631921857
"LV","LV_R","LV_P",81,80,81,1000,0.0837379920829828,0.00784011915357212,0.916262007917017,0.00784011915357216,0.00147155110985248,0.00854803527146589,0.000657251873732986,0.00182482079697224
"LV","LV_R","LV_P",82,81,82,1000,0.0799634236142006,0.0080914173483529,0.920036576385799,0.00809141734835286,0.00106437000234006,0.00768078827817365,0.00071868345273611,0.00185013595721247
"LV","LV_R","LV_P",83,82,83,1000,0.0809595544038427,0.00814778946148076,0.919040445596157,0.00814778946148079,0.00156782300294954,0.00930916662202879,0.000659859992279626,0.00181806920124852
"LV","LV_R","LV_P",84,83,84,1000,0.082067649688808,0.00829947947626602,0.917932350311192,0.00829947947626603,0.00104811106366348,0.00758000039126148,0.000708104528732091,0.00188810926666084
"LV","LV_R","LV_P",85,84,85,1000,0.0843172726855974,0.00848848472455475,0.915682727314403,0.00848848472455476,0.00188658686523537,0.0106693593332945,0.000730304754623141,0.00197051164908212
"LV","LV_R","LV_P",86,85,86,1000,0.0880497647409043,0.00888407870253734,0.911950235259096,0.00888407870253736,0.000622347493767018,0.00593133567793037,0.000703312289359378,0.00199398779087836
"LV","LV_R","LV_P",87,86,87,1000,0.0895490943731703,0.00907040631402009,0.91045090562683,0.00907040631402006,0.00122607836706044,0.00824634709132769,0.000795323966135723,0.00213502787393338
"LV","LV_R","LV_P",88,87,88,1000,0.0915537474254205,0.00935257370707023,0.908446252574579,0.00935257370707027,0.00118986843408299,0.00815629907966138,0.000720243620144012,0.00205039323522567
"LV","LV_R","LV_P",89,88,89,1000,0.0939625415147593,0.00977971984776232,0.90603745848524,0.00977971984776229,0.00171491160010932,0.00965656553565685,0.000857076004515558,0.00227360170308232
"LV","LV_R","LV_P",90,89,90,1000,0.0876833971044878,0.0103129221985037,0.912316602895512,0.0103129221985037,0.0016631216746442,0.0108570584019595,0.00080367394607834,0.00235831309611871
"LV","LV_R","LV_P",91,90,91,1000,0.0904474959864344,0.0108299725608768,0.909552504013565,0.0108299725608767,0.00147407276544104,0.00967467976532991,0.000881169066700427,0.00232683221930574
"LV","LV_R","LV_P",92,91,92,1000,0.0931665835184228,0.0112311198503156,0.906833416481577,0.0112311198503156,0.00170397265245456,0.0105785868906615,0.000725152150059215,0.00229210367856637
"LV","LV_R","LV_P",93,92,93,1000,0.0986287157040166,0.0118288369793492,0.901371284295983,0.0118288369793493,0.0023319949293551,0.0126569206208449,0.000923285375848098,0.00274037855071777
"LV","LV_R","LV_P",94,93,94,1000,0.103641432853978,0.0126263801709532,0.896358567146022,0.0126263801709533,0.00186226732574436,0.0113533530956254,0.000729974776393748,0.00232139858321182
"LV","LV_R","LV_P",95,94,95,1000,0.10531947493946,0.0139044689112961,0.89468052506054,0.0139044689112961,0.00155841501692927,0.0103117623601607,0.00102149068397329,0.00295849200469122
"LV","LV_R","LV_P",96,95,96,1000,0.111029659458906,0.0149238504589308,0.888970340541094,0.0149238504589308,0.00127632452598892,0.00957532935026581,0.000855995108034692,0.00273700854203939
"LV","LV_R","LV_P",97,96,97,1000,0.109673104641099,0.0152844734791316,0.890326895358901,0.0152844734791315,0.00121179367713789,0.00955459222047893,0.00115800238917408,0.00319037965807944
"LV","LV_R","LV_P",98,97,98,1000,0.103227698989274,0.0154969555038053,0.896772301010726,0.0154969555038053,0.00223940870331604,0.0136982852530606,0.00105849609892017,0.00307322463413369
"LV","LV_R","LV_P",99,98,99,1000,0.0955707598834916,0.0159169500145105,0.904429240116508,0.0159169500145105,0.00086547239176363,0.00919685514448416,0.00111618140567593,0.00325711469383872
"LV","LV_R","LV_P",100,99,100,1000,0.0977223140100327,0.0167174795605133,0.902277685989967,0.0167174795605133,0.00064632484692469,0.00783662318189396,0.00126704088779958,0.0036127123228547
"LV","LV_R","LV_P",101,100,101,1000,0.0966110876221304,0.0163297905810295,0.90338891237787,0.0163297905810295,0.000994746042226097,0.010080260854391,0.00126793676500323,0.00363561733154991
"LV","LV_R","LV_P",102,101,102,1000,0.0841632882131358,0.0154918191972285,0.915836711786864,0.0154918191972285,0.00146046421524353,0.0123917172228963,0.00161987981903187,0.00416266853610933
"LV","LV_R","LV_P",103,102,103,1000,0.0850627891954798,0.0161486411995241,0.91493721080452,0.0161486411995241,0.00138955005405174,0.0129797562107026,0.00167914184617467,0.00446438340209424
"LV","LV_R","LV_P",104,103,104,1000,0.077422401857183,0.0169051056180991,0.922577598142817,0.0169051056180991,0.00136741651123804,0.0139085328493406,0.00183984838810495,0.00444475518335414
"LV","LV_R","LV_P",105,104,105,1000,0.0800691969766213,0.018148138229089,0.919930803023379,0.018148138229089,0.00128508224891575,0.013084501354372,0.00168112629168386,0.00462530078515486
"LV","LV_R","LV_P",106,105,106,1000,0.082783316636637,0.0192208386222646,0.917216683363363,0.0192208386222645,0.00137955217920613,0.0140801052967366,0.00191554716603037,0.00502342649020507
"LV","LV_R","LV_P",107,106,107,1000,0.0834517752181674,0.0197991039351371,0.916548224781833,0.0197991039351371,0.00236235357139245,0.0187176427919785,0.00185451352071281,0.00489539880990489
"LV","LV_R","LV_P",108,107,108,1000,0.0847192688464142,0.0196785919332967,0.915280731153586,0.0196785919332967,0.000407380390528775,0.00744118127393096,0.00164091260142171,0.00471836823838984
"LV","LV_R","LV_P",109,108,109,1000,0.0760314949875699,0.0199131386321374,0.92396850501243,0.0199131386321374,0.00176650424491811,0.0176010556203409,0.00192603161606091,0.00522777852553575
"LV","LV_R","LV_P",110,109,110,1000,0.0619778031876988,0.0206730870756286,0.938022196812301,0.0206730870756284,0.00402985951784653,0.0368808914599135,0.00210170579927306,0.00552365009959668
"LV","LV_R","LV_P",111,110,111,1000,0.0639556888093316,0.0216352472704734,0.936044311190668,0.0216352472704734,0.00946679778556315,0.0489311995501615,0.00233220236058617,0.00609246451505389
"LV","LV_R","LV_P",112,111,112,1000,0.0646067139517963,0.0223697533974665,0.935393286048204,0.0223697533974664,0.0130435345170762,0.0627911307003138,0.00249958305548478,0.00648050126070651
"LV","LV_R","LV_P",113,112,113,1000,0.0661635124172136,0.0236504994527569,0.933836487582786,0.0236504994527568,0.00972966448111783,0.0553401334253651,0.00245237583744494,0.00660501810011425
"LV","LV_R","LV_P",114,113,114,1000,0.0696308339717214,0.0257425307255579,0.930369166028279,0.0257425307255578,0.00700613275332242,0.0474879453836808,0.00261430218546015,0.00727923933944691
"LV","LV_R","LV_P",115,114,115,1000,0.0622527114339185,0.0260932224075612,0.937747288566081,0.0260932224075612,0.0136425256406101,0.0657483512589826,0.00539639359984262,0.00999897865453372
"LV","LV_R","LV_P",116,115,116,1000,0.0485121856427714,0.0290168979170814,0.951487814357229,0.0290168979170814,0.0266449291878454,0.225381047376144,0.00972352813751101,0.0124028765886658
"LV","LV_R","LV_P",117,116,117,1000,0.0414785634940688,0.0305025495091377,0.958521436505931,0.0305025495091377,0.0386535854852945,0.385995052501998,0.0108766576604124,0.0139863684167254
"LV","LV_R","LV_P",118,117,118,1000,0.0385845625100522,0.0306274339985894,0.961415437489948,0.0306274339985893,0.0368514244543945,0.373749863731432,0.00326675964701639,0.00909846984911982
"LV","LV_R","LV_P",119,118,119,1000,0.0401014941165925,0.0330408348412046,0.959898505883408,0.0330408348412046,0.0527843124705264,0.374157665495857,0.00291168323973526,0.00913214934128622
"LV","LV_R","LV_P",120,119,120,1000,0.0420204113955431,0.0353893933750198,0.957979588604457,0.0353893933750198,0.0518499719244884,0.48694356192457,0.00319297787604125,0.0101847225312392
"LV","LV_R","LV_P",121,120,121,1000,0.0424219332983067,0.0368097726343,0.957578066701693,0.0368097726342999,0.60569991681831,14.2628553496398,0.00273418134471516,0.00940008713959569
"LV","LV_R","LV_P",122,121,122,1000,0.0458480969449489,0.0408307390368885,0.954151903055051,0.0408307390368884,0.0419433473450886,0.435955059491966,0.00254521356355265,0.00965613880973711
"LV","LV_R","LV_P",123,122,123,1000,0.0510562701796343,0.045783998798714,0.948943729820366,0.0457839987987142,0.191263688397769,4.50674702687401,0.00271211524908636,0.0109672097592205
"LV","LV_R","LV_P",124,123,124,1000,0.0548375155302513,0.0499526704677835,0.945162484469749,0.0499526704677834,0.184824419601764,3.51949042667984,0.00214866173095834,0.0100305423483166
"LV","LV_R","LV_P",125,124,125,1000,0.0562285259107683,0.0510256080287864,0.943771474089232,0.0510256080287864,0.0870200930358267,0.631942523846129,0.00307478679647353,0.0123885392324836
"LV","LV_R","LV_P",126,125,126,1000,0.0578448821034469,0.0532383755888611,0.942155117896553,0.0532383755888611,0.0956082775371574,0.770523631790058,0.00266733923384682,0.0116448196593034
"LV","LV_R","LV_P",127,126,127,1000,0.0585211721850688,0.0500160372887397,0.941478827814931,0.0500160372887397,0.163205152046754,1.79390859717265,0.00514116515199285,0.0175888822899638
"LV","LV_R","LV_P",128,127,128,1000,0.0537791660311539,0.0428204535847318,0.946220833968846,0.0428204535847318,1.91738766582937,56.7051670260151,0.0067499973308999,0.0201682744662908
"LV","LV_R","LV_P",129,128,129,1000,0.0557733987164832,0.043809147246173,0.944226601283517,0.043809147246173,0.25700890540799,4.25208874341478,0.00669084743868126,0.0217386161477292
"LV","LV_R","LV_P",130,129,130,1000,0.0662047977124154,0.0485855710304093,0.933795202287585,0.0485855710304092,0.220524277279678,3.94790926928987,0.000917516849602495,0.00914229395669078
"LV","LV_R","LV_P",131,130,131,1000,0.0772011041645278,0.0527181430852216,0.922798895835472,0.0527181430852217,0.157489282839036,1.66514180708073,0.00140288819428269,0.0122480965618912
"LV","LV_R","LV_P",132,131,132,1000,0.0968500209519191,0.0588857578254919,0.903149979048081,0.0588857578254919,0.128517179584491,1.27784570126515,0.00144867431604674,0.01378774322308
"LV","LV_R","LV_P",133,132,133,1000,0.115584029260305,0.0665124999363523,0.884415970739695,0.0665124999363523,0.0729841859038462,0.807699348894235,0.00200812921860061,0.0182738853742251
"LV","LV_R","LV_P",134,133,134,1000,0.139300433030903,0.0735144813513734,0.860699566969097,0.0735144813513734,0.0912231497373144,1.00440428237879,0.000407420537563214,0.00911281721058412
"LV","LV_R","LV_P",135,134,135,1000,0.160128253623418,0.0756669720511961,0.839871746376582,0.0756669720511962,0.147121699397251,1.15001707998714,0.000458856290024082,0.0102648516489487
"LV","LV_R","LV_P",136,135,136,1000,0.199824716400394,0.0825130876481345,0.800175283599606,0.0825130876481345,0.263104658594969,4.49645350062147,0.000686500715195031,0.0155700283851275
"LV","LV_R","LV_P",137,136,137,1000,0.329461306735567,0.142656125248841,0.670538693264433,0.142656125248841,0.231949298985026,2.49310092825275,0,0
"LV","LV_R","LV_P",138,137,138,1000,0.396028899130425,0.152519300495546,0.603971100869575,0.152519300495546,0.619307509048658,4.36012752828546,0,0
"LV","LV_R","LV_P",139,138,139,1000,0.811310832367232,0.17280080743511,0.188689167632768,0.17280080743511,0.58420473101867,0.590837555731909,0,0
"SS","SS_B","SS_U",1,0,1,1000,0.763015792394418,0.000153455865728209,0.236984207605433,0.000153455865728512,0.00508013480578129,0.000203507737675714,0.0216130369264461,0.000730749221300938
"SS","SS_B","SS_U",2,1,2,1000,0.761922367045071,0.000274126633813618,0.23807763295493,0.000274126633813632,0.00264590994395323,0.000247495229892888,0.0104288376621493,0.000881251737313694
"SS","SS_B","SS_U",3,2,3,1000,0.757009041666258,0.000375862178890677,0.242990958333745,0.000375862178890743,0.00230918599006457,0.000271951533107108,0.0092344722944504,0.000970587830148612
"SS","SS_B","SS_U",4,3,4,1000,0.752154493493254,0.000479310709124443,0.247845506506746,0.000479310709124471,0.00210560751543151,0.000294847435053534,0.00876786178441029,0.00107676715259083
"SS","SS_B","SS_U",5,4,5,1000,0.74678153394005,0.000556017936319327,0.253218466059949,0.000556017936319349,0.00171567993021434,0.000307720613904914,0.00860699147042649,0.00109258892872735
"SS","SS_B","SS_U",6,5,6,1000,0.742488468557235,0.000647314634973694,0.257511531442766,0.000647314634973649,0.00181763334855198,0.00033132018427168,0.00788380051885812,0.00118786462258945
"SS","SS_B","SS_U",7,6,7,1000,0.738638353307144,0.000748113764273907,0.261361646692857,0.000748113764273951,0.00170041626823182,0.000344242887634735,0.00685895354310955,0.0011557446041259
"SS","SS_B","SS_U",8,7,8,1000,0.735686780167393,0.000824791895276147,0.264313219832607,0.000824791895276166,0.00195981476584297,0.000391678486915494,0.00601972255891662,0.00121198511721879
"SS","SS_B","SS_U",9,8,9,1000,0.731661847633072,0.000928708723272425,0.268338152366927,0.000928708723272492,0.00188534461248799,0.000422263749004843,0.00638722506566527,0.00128772235295272
"SS","SS_B","SS_U",10,9,10,1000,0.728066300849212,0.00101602457484703,0.271933699150788,0.00101602457484704,0.00187364568382961,0.000444829857051887,0.00643653389951197,0.00133623256655823
"SS","SS_B","SS_U",11,10,11,1000,0.725007447826632,0.0010815533056651,0.27499255217337,0.00108155330566508,0.00181119422728435,0.00049097388204481,0.00513083615434129,0.00131400483071945
"SS","SS_B","SS_U",12,11,12,1000,0.72108280713794,0.00115459137767316,0.278917192862059,0.00115459137767316,0.00187979734094062,0.000506616316770084,0.0050634072443664,0.00137955187942018
"SS","SS_B","SS_U",13,12,13,1000,0.716613328131532,0.00121959694485649,0.283386671868468,0.00121959694485647,0.00174282374918644,0.000498092976952522,0.00479084891283829,0.00135294897417441
"SS","SS_B","SS_U",14,13,14,1000,0.713398823742778,0.00130369071475713,0.286601176257222,0.00130369071475715,0.00159523899808822,0.000556560075121368,0.00405289764372565,0.00126586344168557
"SS","SS_B","SS_U",15,14,15,1000,0.709169668818676,0.00141529681017269,0.290830331181324,0.00141529681017264,0.00164718165018299,0.000555705290900508,0.00378786283431607,0.00131190839056459
"SS","SS_B","SS_U",16,15,16,1000,0.703430622673518,0.0014901733723283,0.296569377326482,0.00149017337232833,0.00153480285072425,0.00056445072219716,0.00373730718623798,0.00140029071094547
"SS","SS_B","SS_U",17,16,17,1000,0.697072339438556,0.00159649729176024,0.302927660561444,0.00159649729176023,0.00163014121089181,0.000618267214835399,0.00401344942362446,0.00138818724632283
"SS","SS_B","SS_U",18,17,18,1000,0.691241932356728,0.00169198468767035,0.308758067643273,0.00169198468767036,0.00150589259311068,0.000607673155199136,0.00404790281545664,0.00147092960495911
"SS","SS_B","SS_U",19,18,19,1000,0.684092103850841,0.00180305944413096,0.315907896149159,0.00180305944413098,0.00155496908654665,0.00063766156365961,0.00367325137074289,0.00143328681463245
"SS","SS_B","SS_U",20,19,20,1000,0.678180321940162,0.00195511447009042,0.321819678059838,0.00195511447009043,0.00165156632164158,0.000687139618685234,0.00354202223353869,0.00148909345915133
"SS","SS_B","SS_U",21,20,21,1000,0.6723750642442,0.00207833557806116,0.327624935755801,0.00207833557806116,0.00205750391634411,0.000792587450498614,0.00350014683023534,0.00148439813176744
"SS","SS_B","SS_U",22,21,22,1000,0.669033023305545,0.00218589904530572,0.330966976694456,0.0021858990453057,0.00174734249877021,0.000772463275791566,0.00325558487923801,0.0014913703897315
"SS","SS_B","SS_U",23,22,23,1000,0.661251181960629,0.00235243582586769,0.338748818039372,0.00235243582586768,0.0017342805202676,0.000797255022357291,0.00323152305557052,0.00151647918916541
"SS","SS_B","SS_U",24,23,24,1000,0.653083999049347,0.00252172972179937,0.346916000950652,0.00252172972179933,0.00185071606685964,0.000834024733671319,0.00321935261502471,0.00160518190108754
"SS","SS_B","SS_U",25,24,25,1000,0.645332817672273,0.00266341577355463,0.354667182327727,0.00266341577355463,0.00169934003614113,0.000885719481823596,0.00327835744885538,0.0015918416364245
"SS","SS_B","SS_U",26,25,26,1000,0.63885602481123,0.0028434565922857,0.36114397518877,0.00284345659228568,0.00169910456866289,0.000878909589141877,0.00315333405668124,0.00165386120747536
"SS","SS_B","SS_U",27,26,27,1000,0.629672595727488,0.00305702998970442,0.370327404272512,0.00305702998970441,0.00159698116652557,0.000926892723102895,0.00288630416440886,0.00158181081132483
"SS","SS_B","SS_U",28,27,28,1000,0.621800533165133,0.00326622082732158,0.378199466834867,0.00326622082732159,0.00175376499983395,0.000970274368413501,0.00298255308936118,0.00170177973977115
"SS","SS_B","SS_U",29,28,29,1000,0.61538980350449,0.00344684696018146,0.38461019649551,0.00344684696018144,0.00178956411194968,0.00104902076691968,0.00304463695190525,0.00170717040145618
"SS","SS_B","SS_U",30,29,30,1000,0.610642776407114,0.00366061688057808,0.389357223592886,0.0036606168805781,0.00183927912929365,0.0011262316586365,0.0032447750000703,0.00177966170605688
"SS","SS_B","SS_U",31,30,31,1000,0.604600229661197,0.00378355803263741,0.395399770338803,0.00378355803263737,0.00181006330543583,0.00110225351447654,0.00311848956420424,0.00174821403525984
"SS","SS_B","SS_U",32,31,32,1000,0.604071302968363,0.0038851904361315,0.395928697031637,0.00388519043613149,0.00168464882301033,0.00110454192633922,0.00303412658224851,0.00177765447786707
"SS","SS_B","SS_U",33,32,33,1000,0.601343674524616,0.00407762837355584,0.398656325475384,0.00407762837355586,0.00168698258456308,0.00114557441385683,0.00297037581062312,0.00184333134918946
"SS","SS_B","SS_U",34,33,34,1000,0.599137762084302,0.00420759020954927,0.400862237915698,0.00420759020954926,0.00176015778473942,0.00117890237496725,0.0028672416216164,0.00185644602886723
"SS","SS_B","SS_U",35,34,35,1000,0.599454756236456,0.00440529639790885,0.400545243763543,0.00440529639790884,0.00167086918674896,0.00114497365005887,0.00280475771534496,0.00182325898417996
"SS","SS_B","SS_U",36,35,36,1000,0.598606535640252,0.00455801601377573,0.401393464359748,0.0045580160137757,0.00170614892629877,0.00122376800101322,0.00272218505138998,0.00195738141987506
"SS","SS_B","SS_U",37,36,37,1000,0.601530159529799,0.00477592738294408,0.3984698404702,0.00477592738294403,0.00168650011325217,0.0012047251752426,0.00267609203960654,0.00192910220134421
"SS","SS_B","SS_U",38,37,38,1000,0.606797483474261,0.00506601159649307,0.393202516525739,0.00506601159649309,0.00161375400656368,0.00128263198276364,0.00298999326096671,0.00214649402826781
"SS","SS_B","SS_U",39,38,39,1000,0.602534779756494,0.00528657782294388,0.397465220243506,0.00528657782294389,0.00164637810768112,0.00130574215290969,0.00307324845551623,0.00215480361374663
"SS","SS_B","SS_U",40,39,40,1000,0.600132829406194,0.00556104742524026,0.399867170593807,0.00556104742524025,0.00167982570425458,0.00136861938092802,0.00310377350896736,0.00218473768791585
"SS","SS_B","SS_U",41,40,41,1000,0.596960880141348,0.00573828856088209,0.403039119858652,0.00573828856088209,0.00169974001599858,0.00138243151108595,0.00306222258879154,0.00221590858691859
"SS","SS_B","SS_U",42,41,42,1000,0.59419281816998,0.0058652966601137,0.40580718183002,0.0058652966601137,0.00170995103841679,0.00144802844069488,0.00293787117219033,0.00222705241502642
"SS","SS_B","SS_U",43,42,43,1000,0.591819871436186,0.00607986216781176,0.408180128563814,0.00607986216781176,0.00173610866028429,0.00154641809691558,0.00290553351042145,0.00226532438042022
"SS","SS_B","SS_U",44,43,44,1000,0.591183716535093,0.00623707973971544,0.408816283464907,0.00623707973971545,0.00189905016695301,0.00158573771110022,0.00310107287670379,0.00248958228842495
"SS","SS_B","SS_U",45,44,45,1000,0.588242124211748,0.00656084798160673,0.411757875788252,0.00656084798160673,0.00209505023002952,0.00172881642062413,0.00292554503683344,0.00250737737872874
"SS","SS_B","SS_U",46,45,46,1000,0.58463601214687,0.006945695936263,0.41536398785313,0.00694569593626298,0.00236842896488088,0.00189064099201463,0.00289032475427102,0.00252252623341417
"SS","SS_B","SS_U",47,46,47,1000,0.581288276171688,0.00739729603376082,0.418711723828312,0.00739729603376081,0.00249465246279849,0.00209087997566848,0.00290962684170366,0.00254546298312304
"SS","SS_B","SS_U",48,47,48,1000,0.58096168819254,0.00794625216226624,0.419038311807459,0.00794625216226624,0.0027160664305694,0.00207838524670769,0.00288699311024869,0.00250736760303841
"SS","SS_B","SS_U",49,48,49,1000,0.576738214085975,0.00839109626362414,0.423261785914025,0.00839109626362417,0.00265857678170761,0.00212700142976226,0.00281462961462395,0.00254891047040712
"SS","SS_B","SS_U",50,49,50,1000,0.577732381481681,0.00877754277804678,0.422267618518319,0.0087775427780468,0.00285215664515244,0.00224703095225274,0.00272690946293145,0.00269841211371465
"SS","SS_B","SS_U",51,50,51,1000,0.578361956588605,0.00906301909947356,0.421638043411395,0.00906301909947354,0.00260924812533627,0.00220758486231977,0.00306618296577842,0.00287070271123043
"SS","SS_B","SS_U",52,51,52,1000,0.576956545484141,0.00937350341586311,0.423043454515859,0.00937350341586311,0.00270923735220255,0.00237065054393365,0.00310128925457777,0.00294831372999252
"SS","SS_B","SS_U",53,52,53,1000,0.575009297744954,0.0098492447718767,0.424990702255046,0.0098492447718767,0.00269604781162432,0.00241365534012312,0.00337754809113761,0.00309708563695682
"SS","SS_B","SS_U",54,53,54,1000,0.571604609406797,0.0104487022130748,0.428395390593203,0.0104487022130748,0.0029089935372191,0.00257606864966428,0.00328132190958475,0.00318975923323411
"SS","SS_B","SS_U",55,54,55,1000,0.573358653386644,0.0109774245161582,0.426641346613356,0.0109774245161582,0.00300748683278911,0.00267845286207185,0.00324402693851972,0.00330933000515997
"SS","SS_B","SS_U",56,55,56,1000,0.573958845852849,0.011294037829052,0.426041154147151,0.011294037829052,0.00299407723826106,0.00268636881304455,0.00298811872655339,0.0032815501306278
"SS","SS_B","SS_U",57,56,57,1000,0.572860472636518,0.0116518253687971,0.427139527363482,0.0116518253687971,0.00296295445991937,0.00285289595452033,0.00284262268752411,0.00327012214743365
"SS","SS_B","SS_U",58,57,58,1000,0.57270404945149,0.0120716546919719,0.42729595054851,0.0120716546919719,0.00439394497919594,0.00301311075656552,0.00309825826295063,0.00325200153780397
"SS","SS_B","SS_U",59,58,59,1000,0.570855847472057,0.0125277948914795,0.429144152527943,0.0125277948914794,0.00448295917471915,0.00328132649181629,0.00305911867971659,0.00352049036454077
"SS","SS_B","SS_U",60,59,60,1000,0.565381748107031,0.0129595869086024,0.434618251892969,0.0129595869086024,0.00330761872167591,0.00311399856151753,0.00326581063031974,0.00352226244652651
"SS","SS_B","SS_U",61,60,61,1000,0.566950191434671,0.0136742184771419,0.433049808565329,0.0136742184771419,0.00360889107427882,0.0032865012764583,0.00306264840271186,0.00354441556869712
"SS","SS_B","SS_U",62,61,62,1000,0.570902991990223,0.0142099735152134,0.429097008009777,0.0142099735152134,0.00371472744390156,0.00343860723990733,0.00311405437544314,0.00357194974757309
"SS","SS_B","SS_U",63,62,63,1000,0.572932443226585,0.0147065280718838,0.427067556773414,0.0147065280718838,0.00361624816991807,0.00338265463732893,0.00294384070129427,0.00379847625710895
"SS","SS_B","SS_U",64,63,64,1000,0.575718049182158,0.0148169323217482,0.424281950817842,0.0148169323217482,0.00328252162509654,0.00336015033435606,0.0028916224430294,0.00375428939617791
"SS","SS_B","SS_U",65,64,65,1000,0.578946228119023,0.0152207202728552,0.421053771880977,0.0152207202728553,0.0033542297504431,0.00336724857196687,0.00266281875871847,0.00360530989584021
"SS","SS_B","SS_U",66,65,66,1000,0.581518379796655,0.0157703509503092,0.418481620203345,0.0157703509503092,0.00341659692281114,0.00352778119133977,0.00293665585688655,0.00374742065779348
"SS","SS_B","SS_U",67,66,67,1000,0.581427870933943,0.0165134890262354,0.418572129066057,0.0165134890262354,0.00369927330308258,0.00372191046365663,0.00302822610318927,0.00405189015138836
"SS","SS_B","SS_U",68,67,68,1000,0.586017085789716,0.0173365758587409,0.413982914210284,0.0173365758587409,0.00375236307983646,0.00373449583883729,0.00300047010806067,0.00427849638846788
"SS","SS_B","SS_U",69,68,69,1000,0.587819516353194,0.0179567978376193,0.412180483646807,0.0179567978376193,0.00381272500251581,0.00394262616436219,0.00282406893616502,0.00401143582276418
"SS","SS_B","SS_U",70,69,70,1000,0.590313245375624,0.0179760195327506,0.409686754624376,0.0179760195327506,0.00359976532176344,0.00375185106634332,0.00272345703143071,0.00408384350680902
"SS","SS_B","SS_U",71,70,71,1000,0.588315094370033,0.0184134478573971,0.411684905629967,0.0184134478573971,0.00377242662565506,0.00405296321849133,0.00291988097786741,0.00424141008506547
"SS","SS_B","SS_U",72,71,72,1000,0.583908152945423,0.0190841612069076,0.416091847054577,0.0190841612069076,0.00360290321896719,0.00397178394199784,0.00281702264731838,0.00398839820246596
"SS","SS_B","SS_U",73,72,73,1000,0.588818280713445,0.0196765610697148,0.411181719286555,0.0196765610697148,0.00356058783562622,0.00400080747011135,0.00317837936591844,0.00461707429430544
"SS","SS_B","SS_U",74,73,74,1000,0.592264617818668,0.0203994172828932,0.407735382181332,0.0203994172828932,0.00385879556829034,0.0041666824347292,0.00303712866590122,0.00453120590681649
"SS","SS_B","SS_U",75,74,75,1000,0.603750687838766,0.0211886541532759,0.396249312161234,0.0211886541532759,0.00400529917866905,0.00439429128213518,0.00309090356496015,0.00472675001984895
"SS","SS_B","SS_U",76,75,76,1000,0.611187735861237,0.0216107105370854,0.388812264138763,0.0216107105370854,0.00422325902460802,0.00458730776620281,0.00323114594379117,0.00479728610881752
"SS","SS_B","SS_U",77,76,77,1000,0.614188982109651,0.0221637860814897,0.385811017890349,0.0221637860814897,0.00405648238892603,0.00457438757521349,0.00285962158183783,0.00479777931596157
"SS","SS_B","SS_U",78,77,78,1000,0.62333436236337,0.0224356845727162,0.37666563763663,0.0224356845727161,0.00414265519886132,0.0044483346585707,0.00305392527923923,0.00526404057117331
"SS","SS_B","SS_U",79,78,79,1000,0.630998410229698,0.0230771997997231,0.369001589770302,0.0230771997997231,0.00416473656291282,0.00459191959742395,0.00333703644848179,0.00552064685320914
"SS","SS_B","SS_U",80,79,80,1000,0.650852248706546,0.0244348927904139,0.349147751293455,0.0244348927904139,0.00439130351560868,0.00481802588237703,0.0033873846379049,0.00571688862742033
"SS","SS_B","SS_U",81,80,81,1000,0.666473314103329,0.0256153672976009,0.333526685896671,0.0256153672976009,0.00504323278266827,0.00517428122327778,0.00357591249034585,0.00649538326888096
"SS","SS_B","SS_U",82,81,82,1000,0.671657972472616,0.0264169839744295,0.328342027527384,0.0264169839744295,0.00533200819889921,0.00508507848060499,0.00324143908583004,0.00632000142804029
"SS","SS_B","SS_U",83,82,83,1000,0.676929253317385,0.0273170059350538,0.323070746682615,0.0273170059350538,0.0052501889598577,0.00508315399175683,0.00342315956205489,0.0064213176748429
"SS","SS_B","SS_U",84,83,84,1000,0.676156665170506,0.0280623641245676,0.323843334829494,0.0280623641245676,0.00506424044988846,0.00536879279995723,0.00307712265618873,0.00615476919342603
"SS","SS_B","SS_U",85,84,85,1000,0.673378644334727,0.0297920745716054,0.326621355665273,0.0297920745716054,0.00548940781593834,0.00590096066282236,0.00329456606728228,0.00651782855172321
"SS","SS_B","SS_U",86,85,86,1000,0.676626596158073,0.0317303709245,0.323373403841928,0.0317303709245,0.00544205771037063,0.00596424223523027,0.00315010460103211,0.00669173888609335
"SS","SS_B","SS_U",87,86,87,1000,0.680515326358574,0.032655898563774,0.319484673641426,0.032655898563774,0.00530595816633306,0.005647634863975,0.00327262250537297,0.00652525986193116
"SS","SS_B","SS_U",88,87,88,1000,0.68523907280475,0.0335242854026332,0.31476092719525,0.0335242854026332,0.00484427736450913,0.00584722836783231,0.00322955340769974,0.00689549429032534
"SS","SS_B","SS_U",89,88,89,1000,0.690258308849076,0.0349949588753301,0.309741691150924,0.0349949588753301,0.00501676966173239,0.00583030377953692,0.00317684226876611,0.00692333984190305
"SS","SS_B","SS_U",90,89,90,1000,0.697425154199361,0.0363308347102353,0.302574845800639,0.0363308347102354,0.00508510443459679,0.00622795977122197,0.00380886092856224,0.00804439877288783
"SS","SS_B","SS_U",91,90,91,1000,0.707293747351085,0.0370473378877157,0.292706252648915,0.0370473378877157,0.00505329130042072,0.00628195379937591,0.00354826096096391,0.0084863282922714
"SS","SS_B","SS_U",92,91,92,1000,0.718166760263789,0.037532713879119,0.281833239736211,0.037532713879119,0.00515231816128451,0.00657010783835686,0.00356560983118279,0.00854421468809543
"SS","SS_B","SS_U",93,92,93,1000,0.724607156391449,0.0379293520016606,0.275392843608551,0.0379293520016606,0.00694213061209398,0.00735959745890194,0.00350756734067295,0.00844336556140937
"SS","SS_B","SS_U",94,93,94,1000,0.72523231332589,0.0401246307811131,0.27476768667411,0.040124630781113,0.00743947141996562,0.00786471101976611,0.00480006955542408,0.0105653445370138
"SS","SS_B","SS_U",95,94,95,1000,0.716856498985218,0.0400941099910547,0.283143501014782,0.0400941099910547,0.005615933445385,0.00731757525678845,0.00469316010895863,0.0106310688903963
"SS","SS_B","SS_U",96,95,96,1000,0.706172325121986,0.0404795501048049,0.293827674878014,0.0404795501048049,0.00525395248825863,0.007235593220938,0.00504885962403956,0.0109204521686256
"SS","SS_B","SS_U",97,96,97,1000,0.705877724195035,0.0418047459975252,0.294122275804965,0.0418047459975252,0.00451000817338806,0.00673731434305482,0.00574168138656414,0.0121189810230194
"SS","SS_B","SS_U",98,97,98,1000,0.704794794342385,0.0426549900023593,0.295205205657615,0.0426549900023593,0.00473004042490571,0.00723111667914831,0.00563420940970049,0.0118479616993183
"SS","SS_B","SS_U",99,98,99,1000,0.704203356679236,0.0422204287055104,0.295796643320764,0.0422204287055104,0.00492717633007876,0.00756999215784325,0.0047684605935314,0.0113228414514035
"SS","SS_B","SS_U",100,99,100,1000,0.705440081725888,0.042516119689822,0.294559918274112,0.042516119689822,0.00474635766459589,0.00788229756868043,0.00288592006965834,0.0092988315640168
"SS","SS_B","SS_U",101,100,101,1000,0.706408471863887,0.0432888986258836,0.293591528136113,0.0432888986258836,0.00457152676634948,0.0075901856180295,0.00340217319208131,0.00988749401130908
"SS","SS_B","SS_U",102,101,102,1000,0.709889214036069,0.0435460981568596,0.290110785963931,0.0435460981568596,0.00486570307897113,0.00770015231102888,0.00314731235827412,0.00980146808709315
"SS","SS_B","SS_U",103,102,103,1000,0.704906849625524,0.0441302987875695,0.295093150374476,0.0441302987875695,0.00523575911451796,0.008099611120959,0.00344759133974688,0.0104887548396221
"SS","SS_B","SS_U",104,103,104,1000,0.696179049381343,0.0459212291331035,0.303820950618657,0.0459212291331036,0.00428971230651397,0.00765340915101472,0.00329418210586295,0.0100182937553932
"SS","SS_B","SS_U",105,104,105,1000,0.695709607966789,0.0487417610649575,0.304290392033211,0.0487417610649575,0.00455283923900233,0.0082637048398989,0.00291154903455927,0.00995492216827192
"SS","SS_B","SS_U",106,105,106,1000,0.696245900760954,0.0491066422341722,0.303754099239046,0.0491066422341722,0.00426356359624298,0.00818147144697353,0.00280026869803467,0.0102932719750738
"SS","SS_B","SS_U",107,106,107,1000,0.692034149162784,0.049718614499531,0.307965850837216,0.049718614499531,0.00441485323386124,0.00849574417500471,0.00284847791395412,0.00998355395991533
"SS","SS_B","SS_U",108,107,108,1000,0.681764762169094,0.0507738747323667,0.318235237830906,0.0507738747323667,0.00475067964362254,0.00890544272380252,0.00205283295093788,0.00863452481232846
"SS","SS_B","SS_U",109,108,109,1000,0.681871971576285,0.051035472629928,0.318128028423715,0.051035472629928,0.00478217940254247,0.00961824898780871,0.00294023722573689,0.0108831110034133
"SS","SS_B","SS_U",110,109,110,1000,0.689944170860748,0.0526155390703634,0.310055829139252,0.0526155390703634,0.00701205963130996,0.0110551063304392,0.00280669067974678,0.0113692786294803
"SS","SS_B","SS_U",111,110,111,1000,0.691556452438084,0.0540384381009517,0.308443547561916,0.0540384381009517,0.00817834958813559,0.0130525637721499,0.00381598169600378,0.0131901711659917
"SS","SS_B","SS_U",112,111,112,1000,0.69785720480199,0.0557490205602572,0.30214279519801,0.0557490205602572,0.00920856272030738,0.0128324011108227,0.00310022109300104,0.0127481279038224
"SS","SS_B","SS_U",113,112,113,1000,0.69458855269494,0.0586237966895116,0.30541144730506,0.0586237966895116,0.00916685262529391,0.0138614944309818,0.00298503748338574,0.0122875040197405
"SS","SS_B","SS_U",114,113,114,1000,0.699956404089344,0.0596775662491161,0.300043595910656,0.0596775662491161,0.00518623198715067,0.011342823673227,0.00253348542912012,0.0122590120718626
"SS","SS_B","SS_U",115,114,115,1000,0.701452598691501,0.0611625699697238,0.298547401308499,0.0611625699697238,0.0049065135054425,0.0108922688487616,0.00224449588968076,0.0113229782606132
"SS","SS_B","SS_U",116,115,116,1000,0.694223302350228,0.0606222030582209,0.305776697649772,0.0606222030582209,0.00445482464784273,0.0110007812864701,0.00277131326286641,0.0128532928815238
"SS","SS_B","SS_U",117,116,117,1000,0.721713861973687,0.0649398810181464,0.278286138026313,0.0649398810181464,0.00392696449627737,0.010596155240386,0.00199618496648736,0.0115459710368928
"SS","SS_B","SS_U",118,117,118,1000,0.744590848946634,0.074201483309551,0.255409151053366,0.074201483309551,0.00344580749263469,0.0102392366323669,0.00266508052580783,0.0147804161692577
"SS","SS_B","SS_U",119,118,119,1000,0.770038341558104,0.0844099696086613,0.229961658441896,0.0844099696086613,0.0036275885545728,0.010478611230139,0.00250171441727219,0.0165892995941564
"SS","SS_B","SS_U",120,119,120,1000,0.822957144507974,0.0933899636394695,0.177042855492026,0.0933899636394695,0.00400499469739954,0.0119897872378408,0.00290133338861906,0.0220078134301722
"SS","SS_B","SS_U",121,120,121,1000,0.831937965953025,0.0987042635048599,0.168062034046975,0.0987042635048599,0.00409253389468941,0.0124806351170294,0.00256320692026864,0.0216286256885534
"SS","SS_B","SS_U",122,121,122,1000,0.865679107361888,0.112059618928331,0.134320892638112,0.112059618928331,0.00735755152290848,0.016953803007331,0.00451357809071177,0.03268698709851
"SS","SS_B","SS_U",123,122,123,1000,0.893788094479895,0.127545621850015,0.106211905520105,0.127545621850015,0.0108548943444143,0.0199061143532839,0.00561483597731294,0.0776617993412013
"SS","SS_B","SS_U",124,123,124,1000,0.899155597761968,0.138428465593795,0.100844402238032,0.138428465593795,0.0124493329564689,0.0245502909912338,0.0063107522948178,0.0535131718449601
"SS","SS_B","SS_U",125,124,125,1000,0.903882797492373,0.151676461268518,0.0961172025076268,0.151676461268518,0.0122513339335475,0.0237662219600582,0.00776409568395177,0.0604414910938463
"SS","SS_B","SS_U",126,125,126,1000,0.910482206401125,0.15961374097305,0.0895177935988751,0.15961374097305,0.0106727943062832,0.0223569057300197,0.00719102737166009,0.094149623771426
"SS","SS_B","SS_U",127,126,127,1000,0.925386662477052,0.159772646418057,0.0746133375229484,0.159772646418057,0.00870087438945086,0.0244872706515141,0.00405740630567234,0.0454353215250967
"SS","SS_B","SS_U",128,127,128,1000,0.934631400623482,0.160933597268162,0.0653685993765181,0.160933597268162,0.00563167349142427,0.017924022015329,0.00142281822335505,0.0162259259781497
"SS","SS_B","SS_U",129,128,129,1000,0.937551474377734,0.163312327514874,0.0624485256222659,0.163312327514874,0.00650771858324489,0.021198053392093,0.0118815314099098,0.32337963219499
"SS","SS_B","SS_U",130,129,130,1000,0.945894157530626,0.161459995298929,0.0541058424693737,0.161459995298929,0.00648252536706264,0.0224942903495456,0.00268550163852423,0.0344012344878708
"SS","SS_B","SS_U",131,130,131,1000,0.949189124367649,0.165626132275458,0.0508108756323511,0.165626132275458,0.00659833061853489,0.0245248817504712,0.0006444256411583,0.00842666702988491
"SS","SS_B","SS_U",132,131,132,1000,0.951522481299505,0.169249728416768,0.0484775187004946,0.169249728416768,0.00350883583551759,0.019340041048663,0.00310128496016132,0.041416702372696
"SS","SS_B","SS_U",133,132,133,1000,0.951356714985701,0.176134657833964,0.0486432850142991,0.176134657833964,0.00347770665340771,0.0209252404127646,0.00074511624103653,0.0106317651590118
"SS","SS_B","SS_U",134,133,134,1000,0.95299695655419,0.179162719419084,0.0470030434458098,0.179162719419084,0.00451067862015004,0.0266780829271905,0.00206088031260128,0.0473847811193393
"SS","SS_B","SS_U",135,134,135,1000,0.954737399454809,0.180178772223736,0.0452626005451911,0.180178772223736,0.00265739844612749,0.0215657284145421,0.00590581243903921,0.166375238280297
"SS","SS_B","SS_U",136,135,136,1000,0.954723322454563,0.18487269661059,0.0452766775454371,0.18487269661059,0.0049993578118997,0.0342319922562941,0.00289905712041497,0.032378001650692
"SS","SS_B","SS_U",137,136,137,1000,0.953881774343672,0.191610277872878,0.0461182256563277,0.191610277872878,0.0046729143304252,0.0447021708554054,0.00118248680558935,0.0217070156858628
"SS","SS_B","SS_U",138,137,138,1000,0.958160877682585,0.192834805050639,0.0418391223174148,0.192834805050639,0.00765912676624127,0.0596308166258564,0.00164297868011659,0.0260360837651682
"SS","SS_B","SS_U",139,138,139,1000,0.960397894913118,0.19427542739608,0.0396021050868816,0.19427542739608,0.000527478974460759,0.0166803497714579,0.00132722419116079,0.0298762685895251
"IF","IF_D","IF_I",1,0,1,1000,0.366795585354433,0.000266680475523862,0.63320441464563,0.000266680475523605,0.0319773240569436,0.000789195330784203,0.0177070804462416,0.000435468787028238
"IF","IF_D","IF_I",2,1,2,1000,0.378408841648172,0.000470738965363728,0.621591158351828,0.000470738965363672,0.0169732069275051,0.000904805894037793,0.00855471832319964,0.000504572967954371
"IF","IF_D","IF_I",3,2,3,1000,0.382375985394394,0.000610721979473963,0.617624014605607,0.000610721979473936,0.0140139247899271,0.000969747890476077,0.00721988821212517,0.000554292288313814
"IF","IF_D","IF_I",4,3,4,1000,0.383161489630109,0.000779152824127986,0.616838510369886,0.00077915282412795,0.0120955194500953,0.000991581450037558,0.00603170030362209,0.00055080944254018
"IF","IF_D","IF_I",5,4,5,1000,0.384812090417985,0.000922975614577211,0.615187909582014,0.00092297561457725,0.0104770836137901,0.00103495617342038,0.00556688997928599,0.000596743069952716
"IF","IF_D","IF_I",6,5,6,1000,0.387388357909148,0.0010811561707447,0.612611642090853,0.00108115617074477,0.00969159388824238,0.00106302622457841,0.00518375758991283,0.000648168860663762
"IF","IF_D","IF_I",7,6,7,1000,0.389400817564445,0.00125661046845922,0.610599182435555,0.00125661046845911,0.00888713532054658,0.00118342868670276,0.00541518026573922,0.000686139697277714
"IF","IF_D","IF_I",8,7,8,1000,0.391440564398689,0.0014287900839649,0.60855943560131,0.0014287900839649,0.00908747264613054,0.00125574452175281,0.00493441351958856,0.000728583768393945
"IF","IF_D","IF_I",9,8,9,1000,0.393039551870981,0.00162132747827197,0.60696044812902,0.00162132747827198,0.00940759093013441,0.0013324128822665,0.00480729612760665,0.000756676234058135
"IF","IF_D","IF_I",10,9,10,1000,0.397594061340597,0.00176973362006952,0.602405938659404,0.00176973362006948,0.00931999089029874,0.00138834912857714,0.00477995046562387,0.000760479279037795
"IF","IF_D","IF_I",11,10,11,1000,0.400574759885514,0.00193278710671784,0.599425240114488,0.0019327871067179,0.0090206581638527,0.00144697449744873,0.00462408458565531,0.000820878180032961
"IF","IF_D","IF_I",12,11,12,1000,0.402467518934689,0.00208983155650732,0.59753248106531,0.0020898315565073,0.00874737236463298,0.00151537123414599,0.00435795960601984,0.000895058128541293
"IF","IF_D","IF_I",13,12,13,1000,0.404369799215336,0.00228417997974072,0.595630200784663,0.00228417997974067,0.00902340274581705,0.00159650395621235,0.00437365824599984,0.000943359322005615
"IF","IF_D","IF_I",14,13,14,1000,0.403524495498059,0.0025385007286316,0.59647550450194,0.00253850072863166,0.00895673050833523,0.00163005148322738,0.00457842532114722,0.00100395799138564
"IF","IF_D","IF_I",15,14,15,1000,0.402161151136159,0.00277456417130466,0.59783884886384,0.00277456417130465,0.00877635663569532,0.0017587946763023,0.00464772927171257,0.00103252557991937
"IF","IF_D","IF_I",16,15,16,1000,0.400856081764014,0.00305653647143262,0.599143918235985,0.00305653647143257,0.00827026341290015,0.00179115052851268,0.00468749061660881,0.00108388087025056
"IF","IF_D","IF_I",17,16,17,1000,0.40026337267006,0.00318150294189389,0.599736627329939,0.00318150294189389,0.00822870447805264,0.00183129311183895,0.00466061148874804,0.00112832429065234
"IF","IF_D","IF_I",18,17,18,1000,0.401897728416052,0.0034252339041215,0.598102271583948,0.0034252339041215,0.00795825727656748,0.00187391245977866,0.00492303053498357,0.00122660016984869
"IF","IF_D","IF_I",19,18,19,1000,0.401935005281435,0.00364245617095472,0.598064994718565,0.00364245617095472,0.00807911439259485,0.00200225099098395,0.00480863979317831,0.00123352527298445
"IF","IF_D","IF_I",20,19,20,1000,0.405238348963659,0.00387974281226255,0.594761651036341,0.0038797428122626,0.00804009083879036,0.00209503980848174,0.00463840257011487,0.00128780700496047
"IF","IF_D","IF_I",21,20,21,1000,0.410898403340009,0.00415799341322035,0.589101596659993,0.00415799341322035,0.00845840568149552,0.00208096732435102,0.0047918260746124,0.00134387044294065
"IF","IF_D","IF_I",22,21,22,1000,0.412245643720865,0.00439561476519547,0.587754356279135,0.00439561476519549,0.00832396534470642,0.00216390287750131,0.00475449382555118,0.00140409241088308
"IF","IF_D","IF_I",23,22,23,1000,0.414083753699791,0.00457748271884777,0.585916246300209,0.00457748271884779,0.00846420129667468,0.00229741265165919,0.00467936653604354,0.00145554362821095
"IF","IF_D","IF_I",24,23,24,1000,0.419529450939447,0.00483654105363669,0.580470549060552,0.00483654105363667,0.00834994898697442,0.00233264476995414,0.00456229499788178,0.00146288405306231
"IF","IF_D","IF_I",25,24,25,1000,0.423919456605475,0.00505450690481676,0.576080543394525,0.00505450690481678,0.0079312246111066,0.00234312609236042,0.00482405904446133,0.00161868171814274
"IF","IF_D","IF_I",26,25,26,1000,0.427647802551098,0.0053717842642263,0.572352197448901,0.00537178426422632,0.008112374016173,0.0024574433037149,0.00488739998355781,0.00166683715758957
"IF","IF_D","IF_I",27,26,27,1000,0.43393210810939,0.00561116943287075,0.566067891890609,0.00561116943287078,0.00787255960608225,0.00243297912434896,0.00472912635220904,0.00168664660294364
"IF","IF_D","IF_I",28,27,28,1000,0.438173571603519,0.0059734108916816,0.561826428396481,0.00597341089168159,0.00821858690908411,0.00266852248197243,0.00481606559731623,0.00179162573699667
"IF","IF_D","IF_I",29,28,29,1000,0.43920026601797,0.00624753720712547,0.56079973398203,0.00624753720712552,0.00812122939807225,0.00267167520617558,0.00487777777161461,0.00183028863291303
"IF","IF_D","IF_I",30,29,30,1000,0.443103375066079,0.00646110647865854,0.556896624933921,0.00646110647865853,0.00845062318365233,0.00280806273256734,0.00488597323545014,0.00186737546767408
"IF","IF_D","IF_I",31,30,31,1000,0.441870687753729,0.00665753812462004,0.558129312246271,0.00665753812462004,0.00841893577350692,0.00289525548522566,0.00492108624955404,0.00190402497188915
"IF","IF_D","IF_I",32,31,32,1000,0.44133677249374,0.00684650832089926,0.55866322750626,0.00684650832089927,0.00833855172473387,0.00286699001066845,0.00487878862297726,0.00190117978152136
"IF","IF_D","IF_I",33,32,33,1000,0.443713198168906,0.00703951130602487,0.556286801831094,0.00703951130602485,0.00839650513392969,0.00293316841371534,0.00488401865346356,0.00199033389277805
"IF","IF_D","IF_I",34,33,34,1000,0.447672423122066,0.00735602269747936,0.552327576877935,0.00735602269747939,0.00883967985640653,0.00308062355295221,0.00501279709553808,0.00213972057788326
"IF","IF_D","IF_I",35,34,35,1000,0.448593967365059,0.00759422930612693,0.55140603263494,0.00759422930612697,0.00876295974114407,0.00312021218312085,0.00499248395445656,0.00221766305407299
"IF","IF_D","IF_I",36,35,36,1000,0.447869059193089,0.00780881859622417,0.552130940806912,0.00780881859622417,0.00871204868355667,0.0032000746925402,0.0049377125138231,0.00220592824851568
"IF","IF_D","IF_I",37,36,37,1000,0.449144962401714,0.00791551256009041,0.550855037598286,0.00791551256009052,0.00813149893374269,0.00332744076014018,0.00482628902249055,0.0022596007561859
"IF","IF_D","IF_I",38,37,38,1000,0.457621759759995,0.00839911336660973,0.542378240240005,0.00839911336660974,0.008281222358966,0.00336176774614593,0.00477085452440376,0.002243181005804
"IF","IF_D","IF_I",39,38,39,1000,0.455885705100508,0.00884693495253848,0.544114294899491,0.00884693495253848,0.00841158361415553,0.00335199927423487,0.00494077634534107,0.00253041484038842
"IF","IF_D","IF_I",40,39,40,1000,0.453969936325426,0.00909979069667395,0.546030063674574,0.00909979069667396,0.00843669439763302,0.00349405072654732,0.00483825487275427,0.0024345599909656
"IF","IF_D","IF_I",41,40,41,1000,0.453806805164705,0.00926643280985323,0.546193194835296,0.00926643280985323,0.00813003508991218,0.00354842917804943,0.00482443315291172,0.00245801908590426
"IF","IF_D","IF_I",42,41,42,1000,0.449199862352901,0.00962695753869111,0.550800137647099,0.00962695753869112,0.00849974483141362,0.00379079166921275,0.0048313807896285,0.00250317255991789
"IF","IF_D","IF_I",43,42,43,1000,0.44790472665329,0.0098858090694198,0.552095273346711,0.00988580906941977,0.00865621607601685,0.00376378221782194,0.00474009450242021,0.00259043165289891
"IF","IF_D","IF_I",44,43,44,1000,0.450299826383627,0.0101554882313177,0.549700173616372,0.0101554882313177,0.00865543074136737,0.00414192484925372,0.00477366335297038,0.00262633474168327
"IF","IF_D","IF_I",45,44,45,1000,0.450047879357463,0.010488884369,0.549952120642536,0.0104888843690001,0.00873379109270761,0.00413786981288889,0.0051852246931276,0.00286826788168531
"IF","IF_D","IF_I",46,45,46,1000,0.448935638959435,0.0107150308112677,0.551064361040565,0.0107150308112677,0.00915811426144206,0.00442895181970723,0.0051853292456205,0.00296868689479497
"IF","IF_D","IF_I",47,46,47,1000,0.447886192870573,0.0111637163084296,0.552113807129427,0.0111637163084296,0.00896207478833505,0.00431266921660104,0.00496743157984917,0.00292046461213306
"IF","IF_D","IF_I",48,47,48,1000,0.442275350869209,0.0119164369792765,0.557724649130791,0.0119164369792765,0.00978729605847915,0.00501315446667042,0.0049428816783551,0.00295965487960632
"IF","IF_D","IF_I",49,48,49,1000,0.439900979975227,0.0123470508860042,0.560099020024773,0.0123470508860042,0.00981091973993845,0.00494902817100963,0.00486063235201227,0.00308417861902265
"IF","IF_D","IF_I",50,49,50,1000,0.437891035802147,0.0129362319237538,0.562108964197853,0.0129362319237538,0.00991817477818187,0.00509163258564733,0.00509586390830912,0.00308746671422965
"IF","IF_D","IF_I",51,50,51,1000,0.436396188536889,0.0134221593805722,0.563603811463111,0.0134221593805722,0.00986822494180598,0.00521512286017465,0.00491321632739985,0.00330505027032293
"IF","IF_D","IF_I",52,51,52,1000,0.432835535729066,0.0138224716854104,0.567164464270935,0.0138224716854104,0.00973151019253982,0.00527383138176032,0.00506760841679102,0.00331777331167583
"IF","IF_D","IF_I",53,52,53,1000,0.428149062794462,0.0141374333196445,0.571850937205538,0.0141374333196444,0.01007348743774,0.00543841518183881,0.0052284492298113,0.00337506532662646
"IF","IF_D","IF_I",54,53,54,1000,0.422186796301897,0.0146074726586184,0.577813203698103,0.0146074726586184,0.0104676266857613,0.00549542802474462,0.00540619310513765,0.00363766606944404
"IF","IF_D","IF_I",55,54,55,1000,0.421831273486483,0.015376189772961,0.578168726513517,0.015376189772961,0.0109338615712436,0.00600745092628095,0.00519586676214227,0.00363033660963464
"IF","IF_D","IF_I",56,55,56,1000,0.422844633355333,0.0157251764924717,0.577155366644667,0.0157251764924717,0.0106521149118942,0.00618948987110803,0.00525017277689951,0.00370401517562022
"IF","IF_D","IF_I",57,56,57,1000,0.421892862225735,0.016065068959108,0.578107137774265,0.016065068959108,0.0110199374786958,0.00629882857776861,0.00550977635390896,0.00381090694513245
"IF","IF_D","IF_I",58,57,58,1000,0.422174490729269,0.0165061380395609,0.577825509270732,0.0165061380395609,0.0112678150082148,0.00651779859509785,0.00548852102014147,0.00389978794515177
"IF","IF_D","IF_I",59,58,59,1000,0.422748564900847,0.0167385120835988,0.577251435099153,0.0167385120835988,0.0106119015596339,0.00640420165844729,0.00529551803921945,0.00375924228591925
"IF","IF_D","IF_I",60,59,60,1000,0.427116830031707,0.017086080118283,0.572883169968293,0.0170860801182831,0.0105884317834763,0.00656611443499081,0.00535162285689521,0.00391196641381306
"IF","IF_D","IF_I",61,60,61,1000,0.430096269226177,0.0178420539374236,0.569903730773823,0.0178420539374236,0.010998432815992,0.00671319451504283,0.00550444503943863,0.00423569482479351
"IF","IF_D","IF_I",62,61,62,1000,0.431401089762306,0.0183730849062909,0.568598910237694,0.0183730849062909,0.0114522062315693,0.00721834639430449,0.00551933748594979,0.00397890470662182
"IF","IF_D","IF_I",63,62,63,1000,0.439299822575037,0.0187007416142736,0.560700177424963,0.0187007416142736,0.0115112682603729,0.00713360833062681,0.00552251653533891,0.00436553901382881
"IF","IF_D","IF_I",64,63,64,1000,0.446048508621918,0.0190597609392233,0.553951491378082,0.0190597609392233,0.0111033629742956,0.00717595780192175,0.00529515618481382,0.00435964987937824
"IF","IF_D","IF_I",65,64,65,1000,0.446661423324501,0.0196037159563524,0.553338576675498,0.0196037159563524,0.0109804813465089,0.00731140092168461,0.00547349292918846,0.00451924358069072
"IF","IF_D","IF_I",66,65,66,1000,0.449557229704401,0.0203144746213547,0.550442770295599,0.0203144746213547,0.0114514669995644,0.00734617759487342,0.0054497006248284,0.00468989553586337
"IF","IF_D","IF_I",67,66,67,1000,0.451161736716552,0.0210546138556675,0.548838263283448,0.0210546138556675,0.0112305712485922,0.00743926141834372,0.00551817726963516,0.00464548201676677
"IF","IF_D","IF_I",68,67,68,1000,0.450394030198572,0.0218436334776044,0.549605969801428,0.0218436334776044,0.011217064152969,0.00731510987969423,0.00551161151840757,0.00503753383719957
"IF","IF_D","IF_I",69,68,69,1000,0.455023577019061,0.0227545944061846,0.544976422980939,0.0227545944061846,0.0116982843591828,0.00780277158111252,0.0058209074071268,0.00503946734015247
"IF","IF_D","IF_I",70,69,70,1000,0.453853663947926,0.0236309440903447,0.546146336052074,0.0236309440903447,0.0124409337781304,0.00796786868857265,0.00537774688722003,0.0048874362192258
"IF","IF_D","IF_I",71,70,71,1000,0.448173551821053,0.0244849499601306,0.551826448178947,0.0244849499601306,0.0123490948430255,0.00856162183765575,0.00546288002281237,0.00495925262453426
"IF","IF_D","IF_I",72,71,72,1000,0.440696357842332,0.0251430763994461,0.559303642157668,0.0251430763994461,0.0123353261281414,0.00833891490075238,0.00556137590512995,0.00523191905225175
"IF","IF_D","IF_I",73,72,73,1000,0.442129838858334,0.0256843164585564,0.557870161141666,0.0256843164585564,0.012302477455274,0.00900735544209803,0.00558542258121307,0.00539879512076283
"IF","IF_D","IF_I",74,73,74,1000,0.44104858807842,0.0260285398721322,0.55895141192158,0.0260285398721322,0.0122898659111009,0.00875707338626351,0.00572160310957606,0.00522983240157546
"IF","IF_D","IF_I",75,74,75,1000,0.442065851619951,0.0268704233577249,0.557934148380049,0.0268704233577249,0.0124976733898783,0.0089778456007522,0.00579622545742612,0.00537064760972545
"IF","IF_D","IF_I",76,75,76,1000,0.448473252720829,0.0279993767314659,0.551526747279171,0.0279993767314659,0.0126034597648878,0.00936878306958496,0.00571698782175187,0.00537097339371162
"IF","IF_D","IF_I",77,76,77,1000,0.452448285599366,0.0286167847113772,0.547551714400634,0.0286167847113772,0.0121882572001915,0.00864164738390994,0.00581872774499471,0.00585218203079929
"IF","IF_D","IF_I",78,77,78,1000,0.462490638471802,0.0290821852045027,0.537509361528198,0.0290821852045027,0.0123498326261155,0.00937677363703746,0.00624105746412284,0.00601622661097747
"IF","IF_D","IF_I",79,78,79,1000,0.473393512628625,0.0294834025496028,0.526606487371375,0.0294834025496028,0.0124352139173666,0.00923899785574575,0.0059847743066893,0.00583325754291005
"IF","IF_D","IF_I",80,79,80,1000,0.486469545018859,0.0308471890474876,0.513530454981141,0.0308471890474876,0.0126978681066498,0.00935013828887099,0.0059317670875647,0.0062507978835939
"IF","IF_D","IF_I",81,80,81,1000,0.499198081810219,0.0319085575853149,0.500801918189781,0.0319085575853149,0.0124487217600106,0.00929919981669419,0.00601035672565058,0.00659405316392914
"IF","IF_D","IF_I",82,81,82,1000,0.509536047217121,0.0320256276550221,0.490463952782878,0.0320256276550221,0.012363848399501,0.00949158332379121,0.00541253669508392,0.00673184992853154
"IF","IF_D","IF_I",83,82,83,1000,0.514045453920034,0.0327411354514308,0.485954546079966,0.0327411354514308,0.0120406547472846,0.00959755596124794,0.00552329520886808,0.00672387124454963
"IF","IF_D","IF_I",84,83,84,1000,0.514708272327181,0.0329962309265865,0.485291727672819,0.0329962309265865,0.0118678757760556,0.00964429220526992,0.0055968169457974,0.00654609890635435
"IF","IF_D","IF_I",85,84,85,1000,0.519322843609627,0.0334238146915514,0.480677156390373,0.0334238146915515,0.0121343397027235,0.00967432875001952,0.00609808649455135,0.00708410280208346
"IF","IF_D","IF_I",86,85,86,1000,0.522266743170525,0.0345156884847342,0.477733256829475,0.0345156884847342,0.0124659627769129,0.0101493673316705,0.00561920578269296,0.00705939099540103
"IF","IF_D","IF_I",87,86,87,1000,0.523062533628322,0.0354998015726378,0.476937466371678,0.0354998015726378,0.011763594303721,0.00992725291700708,0.00563665541617085,0.00710442441892158
"IF","IF_D","IF_I",88,87,88,1000,0.528140926690065,0.0361554077355732,0.471859073309935,0.0361554077355731,0.0123651100552593,0.0102564864712566,0.0058421504828735,0.00727312651723654
"IF","IF_D","IF_I",89,88,89,1000,0.53284687741261,0.0373130994809834,0.46715312258739,0.0373130994809834,0.0124298417982015,0.0103378330293186,0.00596965455964214,0.00778234282900727
"IF","IF_D","IF_I",90,89,90,1000,0.544179023183316,0.0383827907273528,0.455820976816684,0.0383827907273528,0.0120935907466714,0.0105912894910911,0.00597023029694668,0.0081126745791088
"IF","IF_D","IF_I",91,90,91,1000,0.54584851093192,0.0401371757436948,0.45415148906808,0.0401371757436948,0.012323927366941,0.0106823407326451,0.00569379394718508,0.0082056340315348
"IF","IF_D","IF_I",92,91,92,1000,0.55176631634089,0.0416054475039644,0.448233683659111,0.0416054475039644,0.0129310937401221,0.0110880356545658,0.00651681464314418,0.00886770182858969
"IF","IF_D","IF_I",93,92,93,1000,0.551749923698483,0.0428844150763464,0.448250076301517,0.0428844150763464,0.0125870193866888,0.0116147110994535,0.00673056316810164,0.00917720955332988
"IF","IF_D","IF_I",94,93,94,1000,0.547809733833102,0.0448559594021564,0.452190266166898,0.0448559594021564,0.012292215539147,0.0122235488714578,0.00705885110017908,0.0101444439209156
"IF","IF_D","IF_I",95,94,95,1000,0.543343763921731,0.0467537733220608,0.456656236078269,0.0467537733220608,0.0134854821131207,0.012543756076239,0.00647208126951398,0.0104091568274156
"IF","IF_D","IF_I",96,95,96,1000,0.53065909931264,0.0491766009237824,0.46934090068736,0.0491766009237824,0.0127999290399297,0.0130954743853873,0.00590987090142505,0.00933102528641904
"IF","IF_D","IF_I",97,96,97,1000,0.54039069749837,0.0497575093528062,0.45960930250163,0.0497575093528062,0.0134293311750447,0.0138229851096118,0.0064615609064143,0.0101716059139993
"IF","IF_D","IF_I",98,97,98,1000,0.550232677204583,0.0504860701557289,0.449767322795417,0.0504860701557289,0.0135460168386231,0.0135928847559367,0.00620950997576497,0.0105462206571338
"IF","IF_D","IF_I",99,98,99,1000,0.555718039617749,0.0514077903953856,0.444281960382251,0.0514077903953856,0.013965532076005,0.0140612576242668,0.00596836198391236,0.01069198087392
"IF","IF_D","IF_I",100,99,100,1000,0.550792768596943,0.0535137034325806,0.449207231403057,0.0535137034325806,0.0133970822418625,0.0139498069323901,0.00576177463003926,0.0104215339854763
"IF","IF_D","IF_I",101,100,101,1000,0.551395218660222,0.0552162705308236,0.448604781339778,0.0552162705308237,0.0136022972916826,0.0147860298539949,0.00594659252555726,0.0106247486544867
"IF","IF_D","IF_I",102,101,102,1000,0.559814025188894,0.0571647548689464,0.440185974811106,0.0571647548689464,0.0142020980593359,0.014742155746639,0.00600388903942501,0.0108824184493348
"IF","IF_D","IF_I",103,102,103,1000,0.557500283512104,0.0581301029574187,0.442499716487896,0.0581301029574187,0.0137308301390957,0.0157676830089717,0.00574951781131584,0.0111634720169338
"IF","IF_D","IF_I",104,103,104,1000,0.554587391432835,0.0602213755459967,0.445412608567165,0.0602213755459967,0.0142744384136008,0.0157108745359374,0.00640449355143832,0.0116572021596571
"IF","IF_D","IF_I",105,104,105,1000,0.550923827597401,0.0635115860859056,0.449076172402599,0.0635115860859056,0.0129041142334225,0.0150373432107081,0.00602379146618433,0.0116176307141579
"IF","IF_D","IF_I",106,105,106,1000,0.550339317396793,0.0622975062679591,0.449660682603207,0.0622975062679591,0.0129689281793726,0.0158301689769031,0.00541163040626511,0.0117808426624072
"IF","IF_D","IF_I",107,106,107,1000,0.549995103428229,0.0622518606731293,0.450004896571771,0.0622518606731293,0.0125113584442709,0.0159859042435516,0.00653544629081975,0.013049905951505
"IF","IF_D","IF_I",108,107,108,1000,0.542822626200921,0.063907634423481,0.457177373799079,0.063907634423481,0.0129674880516127,0.0172988436480159,0.00589020424921736,0.0120597428611581
"IF","IF_D","IF_I",109,108,109,1000,0.549703439658331,0.0652089886448639,0.450296560341669,0.0652089886448639,0.0131363714703195,0.0174591519353127,0.00609308577898233,0.0137651549339247
"IF","IF_D","IF_I",110,109,110,1000,0.557990689584418,0.0676929680433778,0.442009310415582,0.0676929680433778,0.0137666187434078,0.0189214925152678,0.00646270225284765,0.0147075735508898
"IF","IF_D","IF_I",111,110,111,1000,0.552458400270654,0.0692417126025701,0.447541599729346,0.0692417126025702,0.0117658163165932,0.0178657358290184,0.00622775644780029,0.0140525515953387
"IF","IF_D","IF_I",112,111,112,1000,0.553003866863579,0.071460825233387,0.446996133136421,0.071460825233387,0.0126503159964722,0.0185772862298072,0.00625429008205408,0.0149474092307389
"IF","IF_D","IF_I",113,112,113,1000,0.540299796542249,0.0763503497459216,0.459700203457751,0.0763503497459216,0.0122560357874225,0.0192353650534323,0.00550755896653757,0.0136750973017227
"IF","IF_D","IF_I",114,113,114,1000,0.535398676782317,0.0798978366374774,0.464601323217683,0.0798978366374774,0.0125403023535334,0.0197268720064705,0.00710562799506618,0.0169148275183802
"IF","IF_D","IF_I",115,114,115,1000,0.540100285403249,0.0819189292119461,0.459899714596751,0.0819189292119461,0.0119844521261227,0.0198139475252836,0.0058079486626247,0.0153860897590943
"IF","IF_D","IF_I",116,115,116,1000,0.536642656549927,0.0823557001720828,0.463357343450073,0.0823557001720828,0.0126309246353496,0.0218032541090035,0.00638440364297603,0.0159687132800035
"IF","IF_D","IF_I",117,116,117,1000,0.557964820844258,0.0883217711010632,0.442035179155742,0.0883217711010633,0.0125496868796712,0.0222896425182444,0.00711126842434108,0.0194632084704255
"IF","IF_D","IF_I",118,117,118,1000,0.578011022552092,0.0991647747232011,0.421988977447908,0.0991647747232011,0.0120713870328156,0.0230756392084192,0.00730089488788076,0.0209852659857162
"IF","IF_D","IF_I",119,118,119,1000,0.588887658736362,0.111724680129034,0.411112341263638,0.111724680129034,0.011318009736764,0.0225480439396049,0.00629352083338053,0.0197434343675963
"IF","IF_D","IF_I",120,119,120,1000,0.633199427268103,0.124179819701376,0.366800572731897,0.124179819701376,0.0143469021183367,0.0264766382134395,0.00631397020307152,0.0260879788504488
"IF","IF_D","IF_I",121,120,121,1000,0.652304469247175,0.129935739908913,0.347695530752825,0.129935739908913,0.0125938655705833,0.025774150677993,0.00573061719805466,0.0241239789337606
"IF","IF_D","IF_I",122,121,122,1000,0.667240076306744,0.146223348547656,0.332759923693257,0.146223348547656,0.0125656606772016,0.0261675301104549,0.00780200082990268,0.0290155998595305
"IF","IF_D","IF_I",123,122,123,1000,0.670767506878645,0.163137195798359,0.329232493121355,0.163137195798359,0.0122785505045625,0.0301685657581166,0.00666000288549217,0.0423739160501801
"IF","IF_D","IF_I",124,123,124,1000,0.673189166772893,0.172881426852085,0.326810833227106,0.172881426852085,0.0150886013649475,0.0369538639892114,0.00519681528286939,0.0293375900858577
"IF","IF_D","IF_I",125,124,125,1000,0.680392336482109,0.182242930391756,0.319607663517891,0.182242930391756,0.0133559003428661,0.0395017033523149,0.011189496438532,0.0940324031307972
"IF","IF_D","IF_I",126,125,126,1000,0.673275073273817,0.19256196343642,0.326724926726183,0.19256196343642,0.0137780662802044,0.0354857758395079,0.0054748960570397,0.0281095977593616
"IF","IF_D","IF_I",127,126,127,1000,0.704844332755247,0.197326829118172,0.295155667244753,0.197326829118172,0.0128195299704256,0.03302731426825,0.00486185512820843,0.0290042111223907
"IF","IF_D","IF_I",128,127,128,1000,0.728800513030232,0.205866706584972,0.271199486969768,0.205866706584972,0.0155214775524256,0.0357811856776607,0.00550883626055697,0.0439982452566928
"IF","IF_D","IF_I",129,128,129,1000,0.724197841550745,0.216077017117467,0.275802158449255,0.216077017117467,0.0140092259497146,0.0356250322720714,0.00608930109203373,0.0392436695419446
"IF","IF_D","IF_I",130,129,130,1000,0.743870868057987,0.233482309644239,0.256129131942013,0.233482309644239,0.0153015970166036,0.0408462642392055,0.00495079851951518,0.0367071646834684
"IF","IF_D","IF_I",131,130,131,1000,0.746713961418769,0.243425558378769,0.253286038581231,0.243425558378769,0.0179622086235839,0.0461216147705581,0.00422411937139936,0.041355660509364
"IF","IF_D","IF_I",132,131,132,1000,0.783447012990736,0.258723674968229,0.216552987009264,0.258723674968229,0.018552885615289,0.05057298051581,0.00741014808424395,0.0701063405576852
"IF","IF_D","IF_I",133,132,133,1000,0.781249436276966,0.276526660640294,0.218750563723034,0.276526660640294,0.0235039108874164,0.0570913900354635,0.00512486678492513,0.0363380009504455
"IF","IF_D","IF_I",134,133,134,1000,0.821811036888577,0.284178390604186,0.178188963111423,0.284178390604186,0.0275197762964317,0.0643063997026189,0.0316224578080315,0.824208715782274
"IF","IF_D","IF_I",135,134,135,1000,0.845643280288983,0.298956104914975,0.154356719711017,0.298956104914975,0.0274918772238705,0.0664404426673338,0.00452927475452293,0.0315176658293629
"IF","IF_D","IF_I",136,135,136,1000,0.86440511465341,0.312327089387771,0.13559488534659,0.312327089387771,0.0341208055946812,0.124719835745199,0.00669796153843649,0.0645897577874089
"IF","IF_D","IF_I",137,136,137,1000,0.875755403236628,0.316208488901229,0.124244596763372,0.316208488901229,0.00487466489066207,0.0451839861703096,0.00398066735322384,0.0652103569899324
"IF","IF_D","IF_I",138,137,138,1000,0.877127326287426,0.320152714906047,0.122872673712574,0.320152714906047,0.00689252125623971,0.0604599741785362,0.00210869032607012,0.0298954591781671
"IF","IF_D","IF_I",139,138,139,1000,0.879486754195761,0.322641496749674,0.120513245804239,0.322641496749674,0.00446647029038654,0.0541401318534172,0.00834953995159043,0.124875014064918
"OP","OP_H","OP_E",1,0,1,1000,0.368811234899587,9.30130991804016e-05,0.631188765100462,9.30130991803472e-05,0.00468347165613056,0.000286761159685308,0.00164234999323568,0.000163209459231033
"OP","OP_H","OP_E",2,1,2,1000,0.350533779041985,0.000189912573949054,0.649466220958014,0.000189912573949064,0.00254975225382745,0.00036295360560046,0.00106872163619664,0.000194213587015398
"OP","OP_H","OP_E",3,2,3,1000,0.341589744332969,0.000269170485362618,0.658410255667033,0.000269170485362645,0.00203602708850939,0.000378740253843666,0.00135222196694545,0.000214792220078101
"OP","OP_H","OP_E",4,3,4,1000,0.33465604467639,0.000315594416101729,0.665343955323605,0.000315594416101728,0.00182187288244328,0.000404884276750855,0.0013645885820305,0.00024264127679932
"OP","OP_H","OP_E",5,4,5,1000,0.328298580066068,0.000365746313987105,0.67170141993393,0.000365746313987096,0.00143339776652163,0.000427056883558877,0.00127744066633657,0.000263801310612051
"OP","OP_H","OP_E",6,5,6,1000,0.321288094009498,0.000424230165801175,0.6787119059905,0.000424230165801192,0.00169846083013553,0.000467157106880765,0.00117206272986159,0.000285916549804521
"OP","OP_H","OP_E",7,6,7,1000,0.313686604897015,0.000497985327953072,0.686313395102988,0.000497985327953033,0.00129990993349369,0.000485428587771161,0.00123207943128714,0.00031295216994066
"OP","OP_H","OP_E",8,7,8,1000,0.307441264064204,0.000559011090368159,0.692558735935796,0.000559011090368141,0.00110140463622681,0.000494091717693001,0.00120856501435767,0.000327182552812594
"OP","OP_H","OP_E",9,8,9,1000,0.300499561691263,0.000643444003807552,0.699500438308739,0.000643444003807545,0.00140094553730737,0.000551341810626826,0.00127107020851996,0.000356703664236255
"OP","OP_H","OP_E",10,9,10,1000,0.294795407877797,0.00074458811841392,0.705204592122203,0.000744588118413934,0.00142345003164242,0.000630903895370074,0.00136284075187767,0.000383175776382657
"OP","OP_H","OP_E",11,10,11,1000,0.289958994903275,0.000836546788900329,0.710041005096727,0.000836546788900324,0.00149630321099748,0.000688167123426165,0.00139980816404725,0.000414060408799874
"OP","OP_H","OP_E",12,11,12,1000,0.284287405734031,0.000891926645571981,0.715712594265968,0.000891926645572005,0.00158821404362963,0.00073767998472021,0.00118898868577229,0.000401475159513047
"OP","OP_H","OP_E",13,12,13,1000,0.276940021890751,0.000952779891792527,0.723059978109249,0.000952779891792534,0.00151878028085081,0.00080691365157843,0.00122189107036394,0.000437293519132965
"OP","OP_H","OP_E",14,13,14,1000,0.271804401659124,0.00102093728249875,0.728195598340875,0.00102093728249876,0.00123544232517307,0.000735490538965546,0.00123680010196927,0.000438579539680206
"OP","OP_H","OP_E",15,14,15,1000,0.268074042372095,0.00107334717289248,0.731925957627904,0.00107334717289244,0.00121621389466817,0.000774451491772298,0.00115919782790496,0.000452887694719566
"OP","OP_H","OP_E",16,15,16,1000,0.263859054079692,0.00120485612078652,0.736140945920308,0.00120485612078654,0.00130861320993018,0.000866871946550711,0.00101166108261898,0.00044674218467833
"OP","OP_H","OP_E",17,16,17,1000,0.2573124396102,0.00136087153610586,0.7426875603898,0.00136087153610586,0.00165220766589582,0.000975270057577994,0.000977607516566599,0.000462136558337372
"OP","OP_H","OP_E",18,17,18,1000,0.252346761906651,0.00151832635963142,0.747653238093349,0.00151832635963138,0.00174225720366088,0.00110128931660198,0.0010501955289343,0.000493050611531871
"OP","OP_H","OP_E",19,18,19,1000,0.24679425031184,0.00167990397981099,0.753205749688159,0.00167990397981101,0.00189056839923979,0.00112877590777975,0.00100080536809909,0.000522620165663797
"OP","OP_H","OP_E",20,19,20,1000,0.240291286750631,0.00168126068834135,0.759708713249369,0.00168126068834139,0.00159674285767461,0.00112208142396832,0.00100135066753418,0.00050105939549507
"OP","OP_H","OP_E",21,20,21,1000,0.232451646066158,0.00156403460465022,0.767548353933842,0.00156403460465023,0.00151525613466511,0.00119673785218824,0.000911307261721708,0.000494803802907683
"OP","OP_H","OP_E",22,21,22,1000,0.226185347191779,0.00162577929078667,0.773814652808221,0.00162577929078668,0.00155958891766717,0.00130655647766979,0.000819126714353381,0.000510873124107474
"OP","OP_H","OP_E",23,22,23,1000,0.218592388776504,0.00171150792913917,0.781407611223496,0.00171150792913913,0.00162598840935015,0.00134748530031457,0.000775839811913688,0.000514083085514568
"OP","OP_H","OP_E",24,23,24,1000,0.209503579724152,0.00184448473703381,0.790496420275848,0.0018444847370338,0.00179487605315168,0.00143620826565948,0.000805615487656356,0.000526633350790445
"OP","OP_H","OP_E",25,24,25,1000,0.201949897590194,0.00195726316581749,0.798050102409806,0.00195726316581747,0.0020239553079592,0.00168423232864953,0.000709088122888971,0.000501551426564433
"OP","OP_H","OP_E",26,25,26,1000,0.19211904154289,0.00198081734584403,0.807880958457111,0.001980817345844,0.00262302436614522,0.00187702364382807,0.000745755584296868,0.000539425839017053
"OP","OP_H","OP_E",27,26,27,1000,0.183477955618862,0.00212072347629047,0.816522044381138,0.00212072347629051,0.00273695500930051,0.00218773403185916,0.000761735941560412,0.000553496932403705
"OP","OP_H","OP_E",28,27,28,1000,0.176793335767082,0.0021551059364972,0.823206664232918,0.00215510593649718,0.00276189558405565,0.00211049131776096,0.000788995887638636,0.00058499019217831
"OP","OP_H","OP_E",29,28,29,1000,0.171234860691975,0.00209379352039509,0.828765139308025,0.00209379352039515,0.00193539329290414,0.00205346396441628,0.000770046010421479,0.000571243931051144
"OP","OP_H","OP_E",30,29,30,1000,0.164379658226864,0.00215572107427687,0.835620341773136,0.00215572107427686,0.00200172889678004,0.00208159997063352,0.000732700221190753,0.000564858096497424
"OP","OP_H","OP_E",31,30,31,1000,0.1617513115827,0.00219930318289127,0.8382486884173,0.00219930318289132,0.00162290793668913,0.00202633165885909,0.000714197393594875,0.000581703930462722
"OP","OP_H","OP_E",32,31,32,1000,0.161396400322544,0.00227655891042857,0.838603599677456,0.00227655891042855,0.00130024489277093,0.00188440270690582,0.000746803196540323,0.000637990567449399
"OP","OP_H","OP_E",33,32,33,1000,0.158622874939979,0.00243143573562199,0.841377125060022,0.00243143573562201,0.00139952828334897,0.00200556042333755,0.000779200875831618,0.000644043919379721
"OP","OP_H","OP_E",34,33,34,1000,0.156514347989973,0.0024726939075333,0.843485652010027,0.00247269390753328,0.00134985856153488,0.00201534640721323,0.000946640362247692,0.000715909316557765
"OP","OP_H","OP_E",35,34,35,1000,0.154997772369528,0.00254899398963806,0.845002227630472,0.00254899398963806,0.00138339577893377,0.00222746118078532,0.000858700952120854,0.000730272082382499
"OP","OP_H","OP_E",36,35,36,1000,0.151223569404217,0.00253310003770958,0.848776430595783,0.00253310003770956,0.00138739623534488,0.00222740776704526,0.000767867242364146,0.000676745966884426
"OP","OP_H","OP_E",37,36,37,1000,0.148953326441443,0.00262428719958206,0.851046673558557,0.00262428719958207,0.00120344555493681,0.00213259305673155,0.000803404622300621,0.000742809361988231
"OP","OP_H","OP_E",38,37,38,1000,0.151867991386852,0.00278557018001517,0.848132008613148,0.00278557018001516,0.0012404722487736,0.00221664780015281,0.000709082071844782,0.000720814374390324
"OP","OP_H","OP_E",39,38,39,1000,0.151836756643986,0.00295984976202216,0.848163243356014,0.00295984976202216,0.00131075091131197,0.00227703034068677,0.000710244136929674,0.000720020543543361
"OP","OP_H","OP_E",40,39,40,1000,0.151371533696293,0.00305813481589298,0.848628466303707,0.00305813481589299,0.0014784966923256,0.00264022459736246,0.000666561250476394,0.000732511812699676
"OP","OP_H","OP_E",41,40,41,1000,0.149865574141401,0.0030662562790927,0.850134425858599,0.00306625627909271,0.00143080413874095,0.00258208664057248,0.000738204306416754,0.000775958552869192
"OP","OP_H","OP_E",42,41,42,1000,0.151463740473755,0.00319691520882768,0.848536259526245,0.00319691520882768,0.00115503580518223,0.00235973128611249,0.000796096249964511,0.000836873801303768
"OP","OP_H","OP_E",43,42,43,1000,0.152613850314852,0.00329399573867497,0.847386149685147,0.00329399573867493,0.00124878920838744,0.00246609726932787,0.000806155925618224,0.000888704343815543
"OP","OP_H","OP_E",44,43,44,1000,0.154115385605433,0.00349765372098814,0.845884614394567,0.00349765372098812,0.00111839375242125,0.00243080476375788,0.000818057502630127,0.000903733690049815
"OP","OP_H","OP_E",45,44,45,1000,0.15455863078132,0.00357977138693673,0.84544136921868,0.00357977138693674,0.00142920975541745,0.00284032281519626,0.000905530012450574,0.000932089160750453
"OP","OP_H","OP_E",46,45,46,1000,0.150781225822922,0.00361860362367147,0.849218774177078,0.00361860362367143,0.00166913549638805,0.00316997599690908,0.000993903977284528,0.00106913206678157
"OP","OP_H","OP_E",47,46,47,1000,0.149138093429282,0.0038319607748222,0.850861906570718,0.00383196077482219,0.00167380281850329,0.00328646459702881,0.00105951755479235,0.00105420031069687
"OP","OP_H","OP_E",48,47,48,1000,0.150441122221838,0.00410128600197963,0.849558877778162,0.00410128600197963,0.00183284412951659,0.00347325474272707,0.00121640516471853,0.00121674188796869
"OP","OP_H","OP_E",49,48,49,1000,0.152920274016092,0.00436752427395857,0.847079725983908,0.00436752427395856,0.00257275195447915,0.00417502741850202,0.00120080165134288,0.00126650347211778
"OP","OP_H","OP_E",50,49,50,1000,0.152216437009663,0.00462222730322014,0.847783562990337,0.00462222730322014,0.00237024535657824,0.00411794487774549,0.001177174074536,0.00125568719145896
"OP","OP_H","OP_E",51,50,51,1000,0.150870775747168,0.00475034905940916,0.849129224252832,0.00475034905940918,0.00234191909488031,0.00429059801010539,0.00119018063430342,0.00132032050834941
"OP","OP_H","OP_E",52,51,52,1000,0.151532464390041,0.00488652915665464,0.848467535609959,0.00488652915665464,0.00265499566324504,0.00460589658764873,0.00140188286903509,0.0014295371565466
"OP","OP_H","OP_E",53,52,53,1000,0.152955209350294,0.00511551110048844,0.847044790649706,0.0051155111004884,0.00262997264509627,0.00464369841621127,0.00143689408818906,0.00150201939661561
"OP","OP_H","OP_E",54,53,54,1000,0.151417540635971,0.00546267680140874,0.848582459364029,0.00546267680140876,0.00224945120797444,0.00458114125863402,0.00158543039762025,0.00160035063525299
"OP","OP_H","OP_E",55,54,55,1000,0.151506318418844,0.00578464801865156,0.848493681581156,0.00578464801865157,0.00233519174502147,0.00458345476680815,0.00159565127134545,0.00162011080530312
"OP","OP_H","OP_E",56,55,56,1000,0.153025121416658,0.00611764104768077,0.846974878583342,0.00611764104768078,0.00245363538739104,0.00504797083580681,0.00164750665707518,0.0017123824267428
"OP","OP_H","OP_E",57,56,57,1000,0.151152677088902,0.00622550645196596,0.848847322911098,0.00622550645196607,0.00246741548527264,0.00496705419124145,0.00173020238134756,0.00176349167929682
"OP","OP_H","OP_E",58,57,58,1000,0.148333828979511,0.00636853249962059,0.851666171020489,0.0063685324996206,0.00257175615665696,0.0051011056199222,0.00178852242678909,0.00189088744555542
"OP","OP_H","OP_E",59,58,59,1000,0.146389471280339,0.00661919239043362,0.853610528719661,0.00661919239043361,0.00273289328840432,0.00544223786547161,0.00191405924612904,0.00193805951503087
"OP","OP_H","OP_E",60,59,60,1000,0.145091758454083,0.0068447124455938,0.854908241545917,0.00684471244559377,0.00277379304519276,0.00596846993180535,0.00209230022067843,0.00196395869901802
"OP","OP_H","OP_E",61,60,61,1000,0.146409022218688,0.0073887189768077,0.853590977781312,0.0073887189768077,0.00285974086976051,0.00583212083980721,0.00214873144766018,0.0021932360117364
"OP","OP_H","OP_E",62,61,62,1000,0.14824150252887,0.00774689740843475,0.85175849747113,0.00774689740843475,0.00251139128114828,0.00561315100690301,0.00227647668455064,0.00219619412873224
"OP","OP_H","OP_E",63,62,63,1000,0.145831331219038,0.00795614114000612,0.854168668780962,0.00795614114000608,0.00264968313690066,0.00601620024946571,0.00218842828008983,0.00225320876835047
"OP","OP_H","OP_E",64,63,64,1000,0.148589548950361,0.00837955976632847,0.85141045104964,0.00837955976632846,0.00216905951674143,0.00553048986001394,0.00228631004403381,0.00232419016817208
"OP","OP_H","OP_E",65,64,65,1000,0.150625428851087,0.00865792173770119,0.849374571148913,0.00865792173770118,0.00239530541944806,0.00565222469871569,0.00205521179595867,0.00230888038354388
"OP","OP_H","OP_E",66,65,66,1000,0.1503481740055,0.00872768747588183,0.8496518259945,0.00872768747588182,0.00264244015214394,0.00619516804768925,0.00212034473277682,0.00245939499753646
"OP","OP_H","OP_E",67,66,67,1000,0.151903474020244,0.00890956899250563,0.848096525979756,0.00890956899250563,0.00263731658681896,0.00620033916647311,0.00218586468854605,0.00238613030490853
"OP","OP_H","OP_E",68,67,68,1000,0.154220445237922,0.00916827476589792,0.845779554762078,0.00916827476589789,0.00243098824890179,0.00597630126159668,0.00211750481923066,0.00236554426358271
"OP","OP_H","OP_E",69,68,69,1000,0.151920937751572,0.00941767526528477,0.848079062248428,0.0094176752652848,0.00156023408790715,0.00495945009215291,0.00212589511119132,0.00245999037139834
"OP","OP_H","OP_E",70,69,70,1000,0.153740839552472,0.00986824895084313,0.846259160447527,0.0098682489508431,0.00146226714697474,0.00506824597842217,0.00223177202805674,0.00257215862101541
"OP","OP_H","OP_E",71,70,71,1000,0.155866711928731,0.010260398154359,0.844133288071269,0.010260398154359,0.00145333706149659,0.00499306708831321,0.00225939039364564,0.00244899561816437
"OP","OP_H","OP_E",72,71,72,1000,0.154730802017974,0.0106148997955916,0.845269197982026,0.0106148997955915,0.00155356705073158,0.00523872695573617,0.00238706017087195,0.00271181760446941
"OP","OP_H","OP_E",73,72,73,1000,0.154260190521612,0.0106194832346261,0.845739809478388,0.0106194832346261,0.00135714625857044,0.0049502173240324,0.00224567039483808,0.0027667741243576
"OP","OP_H","OP_E",74,73,74,1000,0.153527424536409,0.0106517709939682,0.846472575463591,0.0106517709939681,0.00146539931216857,0.00522222596671697,0.00186091466617205,0.00260927889359812
"OP","OP_H","OP_E",75,74,75,1000,0.152690492291635,0.0108228345248206,0.847309507708365,0.0108228345248206,0.00158670052466736,0.00555106618083802,0.00210074235770248,0.00278896067442061
"OP","OP_H","OP_E",76,75,76,1000,0.149517029871527,0.0110794731173084,0.850482970128473,0.0110794731173084,0.00160162625069437,0.00557088123239783,0.00203248515643066,0.0026944504436241
"OP","OP_H","OP_E",77,76,77,1000,0.141938051661816,0.0113531413961042,0.858061948338184,0.0113531413961042,0.00091498017443403,0.00456681593918162,0.00200236402730434,0.00278733828631175
"OP","OP_H","OP_E",78,77,78,1000,0.132538704996016,0.0118852558781974,0.867461295003984,0.0118852558781973,0.00112308411696765,0.00520412465089921,0.00222538426438784,0.00289744906284346
"OP","OP_H","OP_E",79,78,79,1000,0.125612594679563,0.0122245831679579,0.874387405320437,0.0122245831679579,0.00151450958683262,0.0064642737735246,0.00220031331258753,0.00303864560263321
"OP","OP_H","OP_E",80,79,80,1000,0.125381723231994,0.0130012804119484,0.874618276768006,0.0130012804119484,0.0014060855464998,0.00615724817604225,0.002313069230682,0.00312307150006804
"OP","OP_H","OP_E",81,80,81,1000,0.117411006583968,0.0137671266484562,0.882588993416032,0.0137671266484562,0.00105127453137291,0.00573103194251521,0.00215693552568963,0.00302958310870757
"OP","OP_H","OP_E",82,81,82,1000,0.115228625377057,0.0143125192642402,0.884771374622943,0.0143125192642402,0.000877954293594441,0.00542024504991046,0.00220544667001548,0.0031224705535135
"OP","OP_H","OP_E",83,82,83,1000,0.112304371740332,0.0145961196597715,0.887695628259668,0.0145961196597715,0.00093653889196013,0.00596287669289303,0.00220217834104911,0.00306897607502277
"OP","OP_H","OP_E",84,83,84,1000,0.104936770187946,0.0147157894242445,0.895063229812054,0.0147157894242445,0.00135053021070978,0.00725374106083478,0.00256901550024724,0.0034614735914705
"OP","OP_H","OP_E",85,84,85,1000,0.100670227786853,0.015066659124064,0.899329772213147,0.0150666591240641,0.000995249390854778,0.0065790684900105,0.00286390665527301,0.0036109748733926
"OP","OP_H","OP_E",86,85,86,1000,0.0994648034914553,0.0156984291287862,0.900535196508545,0.0156984291287862,0.000722221875947639,0.00554256744527075,0.00264252854930312,0.00360306859465197
"OP","OP_H","OP_E",87,86,87,1000,0.0959252068510318,0.0162015575695495,0.904074793148968,0.0162015575695496,0.000956931097484939,0.00664066622427328,0.00278544643170764,0.0037034477291581
"OP","OP_H","OP_E",88,87,88,1000,0.0913319709914322,0.0163169734276546,0.908668029008568,0.0163169734276547,0.000781437612264259,0.00600135065355591,0.00281081407483251,0.00401877868792031
"OP","OP_H","OP_E",89,88,89,1000,0.0914394048587258,0.0165560051139236,0.908560595141274,0.0165560051139237,0.000700731206700448,0.00617251971831574,0.00269863765782104,0.00370254417237471
"OP","OP_H","OP_E",90,89,90,1000,0.0901881124298576,0.0161200931214819,0.909811887570142,0.0161200931214819,0.000692094297279654,0.00610203571949557,0.00243413638546812,0.0037761353178101
"OP","OP_H","OP_E",91,90,91,1000,0.0893615603253624,0.0165402323493601,0.910638439674638,0.01654023234936,0.00094299944776178,0.00722767973617235,0.00276056054284863,0.00412207566010811
"OP","OP_H","OP_E",92,91,92,1000,0.0861754540617763,0.0168471986503261,0.913824545938224,0.0168471986503261,0.000443778970664609,0.00530807915755983,0.00314305549461397,0.00428661628003162
"OP","OP_H","OP_E",93,92,93,1000,0.0789348970220326,0.0159131158480026,0.921065102977967,0.0159131158480025,0.000785929483638754,0.00799244452291359,0.00482757372938167,0.00550334626818207
"OP","OP_H","OP_E",94,93,94,1000,0.070752004936757,0.0163379300724571,0.929247995063243,0.0163379300724571,0.00139058603430866,0.0115859721069008,0.00523663931596601,0.00545783465825838
"OP","OP_H","OP_E",95,94,95,1000,0.0664137170967377,0.0173841261008776,0.933586282903262,0.0173841261008776,0.00133903512833991,0.013363813398521,0.00378891023799482,0.00525414464466771
"OP","OP_H","OP_E",96,95,96,1000,0.0632060961991122,0.0178290547327609,0.936793903800888,0.0178290547327609,0.00129221998893946,0.0113824528464927,0.00364065046440107,0.00556641097165299
"OP","OP_H","OP_E",97,96,97,1000,0.0601185567372576,0.0181592070334485,0.939881443262742,0.0181592070334484,0.00173999776546864,0.0161704052574414,0.00344500797959545,0.00516575118398181
"OP","OP_H","OP_E",98,97,98,1000,0.054628905702536,0.017401551685915,0.945371094297464,0.017401551685915,0.000768724048961656,0.0119456845337924,0.00367808617333254,0.0053434838299604
"OP","OP_H","OP_E",99,98,99,1000,0.0451044493297481,0.0172882596925167,0.954895550670252,0.0172882596925167,0.00218365240041135,0.0232843172131071,0.00415499159035036,0.00598376382118968
"OP","OP_H","OP_E",100,99,100,1000,0.0432455906941837,0.0179584016491937,0.956754409305816,0.0179584016491937,0.000921313275051374,0.0141386074490166,0.00419542707548825,0.00598178134230901
"OP","OP_H","OP_E",101,100,101,1000,0.0404695770151677,0.018088987426144,0.959530422984832,0.018088987426144,0.00130203807399489,0.0169893844091683,0.00386638157630529,0.00581970272685304
"OP","OP_H","OP_E",102,101,102,1000,0.037643246354174,0.0178245507009708,0.962356753645826,0.0178245507009708,0.00159219234337764,0.0187998685238586,0.00422169987784697,0.00624131581717109
"OP","OP_H","OP_E",103,102,103,1000,0.0334671224156784,0.0165478362651904,0.966532877584322,0.0165478362651904,0.00149767097311073,0.024178120910858,0.00386237688263822,0.00629491270412104
"OP","OP_H","OP_E",104,103,104,1000,0.0315133218279778,0.0168908679682216,0.968486678172022,0.0168908679682215,0.00216709963335041,0.0253413917907229,0.00341924315050534,0.00598076719359326
"OP","OP_H","OP_E",105,104,105,1000,0.029781572164708,0.0172937773666639,0.970218427835292,0.0172937773666639,0.00163381396257481,0.0282205861120401,0.00374387943954305,0.00643388218064282
"OP","OP_H","OP_E",106,105,106,1000,0.0287895932588407,0.0179682255149029,0.971210406741159,0.0179682255149029,0.00268426840816684,0.0335987606226534,0.00260266545709367,0.0055364944904051
"OP","OP_H","OP_E",107,106,107,1000,0.0269327024182161,0.0180167934556667,0.973067297581784,0.0180167934556666,0.000946654053448498,0.0173262829243301,0.0026140336145825,0.00541341440132763
"OP","OP_H","OP_E",108,107,108,1000,0.0252784945949275,0.0183543149385172,0.974721505405073,0.0183543149385172,0.00180522305851473,0.0485159553574009,0.00319608341476046,0.00623177032398281
"OP","OP_H","OP_E",109,108,109,1000,0.0233363385118496,0.0187173988528246,0.976663661488151,0.0187173988528247,0.00339302360177726,0.0438139567983725,0.00277649882666965,0.00610139904147141
"OP","OP_H","OP_E",110,109,110,1000,0.0219506773064105,0.0191993107859403,0.978049322693589,0.0191993107859403,0.0207469105139687,0.202900848976305,0.00253819973973987,0.00605940128481297
"OP","OP_H","OP_E",111,110,111,1000,0.0211746485468185,0.0199003605671799,0.978825351453182,0.0199003605671799,0.0584189945997298,0.779851160550463,0.00240611846742044,0.00581859549766563
"OP","OP_H","OP_E",112,111,112,1000,0.0198605885647878,0.0197466928018284,0.980139411435212,0.0197466928018283,0.11982065640574,1.94110421032009,0.00211245720341835,0.00595876310871665
"OP","OP_H","OP_E",113,112,113,1000,0.019327837593383,0.020223733187705,0.980672162406617,0.0202237331877051,0.0342342816695534,0.442761388042841,0.00200868677062115,0.00569973247460522
"OP","OP_H","OP_E",114,113,114,1000,0.0195174631079111,0.0214826739189127,0.980482536892089,0.0214826739189126,0.0679605725216006,0.858606771511899,0.00211545579993126,0.00610668358365178
"OP","OP_H","OP_E",115,114,115,1000,0.0184573001029735,0.0214395917124717,0.981542699897027,0.0214395917124716,0.0579697595848886,0.472989925397091,0.00187342884355621,0.00597987125297057
"OP","OP_H","OP_E",116,115,116,1000,0.0174132096698878,0.0201094531636848,0.982586790330112,0.0201094531636849,0.152160692935536,3.06377653983542,0.00136096429290656,0.00508276918786814
"OP","OP_H","OP_E",117,116,117,1000,0.0167394414251599,0.019218757570609,0.98326055857484,0.019218757570609,0.148670939385379,1.49914698010401,0.00136375372977199,0.00530467799033132
"OP","OP_H","OP_E",118,117,118,1000,0.0186536696620634,0.0215686724267405,0.981346330337937,0.0215686724267406,0.0984192137164054,1.09029222373967,0.00143426432436055,0.00589263967402154
"OP","OP_H","OP_E",119,118,119,1000,0.0200074293551965,0.0231965927143882,0.979992570644803,0.0231965927143882,0.42514973452447,5.74710001230861,0.00110805728569671,0.00549520337794075
"OP","OP_H","OP_E",120,119,120,1000,0.0218433649245778,0.0252835153664011,0.978156635075422,0.0252835153664011,0.139602301579189,1.84904430349323,0.00151849541753048,0.00655587856473459
"OP","OP_H","OP_E",121,120,121,1000,0.0233925369322617,0.026931079088434,0.976607463067738,0.026931079088434,0.564901096626662,9.67228687984678,0.00111514662457507,0.00602931230988808
"OP","OP_H","OP_E",122,121,122,1000,0.0263105341652132,0.0298383915500027,0.973689465834787,0.0298383915500027,0.0761488310752114,0.591952354859303,0.00125579492726173,0.00659974827886326
"OP","OP_H","OP_E",123,122,123,1000,0.0279505309302775,0.0292484224658234,0.972049469069723,0.0292484224658234,0.0859427742109366,0.540372547788841,0.00166757124138039,0.00818002078401818
"OP","OP_H","OP_E",124,123,124,1000,0.0284200831609699,0.0272680795946614,0.97157991683903,0.0272680795946613,0.383519252287889,7.09509538731131,0.00145040142885294,0.00811635214326044
"OP","OP_H","OP_E",125,124,125,1000,0.0309544097575686,0.0283565393191973,0.969045590242431,0.0283565393191974,0.248339691055648,2.5508455676765,0.000759574236483012,0.0061612512414969
"OP","OP_H","OP_E",126,125,126,1000,0.0336287478008474,0.0293318653801023,0.966371252199153,0.0293318653801023,0.0727780608143624,0.553918656407833,0.000526015331253736,0.00523975978328098
"OP","OP_H","OP_E",127,126,127,1000,0.0390897828829644,0.0321100162634013,0.960910217117035,0.0321100162634014,0.93415695190418,24.3586683425215,0.00118758287788059,0.00832148618602876
"OP","OP_H","OP_E",128,127,128,1000,0.0443285604502781,0.0347353245760452,0.955671439549722,0.0347353245760452,0.148397995749125,1.34471806080435,0.000741440036430555,0.00703591664164862
"OP","OP_H","OP_E",129,128,129,1000,0.0513961441965513,0.0380434017119855,0.948603855803449,0.0380434017119855,0.146123078965322,2.46828092999802,0.000606727362857298,0.00676473580880173
"OP","OP_H","OP_E",130,129,130,1000,0.0584360437291026,0.040901884499918,0.941563956270897,0.040901884499918,0.363865149762593,5.86451804210868,0.000767652297483097,0.00806728855665704
"OP","OP_H","OP_E",131,130,131,1000,0.0678195001203412,0.0432540420562849,0.932180499879659,0.0432540420562848,0.10782728144192,0.879668633361094,0.0013622487598375,0.0114473239642833
"OP","OP_H","OP_E",132,131,132,1000,0.0825880979639774,0.0485976700114537,0.917411902036022,0.048597670011454,0.183730741404776,3.30683475917251,0.00226273817013674,0.0162974457958548
"OP","OP_H","OP_E",133,132,133,1000,0.0970123255659413,0.0516438621734189,0.902987674434059,0.0516438621734189,0.148370882382443,1.71731587681443,0.00140877079810556,0.0140315883483208
"OP","OP_H","OP_E",134,133,134,1000,0.116069412035031,0.0556260679542129,0.883930587964969,0.0556260679542129,0.184668863299608,2.90826814649952,0.00177093147494111,0.0176987976465345
"OP","OP_H","OP_E",135,134,135,1000,0.142854304326619,0.06054093251794,0.857145695673381,0.06054093251794,0.0899615048685065,0.818034447516364,0.000622546700721787,0.0113568546340996
"OP","OP_H","OP_E",136,135,136,1000,0.191024648786575,0.0719714324816196,0.808975351213425,0.0719714324816196,0.172309294054178,1.52035253318406,0,0
"OP","OP_H","OP_E",137,136,137,1000,0.310998623424907,0.104268553643547,0.689001376575093,0.104268553643547,0.120759229257879,0.923016840481757,0,0
"OP","OP_H","OP_E",138,137,138,1000,0.375991422800833,0.112663619959375,0.624008577199167,0.112663619959375,0.456962991480672,2.63670491456813,0,0
"OP","OP_H","OP_E",139,138,139,1000,0.81001559460566,0.172613192159253,0.18998440539434,0.172613192159253,0.59801747987401,0.736463892596051,0,0
"FS","FS_A","FS_Z",1,0,1,1000,0.676374149416201,0.000144206560128763,0.323625850583803,0.000144206560128474,0.00655834302693551,0.000228085752797669,0.0126594715767238,0.000501616917396602
"FS","FS_A","FS_Z",2,1,2,1000,0.672297120703956,0.000222594784789209,0.327702879296041,0.000222594784789204,0.00229829029266206,0.000243480006490423,0.00502558700255979,0.000511450446608979
"FS","FS_A","FS_Z",3,2,3,1000,0.673290575078471,0.000280128130299233,0.326709424921533,0.000280128130299184,0.002021991840066,0.00026224250412682,0.00435905849436746,0.000548986686645884
"FS","FS_A","FS_Z",4,3,4,1000,0.677789118000957,0.000359704195240131,0.322210881999036,0.000359704195240027,0.0016758442318847,0.000272490913040896,0.00401578212176933,0.000595585144207829
"FS","FS_A","FS_Z",5,4,5,1000,0.684923774017591,0.000440757443839028,0.315076225982407,0.000440757443839055,0.00164451395506204,0.000293499919849929,0.00382082066212543,0.000677300842687274
"FS","FS_A","FS_Z",6,5,6,1000,0.693432629419661,0.000520648788681685,0.306567370580341,0.000520648788681648,0.00144861446872789,0.000311684166131025,0.00345385832959393,0.000706179421434616
"FS","FS_A","FS_Z",7,6,7,1000,0.701670786699559,0.000611733942234711,0.298329213300442,0.000611733942234672,0.00144720762789048,0.000316617631629652,0.00388053634329231,0.000780972406446366
"FS","FS_A","FS_Z",8,7,8,1000,0.710038493829922,0.000706111359780006,0.289961506170076,0.000706111359780001,0.0013936400020752,0.000341207189110166,0.00365286723219679,0.000880268236126132
"FS","FS_A","FS_Z",9,8,9,1000,0.718925523737352,0.000798608943034473,0.281074476262648,0.000798608943034466,0.00146746390053407,0.000354019218933434,0.00388361779908149,0.000993122693413905
"FS","FS_A","FS_Z",10,9,10,1000,0.729264123006632,0.000860915616831587,0.270735876993369,0.000860915616831549,0.00132024552480221,0.000384046877080847,0.00408861408824716,0.00109569809649449
"FS","FS_A","FS_Z",11,10,11,1000,0.737974634341791,0.000955230840097885,0.262025365658211,0.000955230840097883,0.00163561717556632,0.000404793815892209,0.00473395858642832,0.00122361594585739
"FS","FS_A","FS_Z",12,11,12,1000,0.746738574033969,0.00106917024026786,0.25326142596603,0.00106917024026785,0.00155279352843897,0.000440351267990835,0.00492416597426281,0.00131863858162713
"FS","FS_A","FS_Z",13,12,13,1000,0.754139546106111,0.00116469096020305,0.245860453893889,0.00116469096020304,0.00144403194089702,0.000478143854627587,0.00423610351828303,0.00143152927188119
"FS","FS_A","FS_Z",14,13,14,1000,0.761594288432956,0.00127139592929016,0.238405711567044,0.00127139592929016,0.00130253692116402,0.000461153868937416,0.00420249049983967,0.00149424138117874
"FS","FS_A","FS_Z",15,14,15,1000,0.768696868146202,0.00134175335754386,0.231303131853797,0.00134175335754388,0.00126534379507453,0.000474916397249756,0.00416989340640603,0.00150609626791147
"FS","FS_A","FS_Z",16,15,16,1000,0.776691216570075,0.00142407788590742,0.223308783429925,0.00142407788590742,0.00129131641874618,0.000497925568393276,0.00430123477497635,0.00162428122358326
"FS","FS_A","FS_Z",17,16,17,1000,0.782719957080032,0.00151011515120966,0.217280042919968,0.00151011515120969,0.0013487185208719,0.000510273474609309,0.00502438953943839,0.00184313784146
"FS","FS_A","FS_Z",18,17,18,1000,0.790185687537509,0.00156587162029693,0.209814312462492,0.00156587162029692,0.00121298508964918,0.000498307679544349,0.00474266472268582,0.00201940489172659
"FS","FS_A","FS_Z",19,18,19,1000,0.795265351303882,0.00164579973395056,0.204734648696118,0.00164579973395053,0.0012309712091886,0.000541716330801511,0.00499541989278564,0.00213596133614933
"FS","FS_A","FS_Z",20,19,20,1000,0.799507395116045,0.00169830295024254,0.200492604883954,0.00169830295024253,0.00135450722420747,0.00053934833336292,0.00462989169869689,0.00208822425732991
"FS","FS_A","FS_Z",21,20,21,1000,0.800796363278788,0.00176800711814182,0.199203636721213,0.00176800711814178,0.00106732743937969,0.000519036685686139,0.00457464883549154,0.00225798213360072
"FS","FS_A","FS_Z",22,21,22,1000,0.802340971674827,0.00180636641633623,0.197659028325174,0.0018063664163362,0.001096337538536,0.000557021247431155,0.00451022260243861,0.00230663659852086
"FS","FS_A","FS_Z",23,22,23,1000,0.80371590601448,0.00189622051922294,0.19628409398552,0.00189622051922295,0.000999989116850386,0.000546178585114073,0.00483137948918568,0.002320778724499
"FS","FS_A","FS_Z",24,23,24,1000,0.805977956005709,0.00196548157812933,0.194022043994291,0.00196548157812933,0.00104979243202588,0.000595671663747077,0.00455306970691136,0.00247194403046311
"FS","FS_A","FS_Z",25,24,25,1000,0.811779460515697,0.00202288256296554,0.188220539484303,0.00202288256296553,0.00134047329552188,0.000655586982723575,0.00433592463905275,0.00264197368759259
"FS","FS_A","FS_Z",26,25,26,1000,0.814385641703316,0.00216306982859914,0.185614358296684,0.00216306982859918,0.00114122491561572,0.000635217768537184,0.00391192682125627,0.00251575086156928
"FS","FS_A","FS_Z",27,26,27,1000,0.818191515235902,0.00235972953617119,0.181808484764098,0.00235972953617122,0.00118774285305629,0.00069485778398269,0.00363204609667014,0.00257615820235944
"FS","FS_A","FS_Z",28,27,28,1000,0.818774051415273,0.00249752252232562,0.181225948584727,0.0024975225223256,0.00129591751491985,0.000743099726919281,0.00418068949939729,0.00281081856470235
"FS","FS_A","FS_Z",29,28,29,1000,0.817870653638709,0.00262767586063953,0.182129346361291,0.00262767586063952,0.00144588018959568,0.000790499131828648,0.00509484700329954,0.00298886778094315
"FS","FS_A","FS_Z",30,29,30,1000,0.822911134216981,0.00276979673872668,0.177088865783019,0.00276979673872668,0.00145943735496042,0.000801847114265875,0.00388575569705766,0.00275923573107701
"FS","FS_A","FS_Z",31,30,31,1000,0.827433675191118,0.00284542754932599,0.172566324808882,0.00284542754932601,0.00145413824199433,0.000841921108891758,0.00345028969960624,0.00289621382066225
"FS","FS_A","FS_Z",32,31,32,1000,0.828403388319786,0.0028779207938246,0.171596611680214,0.00287792079382462,0.00138505286419226,0.000810692890249211,0.00393023916928342,0.00318040893556978
"FS","FS_A","FS_Z",33,32,33,1000,0.832697089022429,0.00299635217615816,0.167302910977571,0.00299635217615817,0.0012515308918235,0.000822278390617085,0.00395585495675574,0.00327332339171356
"FS","FS_A","FS_Z",34,33,34,1000,0.838432139180649,0.00309392103614682,0.161567860819351,0.00309392103614682,0.00135387902393137,0.00089254737727254,0.00415642151753161,0.00350844018095546
"FS","FS_A","FS_Z",35,34,35,1000,0.841368038412011,0.00322739870259291,0.158631961587989,0.0032273987025929,0.0014758580055363,0.000902690677046596,0.00435671319483394,0.00345365906166018
"FS","FS_A","FS_Z",36,35,36,1000,0.843032077732466,0.00336216972710658,0.156967922267534,0.00336216972710659,0.00148712248878878,0.000917419789936323,0.00368935994525331,0.00353025900855248
"FS","FS_A","FS_Z",37,36,37,1000,0.845885092975327,0.00352175399038126,0.154114907024673,0.00352175399038128,0.0013464424844958,0.0009098570512131,0.00384112712610871,0.00370767845508151
"FS","FS_A","FS_Z",38,37,38,1000,0.846944747326149,0.00378526306058927,0.153055252673851,0.00378526306058927,0.00128180833159976,0.000908889207707873,0.00330539444210154,0.00365366812566714
"FS","FS_A","FS_Z",39,38,39,1000,0.852453182990056,0.00387987106879137,0.147546817009944,0.00387987106879137,0.00146931996461315,0.00102347132314255,0.00375239876397759,0.00391784185392117
"FS","FS_A","FS_Z",40,39,40,1000,0.853628129169999,0.00402430912601567,0.146371870830001,0.0040243091260157,0.00146634629588081,0.0010501530796567,0.00351432607086732,0.00394622984536708
"FS","FS_A","FS_Z",41,40,41,1000,0.857057381484133,0.00412109564774673,0.142942618515867,0.00412109564774669,0.00142350192492879,0.00106172716484872,0.00373341063695723,0.00427652776051277
"FS","FS_A","FS_Z",42,41,42,1000,0.857396927763331,0.00435041994630282,0.142603072236668,0.00435041994630282,0.00137258809432562,0.00104804757807468,0.00450561759260684,0.00462196940922842
"FS","FS_A","FS_Z",43,42,43,1000,0.859214849971836,0.00465774937220274,0.140785150028164,0.00465774937220273,0.00138864354825344,0.00110684972502544,0.00523646674942056,0.00530963418622099
"FS","FS_A","FS_Z",44,43,44,1000,0.862983920085757,0.00490948990642607,0.137016079914242,0.00490948990642601,0.00140655444376601,0.00112583283008036,0.0052132866222663,0.00549538571706928
"FS","FS_A","FS_Z",45,44,45,1000,0.867147704233922,0.00504149407143795,0.132852295766078,0.00504149407143795,0.00154165313749455,0.00123497247491873,0.00522313519012149,0.00554538566853683
"FS","FS_A","FS_Z",46,45,46,1000,0.87042867850533,0.00515644394441718,0.129571321494671,0.00515644394441719,0.00136330325397666,0.00116195034885515,0.00398274160474721,0.00504030662942418
"FS","FS_A","FS_Z",47,46,47,1000,0.875413471602837,0.0054200342542399,0.124586528397162,0.00542003425423985,0.00143425515580751,0.00120144307949351,0.0040337654054169,0.0055197642823331
"FS","FS_A","FS_Z",48,47,48,1000,0.878880984749923,0.00570195430108726,0.121119015250077,0.00570195430108728,0.00146999783839177,0.00135443163545913,0.00417447149753346,0.00578297278864413
"FS","FS_A","FS_Z",49,48,49,1000,0.880850631146419,0.00595198522833276,0.119149368853581,0.00595198522833276,0.00151639736842916,0.00140122307795855,0.00444867359883431,0.00623712038440108
"FS","FS_A","FS_Z",50,49,50,1000,0.881568376687051,0.00617505397860516,0.118431623312949,0.00617505397860514,0.00156179079712051,0.00133138292423802,0.0041626484542129,0.00633146804870706
"FS","FS_A","FS_Z",51,50,51,1000,0.881458713176866,0.00639440270250072,0.118541286823134,0.00639440270250072,0.00161172176610351,0.0014310345538628,0.00394549830105426,0.00609883949343568
"FS","FS_A","FS_Z",52,51,52,1000,0.882471562057534,0.00675510682574768,0.117528437942466,0.00675510682574769,0.00161410417153209,0.00144629774671189,0.00395643028212507,0.00645365948025481
"FS","FS_A","FS_Z",53,52,53,1000,0.88257888596557,0.00702567992257072,0.11742111403443,0.00702567992257068,0.00158670494916882,0.0014308566365753,0.00390916302591566,0.00616494995018816
"FS","FS_A","FS_Z",54,53,54,1000,0.887017323727605,0.00719181574041618,0.112982676272395,0.00719181574041621,0.00158078980948115,0.00148714603198085,0.00345561019065588,0.00633236048365126
"FS","FS_A","FS_Z",55,54,55,1000,0.888149704954256,0.00759537149777549,0.111850295045744,0.00759537149777548,0.00161032655631728,0.00155945951727651,0.00330987911590274,0.00629947576993393
"FS","FS_A","FS_Z",56,55,56,1000,0.88878137169737,0.00772246261008954,0.11121862830263,0.00772246261008954,0.0015992599747037,0.00157546592101767,0.00372978340876444,0.00702737660549442
"FS","FS_A","FS_Z",57,56,57,1000,0.889954282624579,0.00785646825021304,0.110045717375421,0.00785646825021301,0.00170109362508388,0.00161897901110524,0.00392142362349764,0.00713192515891075
"FS","FS_A","FS_Z",58,57,58,1000,0.891179543700875,0.00812889165660651,0.108820456299125,0.0081288916566065,0.00158980851279282,0.00163963242358864,0.00370608397609839,0.00728342430914782
"FS","FS_A","FS_Z",59,58,59,1000,0.894241408212227,0.00840103631882608,0.105758591787773,0.00840103631882607,0.00185656850050193,0.00177178048331811,0.00390449618392466,0.00755179598599165
"FS","FS_A","FS_Z",60,59,60,1000,0.898832629924163,0.00837778463690299,0.101167370075837,0.00837778463690299,0.00181886880459818,0.00175421371866862,0.0040856873662551,0.00822521150116469
"FS","FS_A","FS_Z",61,60,61,1000,0.901626426739053,0.00870474917035976,0.0983735732609469,0.00870474917035973,0.00205482629679548,0.00192780977424629,0.00442038145255823,0.00872204502292364
"FS","FS_A","FS_Z",62,61,62,1000,0.903726509591752,0.00915514928459879,0.0962734904082483,0.0091551492845988,0.00205198268721714,0.00200402900034446,0.0039448395839925,0.0086824773074482
"FS","FS_A","FS_Z",63,62,63,1000,0.905695999051128,0.00935953053510049,0.0943040009488725,0.00935953053510049,0.0021251370464193,0.00208236317235277,0.00548921755720944,0.0107928744351736
"FS","FS_A","FS_Z",64,63,64,1000,0.907320355842314,0.00963413356452164,0.092679644157686,0.00963413356452164,0.00219276811759779,0.00211627039582677,0.00509052245246051,0.010433216226446
"FS","FS_A","FS_Z",65,64,65,1000,0.908096590341023,0.0101255698125819,0.0919034096589774,0.0101255698125819,0.00215504949676264,0.00215475359025258,0.00523817504253103,0.0109264598302841
"FS","FS_A","FS_Z",66,65,66,1000,0.908816225102205,0.0104509128161615,0.091183774897795,0.0104509128161615,0.00231283117032203,0.0023287755437555,0.00540134111156762,0.0108723221037396
"FS","FS_A","FS_Z",67,66,67,1000,0.912086832675136,0.0104920432623117,0.0879131673248641,0.0104920432623117,0.00221261703789962,0.00228906028022796,0.00508940220875466,0.0111094934387989
"FS","FS_A","FS_Z",68,67,68,1000,0.912091831064061,0.0107057672764385,0.0879081689359394,0.0107057672764385,0.00203152490619368,0.00220198061079586,0.00508875967578185,0.0110223086145605
"FS","FS_A","FS_Z",69,68,69,1000,0.911424852259977,0.0107408818053181,0.0885751477400234,0.0107408818053181,0.00210982713834532,0.00235691950752573,0.00556691749475256,0.0124230883885856
"FS","FS_A","FS_Z",70,69,70,1000,0.912133472649189,0.0106468909050642,0.0878665273508107,0.0106468909050642,0.00199188448478968,0.00228667016115256,0.00482836864284171,0.011377047033396
"FS","FS_A","FS_Z",71,70,71,1000,0.912086253110073,0.0109823286248727,0.0879137468899272,0.0109823286248727,0.0021660022336035,0.00245326790258358,0.00455878915998512,0.0115670695833268
"FS","FS_A","FS_Z",72,71,72,1000,0.914067626199697,0.0111721687823951,0.0859323738003029,0.0111721687823951,0.00221195467451933,0.00246318148733201,0.00426250828436491,0.0115697200784315
"FS","FS_A","FS_Z",73,72,73,1000,0.915794754352486,0.0111529745857957,0.0842052456475136,0.0111529745857957,0.00223873746139146,0.00255294960279646,0.00432179920214514,0.0121571914829954
"FS","FS_A","FS_Z",74,73,74,1000,0.916854019096218,0.0113784698033675,0.0831459809037823,0.0113784698033675,0.00232533611328568,0.00255646923668854,0.00498790738846197,0.0127085822940609
"FS","FS_A","FS_Z",75,74,75,1000,0.918545632921888,0.0114271130413318,0.081454367078112,0.0114271130413319,0.00245821739248195,0.00279936871944909,0.00434315882780546,0.0121934693214232
"FS","FS_A","FS_Z",76,75,76,1000,0.918996502724633,0.011584134032677,0.0810034972753665,0.011584134032677,0.00229494641246913,0.00273058037815201,0.0048170013259101,0.0132047928724604
"FS","FS_A","FS_Z",77,76,77,1000,0.919460947082301,0.0113264966835199,0.0805390529176993,0.0113264966835199,0.00216524066590844,0.00257348528352897,0.0044305754075996,0.0127674343149434
"FS","FS_A","FS_Z",78,77,78,1000,0.919659841826328,0.0111404678735289,0.0803401581736716,0.0111404678735288,0.00203346280106786,0.00253688631637234,0.00444811190750141,0.01316105089381
"FS","FS_A","FS_Z",79,78,79,1000,0.922111783357354,0.0113539598725526,0.0778882166426459,0.0113539598725526,0.00199465304268213,0.0025462526747744,0.00389585716673063,0.0129729766078002
"FS","FS_A","FS_Z",80,79,80,1000,0.920207872997794,0.0114868080693102,0.0797921270022055,0.0114868080693102,0.00217597239552088,0.00282409859382665,0.00429387306471533,0.0133771740891516
"FS","FS_A","FS_Z",81,80,81,1000,0.919489520275221,0.0116909793195959,0.0805104797247787,0.0116909793195959,0.00213608270218719,0.0029385150283855,0.00374855236633931,0.0127898369105958
"FS","FS_A","FS_Z",82,81,82,1000,0.920844784955991,0.0121372985748921,0.0791552150440088,0.0121372985748921,0.00207824817794442,0.00290323321926738,0.00389551636024964,0.0132910315901363
"FS","FS_A","FS_Z",83,82,83,1000,0.924420077129838,0.0122310709923915,0.0755799228701616,0.0122310709923915,0.00198937156084281,0.00282456895509922,0.0038987330571306,0.0143846795939499
"FS","FS_A","FS_Z",84,83,84,1000,0.92564232494642,0.0123390485339578,0.0743576750535798,0.0123390485339578,0.00198992043985509,0.00290644734508614,0.00325484979268435,0.0127885400164628
"FS","FS_A","FS_Z",85,84,85,1000,0.933011346270395,0.0127532347050047,0.0669886537296052,0.0127532347050048,0.00228504765213369,0.0030338474793031,0.0056659790683644,0.0187327007528232
"FS","FS_A","FS_Z",86,85,86,1000,0.9345023825858,0.0131979312845989,0.0654976174142005,0.0131979312845989,0.00214782323890847,0.00314574949093325,0.00531715943587298,0.0190549944490284
"FS","FS_A","FS_Z",87,86,87,1000,0.934558931046714,0.013377827371767,0.0654410689532864,0.013377827371767,0.00202515358583639,0.00311977508272287,0.00481650373097,0.0183758671596721
"FS","FS_A","FS_Z",88,87,88,1000,0.934278875743508,0.0135341081227328,0.0657211242564923,0.0135341081227328,0.00207179576927081,0.00307315507153534,0.00369509999218662,0.0159798451464505
"FS","FS_A","FS_Z",89,88,89,1000,0.933929154234369,0.0136443993206322,0.0660708457656308,0.0136443993206322,0.00216222990614182,0.00322841693765343,0.00501593408214322,0.0201439050484309
"FS","FS_A","FS_Z",90,89,90,1000,0.933035934975884,0.0141328057293214,0.0669640650241163,0.0141328057293214,0.00226266525066785,0.00343328955663858,0.00561484022363792,0.0198037653507954
"FS","FS_A","FS_Z",91,90,91,1000,0.931575380969867,0.0145814976227082,0.0684246190301328,0.0145814976227082,0.00198658235046377,0.00342714742380691,0.00471532134312751,0.0203256200336813
"FS","FS_A","FS_Z",92,91,92,1000,0.930472157152454,0.0148687759416398,0.0695278428475457,0.01486877594164,0.00190722620274987,0.00328166345998162,0.00346127367785837,0.0168673359379118
"FS","FS_A","FS_Z",93,92,93,1000,0.927967415293767,0.0157043611360792,0.0720325847062334,0.0157043611360792,0.00210326918900006,0.00347678362164872,0.00482566257888907,0.0195804584651977
"FS","FS_A","FS_Z",94,93,94,1000,0.927074115199539,0.0162516059350322,0.072925884800461,0.0162516059350322,0.00197541277473035,0.00353439280003356,0.00282550458172347,0.0155687061680388
"FS","FS_A","FS_Z",95,94,95,1000,0.92473166523489,0.0169392992619128,0.0752683347651094,0.0169392992619129,0.00218312915924333,0.00402588358347541,0.00259240037243283,0.015082702012102
"FS","FS_A","FS_Z",96,95,96,1000,0.922126009823819,0.0178688903217604,0.0778739901761808,0.0178688903217604,0.00193166669059858,0.00379074224091692,0.00256683151978118,0.0155706073976627
"FS","FS_A","FS_Z",97,96,97,1000,0.927644159326236,0.0174351713130581,0.0723558406737637,0.0174351713130581,0.00220469553274468,0.00437007971256638,0.00313163428533145,0.0188270776328737
"FS","FS_A","FS_Z",98,97,98,1000,0.927587163904142,0.0178463401295975,0.0724128360958578,0.0178463401295974,0.00226151410173388,0.00424840394541634,0.00283259208087885,0.0177363591879248
"FS","FS_A","FS_Z",99,98,99,1000,0.926260986382225,0.0184238386039,0.0737390136177747,0.0184238386039,0.00224725423487039,0.00440079838922369,0.00362207269773291,0.0204252373574165
"FS","FS_A","FS_Z",100,99,100,1000,0.924596349298641,0.0193528106992256,0.0754036507013594,0.0193528106992256,0.00210471420422697,0.00430273118892759,0.00292095691310427,0.0189818245150732
"FS","FS_A","FS_Z",101,100,101,1000,0.924642343975432,0.02004521914733,0.0753576560245677,0.02004521914733,0.00204271616755621,0.00437845068581064,0.00257790890512071,0.0175140125310636
"FS","FS_A","FS_Z",102,101,102,1000,0.926089314715929,0.0205034643570277,0.0739106852840711,0.0205034643570278,0.00216504709826387,0.00447920165408146,0.00291946856077783,0.0221869971001409
"FS","FS_A","FS_Z",103,102,103,1000,0.932767886515869,0.0207346885691346,0.0672321134841309,0.0207346885691346,0.00209829388970916,0.00445085649439206,0.00282667378098391,0.0204385769807695
"FS","FS_A","FS_Z",104,103,104,1000,0.931460963784309,0.0218120244744659,0.0685390362156913,0.0218120244744659,0.00256917072306228,0.00504723333130315,0.0030003430496856,0.0223871961498388
"FS","FS_A","FS_Z",105,104,105,1000,0.931653082584985,0.0226063270879811,0.0683469174150154,0.0226063270879811,0.00228471382025062,0.00492242385949873,0.00292572554651518,0.0216531869405287
"FS","FS_A","FS_Z",106,105,106,1000,0.935964575413756,0.021664992762694,0.0640354245862442,0.021664992762694,0.00267769614622379,0.00550306729822335,0.00194002902142303,0.018142377245914
"FS","FS_A","FS_Z",107,106,107,1000,0.938591571706911,0.0208571377221108,0.0614084282930897,0.0208571377221108,0.00271314693662876,0.00577222419559789,0.00243126042677787,0.0205869642487648
"FS","FS_A","FS_Z",108,107,108,1000,0.93829641690144,0.0212480560757502,0.0617035830985601,0.0212480560757502,0.00246317373156481,0.00543684035948117,0.00214592276061713,0.0199029195543533
"FS","FS_A","FS_Z",109,108,109,1000,0.937192354204482,0.0219013737377929,0.0628076457955178,0.0219013737377929,0.00245978085832211,0.00592916221984617,0.00162168995041831,0.0168423849761563
"FS","FS_A","FS_Z",110,109,110,1000,0.935746926467123,0.0228372679221748,0.0642530735328773,0.0228372679221748,0.00274457493416465,0.00629379576263322,0.00192993068210096,0.0189131955791568
"FS","FS_A","FS_Z",111,110,111,1000,0.934368344036174,0.0234029790073114,0.0656316559638266,0.0234029790073115,0.00273013970985357,0.00666444268685703,0.00237529914179752,0.0236454095699088
"FS","FS_A","FS_Z",112,111,112,1000,0.934612292800646,0.0239562160234683,0.065387707199354,0.0239562160234683,0.00274268896055727,0.00655438167264033,0.0025370811891867,0.0258723867364941
"FS","FS_A","FS_Z",113,112,113,1000,0.933799541382491,0.0245186984158033,0.0662004586175094,0.0245186984158034,0.00246934785677249,0.00666225657102297,0.00260156142171374,0.0240618951370475
"FS","FS_A","FS_Z",114,113,114,1000,0.930524032886395,0.0257112996054173,0.0694759671136047,0.0257112996054173,0.00222206616555517,0.00652141045193001,0.00369389348041541,0.0398539409440598
"FS","FS_A","FS_Z",115,114,115,1000,0.930780948616833,0.0260679907428733,0.0692190513831673,0.0260679907428733,0.00202716587064915,0.00615960065757102,0.00292450522657376,0.0278167070400666
"FS","FS_A","FS_Z",116,115,116,1000,0.936988950635298,0.0265540589758676,0.0630110493647024,0.0265540589758677,0.00250306402685018,0.00683616778748593,0.00173806558657538,0.0251668047164934
"FS","FS_A","FS_Z",117,116,117,1000,0.942999643594106,0.0278318683895547,0.0570003564058941,0.0278318683895547,0.00227493371916565,0.00685395641681349,0.0012623744886797,0.0197714056086708
"FS","FS_A","FS_Z",118,117,118,1000,0.936978020588699,0.0317560602683833,0.0630219794113015,0.0317560602683833,0.0023795590794441,0.00743639966069032,0.00220928323734015,0.0292118613341
"FS","FS_A","FS_Z",119,118,119,1000,0.933570322611227,0.0343283559069067,0.0664296773887731,0.0343283559069068,0.00243084348256216,0.00803319398522884,0.00127949931477094,0.031242874543551
"FS","FS_A","FS_Z",120,119,120,1000,0.929551420455244,0.0373240299624023,0.0704485795447558,0.0373240299624023,0.00302967445139259,0.00929991752863387,0.00282171823682269,0.0457852593202816
"FS","FS_A","FS_Z",121,120,121,1000,0.927259590535124,0.039818270969585,0.0727404094648759,0.0398182709695851,0.00255818028056951,0.00875005596083398,0.00220697761058639,0.0296367669333968
"FS","FS_A","FS_Z",122,121,122,1000,0.921623373089845,0.0444111087597302,0.0783766269101552,0.0444111087597302,0.003250225637184,0.0109540464444858,0.00205095314878267,0.0316424838641039
"FS","FS_A","FS_Z",123,122,123,1000,0.927618943320521,0.0462364010128853,0.0723810566794792,0.0462364010128852,0.00444301664044741,0.0131528861623197,0.00277328356738285,0.0350439625746293
"FS","FS_A","FS_Z",124,123,124,1000,0.944255979690108,0.0471171982872903,0.0557440203098923,0.0471171982872902,0.00636712227682208,0.0165198058055716,0.000535164323516116,0.00977379289845352
"FS","FS_A","FS_Z",125,124,125,1000,0.947592745271459,0.0495596747429781,0.0524072547285415,0.0495596747429781,0.0070828775329138,0.0181450046557478,0.00206458276648167,0.0320275442662711
"FS","FS_A","FS_Z",126,125,126,1000,0.950845999099684,0.052422517906873,0.0491540009003154,0.052422517906873,0.00492987774768995,0.0155627281887056,0.000601387608705281,0.0143716267949342
"FS","FS_A","FS_Z",127,126,127,1000,0.954239296762068,0.0478603571664657,0.0457607032379316,0.0478603571664657,0.00503521365305137,0.0166118444245918,0.0343748000289621,0.987012046866797
"FS","FS_A","FS_Z",128,127,128,1000,0.955841935352208,0.0512813084844329,0.0441580646477916,0.0512813084844329,0.0059720433357564,0.0187762455174045,0.00165596704748788,0.0237844914141363
"FS","FS_A","FS_Z",129,128,129,1000,0.956761007150918,0.0563721289752303,0.0432389928490821,0.0563721289752303,0.00553874538872236,0.0186857885275645,0.00165489985389023,0.0213321649392598
"FS","FS_A","FS_Z",130,129,130,1000,0.955013867642898,0.066700458972912,0.0449861323571017,0.066700458972912,0.00812466112661735,0.0251561791045663,0.002265511769564,0.0279596057354352
"FS","FS_A","FS_Z",131,130,131,1000,0.959585193095588,0.0660145359327791,0.0404148069044116,0.0660145359327791,0.00614037494604409,0.0229468649935662,0.00059647519961295,0.0133369309275674
"FS","FS_A","FS_Z",132,131,132,1000,0.963229230335549,0.067922860988845,0.0367707696644506,0.0679228609888449,0.0102907478904932,0.0326736902627475,0.0195706111003365,0.566631145318894
"FS","FS_A","FS_Z",133,132,133,1000,0.970096282418655,0.0658398882825651,0.0299037175813453,0.0658398882825651,0.00993160737174051,0.0342024701786036,0.00119219042425894,0.021962630281073
"FS","FS_A","FS_Z",134,133,134,1000,0.977832342710386,0.0619398177145457,0.0221676572896139,0.0619398177145457,0.0124899100677373,0.0416316171304717,0.000915435344736128,0.0205547557440285
"FS","FS_A","FS_Z",135,134,135,1000,0.987772211643021,0.0528193417545551,0.0122277883569787,0.0528193417545551,0.00886457643372806,0.0392418421896847,0.0041139613990332,0.119616197383623
"FS","FS_A","FS_Z",136,135,136,1000,0.995095284500444,0.0379717685807716,0.00490471549955552,0.0379717685807716,0.0068421842914309,0.0403962312443035,0.000989590875047739,0.0221170833789154
"FS","FS_A","FS_Z",137,136,137,1000,0.998,0.0394094996697468,0.002,0.0394094996697468,0,0,0,0
"FS","FS_A","FS_Z",138,137,138,1000,0.998035791362868,0.0435489200327087,0.0019642086371319,0.0435489200327087,0.000377396267880998,0.01193431786951,0.000391648721867705,0.0123850200379574
"FS","FS_A","FS_Z",139,138,139,1000,0.998,0.0446989708829856,0.002,0.0446989708829856,0,0,0,0
"PF","PF_C","PF_S",1,0,1,1000,0.584489447716678,0.000156231393234679,0.415510552283391,0.000156231393234679,0.00501047003992493,0.000278276912327188,0.00966293089796209,0.000427891249999761
"PF","PF_C","PF_S",2,1,2,1000,0.611834315034373,0.00028105160899304,0.388165684965623,0.000281051608993035,0.00284606348614672,0.000304780811732597,0.00534350064432926,0.000519640453295922
"PF","PF_C","PF_S",3,2,3,1000,0.63024728658851,0.000365697332925374,0.369752713411492,0.000365697332925461,0.00223807584493922,0.000295554183996388,0.00451437301307675,0.000576860172369605
"PF","PF_C","PF_S",4,3,4,1000,0.639121088255131,0.00044736007583543,0.360878911744865,0.000447360075835463,0.00197698613318612,0.000327626248302559,0.00433346200128029,0.00064011394916942
"PF","PF_C","PF_S",5,4,5,1000,0.646034756985607,0.000531026787116475,0.35396524301439,0.000531026787116447,0.00181801298916713,0.000338916037746336,0.00421064673731657,0.000708422482776525
"PF","PF_C","PF_S",6,5,6,1000,0.653088303809415,0.000609395517533842,0.346911696190587,0.000609395517533779,0.00172756513603562,0.000355841398063853,0.00403289711673039,0.000725641274669688
"PF","PF_C","PF_S",7,6,7,1000,0.662527488605793,0.00069755293471705,0.337472511394206,0.000697552934717078,0.00173097375014662,0.000389655699696722,0.00402459591492571,0.000840187668664249
"PF","PF_C","PF_S",8,7,8,1000,0.668183121743661,0.000786447185309869,0.331816878256336,0.000786447185309861,0.00179138960043007,0.000425651734484659,0.00393922272207022,0.000867925993671882
"PF","PF_C","PF_S",9,8,9,1000,0.670983716361319,0.000874387428040331,0.329016283638682,0.000874387428040326,0.00176720815688358,0.000454913336223748,0.00358612256052533,0.000902560858330459
"PF","PF_C","PF_S",10,9,10,1000,0.673361943087774,0.000973202005181066,0.326638056912225,0.000973202005181029,0.00178368099872003,0.000483975545063008,0.00336288479518632,0.000994278249346886
"PF","PF_C","PF_S",11,10,11,1000,0.673333994039064,0.00110813285818721,0.326666005960934,0.00110813285818723,0.00171760256129888,0.000520266385234863,0.00358447266096643,0.00104158452056867
"PF","PF_C","PF_S",12,11,12,1000,0.673728214044733,0.00124183733296945,0.326271785955266,0.00124183733296943,0.00175777660885066,0.000549528036594639,0.00317903390784826,0.00105983534293474
"PF","PF_C","PF_S",13,12,13,1000,0.678617947041835,0.00133932631676184,0.321382052958165,0.00133932631676183,0.0018451049915169,0.00054796187911474,0.003242710112277,0.00109688803017378
"PF","PF_C","PF_S",14,13,14,1000,0.678829236426086,0.0014363722564257,0.321170763573913,0.00143637225642576,0.00172747285951021,0.000608866185469234,0.00311923112385181,0.00119325863347635
"PF","PF_C","PF_S",15,14,15,1000,0.680076182906546,0.00154383397702994,0.319923817093453,0.00154383397702995,0.00171211304745638,0.000601022411985328,0.00311667431637326,0.00121302172387417
"PF","PF_C","PF_S",16,15,16,1000,0.680845002852618,0.00170029567220544,0.319154997147381,0.00170029567220543,0.00150204185259698,0.000603134148506558,0.00333459280305542,0.00132263228413765
"PF","PF_C","PF_S",17,16,17,1000,0.683929484788674,0.00178942436199636,0.316070515211326,0.00178942436199638,0.00152016467024438,0.000629986115656801,0.00336430664291779,0.00135017142055017
"PF","PF_C","PF_S",18,17,18,1000,0.686992760108433,0.00186604313143592,0.313007239891568,0.00186604313143593,0.00155362706739128,0.000648167865826001,0.00294737924386897,0.00139560358431697
"PF","PF_C","PF_S",19,18,19,1000,0.691429041924459,0.00196586877950436,0.308570958075541,0.00196586877950435,0.00167893991711076,0.000692464278461807,0.00343106749880475,0.00148810653612364
"PF","PF_C","PF_S",20,19,20,1000,0.697130505560151,0.00203855017374218,0.30286949443985,0.00203855017374217,0.00155760741345297,0.00070132965401176,0.00352747646497103,0.00168647710378521
"PF","PF_C","PF_S",21,20,21,1000,0.705755399867478,0.00213420480834385,0.294244600132522,0.00213420480834385,0.0014604266772611,0.00068725331023562,0.00341645093517198,0.00169741488503272
"PF","PF_C","PF_S",22,21,22,1000,0.711461505788267,0.00221050991402165,0.288538494211734,0.00221050991402162,0.00149268715959599,0.000746071881020738,0.00340026390759583,0.00167068731805667
"PF","PF_C","PF_S",23,22,23,1000,0.718413272030783,0.00231983933127594,0.281586727969218,0.00231983933127609,0.00168666373148207,0.000832946229575133,0.00342243105524234,0.00182141664593581
"PF","PF_C","PF_S",24,23,24,1000,0.724200381704515,0.00241329464376691,0.275799618295485,0.0024132946437669,0.001695357709255,0.000829070138135276,0.00331384343522388,0.00197613078930765
"PF","PF_C","PF_S",25,24,25,1000,0.730464212019337,0.00253865980056326,0.269535787980664,0.00253865980056327,0.00193980186289196,0.000837631670955917,0.00350886804445408,0.00207329626062243
"PF","PF_C","PF_S",26,25,26,1000,0.738492274490322,0.00272868283451713,0.261507725509678,0.00272868283451712,0.00151397808326414,0.000884793345644008,0.00362133068030352,0.00213698949716898
"PF","PF_C","PF_S",27,26,27,1000,0.74635208190861,0.00293519526857394,0.253647918091389,0.00293519526857393,0.00136627737383544,0.000848407534260934,0.00376670519946561,0.00242727478959154
"PF","PF_C","PF_S",28,27,28,1000,0.753053235925251,0.00314627263268766,0.246946764074749,0.00314627263268767,0.00142916682537189,0.000877577367373954,0.00376383474870015,0.00244882060272786
"PF","PF_C","PF_S",29,28,29,1000,0.757975218229622,0.00329740009204269,0.242024781770378,0.00329740009204271,0.00139775560867404,0.000913675802104964,0.00358636561390108,0.00268352262859633
"PF","PF_C","PF_S",30,29,30,1000,0.763628055481248,0.00334889997727927,0.236371944518752,0.0033488999772793,0.00128138454653787,0.000860353527482392,0.00364677546202957,0.00278768249929181
"PF","PF_C","PF_S",31,30,31,1000,0.772409228618982,0.00348754502240344,0.227590771381019,0.00348754502240341,0.00118758852130092,0.000865495363761185,0.00395243798585666,0.00292884645077177
"PF","PF_C","PF_S",32,31,32,1000,0.778614070018448,0.00368312772324296,0.221385929981553,0.00368312772324299,0.00130245195264985,0.000912969820719114,0.00396649743308978,0.00320316880333723
"PF","PF_C","PF_S",33,32,33,1000,0.783440904224764,0.00390312564458377,0.216559095775236,0.00390312564458378,0.00125809469284458,0.00098277212582921,0.00380829681659084,0.00304319108789392
"PF","PF_C","PF_S",34,33,34,1000,0.788510514406298,0.00408288755290696,0.211489485593702,0.00408288755290698,0.00134575901138703,0.000963739306404444,0.00393087596732561,0.00328292361727768
"PF","PF_C","PF_S",35,34,35,1000,0.794741190861738,0.00427077428754005,0.205258809138262,0.00427077428754005,0.00152493176620944,0.00105642162172948,0.00401659153367506,0.0036290320734454
"PF","PF_C","PF_S",36,35,36,1000,0.798545462968045,0.00448748599939389,0.201454537031955,0.00448748599939391,0.00185049040797543,0.00108481174240986,0.00400573629890967,0.003626050799347
"PF","PF_C","PF_S",37,36,37,1000,0.79958462088623,0.0047341862131607,0.20041537911377,0.00473418621316064,0.00132576650422408,0.00104755550870805,0.00405851885003063,0.00351492922252803
"PF","PF_C","PF_S",38,37,38,1000,0.802647481784698,0.00490350070909183,0.197352518215303,0.00490350070909181,0.00157575970121172,0.00124054324876269,0.0039748778896783,0.00379829806837286
"PF","PF_C","PF_S",39,38,39,1000,0.805474958076048,0.00509814307982913,0.194525041923953,0.00509814307982914,0.00164031827613136,0.00122118543857032,0.0040429749271797,0.00391334487045869
"PF","PF_C","PF_S",40,39,40,1000,0.807320302684009,0.0053678462586662,0.192679697315992,0.00536784625866618,0.00167166130312405,0.00126628272430158,0.00421423407709535,0.00406808620534232
"PF","PF_C","PF_S",41,40,41,1000,0.808981955619143,0.00541696768000272,0.191018044380858,0.00541696768000273,0.00169377289181937,0.00126024744600834,0.00443199462579021,0.00443697928579714
"PF","PF_C","PF_S",42,41,42,1000,0.810334155314724,0.00571077833509479,0.189665844685276,0.00571077833509478,0.00199311147751387,0.00139193363930894,0.00435530281443877,0.00447503650918709
"PF","PF_C","PF_S",43,42,43,1000,0.812954125617294,0.00596015255279528,0.187045874382706,0.00596015255279527,0.00200008523158555,0.00148106275785059,0.00424784648307966,0.00456059021663177
"PF","PF_C","PF_S",44,43,44,1000,0.812571912063894,0.00622587557066671,0.187428087936106,0.00622587557066671,0.00148890871857836,0.00134337286424963,0.00455183528926785,0.00514252066471378
"PF","PF_C","PF_S",45,44,45,1000,0.806710499568626,0.00658146264762472,0.193289500431374,0.00658146264762471,0.00150336621169231,0.0013926219988992,0.00402051263578755,0.00474520133276876
"PF","PF_C","PF_S",46,45,46,1000,0.80884887790137,0.00670965899348767,0.19115112209863,0.00670965899348768,0.00153772236383012,0.00148012574676013,0.00442813866934011,0.00504309828275084
"PF","PF_C","PF_S",47,46,47,1000,0.809596976303242,0.00693176405634731,0.190403023696758,0.00693176405634732,0.00143927500046336,0.00149115490983902,0.00422336843785608,0.00516698464719762
"PF","PF_C","PF_S",48,47,48,1000,0.808161493372374,0.00740757424098188,0.191838506627626,0.00740757424098188,0.00148738459158956,0.00153706716606337,0.00435087889577608,0.00555122388371336
"PF","PF_C","PF_S",49,48,49,1000,0.812063040048287,0.00784429672837665,0.187936959951713,0.00784429672837665,0.00158363967663583,0.00163505543062933,0.00490251509954073,0.00603528647184207
"PF","PF_C","PF_S",50,49,50,1000,0.814212270760937,0.00823894526682399,0.185787729239063,0.00823894526682397,0.00153800852952882,0.00162844339448857,0.00504304888978786,0.00652195836810211
"PF","PF_C","PF_S",51,50,51,1000,0.814079568979643,0.00859398123623397,0.185920431020357,0.00859398123623398,0.00148880084767846,0.00161639101015008,0.00493009426745527,0.00608183434708407
"PF","PF_C","PF_S",52,51,52,1000,0.812552868036195,0.00891297767019002,0.187447131963806,0.00891297767019002,0.00154839536192909,0.0017984774753602,0.00479790916625796,0.0060641475992467
"PF","PF_C","PF_S",53,52,53,1000,0.812130106652172,0.00940046733970365,0.187869893347829,0.00940046733970365,0.00174235801604745,0.00190801136946398,0.00475875634250912,0.00674161789933052
"PF","PF_C","PF_S",54,53,54,1000,0.814704707623813,0.0098244249706949,0.185295292376187,0.0098244249706949,0.00180308913133865,0.00197531058630012,0.00453336451921975,0.00690317808492387
"PF","PF_C","PF_S",55,54,55,1000,0.813247630826649,0.0100048026679733,0.186752369173352,0.0100048026679732,0.00161948424515277,0.00188052117198111,0.00426585350937805,0.00661318880930588
"PF","PF_C","PF_S",56,55,56,1000,0.812539052554452,0.0102544447695316,0.187460947445548,0.0102544447695316,0.00180099749439631,0.002090175036308,0.00457938227343964,0.00710795823093101
"PF","PF_C","PF_S",57,56,57,1000,0.814771906561875,0.0104068631947466,0.185228093438125,0.0104068631947466,0.00200612165737741,0.00222157294806706,0.00424670407478415,0.00654630807249505
"PF","PF_C","PF_S",58,57,58,1000,0.815051868362313,0.0108185147124729,0.184948131637687,0.010818514712473,0.00202385161978642,0.00231191634097913,0.00446227590572909,0.00745016733451101
"PF","PF_C","PF_S",59,58,59,1000,0.815953518372521,0.0110934198170041,0.184046481627479,0.0110934198170042,0.0020382824118514,0.00232877613972089,0.0045060487159617,0.00749824174517166
"PF","PF_C","PF_S",60,59,60,1000,0.817219752608624,0.0109904318534462,0.182780247391376,0.0109904318534462,0.00226297464334351,0.00256013798006311,0.00449426184200275,0.00735707638558641
"PF","PF_C","PF_S",61,60,61,1000,0.815756319060079,0.0115232428096596,0.184243680939922,0.0115232428096596,0.00216125938603289,0.00258052727930066,0.00553365411945431,0.00822219560133489
"PF","PF_C","PF_S",62,61,62,1000,0.81769550014022,0.0120548235253834,0.18230449985978,0.0120548235253834,0.00220984686295533,0.00259848278934773,0.00690393983913277,0.00976445448180654
"PF","PF_C","PF_S",63,62,63,1000,0.818475621481911,0.0123562593787031,0.18152437851809,0.012356259378703,0.00212190342089664,0.00251851040067756,0.0067672974354077,0.00959427014198997
"PF","PF_C","PF_S",64,63,64,1000,0.81321544778707,0.0126781381861713,0.18678455221293,0.0126781381861713,0.00213700839036098,0.00271839131269603,0.00520012812951469,0.00861058238737188
"PF","PF_C","PF_S",65,64,65,1000,0.809067320846798,0.013017004764459,0.190932679153202,0.013017004764459,0.00214230004159823,0.00268410757753224,0.00466421500779976,0.00824115638821375
"PF","PF_C","PF_S",66,65,66,1000,0.807983746289961,0.0133245869453548,0.192016253710039,0.0133245869453548,0.00220974177195706,0.00273864946603656,0.00488225168625074,0.00863229923566247
"PF","PF_C","PF_S",67,66,67,1000,0.80837932119026,0.0138219603763177,0.191620678809739,0.0138219603763177,0.00219883136725057,0.00279467060085706,0.0047195259621464,0.00831659610944132
"PF","PF_C","PF_S",68,67,68,1000,0.809298899643313,0.0138883902023066,0.190701100356687,0.0138883902023066,0.00226387599246687,0.00289106415712805,0.0049861785738539,0.00892270432737507
"PF","PF_C","PF_S",69,68,69,1000,0.814072213665132,0.0141738888191308,0.185927786334868,0.0141738888191309,0.00304814452086438,0.00326250380794499,0.00508081692514562,0.00943316613842469
"PF","PF_C","PF_S",70,69,70,1000,0.812339221502824,0.0146330956427692,0.187660778497176,0.0146330956427692,0.00304543392457283,0.00348824197976297,0.00523491837076379,0.00900223525917152
"PF","PF_C","PF_S",71,70,71,1000,0.809503646857062,0.0149945290711094,0.190496353142938,0.0149945290711094,0.00259615817669978,0.0033110571255746,0.00533288044886806,0.00923374586973079
"PF","PF_C","PF_S",72,71,72,1000,0.810531396950968,0.0153574091257225,0.189468603049032,0.0153574091257224,0.00305706619634306,0.00348049750108378,0.00547382166788621,0.00998400995478
"PF","PF_C","PF_S",73,72,73,1000,0.818144936329562,0.0155741935862172,0.181855063670438,0.0155741935862172,0.00300530989243077,0.00358765609281798,0.00451739327584646,0.00940810893432901
"PF","PF_C","PF_S",74,73,74,1000,0.817497000161642,0.0159901091808824,0.182502999838358,0.0159901091808824,0.00308656198419504,0.00359875295961513,0.00507976952732587,0.0100031133898119
"PF","PF_C","PF_S",75,74,75,1000,0.817239671017962,0.016253953053634,0.182760328982038,0.016253953053634,0.00306117172719066,0.0039444398781101,0.0053043048244871,0.0107876395871288
"PF","PF_C","PF_S",76,75,76,1000,0.81855596125529,0.0161690574630674,0.18144403874471,0.0161690574630674,0.00278651115758129,0.00360958629930345,0.00491317211569288,0.00998505408959951
"PF","PF_C","PF_S",77,76,77,1000,0.827928221497383,0.0165310476965059,0.172071778502617,0.0165310476965059,0.00292951417541442,0.00368107620009373,0.005712092414302,0.0117128973917709
"PF","PF_C","PF_S",78,77,78,1000,0.834731614691265,0.0170124490918276,0.165268385308734,0.0170124490918277,0.00263823700669117,0.00365789664007385,0.00530043989525046,0.0116992159352483
"PF","PF_C","PF_S",79,78,79,1000,0.835233989190339,0.0174488776526745,0.164766010809661,0.0174488776526745,0.00279192985282867,0.00368249331332623,0.00488639739016139,0.0112023120114289
"PF","PF_C","PF_S",80,79,80,1000,0.837740509118428,0.0173897210981191,0.162259490881571,0.0173897210981191,0.0025460888593342,0.00364559398428707,0.00476261453687583,0.0112907057397233
"PF","PF_C","PF_S",81,80,81,1000,0.839485752666555,0.0172533186945177,0.160514247333445,0.0172533186945177,0.00248462069911069,0.003700510456332,0.0050757216701636,0.012316753853596
"PF","PF_C","PF_S",82,81,82,1000,0.840936658853134,0.0171629981047071,0.159063341146866,0.017162998104707,0.00196130656457113,0.00328552845821302,0.00434950394519731,0.01105797264365
"PF","PF_C","PF_S",83,82,83,1000,0.840151319339309,0.0174520400382955,0.159848680660691,0.0174520400382955,0.00209556482782539,0.0032330704477572,0.00397402259714367,0.0109026661560512
"PF","PF_C","PF_S",84,83,84,1000,0.841247141066602,0.0177595136001886,0.158752858933398,0.0177595136001886,0.00191267708323657,0.00342101716435196,0.00505458558946152,0.0123167644058145
"PF","PF_C","PF_S",85,84,85,1000,0.835698959777051,0.0181489526812515,0.164301040222949,0.0181489526812516,0.00178255187411839,0.00334456451213562,0.00420832731891355,0.012169144924983
"PF","PF_C","PF_S",86,85,86,1000,0.830537716887711,0.0181343221128031,0.169462283112289,0.0181343221128032,0.00204651857867413,0.00370301921636463,0.00505090395010787,0.0129405244544116
"PF","PF_C","PF_S",87,86,87,1000,0.838010648551085,0.0182049711463317,0.161989351448915,0.0182049711463317,0.00221298913072329,0.00383990669685978,0.00494462243232158,0.0131118097105263
"PF","PF_C","PF_S",88,87,88,1000,0.846639278020097,0.018074306474803,0.153360721979903,0.018074306474803,0.00197369834410176,0.00353858601399629,0.00446403710306723,0.012742764473958
"PF","PF_C","PF_S",89,88,89,1000,0.849208654412991,0.0174454478596728,0.150791345587009,0.0174454478596728,0.00223119776203712,0.00409398982275564,0.00865309690529877,0.0185755895283201
"PF","PF_C","PF_S",90,89,90,1000,0.85053706380979,0.0170092896258823,0.14946293619021,0.0170092896258824,0.00223113798790564,0.00390809269918958,0.00744370860024338,0.0169803557505287
"PF","PF_C","PF_S",91,90,91,1000,0.853627519592209,0.0168184652083816,0.146372480407791,0.0168184652083816,0.00217877138338217,0.00417376745629379,0.00865030486527863,0.0199455964433951
"PF","PF_C","PF_S",92,91,92,1000,0.851718428503028,0.0167627776917699,0.148281571496972,0.0167627776917699,0.00208040486183785,0.00398234387409694,0.00852580482433266,0.0196843033393645
"PF","PF_C","PF_S",93,92,93,1000,0.855314614651366,0.0174811338520007,0.144685385348634,0.0174811338520007,0.00198986361953928,0.0040253819246846,0.00796100138813765,0.0197196348678169
"PF","PF_C","PF_S",94,93,94,1000,0.86350839697287,0.0183277027019152,0.13649160302713,0.0183277027019152,0.00206579641272462,0.00416204630185157,0.00350565916358758,0.0139707313712173
"PF","PF_C","PF_S",95,94,95,1000,0.870454906192808,0.0197254437095466,0.129545093807192,0.0197254437095465,0.0019023397824082,0.00434092119392191,0.00359157555689901,0.015621251023146
"PF","PF_C","PF_S",96,95,96,1000,0.885480259818378,0.0197490495764912,0.114519740181622,0.0197490495764914,0.00227861013404971,0.00479142952627134,0.00333161411365301,0.0170411703004204
"PF","PF_C","PF_S",97,96,97,1000,0.886118224946363,0.0198678277976129,0.113881775053636,0.0198678277976129,0.00250075390557405,0.00521529409138944,0.00299642135618411,0.0152673027194766
"PF","PF_C","PF_S",98,97,98,1000,0.883259022929806,0.0203623913011748,0.116740977070194,0.0203623913011748,0.00221424397580474,0.0051886870955771,0.00312672352572212,0.0165389127842537
"PF","PF_C","PF_S",99,98,99,1000,0.877891461941053,0.0210600771017403,0.122108538058946,0.0210600771017404,0.00213464688363454,0.0049900587545788,0.00307193165418081,0.016123236417186
"PF","PF_C","PF_S",100,99,100,1000,0.875370053822215,0.0221284824213511,0.124629946177785,0.0221284824213511,0.00242641300223996,0.00539811059052963,0.00346505099097548,0.0175924293124386
"PF","PF_C","PF_S",101,100,101,1000,0.882000155628246,0.0227063019081722,0.117999844371755,0.022706301908172,0.00218449050214647,0.00524775559118083,0.00522709002709317,0.0220542523278213
"PF","PF_C","PF_S",102,101,102,1000,0.885617585825392,0.0233442903630967,0.114382414174608,0.0233442903630969,0.00228829866222864,0.00544880202298013,0.00343962951164799,0.018404662910753
"PF","PF_C","PF_S",103,102,103,1000,0.901476137759633,0.02396075306383,0.0985238622403668,0.02396075306383,0.00215815680663018,0.00531439432890454,0.00332407933710882,0.0193214797522989
"PF","PF_C","PF_S",104,103,104,1000,0.91823801929111,0.0238363487891336,0.0817619807088902,0.0238363487891336,0.00268453425217914,0.00600760713927444,0.00451305180628827,0.0271457610869759
"PF","PF_C","PF_S",105,104,105,1000,0.9234865456885,0.02445044994099,0.0765134543115,0.0244504499409901,0.00252712515432271,0.00586784978829942,0.00357072460170728,0.0245190913593001
"PF","PF_C","PF_S",106,105,106,1000,0.919810091734391,0.025178928250647,0.0801899082656088,0.025178928250647,0.00201350195570671,0.00561362714745575,0.004829565836642,0.0292605770968964
"PF","PF_C","PF_S",107,106,107,1000,0.923696936307333,0.0250361224411084,0.0763030636926674,0.0250361224411085,0.00211064995971086,0.00593049350207658,0.00494509085449261,0.0326683203320597
"PF","PF_C","PF_S",108,107,108,1000,0.933436426799492,0.0262710214591763,0.0665635732005081,0.0262710214591763,0.00209572728381394,0.00591847661139022,0.0033830082026073,0.0290179889609414
"PF","PF_C","PF_S",109,108,109,1000,0.931505132448475,0.0274475865182365,0.0684948675515255,0.0274475865182365,0.0021144250725492,0.00648439109511425,0.00703187757241906,0.0419731455788547
"PF","PF_C","PF_S",110,109,110,1000,0.929142452527731,0.0281973687968533,0.0708575474722694,0.0281973687968532,0.00214667898916874,0.00651157387048021,0.00472402097024204,0.037160797625341
"PF","PF_C","PF_S",111,110,111,1000,0.929977849086028,0.0269530677832735,0.0700221509139716,0.0269530677832735,0.00191162959441754,0.0066563112101059,0.00321656618052029,0.0286279588479328
"PF","PF_C","PF_S",112,111,112,1000,0.932950677857716,0.0256065488462094,0.067049322142284,0.0256065488462095,0.00254198914934929,0.00751410713876488,0.00497509928194338,0.0399280739494798
"PF","PF_C","PF_S",113,112,113,1000,0.946003112479727,0.0264691995514585,0.0539968875202726,0.0264691995514585,0.0074281882072396,0.011842110717968,0.00425797466173241,0.0408668428856235
"PF","PF_C","PF_S",114,113,114,1000,0.958796700072882,0.0298992157119684,0.0412032999271182,0.0298992157119684,0.0106412153914584,0.0139870123558124,0.00750540544174291,0.0642149369759641
"PF","PF_C","PF_S",115,114,115,1000,0.969390796161955,0.028053955740257,0.030609203838045,0.028053955740257,0.0075456172467498,0.0127172257674115,0.178385977129228,5.39113854252296
"PF","PF_C","PF_S",116,115,116,1000,0.974715715240696,0.0261363293416146,0.0252842847593045,0.0261363293416146,0.0032704909069101,0.00911151915043069,0.00426718245425616,0.0678404493508016
"PF","PF_C","PF_S",117,116,117,1000,0.976954038201798,0.0259187547677857,0.0230459617982019,0.0259187547677857,0.00330834390954804,0.00909606206407277,0.060012136823117,1.24847091505671
"PF","PF_C","PF_S",118,117,118,1000,0.978170695289352,0.0267055490607223,0.0218293047106478,0.0267055490607224,0.00345585392828861,0.0101161826747543,0.00619178949368841,0.0818362641439531
"PF","PF_C","PF_S",119,118,119,1000,0.980330052983573,0.0269248354767106,0.0196699470164266,0.0269248354767106,0.00346119747612766,0.010609866311356,0.00509475197120582,0.069651403448554
"PF","PF_C","PF_S",120,119,120,1000,0.983338694110658,0.0253378957982468,0.0166613058893424,0.0253378957982468,0.00362815661875891,0.0106058608028487,0.0234855704463558,0.531660989457347
"PF","PF_C","PF_S",121,120,121,1000,0.985642182954094,0.0229380798125273,0.0143578170459065,0.0229380798125273,0.00175646489831114,0.00816954779949043,0.0223779505081257,0.47961719232231
"PF","PF_C","PF_S",122,121,122,1000,0.985908614671103,0.023890132543574,0.0140913853288966,0.0238901325435741,0.00187158022214245,0.00870979294237838,0.00829701331589185,0.153889764315709
"PF","PF_C","PF_S",123,122,123,1000,0.986052903936618,0.0255169141375465,0.0139470960633821,0.0255169141375465,0.00154540065752696,0.00800247693220231,0.0211317314633833,0.529805192243893
"PF","PF_C","PF_S",124,123,124,1000,0.987102770069743,0.0244735199953451,0.0128972299302571,0.0244735199953451,0.00149587778214008,0.00823507740506577,0.00338191356694023,0.106945497213554
"PF","PF_C","PF_S",125,124,125,1000,0.988942698558766,0.0221998644334325,0.0110573014412337,0.0221998644334324,0.001768514663773,0.00942188277778585,0.00655856261397686,0.207399960369946
"PF","PF_C","PF_S",126,125,126,1000,0.990039091331653,0.0214247830881166,0.00996090866834679,0.0214247830881166,0.00144291343393662,0.00883412615015034,0.017060328563507,0.500318188438763
"PF","PF_C","PF_S",127,126,127,1000,0.990154069563127,0.0226599160034157,0.00984593043687263,0.0226599160034156,0.00162882640911859,0.00960447978460653,0,0
"PF","PF_C","PF_S",128,127,128,1000,0.991019571162076,0.0224500804507446,0.00898042883792368,0.0224500804507446,0.00180316760334966,0.0110769903672578,0.00203616548225162,0.0643892061693027
"PF","PF_C","PF_S",129,128,129,1000,0.991790336322047,0.022333133548934,0.00820966367795309,0.0223331335489339,0.00165835232076407,0.0108176191006191,0,0
"PF","PF_C","PF_S",130,129,130,1000,0.993007204505414,0.0217034560410212,0.00699279549458559,0.0217034560410212,0.0023942155651415,0.0136244153815123,0,0
"PF","PF_C","PF_S",131,130,131,1000,0.994654215922912,0.0204016154012764,0.00534578407708773,0.0204016154012764,0.00232843230249579,0.014263333207518,0,0
"PF","PF_C","PF_S",132,131,132,1000,0.995339844632445,0.0212884253521576,0.00466015536755494,0.0212884253521575,0.00153927289839713,0.0129285798769269,0,0
"PF","PF_C","PF_S",133,132,133,1000,0.996704430950031,0.0189702721100909,0.00329556904996864,0.0189702721100909,0.00202224902223676,0.0158919960117483,0.00319065304979111,0.100897308607025
"PF","PF_C","PF_S",134,133,134,1000,0.997985356473263,0.0156698212566901,0.00201464352673746,0.0156698212566901,0.00143444944976741,0.0142855960630136,0,0
"PF","PF_C","PF_S",135,134,135,1000,0.998788880426535,0.0122804861005546,0.00121111957346513,0.0122804861005545,0.00140187775523797,0.0156253623717403,0.00149889311940886,0.0473991622648673
"PF","PF_C","PF_S",136,135,136,1000,0.999082099606491,0.0136567795844592,0.000917900393509125,0.0136567795844592,0.000228132084085742,0.00721416993071996,0,0
"PF","PF_C","PF_S",137,136,137,1000,0.999233138871927,0.0142978465529333,0.000766861128073051,0.0142978465529333,0.00118558066630363,0.0217759306855352,0,0
"PF","PF_C","PF_S",138,137,138,1000,0.999808865828271,0.00604419321353258,0.000191134171728954,0.00604419321353258,0.000458887697292843,0.0145113031367527,0,0
"PF","PF_C","PF_S",139,138,139,1000,1,0,0,0,0,0,0,0
"FT","FT_D","FT_F",1,0,1,1000,0.776461787978742,0.000120014228475283,0.223538212021081,0.000120014228474941,0.00281998929664768,0.000169779012202456,0.00839834379854404,0.000555535119035992
"FT","FT_D","FT_F",2,1,2,1000,0.762389170883822,0.000218491018338121,0.23761082911618,0.000218491018338158,0.00181482595295846,0.00021399769737938,0.00505304738285151,0.000619609497793539
"FT","FT_D","FT_F",3,2,3,1000,0.751937867364716,0.000296558809935299,0.248062132635288,0.000296558809935322,0.00189344691803799,0.000244092217236325,0.00386580498845971,0.000653607016079516
"FT","FT_D","FT_F",4,3,4,1000,0.742416788302642,0.000374772858587601,0.257583211697355,0.000374772858587615,0.00162095219293924,0.00026544471406946,0.00323475472695304,0.0006706005485367
"FT","FT_D","FT_F",5,4,5,1000,0.733007243025891,0.000467678141753663,0.266992756974106,0.00046767814175369,0.00176479826171159,0.000306334467266033,0.00373255347670334,0.000730189444529154
"FT","FT_D","FT_F",6,5,6,1000,0.722971769973642,0.000552361217774307,0.277028230026359,0.000552361217774294,0.00181637191887895,0.000339930057110797,0.00332930575838044,0.00072410151413818
"FT","FT_D","FT_F",7,6,7,1000,0.716353225960516,0.000644114360468113,0.283646774039484,0.000644114360468102,0.00170457646375412,0.000353110611143859,0.002962146858868,0.000779332055186012
"FT","FT_D","FT_F",8,7,8,1000,0.709374837581329,0.000755172804167205,0.290625162418672,0.000755172804167236,0.00183931570165168,0.000400056501302569,0.00297144145662494,0.000782508434444538
"FT","FT_D","FT_F",9,8,9,1000,0.702228941444401,0.000842713288216583,0.297771058555601,0.00084271328821661,0.0017493019610599,0.000414304045588979,0.00268031377250897,0.000796288553787371
"FT","FT_D","FT_F",10,9,10,1000,0.693830387503172,0.000940078625502611,0.306169612496827,0.000940078625502617,0.00171431745762757,0.00043893800242215,0.0028499760740546,0.000860514441396965
"FT","FT_D","FT_F",11,10,11,1000,0.688681438449991,0.00104010685373756,0.311318561550011,0.00104010685373751,0.00202688085542099,0.000495014389412896,0.00240582754269019,0.00086068316086761
"FT","FT_D","FT_F",12,11,12,1000,0.682988241726457,0.00112292793425692,0.317011758273541,0.00112292793425689,0.00190915005641786,0.000541587478705028,0.00260364832749502,0.000874147338060415
"FT","FT_D","FT_F",13,12,13,1000,0.678503325817078,0.00120827274479043,0.321496674182923,0.00120827274479048,0.00207516785569162,0.000573664375913081,0.00247500504643796,0.000942081183845012
"FT","FT_D","FT_F",14,13,14,1000,0.672555918365374,0.00127589182381107,0.327444081634626,0.00127589182381101,0.00210964368547968,0.000611030724908206,0.00256296359555579,0.000972368911673771
"FT","FT_D","FT_F",15,14,15,1000,0.668193331409536,0.00138421670163917,0.331806668590463,0.00138421670163912,0.00202056639416205,0.000635686843283744,0.00266999131471856,0.00105846982038471
"FT","FT_D","FT_F",16,15,16,1000,0.662324365657211,0.00148571923813265,0.337675634342788,0.00148571923813265,0.0021034453002993,0.000676665069897549,0.00283682175603704,0.00105469270282983
"FT","FT_D","FT_F",17,16,17,1000,0.658226746188944,0.00158539362498475,0.341773253811056,0.00158539362498474,0.00212291056456247,0.000719189863629886,0.00267936993164034,0.0011232690433069
"FT","FT_D","FT_F",18,17,18,1000,0.654425581380878,0.0017379732857456,0.345574418619123,0.00173797328574563,0.00206042148181554,0.000721091333893311,0.0027051513110361,0.00114744575880127
"FT","FT_D","FT_F",19,18,19,1000,0.649124604865368,0.00184048600132888,0.350875395134632,0.00184048600132888,0.00210895282988218,0.000796209314738062,0.00227130894119306,0.00109021382189038
"FT","FT_D","FT_F",20,19,20,1000,0.645160122260617,0.00194167533428918,0.354839877739383,0.00194167533428916,0.00208215151849508,0.00079661833600279,0.00226019057353694,0.00112601148906738
"FT","FT_D","FT_F",21,20,21,1000,0.640553334347842,0.00206915281739681,0.359446665652158,0.00206915281739681,0.00221954545634701,0.000836659739901875,0.00222307294135589,0.00116797592194003
"FT","FT_D","FT_F",22,21,22,1000,0.637977856634313,0.00224085826554174,0.362022143365687,0.00224085826554175,0.00242298783529024,0.00091816163135258,0.00225098092777833,0.0012177971024278
"FT","FT_D","FT_F",23,22,23,1000,0.632100193368521,0.00238762535210654,0.36789980663148,0.00238762535210654,0.00251251255099605,0.000986001518332914,0.00236470358413306,0.00121236970473549
"FT","FT_D","FT_F",24,23,24,1000,0.627600246891109,0.00256555152786752,0.37239975310889,0.00256555152786754,0.00239940807326229,0.000938198608135,0.00223846237270112,0.00127910268652159
"FT","FT_D","FT_F",25,24,25,1000,0.622890799500885,0.0027158826062782,0.377109200499116,0.00271588260627818,0.0025174651190858,0.00106934340919158,0.00221125363506767,0.00129724256604366
"FT","FT_D","FT_F",26,25,26,1000,0.620260270288254,0.00285296932177159,0.379739729711745,0.00285296932177158,0.00244315836579159,0.00104916122594204,0.00221766132090394,0.00131316217679519
"FT","FT_D","FT_F",27,26,27,1000,0.615625771665133,0.00305764149271255,0.384374228334867,0.00305764149271256,0.00242143205929652,0.00110121502205838,0.00203803958784029,0.00136452300188538
"FT","FT_D","FT_F",28,27,28,1000,0.61211684767327,0.00324455089760935,0.387883152326729,0.00324455089760932,0.00232540796225065,0.0011718918307946,0.00215241733783602,0.00139255722003476
"FT","FT_D","FT_F",29,28,29,1000,0.611107894251581,0.00346229451863709,0.388892105748419,0.00346229451863709,0.00219975999563312,0.00115998739750515,0.0025721075492885,0.00149942857146629
"FT","FT_D","FT_F",30,29,30,1000,0.609160263404608,0.00353937037579907,0.390839736595392,0.00353937037579905,0.00224833672363979,0.00117370014057259,0.00259812288400088,0.00152582762902638
"FT","FT_D","FT_F",31,30,31,1000,0.604883244776817,0.00363639311111659,0.395116755223183,0.00363639311111661,0.0023777313153178,0.00126672612990548,0.00219144380483786,0.00150122518524914
"FT","FT_D","FT_F",32,31,32,1000,0.602293523766119,0.00376974056453359,0.397706476233881,0.00376974056453358,0.00237159998993361,0.001300477681101,0.00205588004088738,0.00149330155017455
"FT","FT_D","FT_F",33,32,33,1000,0.597809248268548,0.00397231766907611,0.402190751731452,0.00397231766907609,0.00256304363545139,0.00137619952443217,0.00223553431600895,0.00156320348955836
"FT","FT_D","FT_F",34,33,34,1000,0.593189528264627,0.00417452505879508,0.406810471735373,0.00417452505879506,0.00277860133995787,0.00145055798588251,0.00261195730143772,0.00159599921068411
"FT","FT_D","FT_F",35,34,35,1000,0.594621890701919,0.00429391277942389,0.405378109298081,0.00429391277942388,0.00269348786101034,0.00149279349410832,0.00229810973273109,0.00163415682557826
"FT","FT_D","FT_F",36,35,36,1000,0.597776179476307,0.0044597574989823,0.402223820523693,0.00445975749898227,0.00251220895126112,0.00148341582285959,0.00204422713465985,0.00162666755015382
"FT","FT_D","FT_F",37,36,37,1000,0.600498246857366,0.00472177993547959,0.399501753142633,0.00472177993547957,0.00245890161025487,0.00144789527644176,0.00177648296632549,0.00162142627841659
"FT","FT_D","FT_F",38,37,38,1000,0.604929268097571,0.00508910066276031,0.395070731902429,0.00508910066276029,0.002519530605059,0.00151518093701021,0.00199563123059776,0.00169498108293962
"FT","FT_D","FT_F",39,38,39,1000,0.606491209299887,0.00542488078699628,0.393508790700113,0.00542488078699624,0.00263219638227352,0.00166447018962882,0.00215895107983182,0.00185289674778673
"FT","FT_D","FT_F",40,39,40,1000,0.60697698656944,0.00567023261025887,0.39302301343056,0.00567023261025888,0.00258578605885306,0.0016755010311475,0.0020124559882325,0.0018336737079098
"FT","FT_D","FT_F",41,40,41,1000,0.601681705907981,0.00586001114937305,0.398318294092019,0.00586001114937305,0.0025944131751724,0.00173228912218139,0.00207320856396704,0.00191105480533942
"FT","FT_D","FT_F",42,41,42,1000,0.598943210690156,0.00616027472631032,0.401056789309844,0.00616027472631035,0.00275931068332795,0.00180853477748348,0.00286549351751793,0.00213577121090124
"FT","FT_D","FT_F",43,42,43,1000,0.597426239203705,0.00634693464569494,0.402573760796295,0.00634693464569499,0.00294953357124529,0.00190042618039724,0.00193966525900712,0.00192678552263817
"FT","FT_D","FT_F",44,43,44,1000,0.598321124872541,0.00656873357708831,0.401678875127459,0.00656873357708829,0.00288908683600335,0.00198559860307613,0.00189443920252386,0.00197956626658284
"FT","FT_D","FT_F",45,44,45,1000,0.594475501744457,0.00675117578349849,0.405524498255543,0.00675117578349848,0.00370364220323309,0.00215203332308803,0.00216484940602715,0.0020944382812964
"FT","FT_D","FT_F",46,45,46,1000,0.591034423658794,0.00690346344040725,0.408965576341206,0.00690346344040724,0.00359406243248363,0.00218191310590882,0.00208910652865897,0.00210426217387587
"FT","FT_D","FT_F",47,46,47,1000,0.582884055788004,0.00723978452144823,0.417115944211996,0.00723978452144822,0.00335687453771578,0.00231205390830036,0.00194376408889417,0.00201560719382392
"FT","FT_D","FT_F",48,47,48,1000,0.577426427487625,0.00775117813779779,0.422573572512375,0.0077511781377978,0.00342212330738343,0.00228309764161817,0.00197231287461788,0.00205439586278092
"FT","FT_D","FT_F",49,48,49,1000,0.574944653756098,0.00813862591481057,0.425055346243903,0.00813862591481055,0.00360228144856499,0.00244513390107215,0.00192419882660675,0.00220535147180642
"FT","FT_D","FT_F",50,49,50,1000,0.569648093641924,0.00853415726298784,0.430351906358076,0.00853415726298786,0.00357177048032615,0.00261306602931548,0.00195479244778335,0.00232994037285615
"FT","FT_D","FT_F",51,50,51,1000,0.563939763605506,0.00888149592085494,0.436060236394494,0.00888149592085495,0.00345879254537257,0.00263173995395559,0.00217124780844868,0.00234462757256191
"FT","FT_D","FT_F",52,51,52,1000,0.559108596911092,0.00930568765825511,0.440891403088908,0.00930568765825514,0.00322617757468926,0.00260938375318227,0.00218809769239967,0.00241863552741772
"FT","FT_D","FT_F",53,52,53,1000,0.55464082739351,0.00972854898424821,0.44535917260649,0.00972854898424817,0.00318673619213517,0.00263802364954462,0.00206568502053043,0.00247552482568967
"FT","FT_D","FT_F",54,53,54,1000,0.550142856879635,0.0101751164439395,0.449857143120365,0.0101751164439394,0.0033353715931521,0.0028479131232138,0.00222972800611891,0.00247461297013034
"FT","FT_D","FT_F",55,54,55,1000,0.549141042897606,0.010579364831001,0.450858957102394,0.010579364831001,0.00336690476317346,0.00287555664800632,0.00215807892793508,0.00260541916490666
"FT","FT_D","FT_F",56,55,56,1000,0.547905482154316,0.0108054392953868,0.452094517845684,0.0108054392953868,0.00352516111916261,0.00295521042372832,0.00215923103872886,0.0026872509363831
"FT","FT_D","FT_F",57,56,57,1000,0.54667012665782,0.0109815149533912,0.45332987334218,0.0109815149533912,0.00350969272277647,0.00304545113033867,0.00251496431559811,0.0027982810788811
"FT","FT_D","FT_F",58,57,58,1000,0.5458164379167,0.0111498072647305,0.4541835620833,0.0111498072647305,0.00340952782354346,0.00303571758484519,0.00228215729243577,0.00279693389527283
"FT","FT_D","FT_F",59,58,59,1000,0.544759867067426,0.0111081031105321,0.455240132932574,0.011108103110532,0.00348629506005317,0.00323881544283064,0.00246999835804432,0.00284440140660314
"FT","FT_D","FT_F",60,59,60,1000,0.538640784797988,0.0112036056774344,0.461359215202012,0.0112036056774345,0.00375835326946603,0.00335598658277422,0.00253524243227567,0.00290984019633562
"FT","FT_D","FT_F",61,60,61,1000,0.541538682335144,0.0114314690439342,0.458461317664856,0.0114314690439341,0.00349998652816504,0.00338103737756583,0.00264744605111809,0.00306322131536531
"FT","FT_D","FT_F",62,61,62,1000,0.5407865434157,0.0117555395779245,0.4592134565843,0.0117555395779245,0.00343478992804011,0.00333983567824438,0.00261622130807681,0.00313678802881857
"FT","FT_D","FT_F",63,62,63,1000,0.541876845644636,0.0119538157744355,0.458123154355364,0.0119538157744355,0.00327103484340835,0.00345086424224483,0.00250729561933791,0.00315519920687982
"FT","FT_D","FT_F",64,63,64,1000,0.540966765480946,0.012543794914789,0.459033234519054,0.012543794914789,0.00331451835820652,0.00345001616671136,0.0026214459586095,0.00319264118636789
"FT","FT_D","FT_F",65,64,65,1000,0.54247426145213,0.0130587118031446,0.45752573854787,0.0130587118031446,0.00354348375787248,0.00359928894937078,0.00264959380197886,0.0033752938517585
"FT","FT_D","FT_F",66,65,66,1000,0.542137757425476,0.0134770167080007,0.457862242574524,0.0134770167080007,0.00329080133107743,0.0035556326065636,0.00263259734618059,0.0035264456358195
"FT","FT_D","FT_F",67,66,67,1000,0.545683080297368,0.0136165333209168,0.454316919702631,0.0136165333209168,0.00311970054697374,0.00352453029191504,0.00251801520553306,0.00336437329733344
"FT","FT_D","FT_F",68,67,68,1000,0.546252162573833,0.0139239265244081,0.453747837426166,0.0139239265244081,0.00343981205015586,0.0037073811932404,0.00263273494380079,0.00359633864253893
"FT","FT_D","FT_F",69,68,69,1000,0.550013398007152,0.0145638111405903,0.449986601992848,0.0145638111405903,0.00345602619250925,0.00376227382102734,0.00258673056869446,0.003572028382587
"FT","FT_D","FT_F",70,69,70,1000,0.547981052413993,0.0150588850485754,0.452018947586007,0.0150588850485754,0.00360394128598836,0.00380658941791924,0.00223414067506521,0.00338532795781109
"FT","FT_D","FT_F",71,70,71,1000,0.547131429983867,0.0156262222730008,0.452868570016133,0.0156262222730008,0.00366578241941745,0.0041741768453773,0.00255802395565917,0.00384466963235853
"FT","FT_D","FT_F",72,71,72,1000,0.550163991655137,0.0156959691915011,0.449836008344863,0.0156959691915011,0.00399899390120422,0.00434008671859157,0.00218732124514207,0.00354409420304004
"FT","FT_D","FT_F",73,72,73,1000,0.553927997340515,0.0159600679101153,0.446072002659485,0.0159600679101153,0.00458419827433186,0.00450428849464123,0.00216245594707624,0.00350729025279801
"FT","FT_D","FT_F",74,73,74,1000,0.555631817792469,0.0156354884014007,0.444368182207531,0.0156354884014007,0.00461787422661362,0.00454558657748794,0.00200579274355777,0.0035474313658663
"FT","FT_D","FT_F",75,74,75,1000,0.564109601909086,0.0159219811725462,0.435890398090914,0.0159219811725462,0.00521082971025973,0.00501362346129078,0.00202346525404185,0.00354505078073535
"FT","FT_D","FT_F",76,75,76,1000,0.568732464636901,0.0163787833520999,0.431267535363099,0.0163787833520999,0.00494827448897976,0.00494437344786915,0.00231126335219927,0.00397816387661985
"FT","FT_D","FT_F",77,76,77,1000,0.56718821511278,0.0167719687879112,0.43281178488722,0.0167719687879112,0.00553352528783935,0.00519952379137572,0.00277092720848897,0.00438293977567958
"FT","FT_D","FT_F",78,77,78,1000,0.572404093838062,0.0174919310939598,0.427595906161938,0.0174919310939597,0.00469990749222947,0.00494126353234747,0.00255533901815402,0.0043167794173923
"FT","FT_D","FT_F",79,78,79,1000,0.578595284669384,0.0180641333973065,0.421404715330616,0.0180641333973065,0.00479853846690094,0.00517506657765063,0.00222157575970517,0.00406700536844579
"FT","FT_D","FT_F",80,79,80,1000,0.593597140614107,0.0188051723708789,0.406402859385893,0.0188051723708788,0.0051927303669417,0.00539188476035515,0.00235392868846572,0.00454332370670052
"FT","FT_D","FT_F",81,80,81,1000,0.602734505097413,0.019301353376195,0.397265494902587,0.019301353376195,0.00465826598747454,0.00508285509782729,0.00237509986582116,0.00438364645279606
"FT","FT_D","FT_F",82,81,82,1000,0.605321904982142,0.0195842853435515,0.394678095017858,0.0195842853435515,0.00507318465761778,0.00542750492070187,0.00236011779000177,0.00472573895680649
"FT","FT_D","FT_F",83,82,83,1000,0.608883009773427,0.0195511314924122,0.391116990226573,0.0195511314924122,0.0048002033532724,0.00533043136092822,0.00247558259417729,0.0047957920221962
"FT","FT_D","FT_F",84,83,84,1000,0.605418277841826,0.0200727697156435,0.394581722158174,0.0200727697156435,0.00468671117787336,0.00550301691959108,0.00237182754761221,0.00470120162532309
"FT","FT_D","FT_F",85,84,85,1000,0.602904297111716,0.0206224651719057,0.397095702888284,0.0206224651719057,0.00587917305784147,0.00600173723305816,0.00220982102870856,0.00473080388039977
"FT","FT_D","FT_F",86,85,86,1000,0.603009718552353,0.0210879844632412,0.396990281447647,0.0210879844632412,0.00456675573939685,0.00563653094138247,0.00235271922873871,0.00519883199328791
"FT","FT_D","FT_F",87,86,87,1000,0.604693604990052,0.0207314017530039,0.395306395009949,0.0207314017530039,0.00480487305535232,0.00591858412167617,0.0021679429205778,0.00470426500107397
"FT","FT_D","FT_F",88,87,88,1000,0.605905696120036,0.0207533774828708,0.394094303879964,0.0207533774828708,0.00452947578283352,0.00569890700940276,0.00271777059067843,0.00553540113977387
"FT","FT_D","FT_F",89,88,89,1000,0.606761859022349,0.0214134490985037,0.393238140977651,0.0214134490985037,0.00436078144710968,0.00572081590496533,0.00240336110151222,0.00557530935781229
"FT","FT_D","FT_F",90,89,90,1000,0.610055592740172,0.0223133198453234,0.389944407259829,0.0223133198453234,0.00477333936646831,0.00629512767660517,0.00267872947515077,0.00578110387128131
"FT","FT_D","FT_F",91,90,91,1000,0.608726283545395,0.0227706679287649,0.391273716454605,0.0227706679287649,0.00411618768664044,0.00569488427268388,0.00305557968439901,0.00610440800895258
"FT","FT_D","FT_F",92,91,92,1000,0.610923584756437,0.0235860406523704,0.389076415243564,0.0235860406523704,0.00494616247320801,0.00660056865367249,0.0030108923037845,0.00634916188588832
"FT","FT_D","FT_F",93,92,93,1000,0.619806702113714,0.0246270687754916,0.380193297886287,0.0246270687754916,0.00604969613147744,0.00735411861994494,0.0029617904101607,0.00660470603759636
"FT","FT_D","FT_F",94,93,94,1000,0.609278462864643,0.0260981162284755,0.390721537135357,0.0260981162284755,0.00700105463375256,0.00827151205952285,0.00302969722451869,0.00696453487183137
"FT","FT_D","FT_F",95,94,95,1000,0.600345306363753,0.0272644289973744,0.399654693636247,0.0272644289973744,0.00717915624974202,0.00858256418222257,0.00318386263971384,0.00724283216712437
"FT","FT_D","FT_F",96,95,96,1000,0.587077051676519,0.0284961867134586,0.412922948323481,0.0284961867134586,0.00747328199043777,0.0096291317673817,0.0031310188604662,0.00726663518617001
"FT","FT_D","FT_F",97,96,97,1000,0.589942133767095,0.02915605798724,0.410057866232905,0.02915605798724,0.00691190554828805,0.00914791402751232,0.00355650401021215,0.00800813907311391
"FT","FT_D","FT_F",98,97,98,1000,0.588190652416169,0.030066073378021,0.411809347583831,0.0300660733780209,0.00728038249395036,0.00945453722426797,0.00380760917836853,0.00853033971997835
"FT","FT_D","FT_F",99,98,99,1000,0.583095301736812,0.0297930746045325,0.416904698263188,0.0297930746045325,0.0055480029576891,0.00842614369193306,0.00420491142674059,0.00851579671089056
"FT","FT_D","FT_F",100,99,100,1000,0.574464987917623,0.0307300008533075,0.425535012082377,0.0307300008533075,0.0046999204554832,0.00799446228338207,0.00419313539318314,0.00968680241529006
"FT","FT_D","FT_F",101,100,101,1000,0.570562510037137,0.0316819753339274,0.429437489962863,0.0316819753339274,0.00522631187594509,0.00832692814472795,0.00376564340569194,0.00885275003290529
"FT","FT_D","FT_F",102,101,102,1000,0.567530778769208,0.0325307485548686,0.432469221230792,0.0325307485548686,0.0049498921030548,0.00886925425385319,0.00416187875948516,0.00934127986271881
"FT","FT_D","FT_F",103,102,103,1000,0.563882595259239,0.0324602465062681,0.436117404740761,0.0324602465062681,0.00466006563736506,0.00859250360853446,0.00427919984179212,0.00946783284805887
"FT","FT_D","FT_F",104,103,104,1000,0.551079542069898,0.0331409300872538,0.448920457930102,0.0331409300872538,0.00381849409365568,0.00798234139642884,0.00336344696447708,0.00855342100081478
"FT","FT_D","FT_F",105,104,105,1000,0.542562983966784,0.0350121576463901,0.457437016033216,0.0350121576463901,0.00410759061163871,0.00838950360874676,0.00405544308594727,0.00962359304221908
"FT","FT_D","FT_F",106,105,106,1000,0.538919793830994,0.0366280067261351,0.461080206169006,0.0366280067261351,0.00389020381607955,0.00868895147139763,0.00426454622212757,0.00982976245378377
"FT","FT_D","FT_F",107,106,107,1000,0.532940424580487,0.0367123022384393,0.467059575419513,0.0367123022384393,0.00434977448333031,0.0095685070035432,0.0036507968071221,0.00956504573503232
"FT","FT_D","FT_F",108,107,108,1000,0.531547176961146,0.0368414231826171,0.468452823038854,0.0368414231826171,0.00424963643411245,0.00965039625540617,0.00449271350971614,0.0109298053812855
"FT","FT_D","FT_F",109,108,109,1000,0.537396011702944,0.0371979296703557,0.462603988297056,0.0371979296703557,0.00518221202682303,0.0110605043933933,0.003968010932835,0.0107393312271905
"FT","FT_D","FT_F",110,109,110,1000,0.537973527764545,0.0378183052257329,0.462026472235455,0.0378183052257329,0.00437043059039068,0.0105645602065301,0.003730895763685,0.0102831246064729
"FT","FT_D","FT_F",111,110,111,1000,0.542404426033699,0.0381512843718806,0.457595573966301,0.0381512843718806,0.00436386523674578,0.0106964958624865,0.00280941129328539,0.00934691997686492
"FT","FT_D","FT_F",112,111,112,1000,0.533521865017112,0.0392248147782626,0.466478134982888,0.0392248147782626,0.00466958144621296,0.0110677461520456,0.00302978120032577,0.0100068984685692
"FT","FT_D","FT_F",113,112,113,1000,0.516142236121714,0.0409300100252055,0.483857763878286,0.0409300100252055,0.00504969405494166,0.0118784997849227,0.00288680751359165,0.00951672981304948
"FT","FT_D","FT_F",114,113,114,1000,0.501722875401216,0.0410191330472752,0.498277124598784,0.0410191330472752,0.00386891751095868,0.011306833801811,0.00364403655759161,0.0112612659758632
"FT","FT_D","FT_F",115,114,115,1000,0.49703775065462,0.0416148830401708,0.50296224934538,0.0416148830401708,0.00441383485023616,0.0121007184368055,0.00346205191379966,0.0107200105218159
"FT","FT_D","FT_F",116,115,116,1000,0.494528433777635,0.0427071502864263,0.505471566222365,0.0427071502864263,0.00375305873258058,0.011459220062432,0.00350154837473377,0.0112279384183256
"FT","FT_D","FT_F",117,116,117,1000,0.510460309236373,0.0464160103735513,0.489539690763627,0.0464160103735513,0.00374013034469559,0.0119777231390169,0.00355402363650651,0.0123507259226367
"FT","FT_D","FT_F",118,117,118,1000,0.500181014127993,0.0533524625359685,0.499818985872007,0.0533524625359685,0.00440612787428495,0.0142895290241843,0.00449166031011686,0.014352560647255
"FT","FT_D","FT_F",119,118,119,1000,0.495754321044792,0.0593222459254686,0.504245678955208,0.0593222459254686,0.00536494151760278,0.0164723921907481,0.00527049541367049,0.016548271020937
"FT","FT_D","FT_F",120,119,120,1000,0.519246807065018,0.0656018125499531,0.480753192934982,0.0656018125499531,0.00556210024981649,0.016829166527597,0.00519125840778318,0.0171266383719101
"FT","FT_D","FT_F",121,120,121,1000,0.504852103351064,0.0703780978963402,0.495147896648936,0.0703780978963402,0.00521342383422821,0.0174550272824173,0.00548791374715814,0.0181621519129304
"FT","FT_D","FT_F",122,121,122,1000,0.497134866237631,0.079043590393735,0.502865133762369,0.0790435903937351,0.00426199577080091,0.015976848406625,0.00556867854681118,0.0184872396247901
"FT","FT_D","FT_F",123,122,123,1000,0.487711839686897,0.0907208163589625,0.512288160313103,0.0907208163589625,0.00170160722811478,0.011220144842445,0.0067276590130282,0.0218703322086112
"FT","FT_D","FT_F",124,123,124,1000,0.472826908775117,0.100745379120278,0.527173091224883,0.100745379120278,0.00240761213669502,0.0140501446278698,0.00940930589977189,0.0269368276834275
"FT","FT_D","FT_F",125,124,125,1000,0.43997048894225,0.108690498969238,0.56002951105775,0.108690498969238,0.00245294570476121,0.0156458856349034,0.0121086043319149,0.0293433391731655
"FT","FT_D","FT_F",126,125,126,1000,0.410319239853742,0.116383847515332,0.589680760146258,0.116383847515332,0.00155932912786113,0.0111910464155523,0.011730221807098,0.0296818477679504
"FT","FT_D","FT_F",127,126,127,1000,0.43560665326237,0.117936946479496,0.56439334673763,0.117936946479496,0.00514419580952727,0.0237103192412889,0.0166655171537779,0.0390405252854733
"FT","FT_D","FT_F",128,127,128,1000,0.425577743435452,0.120641149874752,0.574422256564548,0.120641149874752,0.00772426552430013,0.0289543779747356,0.0180779587530468,0.0415088577304013
"FT","FT_D","FT_F",129,128,129,1000,0.404145902947585,0.135663521981415,0.595854097052415,0.135663521981415,0.00661229050239646,0.0278830040482458,0.0183488545963577,0.0427092458328856
"FT","FT_D","FT_F",130,129,130,1000,0.338186482010845,0.143050954890445,0.661813517989155,0.143050954890445,0.00134076642583936,0.0131424185142883,0.0150308119850445,0.0392911941066782
"FT","FT_D","FT_F",131,130,131,1000,0.307518630233256,0.154963880041805,0.692481369766744,0.154963880041805,0.00115719617129932,0.0126219498613593,0.0129428500008341,0.0381835078384785
"FT","FT_D","FT_F",132,131,132,1000,0.277994844940476,0.158931926319845,0.722005155059524,0.158931926319845,0.00120322948858359,0.0164003249732335,0.00996740944686903,0.0353378342667625
"FT","FT_D","FT_F",133,132,133,1000,0.23114634716768,0.17951657696794,0.76885365283232,0.17951657696794,0.00192525185877983,0.0331504012957252,0.0195617515134194,0.0496365600360588
"FT","FT_D","FT_F",134,133,134,1000,0.232581110345525,0.191368087756996,0.767418889654475,0.191368087756996,0.00189137713591774,0.0267065273913543,0.0196914098858499,0.0538764335223283
"FT","FT_D","FT_F",135,134,135,1000,0.185348713377074,0.19071311476161,0.814651286622926,0.19071311476161,0.00239637272574185,0.0268068752574068,0.0526355335440059,0.0898049535357294
"FT","FT_D","FT_F",136,135,136,1000,0.0982639626359369,0.20751055219081,0.901736037364063,0.20751055219081,0.00643387543082259,0.0447619423826604,0.0963925923293249,0.129114477338248
"FT","FT_D","FT_F",137,136,137,1000,0.0429987720893009,0.196994257721171,0.957001227910699,0.196994257721171,0.000358559661755785,0.0113386520820785,0.00117312330388892,0.0215776172239941
"FT","FT_D","FT_F",138,137,138,1000,0.04219007273897,0.198622039076146,0.95780992726103,0.198622039076146,0.00169220306077876,0.0336832757437058,0.00207836576011437,0.0294296088106772
"FT","FT_D","FT_F",139,138,139,1000,0.0424830160713869,0.201169000687317,0.957516983928613,0.201169000687317,0,0,0.0010022062291192,0.0316925436922524
"FD","FD_D","FD_I",1,0,1,1000,0.547134214469214,0.00013696824358187,0.452865785530888,0.000136968243581929,0.00616588653386667,0.000305209699764135,0.00478305389708423,0.000281562972329512
"FD","FD_D","FD_I",2,1,2,1000,0.558993160566058,0.000247958552960631,0.441006839433938,0.0002479585529606,0.00368433270569378,0.000356934838491781,0.00308957470243064,0.000346767942460329
"FD","FD_D","FD_I",3,2,3,1000,0.560420268826776,0.000330476238519967,0.439579731173225,0.000330476238519988,0.00330474998402952,0.000404412352928457,0.00239975452044417,0.000376475571772193
"FD","FD_D","FD_I",4,3,4,1000,0.557923054579428,0.000419789536323484,0.442076945420569,0.000419789536323564,0.00308242488935744,0.000421162265667018,0.00217616482893004,0.000408099551064489
"FD","FD_D","FD_I",5,4,5,1000,0.554687636887356,0.000519398220800277,0.445312363112642,0.000519398220800242,0.00326553159378818,0.000464132724512044,0.00229441590555966,0.000437317147329771
"FD","FD_D","FD_I",6,5,6,1000,0.551107219752804,0.000608572239111613,0.448892780247197,0.000608572239111591,0.00337578548302321,0.000507994235361509,0.00227328878421227,0.000466122252192715
"FD","FD_D","FD_I",7,6,7,1000,0.550524750189608,0.000701083739337053,0.449475249810391,0.000701083739337085,0.00303206614315483,0.000557996544705731,0.00190244478573509,0.000511528433321238
"FD","FD_D","FD_I",8,7,8,1000,0.547176274266404,0.000819606333132885,0.452823725733593,0.000819606333132909,0.00358404207406878,0.000621170737923731,0.00198668347749361,0.000529533540111975
"FD","FD_D","FD_I",9,8,9,1000,0.542292999456453,0.000909944183296855,0.457707000543548,0.000909944183296817,0.0037527410312536,0.000690755243705505,0.00197066360111896,0.000568111008603303
"FD","FD_D","FD_I",10,9,10,1000,0.537748662295656,0.00099302262326245,0.462251337704343,0.000993022623262488,0.00364356574820689,0.000745478677703081,0.00196327162420273,0.000585194648594254
"FD","FD_D","FD_I",11,10,11,1000,0.536883614522568,0.00106519736130593,0.463116385477431,0.00106519736130593,0.0037313543225287,0.000761851849985945,0.00160077941892051,0.000560443586019942
"FD","FD_D","FD_I",12,11,12,1000,0.534139710271661,0.00114631213161664,0.465860289728338,0.00114631213161668,0.00370696817589204,0.000850841192389538,0.00152601965983575,0.000570564721518054
"FD","FD_D","FD_I",13,12,13,1000,0.533711493856657,0.00123869912178552,0.466288506143343,0.00123869912178551,0.00370659942974543,0.00086856076214034,0.00151564275572439,0.000615185604378152
"FD","FD_D","FD_I",14,13,14,1000,0.530205939217183,0.00133905038238112,0.469794060782817,0.00133905038238112,0.00413895206191654,0.000922108107153693,0.0015753501816796,0.000639831396402225
"FD","FD_D","FD_I",15,14,15,1000,0.526510806846019,0.00143482043182586,0.473489193153981,0.00143482043182584,0.00412478026761473,0.00100459801119391,0.00148345998923417,0.000652526241239671
"FD","FD_D","FD_I",16,15,16,1000,0.520040662638751,0.00152804772469435,0.479959337361248,0.00152804772469433,0.00393633877542942,0.00105013903814948,0.00162423194544643,0.00065465046038206
"FD","FD_D","FD_I",17,16,17,1000,0.517038485735677,0.00162693404074383,0.482961514264323,0.00162693404074381,0.00411159710275554,0.00110404705936868,0.00138772096934466,0.000682302534048679
"FD","FD_D","FD_I",18,17,18,1000,0.513705641423869,0.00173548459859136,0.486294358576131,0.00173548459859135,0.00373969537541461,0.00114521795169912,0.00144575575167718,0.000648372230589703
"FD","FD_D","FD_I",19,18,19,1000,0.50955397816273,0.00189130561777435,0.49044602183727,0.00189130561777439,0.00399932352925004,0.0011818177996795,0.00129112408418955,0.00068909452782678
"FD","FD_D","FD_I",20,19,20,1000,0.504673480450517,0.00207159046019998,0.495326519549482,0.00207159046019999,0.00421756193969085,0.00128614702039514,0.00134851341812783,0.00071655203910174
"FD","FD_D","FD_I",21,20,21,1000,0.500602260925505,0.00220772764772438,0.499397739074496,0.00220772764772445,0.00404372858047467,0.00132674091916195,0.00110137908708817,0.000686489106595597
"FD","FD_D","FD_I",22,21,22,1000,0.497322668884382,0.00232111878019417,0.502677331115618,0.0023211187801942,0.00410141939743281,0.00138892538726957,0.000959907465182263,0.000658549111906969
"FD","FD_D","FD_I",23,22,23,1000,0.490134198880229,0.00244109785074677,0.509865801119772,0.00244109785074673,0.00420679126324477,0.00144039144930576,0.00116718029972128,0.000753060834054959
"FD","FD_D","FD_I",24,23,24,1000,0.483570043699175,0.00261897764900811,0.516429956300825,0.00261897764900811,0.0041729642399469,0.00157145872699106,0.00108884035661165,0.000727806191553541
"FD","FD_D","FD_I",25,24,25,1000,0.477493164899997,0.00275368873847699,0.522506835100004,0.00275368873847695,0.0041536372138194,0.00156913263446755,0.00114006856035589,0.000752263487801351
"FD","FD_D","FD_I",26,25,26,1000,0.470885065319852,0.00287678932256908,0.529114934680148,0.00287678932256908,0.00397678405165676,0.00163956646954511,0.000961671999595403,0.000747739031081316
"FD","FD_D","FD_I",27,26,27,1000,0.460682585928913,0.00301934572002324,0.539317414071087,0.00301934572002323,0.00407599025212265,0.0016949294926725,0.00100507197979208,0.000792473413058203
"FD","FD_D","FD_I",28,27,28,1000,0.452189258553469,0.00311127453468706,0.547810741446531,0.00311127453468707,0.00430633777220655,0.0018603085454588,0.00101038255302523,0.0008201236518299
"FD","FD_D","FD_I",29,28,29,1000,0.444701072641432,0.00328770423326534,0.555298927358568,0.00328770423326535,0.00426968254345576,0.00188797423488892,0.00103419166999123,0.0008207704056915
"FD","FD_D","FD_I",30,29,30,1000,0.439102110387921,0.003413096436159,0.560897889612079,0.00341309643615902,0.00449907431446866,0.00197793517644148,0.00132852711624237,0.000943047111515733
"FD","FD_D","FD_I",31,30,31,1000,0.433538318952508,0.00357999780977518,0.566461681047492,0.00357999780977516,0.00440611810748944,0.0020859163884218,0.00138934588596492,0.00100891641797833
"FD","FD_D","FD_I",32,31,32,1000,0.431048069431321,0.00373739841852198,0.56895193056868,0.00373739841852196,0.00434988867810829,0.00206210351879654,0.00115985536924194,0.000964213390738313
"FD","FD_D","FD_I",33,32,33,1000,0.42770491880344,0.00389617930441318,0.57229508119656,0.00389617930441318,0.00454131275001078,0.00221834900796252,0.00132509113241723,0.000992643979778127
"FD","FD_D","FD_I",34,33,34,1000,0.422046902221959,0.00399696596607255,0.577953097778041,0.00399696596607254,0.00517448267812895,0.00241889738077293,0.00165910680873628,0.00110289275788242
"FD","FD_D","FD_I",35,34,35,1000,0.423268250304703,0.00406082602591703,0.576731749695297,0.00406082602591708,0.00496347531893369,0.00243136073445186,0.00154587794530607,0.00112206241070043
"FD","FD_D","FD_I",36,35,36,1000,0.425122135863345,0.00419528645321761,0.574877864136655,0.00419528645321759,0.00518335828558008,0.0024924514097053,0.00125034131269379,0.00108075919010134
"FD","FD_D","FD_I",37,36,37,1000,0.427844987489451,0.00436489599978364,0.572155012510548,0.00436489599978362,0.00507178108509488,0.00253004686888215,0.00123886436144223,0.00109170237776144
"FD","FD_D","FD_I",38,37,38,1000,0.434399926310609,0.00462501658751344,0.565600073689391,0.00462501658751345,0.00494806282422238,0.00252589570057935,0.00113348382071315,0.00109223487645405
"FD","FD_D","FD_I",39,38,39,1000,0.436845647381237,0.0048987933247625,0.563154352618762,0.00489879332476249,0.005267589848517,0.00276866765365492,0.00113689413867361,0.00109600886678884
"FD","FD_D","FD_I",40,39,40,1000,0.437917178755278,0.00502335620126297,0.562082821244722,0.00502335620126302,0.00537644529471233,0.00284490293715619,0.00119066237173705,0.00116992325338178
"FD","FD_D","FD_I",41,40,41,1000,0.435518375242817,0.00512036919182498,0.564481624757184,0.00512036919182496,0.00564353520983648,0.00297837893625345,0.00130667943189634,0.0011953556666039
"FD","FD_D","FD_I",42,41,42,1000,0.435805391084649,0.0052979130126123,0.564194608915351,0.00529791301261231,0.00499571397540045,0.00277798069009395,0.00128969330990094,0.00127804941469248
"FD","FD_D","FD_I",43,42,43,1000,0.435515723762041,0.00554793239297397,0.564484276237959,0.00554793239297397,0.00482509856623109,0.00295367390080845,0.00116423145157261,0.00124416656339559
"FD","FD_D","FD_I",44,43,44,1000,0.435479414108846,0.00579454406865541,0.564520585891154,0.00579454406865542,0.00462383886659687,0.00280228617497469,0.00113681111702446,0.00127395436080461
"FD","FD_D","FD_I",45,44,45,1000,0.435376128323351,0.00606636626106553,0.564623871676649,0.00606636626106552,0.00549673418840948,0.00322963145543798,0.00117516682807762,0.00129842757921301
"FD","FD_D","FD_I",46,45,46,1000,0.435565823739769,0.00620136949810044,0.564434176260231,0.00620136949810043,0.00555352183826665,0.00326606746430802,0.00104970080023716,0.00129952417950368
"FD","FD_D","FD_I",47,46,47,1000,0.434237337503726,0.00656822624347448,0.565762662496274,0.00656822624347449,0.00506488777294935,0.00326180618430994,0.000980030203824469,0.0012877886908002
"FD","FD_D","FD_I",48,47,48,1000,0.432843137340771,0.00707611742553431,0.567156862659228,0.00707611742553433,0.00536088020963833,0.00355569327586208,0.000991901224048899,0.00133109650924721
"FD","FD_D","FD_I",49,48,49,1000,0.433329400623804,0.00747324684653678,0.566670599376196,0.00747324684653675,0.00543424800765202,0.00363212245337964,0.00103144900141999,0.00135097490463215
"FD","FD_D","FD_I",50,49,50,1000,0.432578668760136,0.00787491203916133,0.567421331239864,0.00787491203916134,0.00584346711269097,0.00386073053110245,0.00112336491717026,0.00145801473502124
"FD","FD_D","FD_I",51,50,51,1000,0.434151868910535,0.00805622253973086,0.565848131089465,0.00805622253973086,0.00550199066871298,0.00373680474052994,0.00132025140575721,0.00158229414813616
"FD","FD_D","FD_I",52,51,52,1000,0.436256413448887,0.00830725357225515,0.563743586551113,0.00830725357225515,0.00574856992467428,0.00408648968241917,0.00117634368556646,0.00157390581696839
"FD","FD_D","FD_I",53,52,53,1000,0.439585628377189,0.0086449970865899,0.560414371622811,0.00864499708658991,0.00546937905744194,0.00396761741878103,0.00110220595013151,0.00158398532990109
"FD","FD_D","FD_I",54,53,54,1000,0.446382593311151,0.00907250426801232,0.553617406688849,0.0090725042680123,0.00553743834333949,0.00408734541276027,0.0011099297290042,0.00161563561489601
"FD","FD_D","FD_I",55,54,55,1000,0.456782274482533,0.00924748080587053,0.543217725517466,0.00924748080587046,0.00590699828775264,0.00401004926244435,0.000951559328362001,0.00156163553835275
"FD","FD_D","FD_I",56,55,56,1000,0.460125924519229,0.00933349234231946,0.539874075480771,0.0093334923423195,0.00565145366538954,0.00404611710126154,0.000935307509095297,0.0015652479496845
"FD","FD_D","FD_I",57,56,57,1000,0.460109179104768,0.00966207493908449,0.539890820895232,0.00966207493908451,0.00537758175945391,0.00423546960134654,0.000918737047125078,0.00160530351528416
"FD","FD_D","FD_I",58,57,58,1000,0.46202561698853,0.00980826924605468,0.53797438301147,0.00980826924605468,0.00557033179054722,0.00418226069256334,0.000804731916586306,0.00152158210231902
"FD","FD_D","FD_I",59,58,59,1000,0.46340125737535,0.0101034603129286,0.53659874262465,0.0101034603129286,0.00602342139939917,0.00439926199646566,0.000752456349168272,0.00150094821248972
"FD","FD_D","FD_I",60,59,60,1000,0.461145584001843,0.0104280472306936,0.538854415998157,0.0104280472306936,0.00566081620155377,0.00442911475555577,0.000867906989983239,0.00170610655322174
"FD","FD_D","FD_I",61,60,61,1000,0.465082880867676,0.0106827511877414,0.534917119132324,0.0106827511877413,0.00665503037701481,0.00493669545777307,0.000822660863882244,0.0016838163137701
"FD","FD_D","FD_I",62,61,62,1000,0.466619002950271,0.0110257350693285,0.533380997049729,0.0110257350693285,0.0062422435531389,0.00465119781289838,0.000749011928612154,0.00163663546042939
"FD","FD_D","FD_I",63,62,63,1000,0.470888480114585,0.0112196684998849,0.529111519885414,0.0112196684998849,0.00586016603969768,0.00496696689867662,0.000829212248105342,0.00169172421553109
"FD","FD_D","FD_I",64,63,64,1000,0.476704654129184,0.0115822590812665,0.523295345870816,0.0115822590812665,0.00566818119250973,0.00479611855847216,0.000904246059957548,0.00184278497721616
"FD","FD_D","FD_I",65,64,65,1000,0.484589069271789,0.0118278364415437,0.515410930728211,0.0118278364415437,0.00558226692989192,0.00474120152219683,0.000810054918445026,0.00181455358768918
"FD","FD_D","FD_I",66,65,66,1000,0.487745844297541,0.0119811465451664,0.51225415570246,0.0119811465451664,0.00575324356257555,0.00492043989117657,0.000706997414180007,0.00166064573444246
"FD","FD_D","FD_I",67,66,67,1000,0.489139330744661,0.0121900233741839,0.510860669255339,0.0121900233741839,0.00561050930133255,0.00481370110704392,0.000919009243509262,0.00200743714194227
"FD","FD_D","FD_I",68,67,68,1000,0.490216941591369,0.0125543048216588,0.509783058408631,0.0125543048216589,0.00519231825988764,0.00466029276153237,0.000843186837176953,0.00189548520807113
"FD","FD_D","FD_I",69,68,69,1000,0.495157451931928,0.0128210681538722,0.504842548068072,0.0128210681538722,0.00529224719533739,0.0047727028231235,0.000886016804636915,0.00207019492679578
"FD","FD_D","FD_I",70,69,70,1000,0.496449010836832,0.0131405028529343,0.503550989163168,0.0131405028529343,0.00532352981089429,0.00495978153473262,0.00083912804366268,0.0019716945849466
"FD","FD_D","FD_I",71,70,71,1000,0.499994858570042,0.0134938894152629,0.500005141429958,0.013493889415263,0.0052351554831695,0.0050093193785404,0.0008780740932855,0.00208251852110233
"FD","FD_D","FD_I",72,71,72,1000,0.509633536538457,0.0140285025210681,0.490366463461543,0.0140285025210681,0.00536473388745498,0.00489381149859112,0.000947305443060777,0.00220989650783786
"FD","FD_D","FD_I",73,72,73,1000,0.513735372703167,0.0144940326667703,0.486264627296833,0.0144940326667703,0.0059752128774649,0.0054263726424317,0.000836180881759732,0.00204440846507394
"FD","FD_D","FD_I",74,73,74,1000,0.521348471820278,0.0146257942235419,0.478651528179722,0.0146257942235419,0.00667254585422006,0.00586871425652306,0.000938388682235374,0.00230093999687015
"FD","FD_D","FD_I",75,74,75,1000,0.533807421291474,0.0150152395500027,0.466192578708526,0.0150152395500026,0.00802799192120638,0.0061999334235187,0.000878402209043719,0.00229083303205276
"FD","FD_D","FD_I",76,75,76,1000,0.540371164585062,0.0151987636964473,0.459628835414938,0.0151987636964473,0.00588049568311744,0.0057133277722796,0.00107984084363098,0.0026235049764729
"FD","FD_D","FD_I",77,76,77,1000,0.53981062061568,0.0153962492430755,0.46018937938432,0.0153962492430755,0.00557410721340934,0.00559623963708237,0.000868115306991177,0.00231057088553378
"FD","FD_D","FD_I",78,77,78,1000,0.545174166164174,0.0158736893459674,0.454825833835825,0.0158736893459673,0.00585674144976786,0.00583430707232635,0.000955572151716489,0.00255343364138621
"FD","FD_D","FD_I",79,78,79,1000,0.553586763672619,0.0155964046408214,0.446413236327381,0.0155964046408215,0.00581982354314006,0.00592981483531486,0.000910174180374232,0.00250806973521461
"FD","FD_D","FD_I",80,79,80,1000,0.570225599848307,0.0160878690121977,0.429774400151693,0.0160878690121977,0.00585999274268144,0.00572936597326535,0.00104490736490694,0.00291520374976756
"FD","FD_D","FD_I",81,80,81,1000,0.578123078372091,0.0166460939186382,0.421876921627909,0.0166460939186382,0.00547820259880318,0.00587554755282793,0.00107766949497639,0.00300405599130701
"FD","FD_D","FD_I",82,81,82,1000,0.583019932033253,0.0165023700886044,0.416980067966747,0.0165023700886044,0.00560434672217233,0.00590111844802749,0.00101866878326764,0.00300640289481765
"FD","FD_D","FD_I",83,82,83,1000,0.59309383492682,0.0164040123166498,0.40690616507318,0.0164040123166498,0.0057780336326397,0.00599943301510208,0.000934030680054616,0.00290180414156735
"FD","FD_D","FD_I",84,83,84,1000,0.591092766822494,0.0162528499208223,0.408907233177506,0.0162528499208223,0.00601721493161531,0.00607195030910007,0.00094970546849359,0.00288368719771686
"FD","FD_D","FD_I",85,84,85,1000,0.589367602100989,0.0168740452925834,0.410632397899011,0.0168740452925834,0.00633348499260381,0.00628743309269067,0.00109491126736703,0.00328450876236646
"FD","FD_D","FD_I",86,85,86,1000,0.598767203587607,0.0174653197456298,0.401232796412394,0.0174653197456298,0.00617189217486163,0.00670375677122957,0.00147117770718138,0.00385290690057464
"FD","FD_D","FD_I",87,86,87,1000,0.603623621811896,0.0170314934617994,0.396376378188104,0.0170314934617994,0.00612003596208568,0.00642877516310343,0.00142640560338154,0.00390241305242204
"FD","FD_D","FD_I",88,87,88,1000,0.605286836614379,0.0168145251413313,0.394713163385621,0.0168145251413313,0.00522707472598869,0.00640577178292952,0.00150610765244153,0.00430403621453482
"FD","FD_D","FD_I",89,88,89,1000,0.609280490370459,0.0173331394510852,0.390719509629541,0.0173331394510852,0.00549749836133401,0.00661174899240232,0.00157452743425672,0.00436500000272252
"FD","FD_D","FD_I",90,89,90,1000,0.609895797316195,0.0183517872799857,0.390104202683805,0.0183517872799857,0.0054051626517296,0.00676027927694596,0.00152466184953946,0.00431742840883493
"FD","FD_D","FD_I",91,90,91,1000,0.612461807600765,0.0194589078307205,0.387538192399235,0.0194589078307205,0.00536540957100453,0.00674241905658387,0.00158815113357738,0.00468474284815033
"FD","FD_D","FD_I",92,91,92,1000,0.619337871687175,0.0203706771853771,0.380662128312825,0.0203706771853771,0.00531075557250818,0.00681315057915349,0.00154095013723613,0.00480991999867284
"FD","FD_D","FD_I",93,92,93,1000,0.628716720078292,0.0207265990484335,0.371283279921708,0.0207265990484335,0.00602219561858787,0.00722150190550194,0.00151880750525395,0.00487455780773774
"FD","FD_D","FD_I",94,93,94,1000,0.627424137522386,0.0208307784391933,0.372575862477613,0.0208307784391933,0.00717046833698154,0.00844040483097467,0.00175157025234411,0.00548473400629038
"FD","FD_D","FD_I",95,94,95,1000,0.624608910779717,0.0217572626080625,0.375391089220283,0.0217572626080625,0.00758435969070192,0.00907320867020979,0.00188955917034491,0.00591295322434829
"FD","FD_D","FD_I",96,95,96,1000,0.616882130730171,0.022924237161395,0.383117869269829,0.022924237161395,0.00753145378230349,0.00940061533615431,0.00160259282916201,0.00539523709409678
"FD","FD_D","FD_I",97,96,97,1000,0.624009513205968,0.0225182686611927,0.375990486794033,0.0225182686611927,0.00789217129750821,0.00910997563463966,0.00116779733919294,0.00492790995119119
"FD","FD_D","FD_I",98,97,98,1000,0.625790183298827,0.0231368313127276,0.374209816701173,0.0231368313127276,0.0074727678822908,0.00920087741948474,0.00104016105864994,0.00465054941178471
"FD","FD_D","FD_I",99,98,99,1000,0.625669921880139,0.0235121462739043,0.374330078119861,0.0235121462739043,0.0054811222525903,0.0084695496025629,0.000701519616293843,0.00387291306033978
"FD","FD_D","FD_I",100,99,100,1000,0.626477622312391,0.0243952016387608,0.373522377687609,0.0243952016387608,0.00589589114607252,0.00906941581276125,0.00101726674924068,0.00470200087231219
"FD","FD_D","FD_I",101,100,101,1000,0.625362753706888,0.0250402764775566,0.374637246293112,0.0250402764775566,0.00545033303230748,0.00860069832264962,0.00080963084291329,0.00430851456824912
"FD","FD_D","FD_I",102,101,102,1000,0.625627731519617,0.0257526764417533,0.374372268480383,0.0257526764417533,0.0053607617286758,0.00887647771805139,0.000935985355321987,0.00460014711440807
"FD","FD_D","FD_I",103,102,103,1000,0.625103078018552,0.0254648225546668,0.374896921981448,0.0254648225546667,0.00508367312261431,0.00832642018662921,0.000884706557464142,0.00458927649504136
"FD","FD_D","FD_I",104,103,104,1000,0.616877232340166,0.0259984379839635,0.383122767659834,0.0259984379839635,0.00543696995623984,0.00906634409031042,0.000591746671879589,0.00378455880435453
"FD","FD_D","FD_I",105,104,105,1000,0.615139501689609,0.0272240140829139,0.384860498310391,0.0272240140829139,0.00551982231157692,0.00937749533317603,0.00100665920469966,0.00544546503964663
"FD","FD_D","FD_I",106,105,106,1000,0.62531894212409,0.0281793034870546,0.37468105787591,0.0281793034870546,0.00530998034533438,0.00950933945178993,0.00115336470176899,0.0057463409414234
"FD","FD_D","FD_I",107,106,107,1000,0.620671985182436,0.0284764456611215,0.379328014817564,0.0284764456611215,0.00523752311149672,0.00957585337242587,0.000859611491028313,0.005081187865187
"FD","FD_D","FD_I",108,107,108,1000,0.614049503574012,0.0295102875815386,0.385950496425988,0.0295102875815386,0.00468273972756932,0.00970661755307771,0.000884562326415737,0.00513778705090114
"FD","FD_D","FD_I",109,108,109,1000,0.620855348443245,0.0310479786671447,0.379144651556755,0.0310479786671447,0.00580973147544861,0.0107669222550331,0.000689318775458614,0.0047211096224304
"FD","FD_D","FD_I",110,109,110,1000,0.624358194549841,0.0307842615644633,0.375641805450159,0.0307842615644633,0.0062341856006521,0.011401094789989,0.000713369442140249,0.00520101554400133
"FD","FD_D","FD_I",111,110,111,1000,0.615406680497504,0.0315747648562542,0.384593319502496,0.0315747648562542,0.0055817126931694,0.0116352712191118,0.000854912125912657,0.00599832549054453
"FD","FD_D","FD_I",112,111,112,1000,0.623014147423394,0.0314712562492277,0.376985852576606,0.0314712562492277,0.0114471365680854,0.0149450062759042,0.000894706178993816,0.0060434897174193
"FD","FD_D","FD_I",113,112,113,1000,0.619848493621318,0.0328252753161526,0.380151506378682,0.0328252753161526,0.0122188485907345,0.0165917411522452,0.000769694265747272,0.00554767545416122
"FD","FD_D","FD_I",114,113,114,1000,0.621667834450404,0.033471513972578,0.378332165549596,0.0334715139725781,0.00811037829773743,0.0149171264218851,0.000778828073983547,0.00594920241288729
"FD","FD_D","FD_I",115,114,115,1000,0.624522986063784,0.034150547706516,0.375477013936216,0.034150547706516,0.00957523957806383,0.0155002063430865,0.000664383230438913,0.00541666911947657
"FD","FD_D","FD_I",116,115,116,1000,0.633830665740534,0.0337213027549067,0.366169334259466,0.0337213027549067,0.00973261250996732,0.016512427830818,0.000886606362027749,0.00706550888529908
"FD","FD_D","FD_I",117,116,117,1000,0.665168355321217,0.0354521595735967,0.334831644678783,0.0354521595735967,0.00673270469871007,0.0138950107143284,0.000796501483932108,0.00674495552673242
"FD","FD_D","FD_I",118,117,118,1000,0.682824389808187,0.0418009530892497,0.317175610191813,0.0418009530892497,0.00900420928989411,0.0170540779684387,0.00095590887082486,0.00816398013693215
"FD","FD_D","FD_I",119,118,119,1000,0.705967079070666,0.0468580421642937,0.294032920929334,0.0468580421642937,0.00909393126509689,0.0183483175660281,0.000951389293672088,0.00874691765320748
"FD","FD_D","FD_I",120,119,120,1000,0.757834483761031,0.0517729323137138,0.242165516238969,0.0517729323137138,0.00877022610454248,0.0178501795044302,0.000380206692041009,0.00609072732687228
"FD","FD_D","FD_I",121,120,121,1000,0.766473295362149,0.0551717658427336,0.233526704637851,0.0551717658427336,0.0100057305849039,0.0193302571128945,0.000943665328563368,0.0109848864003009
"FD","FD_D","FD_I",122,121,122,1000,0.797810220213472,0.0623629366443992,0.202189779786528,0.0623629366443992,0.00876919220513637,0.0186103792401704,0.000682383477470217,0.0100353109382112
"FD","FD_D","FD_I",123,122,123,1000,0.827571866953649,0.0691778619811962,0.172428133046351,0.0691778619811962,0.0108927207595884,0.0231198462410131,0.00208061041448339,0.0204061101697902
"FD","FD_D","FD_I",124,123,124,1000,0.839135431510659,0.0747553630593222,0.160864568489341,0.0747553630593222,0.0125714766179701,0.0245918139118473,0.00192665781063282,0.0218114384934319
"FD","FD_D","FD_I",125,124,125,1000,0.840290660877352,0.0818789823363737,0.159709339122648,0.0818789823363737,0.0134786334036814,0.0263875019861627,0.00112000851264479,0.0135110734513277
"FD","FD_D","FD_I",126,125,126,1000,0.844670618335183,0.0870015621004782,0.155329381664817,0.0870015621004782,0.0132229504458479,0.0262306793921725,0.00171453929885451,0.0191733605216575
"FD","FD_D","FD_I",127,126,127,1000,0.883844964297979,0.0805738935774386,0.116155035702021,0.0805738935774386,0.0270632932442257,0.0369511651303789,0.0019881225681208,0.0255614652286576
"FD","FD_D","FD_I",128,127,128,1000,0.912415816102227,0.083440387872607,0.0875841838977729,0.0834403878726069,0.0295789576791999,0.0395257941587872,0.00160794094410424,0.0222200541894135
"FD","FD_D","FD_I",129,128,129,1000,0.933317587045792,0.0822164238277251,0.0666824129542075,0.0822164238277251,0.0249923024643633,0.0384870563934046,0.0015279421043168,0.0229452627738852
"FD","FD_D","FD_I",130,129,130,1000,0.939697987427261,0.0920271416008703,0.0603020125727388,0.0920271416008703,0.0109659852087797,0.0292100536736019,0.00061773051302908,0.0138891282270175
"FD","FD_D","FD_I",131,130,131,1000,0.946060288403529,0.0926228236074529,0.0539397115964707,0.092622823607453,0.0113577721837345,0.0304159054401709,0.000331376373465779,0.0104790410291845
"FD","FD_D","FD_I",132,131,132,1000,0.949235091548187,0.0987097252909866,0.0507649084518133,0.0987097252909866,0.00960475977317008,0.0321756238961338,0.00350563018012837,0.0885615781143502
"FD","FD_D","FD_I",133,132,133,1000,0.956688459163239,0.0986107075804303,0.0433115408367611,0.0986107075804303,0.0129694092718478,0.0410130861518272,0.00099775852406497,0.0272706828392351
"FD","FD_D","FD_I",134,133,134,1000,0.965145460203857,0.0955621750700769,0.0348545397961426,0.0955621750700769,0.0132835803152042,0.042864324106507,0.000155003330154955,0.00490163568200718
"FD","FD_D","FD_I",135,134,135,1000,0.976011222452226,0.0908080017658019,0.0239887775477738,0.0908080017658019,0.0129887167185071,0.0480557379148228,0,0
"FD","FD_D","FD_I",136,135,136,1000,0.987681254800839,0.0798684310396833,0.0123187451991614,0.0798684310396833,0.00886023551110198,0.0464427824743118,0.000764161700499115,0.0141459042230408
"FD","FD_D","FD_I",137,136,137,1000,0.990834212271873,0.0839601188700997,0.00916578772812736,0.0839601188700997,0.00415620656518989,0.0417426468276619,0,0
"FD","FD_D","FD_I",138,137,138,1000,0.993004082023382,0.0826566527689743,0.00699591797661777,0.0826566527689743,0.000766862494973724,0.0171446647964811,0.000397709931744835,0.0125766923238378
"FD","FD_D","FD_I",139,138,139,1000,0.993,0.0834143750078963,0.007,0.0834143750078963,0,0,0,0
