ECO_ID,AMT,MDTR,TS,AP,PS,AI,PET,SRAD,Wind,AMTd,APd,Elev,Slope,Sand,SOC,PH
10101,27.04601404,1.5,20.6779843,3931.381247,11.81701776,2.438716409,1430.695505,15452.36948,2.387757985,2.973327721,672.5520091,112.6564885,2.194972214,41.92901619,2.084654541,5.461685351
10102,26.75646752,1.049348146,79.23599365,1989.69686,62.80455731,1.051858603,1735.610336,18880.66635,2.66960451,3.080878753,-291.7527553,104.5950503,1.820404385,45.51757409,2.565974811,5.661566779
10103,26.63612549,1.551934207,18.8880597,3118.220225,16.22692659,1.762304163,1459.840575,18128.82612,2.260653398,3.322321719,-108.1582952,153.1794786,2.111756893,43.90794979,3.197655655,6.679755553
10104,23.7686536,1.83075928,56.49047666,2402.95512,50.65101005,1.300678319,1540.569106,17357.2098,1.904970888,3.022403349,252.6521559,562.760815,5.814889458,50.18932377,1.676333958,5.035813131
10105,18.99170032,4.822778131,33.86203031,3408.200654,22.0332236,2.37484374,1372.083507,16074.64447,2.239812233,4.54089121,864.4618163,1413.716688,8.324003088,39.79962802,3.428184131,5.422590369
10106,25.53187987,1.864805724,24.88286649,2317.41929,19.7840344,1.332329079,1514.970582,17209.96489,1.930245255,2.907181328,-105.148118,285.1482006,4.333801208,53.33300502,2.216073046,5.537348625
10107,19.77254547,3.85120401,30.93292683,3070.767156,37.80074411,2.050614436,1299.402264,16282.0759,2.994015058,3.661835063,459.3792974,1205.269607,9.285728984,40.63285973,3.038906257,5.468406131
10108,25.23820704,2.144468161,20.42753469,3451.969406,15.69761651,2.037859758,1506.912377,17984.06872,2.470001217,3.857830222,318.4169708,323.9948886,6.453003682,47.55115865,1.951973566,5.721426074
10109,19.38,1.3,220.075,1800.2,15.1,0.743795455,1487.133333,16541.6334,4.85,3.1,-144.9,109.4666667,4.831875324,49,1.595000029,4.900000095
10110,26.38543527,1.109598214,78.52583705,2643.038504,28.13113839,1.450285707,1729.960558,20694.40739,2.910163835,3.558698975,188.2881128,134.7597087,3.426627779,42,2.195999861,5
10111,25.3822611,2.491608956,32.50884865,4069.071186,34.96977854,2.041738425,1617.911958,18839.94926,2.388897107,3.03194092,1012.043616,232.7256765,3.497945062,41.37656093,2.888099452,5.883143281
10112,21.2020424,2.669793647,34.53035425,4810.555603,30.72441721,2.25245639,1423.453137,18341.30854,2.641092174,3.134582359,1572.011908,919.0264066,7.418819029,40.98112809,3.053892568,5.809379709
10113,21.93265971,2.638435205,204.1228038,1828.162277,46.17817901,1.122188224,1657.113192,18571.88886,3.718584117,2.547533562,-35.44916689,308.820794,5.617716133,38.70608127,1.867491283,5.447729806
10115,25.79005387,4.454238276,20.54496008,2786.267047,24.78673004,1.808769322,1519.603885,16656.40096,1.461625885,3.455490763,623.1503572,147.0919712,1.416967792,38.2466545,4.903402492,5.312427731
10116,23.66290786,4.304596008,20.03795758,3040.197687,20.42737718,1.850237282,1480.911817,16682.18466,1.678066372,3.658193136,361.2946337,522.2430848,4.654270249,38.72515288,3.406651068,5.085091742
10117,22.74131308,5.399539011,278.6829657,1891.589769,81.72647963,1.052875881,1848.717325,19760.17809,4.189643678,3.584404521,84.62940927,302.29457,3.251245001,41.01651171,1.602195709,5.792609368
10118,24.79024304,2.490860621,57.23056827,2574.055983,27.84791398,1.92056359,1475.243319,17038.20578,2.097082623,2.86300132,60.00268646,348.2308009,4.64266887,50.51568742,1.820453199,5.200677743
10119,25.59271592,1.649093093,37.81491892,3376.830799,21.51661261,1.879868105,1647.573443,19371.31006,2.117650843,3.087438896,350.6791922,298.1681933,4.496986238,44.54203244,2.015991381,6.111487511
10120,21.59972954,4.565621461,57.66485405,2574.501776,31.07670826,1.641345464,1574.188256,18447.99405,2.777678887,3.257074588,71.28835274,788.6159911,6.286499812,41.25169671,2.964206243,5.380935182
10121,25.94399928,4.0895497,58.9038381,3244.861287,35.26665014,1.844890941,1644.337144,17678.81219,1.75485884,3.440018593,679.2683967,27.83733283,0.231835571,36.9145026,10.40842231,5.239807336
10122,25.67246667,4.561008333,55.90737014,3954.051403,24.752875,2.303829861,1603.186062,17319.51826,1.391972019,3.534612932,1257.48592,84.36813347,0.688490794,44.12018917,5.795844121,5.354920245
10123,25.72068682,3.086242173,38.05032494,2194.408447,36.46196475,1.231374028,1649.089989,18007.69998,1.7095986,3.415688446,222.0651647,227.1382552,3.574572742,48.49561298,1.706334195,5.526996625
10124,21.12907367,4.136137914,31.30343427,2636.917876,33.92136013,1.584410523,1451.111518,17300.88911,1.626453313,3.77201145,322.1101007,1005.129922,7.408199726,45.65369258,2.524750399,5.168672182
10125,25.38977739,1.347633456,70.81097904,3489.295008,21.39247893,1.762409413,1675.686554,20345.17385,2.763248584,4.034871811,407.5893425,299.2083616,6.434835497,43.2787027,2.450069619,5.724973033
10126,24.32682185,1.089207777,104.9761209,2811.687012,33.16644624,1.727087694,1561.741478,18386.40159,2.911760326,2.75297639,35.27866607,298.7180214,4.684817249,49.99124712,2.26605642,5.785025149
10127,20.82073046,3.536570215,26.85638465,3219.768438,22.91854065,2.390418152,1286.81435,16694.17349,2.248084997,3.395376747,94.04513841,1011.470687,7.365790532,45.53064785,2.553580771,5.218079501
10128,25.1989528,3.53443317,38.51003293,3135.815111,22.4386466,1.840748058,1553.742108,17375.63277,2.003918838,2.869773944,368.4063032,212.1640041,2.624400556,43.02396768,4.775146216,5.370802016
10201,25.06638522,2.206502822,59.21010425,1685.569616,77.42506354,0.938003756,1695.023593,18184.44522,2.505514338,3.155477025,-39.57254566,414.7789325,5.536901429,46.64786347,2.85900498,6.04780493
10202,23.27197533,3.050081625,210.7034464,1221.620715,47.88427354,0.759585348,1862.712679,18960.0786,3.876538056,2.559597481,135.0818077,72.11050795,2.459000334,41.8576779,1.624676913,6.012715439
10203,25.45426527,3.197515528,72.86851954,1569.224939,79.22171554,0.878221055,1807.46941,18762.82768,2.591660065,3.03841123,17.29217719,330.8990107,2.712335506,50.32042808,1.360853178,6.39930759
10204,25.002514,3.192708888,83.00758762,1365.557642,76.11292734,0.831283618,1773.762292,20070.61401,2.255694135,2.844662804,-429.9730063,424.7206439,4.485472515,50.80932236,1.108730077,6.750635923
10401,11.57665474,1.7,214.3691413,939.1762075,19.31127013,0.892945134,858.5157563,13182.15352,6.974010841,2.164624089,-1.206167966,89.94642857,1.233280591,24,35.85700226,4.800000191
10402,17.39368383,7.991714562,405.1683986,983.4467401,37.00212085,0.614102951,1663.325027,17758.91644,3.028332776,4.001908479,-6.654189194,415.4175221,2.399464326,47.14251639,1.5834022,5.854635321
10403,7.158040229,4.074818641,266.6459826,2926.847164,10.73312816,2.54812594,903.3635387,12419.92019,6.776517811,3.78036254,76.25367855,685.745619,12.40136147,47.63744403,2.895311917,6.18517477
10404,9.720411309,5.075167342,310.6247754,2299.387485,14.56416241,2.812607032,1019.821004,14000.66758,4.912611834,2.58197954,-87.44241119,550.0925934,7.365713567,44.22298101,2.644017496,5.231722063
10405,12.1120233,5.309622451,316.1161853,1501.514314,17.67597641,1.369762672,1122.259738,14359.40316,4.402959559,2.681964191,62.02476465,386.147555,3.20504541,45.79037609,3.962660486,5.363500478
10406,14.87252086,3.777699564,287.2368909,1473.673943,19.86618316,1.270143076,1146.616331,15039.04179,4.610809498,2.236994814,20.93450874,121.2966063,2.074904716,44.99351145,3.208950736,5.208306217
10407,9.686115385,2.0545,177.1555,1331.396154,11.43307692,1.382390982,869.7770327,11869.61805,7.667005468,3.434272547,-168.8096876,182.2476949,4.052758409,79.67164179,5.030932779,4.901492631
10408,10.23549236,4.422136192,303.9099911,1266.400933,14.75655152,1.343672491,1097.335454,14074.84968,4.672092973,2.592040352,76.5503024,520.5553276,7.150890461,44.52756735,2.431998277,5.311207391
10409,13.87366458,8.09406995,452.3680759,739.5814061,18.3084968,0.523180802,1530.96011,16539.58915,3.634648407,4.033342622,51.02802745,421.585633,2.096349322,43.69378673,1.422310925,6.215667301
10410,9.445189066,3.959422169,257.1541418,1128.111572,13.13880388,1.167867215,1020.075617,12479.95347,4.94926826,3.054407768,42.72479414,216.9966894,2.844567976,49.32991302,4.308172193,5.146465796
10411,9.381905898,6.09509717,311.7685305,1094.030003,20.5065121,1.096467373,1077.589976,13961.55896,4.637259555,4.291515447,-73.53743052,595.4453517,3.563389816,41.86338518,1.375210226,6.017372684
10412,12.0611898,4.277014873,272.7802443,842.5921742,20.38371105,0.74241302,1147.824029,14400.6321,4.748054961,4.210331205,-26.32323812,263.8980392,2.975691071,48.79599703,1.570711794,5.863439252
10413,10.89763951,4.632812627,257.4336558,1640.969939,25.99423625,1.678693311,1045.692651,13945.93527,6.044163787,3.711920866,-128.4031259,294.691996,3.919105572,55.29638456,2.948854912,5.359303351
10414,9.731464802,4.999952595,313.248886,4025.352335,12.81713676,3.236100637,1053.828585,13829.30321,5.446691003,3.368758337,752.2927547,419.5366809,8.442942623,48.53711377,2.980394511,6.172238474
10701,26.97214947,7.493522531,187.4940886,1319.975811,105.6674762,0.591213965,2208.377879,20826.91116,2.30861033,3.234550469,-223.6388768,103.2315206,0.56933638,56.79466469,1.163559438,6.132805379
10702,21.55913246,9.404741855,445.0863681,654.944375,53.30060716,0.310749993,2119.823238,19770.57872,2.581865083,4.456196451,-1.967683783,299.5270031,0.777588,45.76986401,0.962891445,6.925126933
10703,26.04666843,6.648288905,162.2560109,1381.619913,114.0244217,0.682960426,2118.619918,20149.23848,2.828945345,3.608085503,-130.7021334,92.42334474,0.55158755,53.31810367,1.406570185,5.384765996
10704,26.43415551,9.662611489,318.5202214,769.9941609,114.7894155,0.305849549,2577.841054,21459.0563,2.461619731,4.22232548,-45.10835414,126.6470012,0.286385663,52.4853974,1.013189213,6.323122916
10705,23.23845857,9.176393139,310.347144,815.882574,101.2094889,0.378589113,2218.290832,20503.67908,2.639118448,4.507222862,-11.47538768,472.6821365,1.054948281,58.36299291,1.052662184,6.337884094
10706,27.33102518,9.632522176,278.552652,834.5738193,115.5484601,0.319467995,2668.082825,22101.22329,2.395116395,4.008419634,-25.16154003,207.7489368,0.884999042,59.602208,0.800988756,6.926918025
10707,24.86418003,10.73783773,492.5051338,427.2745118,85.89531125,0.158923677,2796.24747,21694.75142,2.732598834,4.77392508,-24.99452698,252.2493813,0.268413364,36.66798849,0.831009803,7.383727686
10708,26.1304417,4.225277451,77.72820619,1759.978567,59.74967405,0.996486198,1705.8825,18413.62785,1.800686322,3.704913158,45.65509559,22.68055867,0.15085062,44.15294793,5.396314753,5.298525881
10709,26.97947463,10.44812517,367.5467312,618.4037867,111.2452039,0.233942359,2801.049827,22100.30308,2.474157061,4.360148125,-53.34338006,250.8292952,0.390364038,55.86635045,0.780902002,7.043999595
10801,8.898026583,5.904137211,348.9894596,734.7945325,14.73733821,0.840679316,1152.338802,13569.60158,4.156754139,2.876147009,77.38466923,466.928743,3.886073623,44.7363968,2.333117514,5.428969537
10802,21.52480334,10.74542243,609.5271656,364.4137955,38.69524908,0.155679485,2422.964443,20109.2562,2.562478863,4.468881,3.67957827,210.0086285,0.23430686,55.212637,0.678294613,7.215510083
10803,18.36887144,10.02597753,574.0611802,442.5292803,20.12149432,0.22930393,2056.483409,18187.07943,2.853718958,4.312530036,15.67589758,184.215706,0.299541889,41.02143347,0.866385114,7.227959819
11001,8.464969871,8.311041607,460.5048494,1076.759082,19.44482066,1.055069718,1184.679835,16030.3274,4.222579332,4.46179463,21.15779561,1243.719913,6.028828312,35.8980248,3.415246897,5.52560861
11002,10.04650741,4.775282812,32.32820977,3479.723943,20.19417902,3.396424193,1012.983084,15260.38821,4.077385396,5.917734347,949.6400787,3090.156525,10.14763226,42.32189148,3.565279677,6.028910353
11003,5.54962309,6.14651611,357.5491413,1962.885062,12.6011284,2.557212722,1035.55745,13551.314,4.942202077,3.356498741,-17.10450958,1080.390812,12.06712306,45.27428003,2.701363136,5.552642684
11101,6.633651026,1.920747801,134.6513196,1065.855572,11.73826979,1.830376258,562.6078261,10197.20486,9.234282605,5.576046071,-86.30685073,213.6686957,6.098798299,78.33333333,4.621981422,4.913888971
11201,18.4768366,10.04965898,481.5924843,268.7190376,26.19087777,0.120313629,2256.255871,19535.64102,3.633904661,3.26871222,10.36359346,317.796944,0.379363438,59.6580253,0.532794351,7.140591434
11202,16.68139444,8.681803248,381.8274158,390.063095,32.32663182,0.200246933,1915.099292,18489.86566,3.759530513,3.051950719,9.061993653,248.2319357,0.457248021,56.32038454,0.927800285,6.996264678
11203,16.83873379,7.389847543,374.7552126,371.2750814,44.15576035,0.181418338,2032.590988,18764.48694,4.219093552,2.204438609,10.79372878,94.84552271,0.515479143,51.5961387,0.760614784,7.76072373
11204,15.79526294,4.818202765,254.3171795,1078.708593,65.529344,0.696025773,1531.200218,18383.38821,4.901243427,2.758193337,-4.737324493,112.6630849,0.875470005,67.61382251,3.169928924,5.328701028
11205,18.71870725,7.322122146,395.9628648,710.2193912,81.93305077,0.314071626,2174.665836,19980.33041,4.410752951,1.80392113,18.55914003,91.84253968,0.529231782,70.05427513,1.494475783,4.699177268
11206,15.05903622,7.242393376,385.2406213,525.4258995,42.92819276,0.306555826,1849.213017,17990.42167,4.314296406,2.694752204,13.19478199,307.9195738,1.360847129,57.37638893,0.674204359,6.776984683
11207,17.07648441,9.863083717,519.9299221,321.0397239,19.87249375,0.165676898,2067.152155,17907.89935,3.40112216,3.455942018,19.43405718,86.96375462,0.215608596,46.62562677,1.021759875,7.642412354
11208,14.791994,6.64487811,331.6213727,609.8426053,43.39124891,0.401167986,1564.056213,16248.51854,4.478682411,2.726001935,23.35766534,43.3064204,0.295225182,50.91546448,2.275301364,6.211181504
11209,19.50365526,10.10969795,519.628192,343.6064465,62.23533319,0.147156929,2361.112871,20111.40142,3.485517345,2.699128805,0.998334977,291.5674147,0.54232724,60.78882285,0.741592027,6.660599368
11210,15.97875037,7.940075046,371.8727607,734.0977003,68.84212247,0.387825511,1844.408636,19060.75846,3.772163695,2.446898645,-11.20258612,245.3641955,0.979094313,62.82199352,1.3459788,5.873447718
11301,24.17066717,9.957996837,468.6008693,244.1147096,74.84288023,0.086175964,2930.08077,21956.95487,3.521154925,2.373824778,4.008616193,104.6158255,0.234067265,68.55880486,0.433130785,6.84998308
11302,22.18214265,11.53640885,619.7933322,279.6911494,50.72521352,0.100149738,3012.332744,21940.7581,3.492281626,3.9964208,14.28996014,557.2610329,0.551670201,68.26912458,0.576937029,6.838396992
11303,24.68234123,11.56093304,621.7868028,267.31857,54.13465001,0.080610817,3292.266654,21994.60108,3.699704182,4.535465461,9.267590322,427.1545791,0.305450664,75.0146294,0.590215417,6.178602158
11304,25.72387866,11.21463614,540.0088241,363.7238116,85.11229964,0.114024086,3169.248019,22369.30961,3.172517751,4.491519134,-7.320596578,368.4900487,0.255732957,73.38354675,0.590704562,6.116695535
11305,20.14504835,11.27081092,566.704034,233.320188,28.50618667,0.07611966,2863.168018,20932.17097,4.058950462,3.118523337,11.69843083,352.5060623,0.333855187,66.43285186,0.780004447,6.244619056
11306,18.73891379,10.4354453,441.3153069,206.432391,18.26591918,0.080312652,2489.408998,20034.19253,4.053234463,2.24772416,11.09357147,165.0792076,0.112567582,52.5704175,0.649652374,7.921263353
11307,25.94561712,10.94422704,501.4277051,322.7295452,89.85992416,0.108236829,3121.078405,22405.9587,3.130087959,3.805769318,-19.98499106,340.9327867,0.714665872,58.09303654,0.576252965,7.805636229
11308,23.50235145,11.11876458,636.183974,209.4598092,50.77704557,0.071525052,2891.974547,21418.7299,3.039587641,4.449299414,1.214518767,117.6375728,0.192860147,42.94988,1.000404748,6.631337496
11309,19.82053022,10.69444492,583.3467246,199.2656975,24.43336935,0.075613425,2728.283936,20326.12856,3.818308731,3.426967642,1.255079143,164.4746777,0.44866946,46.99914149,0.577141835,7.563744242
11310,22.99877027,11.33281086,616.1210904,237.6994278,54.58619195,0.084046225,2955.387193,21467.53149,3.536447497,4.49256848,8.539547009,449.9324318,0.333158776,60.67740495,0.50925417,7.30551588
11401,26.21522569,3.539103725,53.09629785,3402.849457,27.82695292,1.722845091,1639.097964,17705.73277,2.397727134,3.333753281,761.024834,19.90848806,0.291444972,24.44701624,24.03450809,4.702204943
21103,-2.094798599,2.085604203,231.7942907,1227.359428,20.25814361,3.679722587,254.919995,8462.35321,6.472416105,13.19986581,114.761099,379.8403049,6.951623058,27.36082474,42.20550389,4.498195878
21104,2.522838419,2.038580791,157.7855049,1067.668945,13.57332112,1.297120226,714.6565884,11996.94319,8.601436525,6.724073924,94.70884019,293.1958484,6.462473595,45.97807926,2.628514009,6.459771333
30101,19.01972869,7.208032907,69.72435205,1388.161327,48.37420063,1.002841952,1389.869149,15410.13695,1.926811563,5.68747278,-3.040234739,1634.660079,3.459571582,45.06737688,2.188573305,5.018412457
30102,23.9017524,4.192134999,79.25840646,2021.86952,65.49980549,1.721889438,1132.704187,12659.79885,1.232472177,3.314501065,46.91381104,318.3637199,1.347323185,48.7453622,1.570355824,4.942505299
30103,21.10806817,7.06915125,141.1695078,2066.895795,77.98932616,1.28841275,1542.51432,15587.48076,1.627463718,5.714599221,13.56670854,1160.495481,4.465244548,41.22620943,2.184877707,5.262706587
30104,23.61846784,4.719196428,40.92014249,1880.187462,32.73405592,1.420898107,1312.801436,14790.44843,1.080097449,3.479571127,84.98998575,425.1042361,0.51816447,49.77713353,1.514155373,4.630437745
30105,24.1793412,0.993127288,111.6274908,2143.209028,63.93859292,0.951997356,1975.336865,20838.35309,3.399911702,3.486982666,-185.7298402,459.4291391,8.140653818,43.54530131,2.845253243,5.888706203
30106,25.72555359,4.671415612,111.482945,2200.25735,67.02944208,1.649823805,1380.946591,14700.99564,1.490561373,4.300861871,-168.8601076,79.66989731,0.529337994,47.37847981,1.312372888,4.778653042
30107,24.74685575,4.73035031,110.840201,2769.780584,69.46440244,1.834942384,1336.496416,14459.39453,1.472089959,4.437735575,184.3327067,308.5145831,2.428393757,40.47754304,1.850381669,5.270572631
30108,18.23278774,9.633747002,100.7726769,1092.805724,54.41207459,0.719696242,1601.006578,17726.24098,2.342008979,4.878555453,134.1723218,1968.536938,3.566399744,38.13337614,3.073392707,5.902253632
30109,19.30547013,8.109010047,152.4204401,1121.753142,83.6882855,0.738686908,1537.931083,16746.77767,2.450834587,4.440620356,181.5728336,1332.562577,4.568527276,43.8448015,1.924911443,5.824857586
30110,24.03881208,4.470636904,46.2000037,1823.404733,30.6301664,1.374694597,1356.481262,15232.34657,1.033570453,3.602812261,107.9718745,360.1904044,0.253490761,42.87151846,1.313698547,4.832850051
30111,25.84671098,5.48486176,110.1050767,1368.127922,58.09877615,0.893389955,1523.572848,16646.7208,1.352325766,4.652443979,-10.6589167,190.9802128,0.758293656,55.25051399,42.13033083,5.175190677
30112,20.93193465,9.016563896,143.316396,1097.479703,82.85984867,0.552781231,1965.718197,19955.00323,1.889112195,4.740453825,77.96220686,1500.265826,3.980174065,42.39519454,1.982736783,6.479705431
30113,26.19861111,1.086805556,72.74131944,2357.128472,45.87152778,0.621557297,1948.540404,20757.01895,4.433249156,3.043326558,38.40218496,180.4747475,7.6133718,50.515625,3.051175656,6.616015442
30114,23.78721569,8.249162042,176.0560942,1790.755577,87.72986723,0.965604122,1876.722401,18261.68375,1.932434208,5.481606029,123.5460991,761.4961913,3.313130659,49.95473094,2.595920534,6.124617675
30115,17.35367733,9.521526967,334.4317067,766.466262,24.3714686,0.413565284,1580.305295,17861.13546,3.377093096,3.330517963,-113.6872795,423.2073571,2.988069571,56.4644605,1.83020153,6.458168168
30116,20.18179323,6.946531648,255.7402645,1002.701031,41.78674208,0.62418456,1557.758106,16709.82613,3.414958699,2.784535793,-107.9988195,207.9694969,2.150490374,54.98833589,1.453568574,5.518932388
30117,21.68360802,5.065146679,217.0506663,2369.177491,50.16954379,1.370273574,1582.117498,18048.3403,2.372574114,3.309894831,-186.2477452,459.4290351,2.746144989,41.78850161,1.924701928,4.961924546
30118,20.02741278,7.849771391,211.8748697,1480.684503,95.12506497,0.799434822,1737.323634,19131.67504,2.218836321,4.675961121,-107.5129466,983.9386628,2.989485751,43.93041969,1.901834778,5.269387193
30119,22.60327957,7.052111205,253.6124863,806.2782662,58.17136814,0.478621568,1636.737413,16957.55629,2.299467245,3.22815093,-21.21195237,92.02103672,0.76139427,63.32802166,0.761177922,6.203123164
30120,21.03931334,0.949500094,177.5954726,2293.373892,60.30333899,0.843578495,1600.415348,18379.86129,3.424993405,3.228720423,-144.2327605,638.7810522,6.918166851,41.04949923,2.382555071,5.748285761
30121,17.98433283,2.715292354,77.90097451,3452.356072,76.44377811,2.512838876,1126.213483,13849.68303,2.836073651,4.109276654,237.0699296,1373.296629,10.65017412,56.19850187,2.876250126,6.540374594
30122,25.79449193,4.238811728,98.81189459,2552.774869,63.11366334,1.922251439,1401.627706,15119.74574,1.764738004,3.807770256,-389.887385,18.77327211,0.123654839,35.22947706,1.4438478,4.79830229
30123,25.80507067,5.248277395,117.6243476,1686.608645,66.63654488,1.130367301,1463.839111,15341.64857,1.597837428,4.46199603,-18.92639056,159.5019511,0.614331271,49.76320055,1.009569215,5.118193243
30124,23.07595408,5.393587948,65.44688682,1827.567094,39.02729165,1.167026245,1478.427158,16247.75328,1.247680768,4.10086184,140.9826606,619.1216996,0.85445639,49.23949235,1.703160564,4.981706397
30125,26.13421256,5.796018774,122.2175236,871.9606055,71.55908801,0.493203013,1823.658411,17780.1671,2.803113972,2.851198267,155.9564521,120.359336,0.576874512,49.45393397,1.15880331,6.298465478
30126,23.31129037,4.944585573,71.23344318,1618.283349,53.13890354,1.294073476,1285.426065,14403.70253,1.088991793,4.109326007,143.4507396,530.6863518,0.734780757,44.76769616,1.988771258,4.895439931
30127,24.33609672,1.013126079,111.7030225,1197.61399,65.77547496,1.914292952,1226.911922,15413.63945,2.593334813,2.816914066,-132.788012,333.3532028,5.818549217,33.79618387,3.681308028,5.868170028
30128,24.45251779,6.167799827,183.2398956,1020.749773,86.67457646,0.579199688,1752.749632,17833.20703,2.075884227,2.943624167,-11.70200112,157.2237434,0.800962676,57.81222729,1.163615684,6.245207346
30129,24.34994995,4.626348069,60.80196004,1639.274832,33.41266918,1.227237089,1390.957476,15731.5458,0.992931136,3.934859688,93.93556859,337.6993026,0.207911641,31.42884314,3.026187022,4.689358367
30130,25.09873087,5.168192393,96.67952483,2374.760893,64.92150916,1.528234422,1592.607346,16422.5335,1.577404821,4.325070994,37.77981459,225.8599219,0.722256385,47.89847593,1.702190733,5.06163831
30201,21.94465835,0.8,166.4539454,203.4586418,153.0097313,0.084809508,2027.278719,20128.57499,5.384508013,4.270670141,39.10659792,368.1196796,5.84187464,60.69572799,0.597635582,7.601918039
30202,25.49182162,7.420772957,142.3315523,1465.288952,116.7460453,0.660660791,2144.213209,20983.32424,2.207847864,4.172037802,-57.51231388,208.0638885,1.341982864,52.82878332,1.428205742,6.070769017
30203,21.81371899,9.396229129,227.2413902,1025.342256,104.0442696,0.522396864,1938.63524,17043.80269,2.63676474,4.050600328,53.25767453,1107.77217,0.309220312,73.54826196,1.193162577,5.43971899
30701,20.60610291,9.338040307,160.1927119,1154.461312,89.24168878,0.639051224,1809.397115,17071.57505,2.101612731,3.707833944,57.92024463,1244.233441,1.036589671,74.55123939,0.991797007,5.462396077
30702,22.29438756,12.4554163,285.010682,495.1457789,110.8315107,0.210271206,2322.99257,19504.68773,2.239307528,4.4136213,-29.36849983,1174.110086,0.420480941,61.29809658,0.612007051,7.290768749
30703,23.9375,0.8,124.4086538,305.8846154,36.21153846,0.164764486,1101.030303,16804.32996,5.464478117,2.455257009,-55.71351546,192.6060606,4.946637164,55,1.555000067,5.099999905
30704,21.39676579,8.644458103,175.0593484,1148.863815,94.64894656,0.610615151,1825.633785,17044.567,2.498049447,4.822242745,81.91331599,1168.037903,1.089402899,47.62419378,1.561629061,5.323758921
30705,25.88384028,8.74254912,181.3891976,1066.146281,93.60162586,0.494325191,2142.852887,19009.35293,1.859256004,4.507980269,199.1830158,588.3655721,0.681343759,49.77674,1.313597909,6.061564544
30706,23.02931112,8.025519562,179.5775084,1187.226193,97.91917535,0.6839654,1691.69355,17152.21744,1.812622987,3.832071404,57.2282246,553.3414939,1.278668097,53.68727452,1.365602717,5.734715684
30707,26.38481773,7.497801585,160.9436763,1405.417825,84.51230667,0.796254672,1814.260559,17170.54115,1.735527906,4.892849266,141.614759,263.82235,1.054245207,53.58176027,437.8563225,5.676511318
30708,22.37561822,8.715878525,146.8078091,926.2422993,95.91930586,0.41269515,2035.566949,17433.6123,2.774948451,5.606987579,183.7555372,1163.282335,0.99721052,54.54600694,1.175570213,5.354394452
30709,21.54341391,11.7652703,409.1144785,441.4844354,97.6340565,0.166011488,2502.919456,21093.49612,2.564943417,4.611680042,-44.41464078,1086.877078,0.203142286,81.18193559,0.360106322,6.495743541
30710,25.06547378,10.09397929,243.1379136,950.204704,117.9205492,0.393819348,2318.552418,19365.29007,2.315471487,4.618735871,258.3231517,717.7281215,2.524659089,60.96591676,0.603693723,7.314555758
30711,24.37165593,8.79092055,98.23723222,635.1211006,73.53415977,0.337596752,1983.208089,18585.49678,2.458065369,3.985782845,104.6601698,855.2771779,1.388964573,47.10967224,1.189491566,6.760413354
30712,24.15281833,7.296595075,130.3363007,1457.820748,68.04565804,0.84626453,1740.498216,17670.46493,1.458518702,5.124071112,165.1554537,682.5299336,0.755618459,49.32051799,1.563885045,5.371787173
30713,28.13803933,11.40889016,350.9120784,309.5489549,150.5428992,0.105747717,3042.892621,21015.77529,2.69540525,6.001387476,121.5512168,430.4491752,0.346776775,59.33047642,0.106451329,5.818645572
30714,21.42985025,9.987240314,109.0195436,768.9729498,74.69983361,0.374086016,1797.396462,17882.78802,2.7961628,5.451095079,151.1768393,1437.680519,1.594376584,44.75631211,3.657371121,6.034035321
30715,26.00946622,9.005057345,128.6512089,394.1536852,104.5570443,0.1639507,2392.326439,21013.39728,2.933720988,4.567338856,66.24506605,596.9253379,0.805653062,53.01653192,0.766725,7.624453656
30716,22.08234773,9.082155025,126.7807817,812.5837988,80.94943561,0.407371301,1866.534724,17826.15723,2.751167139,5.130106594,174.8199544,1183.876996,1.194892332,51.81620572,1.139833327,6.139729988
30717,20.20346766,11.64551466,380.4150185,538.1292169,88.41191805,0.265107307,2091.423313,20079.88214,2.33321145,4.731930515,-17.99877036,1026.095917,1.046865167,62.92832257,0.765639805,6.468981084
30718,23.0602813,6.532014254,69.58945861,1532.747627,57.78605994,1.015554773,1491.827258,15468.42857,1.500513114,3.55767272,113.6984191,660.2106978,1.051970296,54.06946058,1.472756038,5.085214744
30719,21.18321897,9.991954882,281.8709327,867.0968295,105.2029471,0.436720692,1925.143844,18886.24882,2.223411152,4.168106603,-35.65999877,897.7370436,1.311440934,51.66992472,1.488688856,6.16502678
30721,21.57570902,7.48087847,71.05436957,1277.483738,43.92064881,0.720419169,1644.071713,17289.03959,2.15513796,3.729153315,184.9776191,1208.443741,1.237472816,44.47088424,1.937154811,5.02640196
30722,27.68948583,9.950434504,242.3586876,868.3547645,115.7857343,0.368947285,2417.442239,19424.81598,2.185112092,5.036934572,228.8828473,312.0042808,0.504056434,64.34122404,12.89751061,6.228788688
30723,23.19881528,6.183274104,68.54380927,1465.882216,69.28234208,1.109166366,1330.144097,14028.32903,1.417074975,3.583033857,168.5137049,599.5796377,1.331997675,64.13918511,1.26870418,5.085148641
30724,21.95689482,9.493404739,233.2315653,975.5812975,104.2458611,0.503145173,1972.537903,17344.10915,2.567565731,3.873158823,32.79859102,1074.263804,0.209116771,58.27434342,1.095768967,5.799107577
30725,22.95178949,9.899482439,299.2825519,695.4481318,100.1861664,0.355754114,1970.581878,18563.74724,2.027663598,3.792772773,-13.3703417,519.8995007,0.820036244,52.70233703,1.113156477,6.565779788
30726,22.06485512,10.85459339,299.9877508,661.8436841,108.1369957,0.287443513,2299.985296,19607.41707,2.506330541,4.103892545,-28.72728793,1092.910397,0.195623793,82.97330412,0.49159293,6.158583379
30801,26.30868813,12.10046963,543.3614039,116.0193413,96.55422357,0.068341642,2816.931096,21123.20119,2.942001915,7.14376723,58.26405764,698.1637004,3.59907166,55.36658015,0.535975245,7.630688576
30802,12.82906977,1.813953488,201.4651163,1341.011628,14.36046512,0.609355769,1053.660377,14242.83019,5.923113202,3.73470357,4.772191287,365.9056604,9.467476322,32,1.815999985,5.699999809
30803,9.6512,1.9672,205.6528,2698.232,15.016,0.8508164,1572.444444,17666.83278,7.198765423,1.614086598,392.2474639,698.0962963,16.73849322,47,0.459000021,8
30902,23.14403959,11.94218399,326.7994827,428.5958165,111.967049,0.169468383,2456.436664,20357.893,2.189996609,4.883974396,-41.0810409,1089.352703,0.102990422,15.26683152,-0.486026756,1.937664446
30903,29.28003162,11.62335334,384.8370189,324.4505552,145.6127062,0.105630997,2985.613529,21068.06225,2.591410199,6.08075566,165.43947,269.1648221,0.099778051,47.67069709,1.084299704,6.160330649
30904,28.19060864,11.25725756,356.3787685,362.4272026,162.3229527,0.116849448,2981.894415,21205.41254,2.756584296,5.105665649,205.4571924,311.3291779,0.100174828,24.96064948,-0.389822404,1.993469693
30905,26.43988073,7.68877609,177.671533,864.8500592,86.9603862,0.404390395,2081.480773,17504.42235,1.853262039,4.725741465,101.526264,411.657586,0.028536334,26.3778107,3.755898141,6.24079763
30906,24.79578864,7.122782074,235.1791677,1149.408456,78.00848092,0.621338227,1714.782551,17362.78146,1.897662213,2.157145758,-5.730041386,26.47344783,0.158574735,49.55336576,1.496369169,6.519321471
30907,22.29519954,9.637585325,252.6471249,925.9861797,104.19942,0.449719732,2100.488952,18290.14392,2.696087888,4.64586011,61.63123096,1001.271032,0.261056588,45.63265982,4.983988838,5.663420211
30908,23.32137089,10.91632079,373.0189037,453.8580184,93.85507246,0.194080099,2390.331396,20002.26274,2.347007803,4.479463151,-8.326707077,676.8452819,0.094993702,49.37252788,0.629402371,8.132077064
31001,18.08624146,10.48114485,111.6576466,1285.034569,85.81844769,0.786882621,1707.344361,16762.4918,2.119946989,4.277213565,88.3215034,1657.701239,3.339404962,52.37465094,1.601998105,5.487703188
31002,24.03616088,7.169475231,133.77596,824.9676846,102.6073402,0.516020327,1435.558529,14385.23941,1.90241507,1.937182592,27.98053287,314.2802053,1.369015996,52.65236213,1.070404789,6.230325478
31003,9.484144889,11.57082158,424.0258445,849.4451965,63.29422824,0.560546946,1475.731721,18460.57549,2.42426278,6.002658767,-36.61939848,2412.614435,6.224116946,51.31683478,2.78569013,6.597788194
31004,15.46254613,10.90046616,361.2101055,752.6132681,60.6277588,0.452170906,1693.83694,18262.49237,2.51676259,4.548940325,-35.22321405,1258.026787,3.439256212,54.07471018,1.560849832,6.104625245
31005,11.69374022,9.503390715,98.47227439,1182.840115,60.88732394,1.221558546,1147.883533,16173.51181,1.894002947,6.143714164,120.0535072,3035.880667,7.457083007,36.66102137,9.779700903,5.546769118
31006,17.54716805,9.828879668,271.4501971,1168.375415,90.47645228,0.602308675,1637.132095,18776.82754,2.048265352,4.29470359,-126.9156507,1325.207741,4.758848387,45.12254851,1.804405506,6.038372893
31007,17.45603447,9.108934335,131.7159638,1243.242764,87.63253039,0.653578433,1794.823483,19639.05403,1.558674936,5.290326104,-71.20576045,2115.035319,4.434724438,38.07785112,2.187666773,6.27311693
31008,13.17679873,8.996058315,112.8386575,1219.332242,81.06196004,0.747937585,1563.547778,19089.38168,1.186859645,6.352198286,-170.3689177,2892.913952,5.721485507,40.19074112,1.975189813,6.54146266
31009,16.05145018,12.58436915,465.5777882,623.1200868,69.06359121,0.332401612,1942.750191,19894.66475,2.544694895,5.732049995,-20.26875832,1507.892863,1.046157981,54.32328324,0.948158523,6.311889339
31010,22.17863264,9.110245667,173.1362026,1226.352568,99.16498445,0.607830417,2010.600965,17420.3416,2.372613971,4.845669725,195.5674522,1032.011811,1.876390656,54.79508509,2.073871285,6.074803106
31011,14.68613232,7.877417303,184.189631,1802.568066,92.21437659,1.089043511,1387.638041,19046.69513,2.379712677,5.096755725,-287.4071247,1943.649491,5.721166941,40.75445293,1.693619591,5.270737871
31012,17.58013487,9.157681585,299.7279121,832.1044304,50.16881404,0.494481713,1635.069591,17218.52703,2.906702439,3.333948015,-87.86191758,670.6401431,2.945973522,52.5886693,1.618509559,5.859371333
31013,13.21631866,7.248056537,35.69649855,1338.519435,36.4751044,1.46754115,1096.500803,14234.15883,1.459382694,6.652939287,-33.52939287,2609.560231,10.83076446,42.11628654,3.217333131,5.85605524
31014,22.06811676,8.669070915,259.5404949,1146.166491,90.74262149,0.653989673,1639.758531,17179.77052,1.78522494,4.212059832,-48.33067819,689.1098981,2.581142474,46.07189067,1.616578599,6.102555251
31015,17.46582987,8.579165721,190.1791909,1232.894896,96.82775047,0.784515774,1515.774062,16762.84332,2.45671093,5.362399842,-80.95041257,1673.303309,3.334683046,45.45391769,2.11047243,5.731278398
31201,17.46916077,10.97451972,360.2870113,382.5280586,28.85899056,0.219428982,1844.369611,18446.72784,3.089176347,3.776289506,-50.34219412,503.1200741,2.403203785,62.92091204,0.615796567,6.938424962
31202,17.41277438,7.979403148,334.7899891,511.0196764,42.24101443,0.2812484,1724.364068,18361.98841,3.434232934,2.567194158,-57.20334044,162.7431832,1.576503404,55.95046588,0.971991036,6.366059307
31203,15.03892062,10.83707197,403.9077807,452.3683186,39.33384075,0.223183162,1876.668259,19021.70759,3.364809707,3.19966126,-70.75878884,772.520959,5.803469175,59.03732316,1.613012245,6.98097409
31301,26.57432432,0.9,123.0608108,1072.513514,72.59459459,0.106401075,1957.666667,21414.73943,3.525000004,3.318939709,6.421205821,5,0.048361451,32,1.815999985,5.699999809
31302,28.23603403,7.674345236,308.2120477,97.67446719,77.94208085,0.032902424,2753.811986,20954.41234,4.258776266,5.061494439,40.1133149,176.086763,1.32902827,50.14263277,0.43018361,7.630727272
31303,23.60495424,12.55270446,471.6257425,140.1076469,194.659935,0.04647039,3181.449498,21817.99904,3.153959314,7.143924131,89.68252882,1068.500266,1.034138749,55.82969303,0.772190222,7.45967254
31304,29.91913344,7.186218824,307.1184781,78.0755507,52.22246496,0.026215379,2666.880611,20962.72062,3.987544453,4.628353559,16.05095158,92.21431199,0.919065372,58.54977169,0.69174559,7.610538908
31305,29.19885232,9.104498238,318.4453627,194.3178266,66.4241993,0.089614608,2448.327297,21362.3998,3.128525817,5.475990997,60.29176928,355.7940496,1.869907712,62.28418846,0.83780042,7.4761946
31306,28.13139147,10.36222183,507.4827695,92.0038465,105.3811458,0.056867524,2802.62382,21171.64844,3.34128937,6.479496043,43.71389729,268.6776755,1.887334007,47.02100904,0.061284153,6.678626389
31307,26.97690709,5.821057573,73.54892868,346.0819502,91.80961003,0.133054727,2241.692978,21362.91829,4.2125275,3.444637237,67.99012404,112.4754355,0.498344844,76.01989497,0.341418397,7.96930919
31308,25.076,1,197.932,538,94.48,0.090564,1960,19857.3332,3.725833344,2.808,-156.44,8.3,0.120468296,89,0.242000014,6.900000095
31309,20.22877417,12.71901101,505.78815,325.6136209,90.55451532,0.130030344,2542.506603,21712.44541,2.643692701,4.427608954,-37.62968197,1184.957185,0.308973755,81.93550251,0.35729409,6.359594423
31310,22.72468833,9.49539755,186.5483122,113.595053,135.2100781,0.061451817,2003.493129,17552.29269,3.244275971,0.891470367,-8.840422819,370.1202498,1.427604907,67.08410625,0.600252623,7.427131994
31311,23.73037504,6.889696486,240.7435667,738.2873403,85.84822466,0.277454261,2123.372457,19696.69956,3.322623009,3.908927136,-41.82126127,190.7995729,0.959472672,63.40717828,0.764528257,6.958378601
31312,23.42843906,9.052527917,244.2362457,728.6883298,115.4084476,0.353218414,2176.476473,20282.31557,2.503520979,4.34924747,-31.89244638,394.3696981,1.087016087,60.18628721,0.895724721,6.691373449
31313,27.17986087,8.937629851,84.34353908,435.449958,91.70723089,0.134317449,2273.298565,19503.75814,2.344628873,3.389362029,119.211087,485.9721743,0.591834492,53.26031784,0.836220004,7.506333805
31314,17.78680779,13.10789851,522.1611961,224.8296764,61.17129531,0.109831857,2339.308727,20611.75366,2.997521327,4.6411826,-28.28337579,1048.453052,1.098741665,61.47437008,0.642240843,7.253713126
31315,20.3985951,11.65403264,275.9995039,56.60213404,116.4257503,0.02389172,2223.291315,19547.26269,3.303424289,1.710198452,-18.37992804,563.5680775,1.419431653,72.24043281,0.450227815,7.328474327
31316,21.2382445,13.49337267,333.8595392,214.0504416,119.3957407,0.089847569,2353.759047,20082.48622,2.613878646,3.56870747,-27.43825119,1084.775076,1.590325383,62.64367263,0.625675836,7.58130861
31318,24.91232394,0.707042254,119.7206866,298.537632,144.0757042,0.054485215,2172.102616,21538.01623,5.25206051,3.976361729,114.2067885,307.0988151,4.381167273,27.56903397,-1.544571247,2.52783404
31319,25.49712671,7.40719537,238.3364018,133.6038499,101.0069202,0.049076231,2659.022421,22717.32852,5.059540205,5.176006292,26.69982977,637.0556809,2.272800548,58.71263406,0.645193013,7.818405425
31320,25.2315765,10.78520611,391.3786515,143.5750311,85.12480271,0.049538913,2787.233106,20765.01784,3.344639116,6.94433727,50.11421221,988.6930346,2.874017351,56.83478421,0.584869403,7.666454747
31321,21.23536533,11.57677019,370.1669485,187.9442511,85.13315023,0.088528472,2564.003273,20487.29133,2.697059729,7.861799286,35.69149982,1771.037568,3.178680289,60.65532291,0.621612713,7.554289296
31322,17.58495073,11.58551005,386.960056,167.4266289,49.01563524,0.074439516,2206.62262,19911.18393,3.508397937,2.455577953,-31.6287024,562.4412502,1.856158209,71.71466926,0.547494987,6.965013319
31401,25.91726801,3.429672891,99.63754598,2343.161196,66.12969255,1.7997904,1349.846213,14622.06426,2.163923987,3.421946968,-147.0496484,16.32375645,0.252483853,36.06132009,607.776519,4.081430754
31402,25.59621043,4.952825285,163.5453917,1140.532983,75.54005302,0.595621985,1770.690745,17728.10964,3.077255809,2.430348448,81.12538445,17.65987802,0.285780463,50.73136729,1.094510476,6.518337758
31403,26.67732406,5.617219146,94.07113871,2235.336223,115.8709748,1.267542352,1937.576523,18568.65405,2.408105996,3.27280278,-24.00121927,15.26378086,0.249355898,44.45495988,2.028710618,5.173336885
31404,26.18632142,5.295891705,131.4575791,1331.527625,122.3337006,0.550713948,2173.352095,21383.83292,2.945421595,3.474592834,-69.90121657,29.76415094,0.527009498,46.44635545,1.870633461,5.405470892
31405,21.94716124,5.534822104,232.9738077,1019.220288,42.95685087,0.611052045,1564.573248,16768.24676,3.344446655,2.878373363,-98.25016688,58.34792994,1.062233512,69.85485103,0.288396491,4.814973339
40101,27.06366206,1.233556448,63.1372304,3030.441618,74.7902722,1.593626178,1577.667814,17319.66322,2.121365517,3.74281893,-236.2806202,66.01918347,1.476435253,45.82554756,1.622352468,5.139592513
40102,25.62002252,5.005422576,30.73544581,3137.503,22.10196178,2.043920221,1488.3204,16495.41666,1.118396169,4.107572276,403.0903229,200.1590464,2.270691182,55.64821361,2.052482779,5.17349023
40103,22.50337115,5.520214305,27.83549246,3309.611304,14.79257352,2.468361052,1413.208344,16092.68611,1.183278978,4.575947921,459.3426302,791.2368097,5.688219976,54.22984906,1.704873888,5.068047853
40104,26.63252099,4.644196133,33.9609972,3124.959425,27.15883999,1.985479783,1504.069417,16533.1706,1.304575632,4.135519551,313.3161512,25.99029774,0.347262786,35.39565516,17.79741907,4.813208812
40105,24.42566593,6.823293981,417.5740329,2577.270748,84.66638751,1.680951948,1474.136746,16500.53123,0.994997188,4.701127534,326.3155374,114.3134328,0.534540641,48.71694469,1.287011099,5.295841041
40106,25.98306571,4.695408647,81.34467601,2631.776658,77.92293968,1.302326576,1706.551621,18400.84668,1.6667187,5.701049656,480.9514117,254.4060578,2.646226643,55.47952329,1.301327534,5.255091645
40107,28.33029348,6.150617626,154.4058312,1293.335754,80.52855987,0.613670393,1793.49228,18697.10454,1.125521952,6.615886067,196.4463281,20.71187307,0.142871007,37.1618145,1.377958435,4.754829106
40108,27.1015201,5.419749101,107.8972458,1560.976463,78.36850278,0.778596739,1769.27756,18515.60655,1.385482296,5.732915168,156.7941729,117.5757526,1.298503759,52.6388445,1.419657569,5.342097968
40109,19.56728716,7.643377501,300.9186846,2090.332117,89.59744649,1.423790705,1496.113579,18044.26679,1.207917764,5.282309428,-360.761128,1201.6701,9.331750478,38.26106551,3.856872087,5.015403172
40111,25.8743127,8.844354831,377.6438923,1364.996176,117.0915682,0.668987592,1988.305639,19285.25414,1.578670555,5.970665642,115.9268985,403.9111429,1.549641782,42.14115086,1.65286894,6.192569172
40112,22.57883247,4.495403713,49.07273797,2464.686072,59.94574349,1.713875274,1464.506479,16956.8664,2.018099873,3.765017418,507.5853072,800.2371493,5.701016376,46.41566781,3.474889321,5.885354301
40113,26.58816166,4.559945629,49.03111634,2079.916152,62.94180404,1.104821691,1713.853429,18194.14019,1.963310937,3.86767128,563.761755,132.9685054,1.442670723,38.70608167,1.647591046,6.078087935
40114,26.33007341,2.896863228,63.15424273,2214.76898,52.34506906,1.609930463,1454.55478,15665.3076,1.908729922,4.366982131,-144.9034729,226.6410219,3.246235255,45.21318363,1.681304273,5.657863047
40115,21.20943152,8.927125329,527.6657238,1793.035416,109.4753406,1.118416055,1643.528601,18002.41861,1.262950794,2.752795127,61.76053899,577.0372251,5.94768191,44.03495459,1.908553121,5.428929631
40116,26.84417344,6.439642276,175.9410027,2576.45897,104.5797832,1.456119744,1658.000976,17913.6757,1.043358551,3.87265116,-113.8088928,6.416897131,0.063380318,34.94996205,1.213787369,5.862550237
40117,25.57102199,7.251018756,293.6242836,1466.654329,91.94591312,0.853990743,1686.480283,18252.6172,0.957791614,4.999187457,-8.074322028,218.2899474,1.446977568,46.39745896,1.891121609,5.516669436
40118,18.5699302,6.759557527,690.9770245,1621.478301,56.98425983,1.277586549,1227.476156,14142.74775,2.077872856,5.704535664,102.5908566,414.7198246,4.085983199,44.11488566,1.585313397,5.229291754
40119,23.7773183,6.951368318,227.8086591,1517.680294,87.97321982,0.8579207,1651.666074,18315.10123,1.008778225,6.310374919,24.95476068,722.103782,5.054679266,57.51481383,1.334609108,5.252310086
40120,25.27039364,8.038621694,429.8651894,1863.711405,101.4254918,1.056739644,1719.304943,18292.36663,1.325277084,3.542481271,154.1854837,46.02455843,0.187819388,38.16984911,1.413718807,6.199270481
40121,22.72741445,6.352265357,244.9563221,1739.678734,87.25784031,0.981907081,1595.746536,17164.68593,1.416331986,6.524517431,16.00938029,754.6770982,5.241256477,57.93337415,1.218372615,5.13735393
40122,22.22862531,3.960962779,122.0935285,2891.939355,60.5182134,2.056271419,1365.985098,16088.33558,2.687105101,5.058518018,-49.89066702,879.8083648,8.007233712,55.04112855,1.303754403,5.233478962
40123,26.13411686,3.804735874,119.056263,2497.379625,68.76783979,1.566319576,1561.559834,16635.43621,2.175611908,4.807909013,70.41546334,224.3254243,3.14649241,43.20552749,1.531001447,5.429565253
40124,27.32368824,4.939116311,117.6799181,3245.699018,113.9082413,1.58054234,1915.450766,19341.97491,2.605240144,4.047183488,931.5443584,58.30332884,1.111775986,45.59335846,1.580847671,5.363754065
40125,27.41052632,2.126973684,65.91710526,2326.677632,74.18640351,0.729675193,1647.667638,16642.20627,2.941569482,3.940278382,-140.0909635,93.36151603,3.835099725,48.80190931,1.528596638,5.919331565
40126,22.25370624,6.847593444,392.0857739,3042.448791,88.34364803,2.130278595,1472.748072,17205.75599,1.144151119,4.923931714,552.4659053,510.5897797,2.992661633,41.62335904,1.488491972,5.365567652
40127,26.46075597,1.624230769,38.56513263,3473.079045,27.52228117,2.202054209,1503.289839,16678.63029,1.960989261,3.076930296,494.1289855,82.57870627,1.367718302,51.6439221,1.365700305,5.602269868
40128,21.40187161,4.476127644,42.60958731,2395.651273,32.12492981,2.03646211,1333.920655,16178.5316,1.594061986,4.368879795,-52.34091444,1057.080702,7.101452305,45.40439766,1.973286952,5.392224487
40129,26.22401241,3.558684608,50.35516392,2394.879429,34.2278069,1.818128132,1460.088259,16264.51106,1.541526672,4.116828417,64.14850365,237.4931165,3.00849202,46.25440808,1.563836827,5.546402353
40130,25.51884765,2.312548566,72.46631396,2331.531537,67.70472018,1.816754448,1456.49795,15715.49987,2.373606342,4.335550145,-119.015346,386.0614908,5.530571227,50.9764229,1.433186217,5.355848688
40131,22.74849199,7.105916876,343.9367375,2642.844939,93.12502822,1.568657286,1503.249281,17459.46334,1.039439703,5.176780703,171.1081172,527.6317599,4.962828953,45.55479987,2.667378706,5.037368017
40132,26.50188847,5.818362014,172.4237883,3546.592463,108.9372565,2.14298575,1675.118553,18174.40093,1.347308953,4.358304974,568.4320261,81.48963598,1.516988635,41.02327335,1.499943002,5.534179576
40133,27.21401051,1.3,45.68604787,3021.949212,46.87974314,1.412793112,1598.139848,16743.26585,2.318178265,3.767756109,425.606326,89.61088356,1.748485958,44.71621622,1.644737651,5.187105775
40134,25.4573658,7.782463022,189.2025557,2279.95775,135.0199874,1.253633945,1978.025333,19656.26553,2.099239105,4.496531619,792.1885685,410.7759787,2.083449221,38.74993204,1.558373797,5.819502123
40135,24.67188972,7.216830835,154.4549197,3159.738704,138.7937366,1.921369269,1827.894941,19795.2571,2.047858199,4.515387407,972.9635366,549.1856122,3.008837213,43.74196741,1.414449676,5.517809313
40136,23.12908927,5.581447533,286.2929287,2230.948711,86.84031051,1.398608115,1579.974249,17628.44763,1.640835295,5.549653857,108.5524262,474.3767199,4.169839657,56.67051953,1.484550335,5.324425443
40137,20.08479112,7.01481018,352.9469879,1518.685416,82.35633631,1.039652385,1445.262229,16412.19474,1.360692075,6.454783933,71.62421728,1106.522542,6.167933838,53.07487336,1.474081882,5.205937036
40138,25.8877261,6.560564473,243.9564813,2208.060763,96.96513263,1.25017523,1663.099777,17682.8158,1.314779892,6.173443161,144.6798848,203.1555319,0.828528896,51.27276253,1.269700413,4.949743147
40139,24.76493627,6.268856701,232.995703,1320.807609,84.51015836,0.746911441,1653.523794,17784.51236,1.156388005,6.470504271,87.20107738,492.2534088,3.972830652,57.97247866,1.238822423,5.152392843
40140,19.77677929,7.379575313,414.4345562,3691.174473,100.5682156,2.07503613,1315.245709,16016.26981,1.105214846,5.090205624,903.0939408,909.6845104,7.085963389,53.77612303,2.160764679,5.223629794
40141,24.84177033,4.609093204,353.9578547,2121.331567,86.12197584,1.259724686,1526.308631,16725.36459,2.134527608,5.040148412,433.7516783,87.8777096,1.784492327,51.7999423,1.34122469,5.220445727
40142,27.17437093,6.093376717,291.4105531,1477.560557,93.17006508,0.820319375,1807.411737,18450.76467,1.856170057,4.583193611,136.4092334,40.4740189,0.59127511,54.16122501,1.110161051,5.755316767
40143,26.90871465,1.315297869,49.4285883,1922.500325,61.96687725,1.290982185,1510.695786,16830.59987,2.253290342,4.368522273,50.50652089,185.5221576,4.111548132,51.9179766,1.36747073,5.493942692
40144,22.49685632,5.840917696,61.26169291,2875.042298,35.76683938,2.119642259,1345.238294,16140.42474,1.392203792,5.367831611,155.8847464,798.168161,7.250520579,58.93180913,1.206665516,5.101683511
40145,26.97361111,4.253954802,52.38787665,2618.588748,44.85334275,1.790614041,1475.745651,16001.71884,1.789854642,5.017072017,455.3701517,21.76140103,0.209026932,27.20169054,23.4031412,4.678797768
40146,26.31886548,4.852213841,59.27880521,2481.048438,37.22756095,1.649514713,1493.960341,16530.08028,1.510977583,5.079868854,324.4540624,134.9590025,2.001840753,52.57769172,2.240917787,4.940273998
40147,24.18186366,5.241603823,442.5811245,1714.362652,74.66153961,1.278121346,1312.709911,14808.93595,1.668597972,4.884806374,206.6744753,13.03368437,0.26472439,35.61483307,0.891296476,5.133236273
40149,22.30766924,5.774830917,496.0713208,1658.220124,71.29225659,1.195650769,1385.016227,15166.82684,2.090337568,5.03298307,176.8888893,195.6748109,2.06672987,43.91204274,1.079102718,4.833600701
40150,25.01845346,6.581727528,132.2203769,1615.426807,78.21122112,0.883930072,1884.392165,19579.26515,2.014666864,5.25120486,132.374185,558.4865872,3.239268936,43.33780427,1.579199586,5.659452793
40151,23.64351745,6.180937838,117.1952922,2694.143059,91.24905956,1.570802042,1756.245688,19527.76301,1.991164671,4.90413288,451.48624,742.5777298,5.056549076,45.8244235,1.524952678,5.381630113
40152,21.67141041,5.460983601,173.1952825,2250.915103,73.65885491,1.410311795,1548.877364,18322.72043,1.998761661,5.749047551,146.0829812,931.1100308,5.297101426,55.12223814,1.289811719,5.165894296
40153,26.7351393,4.404591908,30.79734939,2781.638107,32.53912922,1.70681528,1537.358771,16800.37283,1.214749481,4.147029449,288.4574917,15.0968647,0.160067325,42.11550315,7.628750298,4.743224391
40154,25.81976634,4.287603586,64.36075262,2447.434656,42.83154463,1.818419927,1759.455077,18788.71521,2.214300931,3.4103803,218.4072853,268.6293954,3.267365265,53.70571855,1.394434613,5.121332444
40155,19.73723434,5.490863925,77.673061,2250.682583,41.37537952,1.493744696,1527.859116,17844.91288,1.922573659,3.729831021,-101.4016706,1295.283425,7.564665114,57.9801105,1.223568234,5.315110433
40156,27.32409506,1.442815356,30.06588665,2380.439122,26.74625229,1.094894451,1493.003564,16842.98779,1.776250818,3.905906605,9.795952289,72.68871287,2.31186722,45.70873786,1.509069775,5.50944733
40157,26.56123147,4.552133219,36.67462467,2506.487457,30.6450019,1.662187926,1492.780219,16507.94461,1.448962064,4.244891757,480.4589577,16.92124743,0.169443528,44.3471436,5.006946424,4.930851989
40158,25.64040656,4.63536835,34.68444024,2688.565477,30.36822107,1.862224245,1482.276888,16555.1907,1.461264412,3.794375991,585.4117454,168.9519316,1.696549179,50.42509508,2.623873624,5.082391955
40159,19.94093708,4.842491833,32.14395727,3045.274156,27.18169319,1.932801707,1300.327826,15694.25271,1.494494123,4.02304112,414.7053978,1160.210745,6.951902535,39.96783897,4.348114749,4.985776112
40160,26.40660657,4.436047242,34.41485914,2534.64663,28.50043161,1.693970148,1487.746528,16540.81041,1.505878091,4.21042051,394.7787102,16.72230517,0.138321822,29.41866944,20.72147981,4.702360126
40161,26.52919651,4.328895016,24.43504814,2832.964471,25.14452551,1.753313276,1532.753837,16772.23459,1.205537562,4.030543558,361.6420979,50.1786023,0.523553725,71.56141826,2.622375494,5.109998008
40162,25.78302288,7.618415033,389.562146,1719.536383,90.52298475,1.052428018,1682.600055,17777.96992,1.776687803,3.916439565,166.5296425,5.635290874,0.053177344,33.19142453,6.685978327,5.918962893
40163,26.04898234,4.383296606,75.32259075,2465.672465,66.62790637,1.293438832,1675.595717,18262.3001,1.426806649,4.917066428,235.7542842,221.0369599,2.958507487,54.74905385,1.278028794,5.16047182
40164,27.47488032,5.617372881,98.76824945,1456.926802,76.21539009,0.786130011,1770.923764,18815.57718,1.520903543,5.641213213,269.2339498,6.681437397,0.059589034,31.17161407,1.116566655,4.922681631
40165,27.35257072,5.298209675,91.21800367,1679.649423,73.75710105,0.948564078,1734.011972,18174.92137,1.716757814,5.439020689,232.2432379,7.84916169,0.101888347,34.33011046,3.336902708,5.291648258
40166,25.11931166,10.42615238,604.8808441,984.8473517,133.8291113,0.506101147,1982.489637,19082.67085,1.346921876,3.677982395,168.2682968,161.5761311,0.217906751,42.8295439,1.23712086,6.435534877
40167,22.67342651,4.725691495,31.55689873,3151.245598,47.22043516,2.128844578,1433.90428,17120.14492,1.605438011,4.119704067,846.509768,778.4293774,4.894038956,43.99481193,3.044644658,5.494007779
40168,26.46851643,3.918797993,34.96200881,2901.854449,47.02051807,1.655388466,1607.593523,17684.93038,1.841976004,3.878624101,981.7304875,123.1457441,1.387739864,44.898673,1.219911527,4.849631368
40169,23.23070139,4.608553387,330.1124256,1812.896096,73.75216574,1.013776665,1553.077754,17326.0994,2.220793536,4.880096087,76.18345816,320.9182278,3.533155714,45.29774577,1.6234579,5.046681194
40170,21.44589002,1.551446637,444.9996168,2825.933321,32.47844415,1.571675472,1455.679825,14880.23291,4.880736554,5.507444324,151.7071033,193.8592314,3.996898159,48.34108224,1.274272466,4.723754459
40171,22.98504818,3.164843021,315.493783,2003.444203,94.00186509,2.005977856,1458.649838,16277.80187,3.235809058,5.072082367,44.46268127,338.5220065,5.586643492,48.6410828,1.182947794,4.992356769
40172,18.92601213,4.380229456,420.7024574,2365.902977,63.4689691,2.105346522,1266.302675,15487.2247,3.474597416,6.168015521,-18.073198,826.0084566,7.706876731,41.72976875,1.233915084,4.864290279
40201,27.20966397,9.262234145,354.9758071,970.0918428,113.6376221,0.42989642,2254.874758,20037.75582,1.912566489,6.723578104,103.9983027,362.0748084,0.682345605,33.55008643,1.56437837,6.553947171
40202,26.72434584,6.23137297,175.9918772,1497.069504,84.70948561,0.785463709,1821.680237,19053.46557,1.385871004,6.322292639,164.537658,177.5543227,0.727127877,50.3984703,1.316811119,5.149618077
40203,24.81143595,9.188638583,464.6163636,1285.303742,113.8907487,0.656383351,1901.067193,18636.60333,1.40550247,4.670522742,105.6490421,321.1514904,0.947778001,45.18476228,1.512748576,5.956741988
40204,28.53637291,6.027800448,220.5434382,1123.451922,86.89068053,0.515842969,2163.694977,20357.36711,2.442610242,4.959824543,186.4008742,34.08273058,0.279591552,45.00987589,1.209528065,5.661526736
40205,26.0901606,7.465753111,293.6576707,1083.537656,88.8312134,0.572970885,1782.606549,18559.94509,1.024452935,4.908170802,-0.453214628,171.8572638,0.697712536,47.11271537,2.262115206,5.854410459
40206,25.85537967,10.80095279,500.7478399,808.474225,147.580905,0.356216326,2256.4108,19687.18839,1.826006904,5.167397959,276.0294258,346.7594793,0.611909855,40.43212415,1.061145484,6.926275361
40207,25.56120623,10.21229799,455.7443376,1109.808519,135.5553428,0.508460814,2154.282628,19350.63497,1.713811295,5.839604787,209.4491502,408.0292793,0.985679842,28.00871157,1.5564579,6.627559895
40208,26.46251792,8.982139903,373.0145542,1494.767977,120.5522499,0.711551727,1997.579725,19131.05623,1.551398021,5.798082026,168.6586447,300.2327832,1.251865699,47.70372668,1.396968583,6.153832142
40209,26.36259913,8.117620186,192.7808151,795.4936228,78.59000695,0.37001023,2089.604822,20025.36012,2.170553371,6.127144012,52.36270761,479.2623822,1.526870122,45.05602911,1.398228984,6.160023344
40210,26.02468137,5.834630052,124.1019498,1908.135362,82.69189484,1.087113306,1757.633467,19017.98357,1.69859328,5.852200978,324.9411592,258.0415557,1.605406317,48.25569443,1.312185915,5.219203692
40211,25.74789515,4.223354879,190.4513917,2031.916378,83.42731414,0.938800367,1694.948815,18368.98925,2.324551661,5.004577453,321.6789442,219.7794,3.767555941,53.3081746,1.20473007,5.196390707
40212,27.28044376,4.705712327,106.6492906,1460.074266,68.16055699,0.789051819,1946.501182,20040.55357,2.290575367,4.005777168,112.0112219,90.36246024,0.763914333,51.49778929,1.309105411,6.25946561
40301,16.09218559,10.06375022,619.8736116,1648.316467,98.54035927,0.991648057,1547.397457,17166.63086,1.317306754,3.618531741,222.1912686,1332.28241,9.228011351,42.59179151,2.045201938,5.54717989
40302,19.50870777,5.26350865,130.8738651,2518.814002,77.85475444,2.154904609,1329.107848,16178.43649,2.429356275,5.549014245,-250.7597151,1369.162526,9.419375369,55.29057349,1.275442865,5.182180103
40303,17.9277068,6.799552859,389.649465,2546.92191,86.13821463,1.483468176,1349.575866,16607.54151,1.183012563,6.644517217,-146.827012,1379.821115,9.785601776,45.89203003,2.591729402,5.110078156
40304,18.40451573,4.658548739,36.21009031,2657.208658,28.32201806,1.824853412,1271.428171,15501.38951,1.58720785,4.021156425,117.0606365,1441.940792,7.607597263,42.39918978,3.343779671,5.105484612
40401,15.55396959,6.808638029,491.6173347,2761.514591,86.1340447,1.467692208,1340.265966,16021.01209,1.287913338,4.887632985,190.6462727,1603.764839,12.54708065,42.32481772,1.825822401,4.920726875
40402,16.33176445,7.1026773,471.8848903,3923.643762,91.78346625,2.086279744,1201.855821,15370.5838,1.232373325,5.359311624,1108.814286,1466.277038,11.33122059,53.16318975,1.911562342,5.606386438
40403,9.789300556,10.17209366,670.7312763,1374.250675,74.05698405,0.926900647,1360.999831,16464.26709,1.348043156,5.05368321,207.9133203,2200.156729,12.24414754,39.19471681,1.545160265,4.972699568
40501,7.549500138,7.11657277,550.9559376,1954.013146,85.74863297,0.92189539,1177.817099,15914.23822,1.934951884,6.581041575,-111.710197,3101.031657,16.06253938,33.1008011,0.65836179,3.664320403
40502,11.57155923,10.11299085,689.5992059,1161.236139,82.40955145,0.643506901,1447.477229,16634.01436,1.461320044,5.212627855,135.2237401,1971.678774,11.51066838,31.46594354,0.564463511,3.778864854
40701,24.00170522,9.053734303,511.9477109,1865.12267,115.1124697,1.095617751,1750.487199,18308.99142,1.273332891,2.712474588,201.2018761,160.6477263,0.595658915,41.82559267,1.299145909,6.138759291
40901,27.83538201,10.89776585,418.1014461,384.1357718,154.5586499,0.147017669,2343.739197,20459.63191,2.194821526,4.852713089,235.9770162,3.835444139,0.070787256,45.15019002,0.667446253,8.334355171
41001,21.30550314,5.326159591,47.38993711,2493.055425,23.28753931,1.572533196,1431.97327,17202.29958,1.726135022,4.242000786,-165.0894261,977.7983491,7.406005408,58.2759434,1.222885804,5.166371754
41301,26.67176188,8.916350824,258.3368942,714.9791718,94.26656236,0.330965228,2210.122763,20148.918,2.107925989,6.262448043,82.04786567,458.6952185,0.676913838,34.18332201,1.380129704,6.578172396
41302,25.57022333,11.52747199,780.8125987,268.8601023,92.73125799,0.106385699,2055.943344,18547.5688,1.453660214,4.342444085,99.66261364,159.5944208,0.043488482,5.020451897,-3.28145547,-2.078987962
41303,25.75318016,11.48979974,619.2329597,418.2264457,124.1807467,0.194793634,2160.888271,19364.72751,1.725917724,4.215217138,174.6873682,168.8283122,0.330032128,44.16634562,0.190164677,6.712726155
41304,27.35896427,12.16524032,643.1071763,226.349869,135.266688,0.098321301,2416.075579,20454.01092,1.80347134,6.27946971,107.0070017,163.9044379,0.219989173,4.710425636,-3.334807266,-2.230958261
41401,28.02553719,4.600460449,233.9249115,1224.579693,96.13305785,0.543520359,2026.904001,19755.40189,2.516142566,4.501158381,100.4694024,5.020835996,0.049246838,42.40275633,1.198364527,5.090340882
41402,27.1411036,3.913611067,110.7872567,1915.459896,76.738626,1.081783972,1687.741233,17680.88825,2.19063614,5.272611094,212.3453292,5.40993568,0.119660548,36.41336493,1.425269223,5.184334945
41403,27.15527805,7.069145853,315.740058,597.5399476,146.2025666,0.217641814,2278.100962,19867.10498,2.984759429,4.226838929,309.6136332,8.287638786,0.138608529,35.82782765,-0.233817255,6.079568988
41404,26.96100113,4.052270509,128.3161805,3180.496505,97.27332006,1.727225472,1691.843935,18118.7006,1.742993105,4.150328981,268.8506656,12.63979943,0.364575255,34.05252309,1.606690712,6.231359242
41405,26.78976781,3.692129083,34.7327106,2777.99449,26.33794013,1.573415829,1521.185874,16759.62828,1.894060565,4.154122045,270.6269972,13.57817919,0.258948732,38.68500433,8.385898874,4.891519706
41406,26.02481769,5.605088776,332.5441305,2209.335685,91.48771401,1.172900179,1655.351077,17806.38236,2.19306326,4.057106032,99.71877543,5.830011099,0.037349252,30.84016962,2.186127593,5.386239004
50201,22.23898696,11.27070391,523.2581214,488.690041,107.1724693,0.228802572,2241.963486,18450.25634,2.334560935,3.024966273,26.05594357,397.2972136,2.28726901,46.35207437,0.800577633,7.227732008
50301,21.94375,1.5,337.3895833,1463.395833,17.95833333,0.641614815,1695.435897,14769.938,5.414316263,3.047596154,-121.0657051,19.79487179,0.538541516,54,7.217000008,4.699999809
50302,15.34893695,12.31605221,451.3832277,744.9397982,96.44658907,0.383645502,1977.278977,18269.66065,2.772784968,7.001828399,-3.152611198,1950.947153,5.142587664,54.93029181,1.206152467,6.708865566
50303,16.7287408,10.62548099,430.7858426,613.2823201,68.71462716,0.270224776,1986.085251,17634.06072,3.183193827,8.742590813,42.31130491,1655.099436,6.704135384,52.5102275,1.927886695,7.120594557
50401,8.544186117,7.840969247,877.6439609,1025.15127,15.16941271,1.042065096,1006.645227,12698.65356,3.711441151,20.96865951,-231.9034377,472.7143249,2.255738869,41.44410538,4.347517648,5.145101431
50402,12.51418616,8.316259209,793.0041447,1181.813711,16.6546737,0.982186927,1213.619744,13921.48167,2.777086367,15.64226111,-23.69499164,395.1853001,1.618950162,43.27690557,3.065080821,5.110417171
50403,12.30948661,8.47234452,781.4417449,1197.65613,15.06294472,0.982956511,1232.852065,14258.74079,2.79619659,14.07206155,-99.96796853,500.2205992,2.793461467,47.05820726,2.285957468,5.15068147
50404,14.24231529,8.657974956,843.7952257,1194.81242,18.19688455,0.894890314,1364.145447,14723.60055,3.198128315,15.07646828,-18.42871462,223.5671897,0.701618027,44.86021391,1.454692698,5.512335175
50405,20.07131206,9.196802313,667.2886705,962.5571667,24.4283328,0.559393254,1731.148005,16320.23489,3.378662909,10.80327399,65.54846387,114.1765135,0.358624561,37.69792676,1.649982922,6.279215593
50406,3.736911331,8.319832081,1075.579714,956.1875675,19.56131089,1.239771371,803.9652408,12300.54508,3.162253718,30.15636552,429.2089163,380.082915,1.302655769,51.37273202,6.634063937,4.74186064
50407,7.210969471,7.587656134,983.2687533,965.1258246,13.19878134,1.06916355,923.5415965,12589.08953,3.534614071,28.45018232,221.6295711,180.6342647,0.641108454,40.38635339,3.480092032,5.288038012
50408,5.816273148,6.653565778,921.1132174,1130.212425,11.22401193,1.409559796,806.8214313,12273.19851,3.909204133,24.06790105,584.3551595,64.16882998,0.660048956,46.19658894,4.299532822,5.365010858
50409,17.67879563,8.569342195,747.4087958,1347.543281,17.8679415,0.915532008,1510.203971,15597.84984,3.042543999,11.85422746,2.121665414,47.64377901,0.12313763,30.23515362,2.261189948,5.974699472
50410,5.768412945,7.238790897,928.6022601,1154.120302,14.30778593,1.361063029,868.8306873,12372.85389,3.46461958,24.81826841,534.1598099,264.7213231,1.939037866,54.27351484,6.745327388,4.687317732
50411,10.50404626,7.282360094,858.4664018,1151.790227,10.59447957,1.004632557,1139.813405,13260.29026,3.465316913,22.89265748,-35.89106453,111.9836195,1.065679427,49.61205636,3.492316732,4.563696102
50412,15.77372446,9.179362454,810.4268589,1255.578628,19.49567266,0.84634832,1496.952369,15447.60666,3.052921098,14.60573515,-81.67058153,266.8787989,1.593456228,51.06538065,1.363274239,5.249498589
50413,16.520817,8.754351266,725.2985932,1269.110981,16.58225688,0.888299887,1452.678786,15492.75539,2.529506176,10.59337777,-19.89589616,150.6832151,0.549402806,48.8971379,1.309392785,5.240408803
50414,9.928371769,7.925379828,912.6694323,912.3068601,19.37945821,0.844352976,1097.354964,13019.92942,3.785625616,22.22475705,-99.36285597,253.2742666,0.330035725,32.36545276,2.24675625,5.646640044
50415,7.42861262,8.579545295,1056.180892,788.2249778,45.27902466,0.758293191,1039.029763,12908.39732,3.566098249,22.15318536,-112.6302619,311.1438864,0.568454071,33.2707526,2.08442973,5.965622529
50416,4.483341721,8.303415401,1083.270905,732.092357,43.32677857,0.817489658,896.1577379,12294.90239,3.404973585,26.93262819,18.98971376,374.0162027,0.486264736,43.68973461,9.872523242,4.837601327
50417,11.86072526,9.285019463,493.4608933,1257.464085,63.7710715,1.182853367,1131.918401,12838.20896,2.989735231,5.544520116,-81.71631785,144.4311814,1.76882429,34.0766836,2.474958451,5.273992211
50501,-1.422009856,8.733210347,827.3000495,588.6323825,39.1488879,0.869448217,879.5946238,11961.8414,2.894722806,27.54613599,320.6345335,1915.963394,9.333134799,48.15191177,2.336339676,6.081022929
50502,1.70226132,9.123710681,985.369954,552.1222904,57.63259964,0.591645486,898.5758796,11672.53122,3.03729058,33.36184676,277.8925044,951.1069369,1.631332125,38.5145303,9.536406489,5.815830479
50503,12.31541842,12.22149945,767.2838777,426.6775147,55.21399828,0.230804446,2019.893069,19080.03847,3.757725756,10.3721425,-124.7053471,1938.071626,3.088411444,42.35424385,1.32973127,6.706887802
50504,12.17888099,5.312480751,781.8086309,1130.665029,12.40536775,0.90075869,1204.378247,13800.42789,4.232640889,15.65029496,-222.3166579,24.08840954,0.23877,52.00989368,5.133360407,4.682944307
50505,7.339580604,10.56102257,745.515054,445.5141888,36.82176146,0.364429245,1309.048349,14684.20882,3.022384247,10.42727758,-20.95779155,1341.89187,4.763358303,29.12282289,1.727440418,6.654877209
50506,4.509865617,6.863152105,587.7028792,2056.760708,47.41500131,2.566470906,740.9343686,10535.62437,2.86041998,17.94957783,323.729983,886.1150138,13.48190308,51.22255574,5.267594195,4.757654196
50507,2.800662813,8.769901115,691.5444109,669.9329663,45.09417919,0.892964826,905.3441881,11988.10075,2.575428398,19.49129714,97.3470357,1514.554704,10.73856343,47.27732798,3.775633557,5.773806323
50508,7.456212641,10.02049013,578.7685159,1590.618418,60.06919501,1.647765939,1128.051644,13397.9878,3.184589425,8.887272364,-216.4927191,1026.864708,6.954768991,42.81447393,4.092153745,5.346171978
50509,0.100686269,8.096996983,880.6044483,624.8020864,27.77781444,0.898940597,769.9328206,10482.82982,2.307937884,27.93335668,271.0434137,1257.82565,8.026483017,47.14165931,2.522685148,6.254323282
50510,9.106591417,6.470242593,418.0207928,2315.857931,60.44407449,2.704785937,880.2844413,11605.94875,3.402970364,9.194419181,-125.408035,396.7365125,6.513105938,51.17506224,5.767420475,4.779201458
50511,3.880276123,12.45899697,805.6937431,448.9042807,33.57141343,0.388408765,1367.199637,16714.2928,3.964006032,11.85417602,8.019881767,2729.588309,5.422628216,42.36179611,1.72489861,6.29531942
50512,7.859196709,11.07933355,707.5565873,531.1635905,53.83071555,0.459912618,1355.89739,15166.71717,3.146853501,9.55580291,-93.19662273,1399.970563,3.106238229,40.47654119,2.223105557,6.513935418
50513,22.11301556,6.686400778,403.0380934,1347.361479,45.5618677,0.74727388,1737.677268,17170.29628,3.303409754,5.086467064,37.8614786,23.33834146,0.163037646,58.49142968,1.830740655,4.267491286
50514,3.532585706,8.566276037,779.2804131,520.0216105,29.22697513,0.683954021,819.0288419,10963.55566,2.079370819,26.07987642,178.5003397,1033.549365,2.815207808,39.68002377,2.359319536,5.785953904
50515,6.633659604,11.5778328,859.6378397,283.8847305,23.06563795,0.226304368,1727.590181,17738.5634,4.242973761,12.78985414,-69.77171754,2472.739541,7.325909658,58.46675118,0.7390885,7.247965836
50516,9.905297454,10.84034668,569.7471548,1196.610487,77.41381076,0.893976072,1412.230947,15107.60147,2.782589753,5.832323685,-412.5215265,952.3527838,7.322769414,46.91467489,1.704731161,5.33818301
50517,17.01552677,7.166359369,688.8417607,1228.250417,23.1145464,0.823380938,1474.368427,15414.20223,3.009217699,9.98277363,-32.90551902,28.61864045,0.184367394,52.48828187,3.450189117,5.005268251
50518,3.309184178,9.38521448,806.0234645,748.6306397,28.97114905,0.914808527,974.530888,12743.67479,2.827796028,23.21036502,313.3998975,1493.134394,9.608382011,46.05438522,3.927877795,5.518112766
50519,12.57771198,7.272661226,353.3185261,1397.493929,84.00059713,1.09257476,1306.357353,15360.14987,3.401781938,3.950247439,-772.7871358,329.8753059,4.703987636,35.20711297,2.784271608,5.272394855
50520,4.82560666,4.103645279,552.4960818,2568.122419,37.68931124,3.927598701,619.1370567,8846.511871,3.688650293,13.27921211,-160.8819067,269.8517279,8.307692508,56.08790807,4.903938285,4.33861355
50521,0.166779143,6.393933745,737.330335,742.5024888,36.29229507,1.45470904,661.7959321,9603.199109,2.041767331,21.88291852,224.9797534,1213.961166,10.18325189,47.85471392,3.360614626,5.718081844
50522,5.505357886,9.425429421,778.819115,439.741162,27.89988147,0.560202132,1009.194365,12613.16594,2.4808053,19.88448665,107.0108195,1101.639268,5.998347053,39.94665488,2.742140843,6.053410559
50523,18.8704706,8.909633588,705.0810724,1308.332239,15.2225165,0.854405549,1530.012135,15863.58897,2.823268688,11.62284844,10.3656356,79.93135734,0.33615775,49.25747824,1.450738905,5.311264752
50524,10.95090611,7.959560254,524.6885149,1334.432349,51.55912767,1.367207715,953.1139709,11595.35916,2.907277542,13.21664323,77.5394934,132.5110324,2.451097178,39.8312596,5.3217521,4.515271259
50525,7.704226656,2.874362402,341.127283,2324.559492,43.18027561,3.660948511,612.6734435,9709.78196,5.96286355,7.624292496,-518.2133592,209.9070309,5.060501948,60.99871094,7.275681618,4.484655063
50526,12.81550246,12.84090826,562.0843152,267.2646361,60.26901331,0.182424042,1819.476816,19096.57497,2.99551844,6.97421002,-170.4947651,1586.45199,5.044501573,65.99707923,0.710902179,7.39941594
50527,8.12524733,12.20579622,696.7767186,924.9651897,77.11118731,0.574041946,1607.973967,17334.74928,3.474553313,9.375909577,-501.3486128,1901.783916,6.628229001,50.64021487,1.322836602,5.304066025
50528,3.140146218,10.99798509,824.4790539,456.5676641,36.71910996,0.422826282,1191.406871,14531.71471,3.522258807,15.35109078,30.4072661,2215.578331,6.387503336,38.80685349,2.348547691,6.220672015
50529,19.96337186,7.746431371,551.1183972,1372.738868,32.00422015,0.850879593,1627.628197,16588.6086,2.706329949,6.45228289,51.71249393,46.47071188,0.22465704,53.58587792,2.286026171,4.975918328
50530,4.781473718,11.57496586,879.7813054,392.8139273,21.76010799,0.287694968,1458.409076,16537.74162,3.626059941,12.43033914,-69.35116999,2471.883239,5.869311471,39.13835649,1.731147443,6.93663519
50601,2.442514597,3.558648251,521.0449768,949.5773688,31.41771856,1.610597762,615.7471589,8021.444481,5.238773377,10.66559647,-55.49780683,361.102763,7.359042867,48.98311911,3.327807824,6.239361245
50602,0.555108666,8.652421977,1214.809835,789.6370903,35.24010383,1.130001042,714.3653199,11818.28795,3.236896533,34.23381449,462.5200314,316.9817056,0.507641248,47.22761413,9.697580779,4.723915193
50603,2.113566217,5.421727467,882.607551,664.6313951,46.11157786,1.18428048,593.3671052,8383.905972,2.623773002,11.855161,110.1843507,185.7107185,1.963710462,52.8932367,6.158937109,5.028630916
50604,-1.309536263,6.161579414,1016.554219,381.6955821,52.17671508,0.742712551,548.8502475,8076.43627,2.402252049,8.475215278,92.38778743,662.5305203,1.878373446,25.69510088,4.021576517,5.234396411
50605,1.144335441,6.89708685,1017.632219,1076.734656,20.96653738,1.66822964,655.8764587,11312.45011,4.147711304,28.23264728,680.9657337,365.1142228,1.987711009,52.73180973,7.026944743,4.626587191
50606,-3.452251054,6.954630939,1203.148573,733.5439662,36.63292972,1.37601947,534.2452974,10656.55429,4.463491128,30.72505531,559.7261184,377.5682544,1.124971401,48.95639762,7.034402871,5.393284272
50607,-3.010568271,6.791952777,1264.770738,366.9326708,61.9464624,0.607522539,576.0092546,8022.437437,2.523216953,9.553649438,160.1309535,256.6293038,2.051986396,28.54217968,4.399694185,5.374680676
50608,0.758654651,8.813463708,1222.027696,469.2417862,55.51250175,0.555696975,815.8276186,11782.88862,3.240658012,33.07459972,212.9748238,467.0252167,0.472374401,37.24559291,17.55630789,5.380857183
50609,-0.857030639,8.701097774,1324.100614,526.5439867,50.55151392,0.739302014,728.0222322,11672.01645,3.398129505,31.73764565,295.9867232,334.5728443,0.408731289,43.59765107,15.61206032,4.694638233
50610,-1.803566789,8.552163889,1355.160389,402.2989585,48.60324559,0.536138459,745.4691589,10429.86711,2.537326783,28.5801061,140.7221408,422.4732788,0.856292285,34.22503094,17.28140865,5.435716955
50611,2.591460767,6.24025983,813.5048313,1271.585065,15.13280954,2.227774753,632.3088266,10883.03309,4.746834093,23.40309484,484.914083,406.951687,2.157212638,53.69852105,7.141579832,4.694835541
50612,-6.298891753,7.647685947,1438.14234,337.4573938,53.20388645,0.609073975,562.2416631,10448.17328,4.26824125,28.32594494,163.5654802,325.4772967,0.400140266,44.81137768,6.058373217,4.856308627
50613,-2.44817518,7.204860512,983.1011935,502.799793,38.06199397,0.85194294,670.4787597,9513.18522,2.106318655,20.37076882,208.1896299,1252.59456,7.084165264,46.1114132,2.579087821,6.314051018
50614,-5.717703483,7.446346852,1464.546574,298.5269435,49.05061933,0.492103025,606.3928176,9414.936143,2.832431856,18.66595297,82.74029238,335.933762,1.430021761,31.83258152,23.01743502,5.275666782
50615,5.242794505,2.967553347,623.3842736,1535.0152,11.64981,1.97453683,727.3189122,11186.44343,6.679828491,21.12790027,-64.1247592,102.1851051,1.104619193,54,7.217000008,4.699999809
50616,-2.102749214,8.276610938,1295.922238,585.5067219,45.00828343,0.912767361,645.1569856,11514.87303,3.434707096,34.21605199,377.5290603,96.9622433,0.147325032,30.67146932,40.28985364,4.725815316
50617,-1.541508487,7.28207483,1027.437543,323.3712326,45.57101074,0.472791573,686.7543228,9155.967648,2.615488271,14.01780171,122.5748797,956.682292,3.909059669,40.70145184,2.538211528,6.151073671
50701,21.43162249,6.385045127,550.429904,1169.72638,26.93575536,0.704971968,1669.316131,16320.8232,3.888649718,9.074573054,23.96405291,14.91499615,0.069670002,27.18603923,5.070568715,5.981379043
50801,17.98729035,12.53793244,604.492191,384.1765731,84.67419383,0.192684859,1957.751103,17342.95057,2.869599525,5.97973429,-166.0674753,89.61226433,0.539650647,41.81782332,1.039323104,6.159468002
50802,2.422286052,9.204308074,1136.495917,462.2417367,56.16094509,0.51001262,908.2229791,12347.25563,3.702898968,30.8449461,163.6942243,573.4226048,0.53086024,33.44106058,3.131583665,6.352818475
50803,13.93157648,10.84041508,931.9619173,654.2442976,51.49499802,0.374636981,1807.473609,16249.80715,4.845479739,16.23922312,-22.89466549,567.3321458,0.423715485,35.43657587,1.595049946,6.606233255
50804,13.72842607,9.280401428,915.1251667,946.6701048,32.05837865,0.682759481,1457.619157,14876.53118,3.959354614,17.21526665,-80.11578774,249.3672772,0.405571718,29.1212081,1.782746254,6.052894003
50805,8.825520897,9.297656726,1079.88365,767.7795851,51.61335717,0.635191839,1210.061016,13734.83868,4.355771703,21.29213532,-59.90465345,363.6566292,0.383377041,26.47905651,2.195732141,6.26389595
50806,19.32239788,10.24632036,685.537367,702.3991394,34.29326877,0.351949429,1986.418989,17281.63778,3.755311525,11.01396776,31.14267568,497.5518597,0.785536237,36.66175219,1.666424611,6.599287928
50807,13.33950867,9.876342152,955.067144,881.7950002,47.12718,0.555105486,1594.053656,15385.78289,4.497834328,17.41769571,-92.8743223,383.0307321,0.552081475,27.50371062,2.00861169,6.227344604
50808,5.915367253,10.72871378,844.1622933,390.8101844,49.26258045,0.30432776,1323.339381,13809.9503,3.709197425,19.62868992,128.0518595,1403.732254,2.54593887,33.39447294,1.971687362,6.521175422
50809,9.353450399,11.05251659,977.3209017,520.2589729,64.78691415,0.334780021,1532.135213,14969.36275,4.859594111,18.6390371,90.23450735,937.6002045,0.457438611,47.50748573,1.413416743,6.949610336
50810,4.95171686,9.818232653,1119.976285,439.6325407,59.625591,0.386369793,1135.162629,13238.93698,4.523579219,26.51490892,9.725131505,588.3925921,0.377148774,32.82971432,2.244348838,6.592992554
50811,6.856308008,10.63291464,1030.369372,378.6401032,63.08956645,0.279504235,1376.182162,13907.34583,4.49202733,22.55866823,80.46190632,861.7601128,0.835294848,41.96394701,1.349772542,7.109982628
50812,4.292734102,9.187138713,1221.160321,524.866203,55.38389736,0.545814504,968.1676894,12625.52501,4.227959498,27.77413691,-13.77086043,281.4951839,0.114286892,31.78506452,4.153233156,6.442769116
50813,9.726149801,10.15360162,763.8391159,410.6805339,36.84875208,0.324460931,1331.900438,13910.19671,2.894935084,13.48340121,65.31885666,713.7467165,3.091955451,30.36029338,1.721602336,6.645828259
50814,19.39845552,9.385659022,715.0091564,955.1578366,25.59431945,0.547696236,1765.375313,16338.37334,3.60772533,11.96272607,32.24372453,157.9483014,0.352664008,26.05475249,1.353419509,6.175759212
50815,13.0384384,12.23580713,862.4008401,435.4163653,60.80138057,0.217859343,2015.358337,17332.33819,4.785025115,13.61994526,-4.922035799,1200.030194,0.577124997,49.3159077,1.019892012,7.163596649
51101,-4.529399972,5.998224307,983.9693741,660.3984597,51.64098687,1.030718884,565.4220168,8089.016286,2.931564514,9.267703777,132.5584197,1197.231953,9.303749488,37.17496908,2.693845197,5.133071941
51102,3.813927662,1.269432008,313.411294,1513.099289,32.11166711,1.924216403,631.915854,7317.077916,7.090414937,7.165136934,245.291023,256.218285,7.052522263,52.35005927,3.853346109,6.375029442
51103,-10.67188778,5.366617797,1354.067674,141.624796,78.26786812,0.442593003,328.9800055,7590.802173,4.316418114,9.33214729,66.34952122,51.55253212,0.486607156,41.64271935,6.929312434,6.229882558
51104,-9.480722751,6.168451778,1375.863819,216.7491305,86.85149608,0.48729528,398.7046907,7062.289548,3.645091054,8.546539707,106.7080204,229.6695782,1.581213348,44.27550045,6.203433757,6.554948237
51105,-12.90924086,3.324815922,1212.875563,233.2074531,57.31098678,0.769212118,294.4210858,8994.446335,4.832287065,10.97750344,200.7062887,227.7296696,3.581346568,67.18066076,0.538248206,7.451442199
51106,-0.137151268,5.509377533,880.9352402,512.6016125,52.9346821,0.996009673,534.2952446,7808.891672,4.521992809,9.551633403,149.9872023,52.18033709,0.671915935,25.18249504,3.932602177,5.020358353
51107,-3.105933079,5.825906063,1021.267193,492.7503226,57.77944931,0.946978023,528.8516724,7660.608401,4.094875938,9.546651704,160.299504,232.072256,3.421336913,33.12153952,3.654843991,5.624548164
51108,-10.6175028,6.606965068,1385.662366,273.2032165,75.79272091,0.49043027,499.3898454,7420.902237,3.3625995,9.129647005,131.5884443,880.5914548,7.81773763,46.977571,5.102266656,6.451992631
51109,-14.79838253,3.960248937,1208.18648,282.6542256,57.12198347,1.420339169,246.1328616,8988.86701,4.884283124,15.48183529,231.1297706,724.4682439,7.804652706,36.51199714,-0.584823086,3.263439678
51110,-17.67266726,3.837595835,1423.09542,133.8661093,71.73056874,0.70800349,231.4001876,8477.280137,3.725735105,15.16534069,64.99992521,303.0002374,3.657832611,62.42484686,0.368547217,6.805997806
51111,-4.313012708,7.142913282,1251.211504,328.0970681,61.91644531,0.497479942,621.2607219,8335.911923,2.390206979,9.884671845,142.7850898,830.9918262,5.013772095,35.08435391,4.016695998,5.799734839
51112,-17.36255805,3.785627631,1170.980031,185.1669939,40.76603032,1.047369964,273.6833398,7344.597884,3.423106281,14.79638768,86.22876705,534.3096326,2.949750781,40.90598789,-0.425939743,3.861654642
51113,-6.492511335,4.751906867,782.5972969,632.0667969,31.93465374,1.534544858,417.110094,8698.083329,4.097439944,17.71092975,345.8389002,565.3572981,4.491453626,40.97537807,-0.423254635,3.871259444
51114,-10.35284195,6.580852273,1455.675163,257.0456568,63.8083194,0.631491389,407.8895896,9680.914054,5.036247554,21.64845825,110.6330611,224.2190746,0.557201427,55.69047681,3.583478613,6.849320811
51115,-13.32427144,5.539851607,1449.657985,221.9849589,66.03732152,0.694139025,313.7589501,9210.426137,4.681784878,19.60391702,120.5730895,175.2970868,1.077413428,66.78457203,0.713160151,7.476429181
51116,-6.536162997,6.928370013,1245.03971,443.7690256,51.65829275,0.642579959,630.0907004,8839.882364,2.502740263,10.8102846,227.2303751,1242.409173,7.155043588,39.10456669,2.610019199,6.13293883
51117,-1.023184949,4.911318327,700.8554762,1752.598412,39.92358695,2.739673762,546.9305738,8478.610127,2.918820487,12.38091232,-65.81526911,999.5519863,12.32908553,35.97134902,1.872061952,3.698722543
51118,-6.883923479,5.456456078,1047.290602,622.3096952,41.46244567,1.369230372,484.0298639,9758.54294,6.313794948,21.20859674,477.593758,497.995862,5.584910103,52.34702538,2.860592751,6.699999809
51201,16.7835653,11.02914004,484.3124764,363.2307907,85.39722836,0.185312443,1936.132414,18354.18763,2.987700324,4.857812963,-162.8513401,584.1253512,3.462327527,41.21396666,-0.61138354,4.543058604
51202,14.96866136,11.36978245,521.550083,593.6542184,87.80184239,0.36235889,1835.207663,17250.07588,3.030177789,5.2112572,-375.6146806,439.2058817,3.666537004,40.02178559,1.264414309,5.869686422
51203,12.89135922,11.69877595,528.0781256,463.943797,89.67460865,0.298087855,1899.232285,18303.74678,3.53404894,5.670713188,-336.3701164,1108.152521,6.692009974,44.34096789,1.152082526,7.079034929
51301,21.4410771,10.10619742,448.7630109,133.9927698,83.29694477,0.077049448,1881.671785,19012.06224,2.556399602,4.139616468,-0.581106845,321.8445837,2.181044988,59.44922066,0.589404454,7.543990136
51302,17.3294965,11.2236524,260.9057822,527.8260232,88.86289715,0.273757913,1935.693947,18483.08358,2.466422603,8.968730325,105.5631537,2074.105043,1.810435361,40.67039655,1.074482714,6.396025105
51303,18.7979759,12.25083315,638.4459327,332.1837809,75.25496589,0.149079241,2275.366711,18408.62895,3.224356162,9.175584685,-48.39169254,1268.107142,1.593449353,55.15643702,0.680954132,7.516128309
51304,11.20459608,12.04009879,874.5181905,277.1615321,39.57823523,0.158183222,1888.476234,18188.73078,3.188146397,11.49273108,-36.24455921,1851.549865,2.457861888,48.29036467,0.903618174,7.472408502
51305,10.34513044,11.55245855,900.200382,250.1196236,27.46354116,0.152618984,1855.093087,17401.87072,3.566002669,12.41576395,-38.56141733,1720.669195,3.211413553,52.01337778,0.584470286,6.780557307
51306,22.9054188,8.28715725,467.1035897,148.7023573,94.82758958,0.083171164,2089.437309,18995.26933,2.726496296,3.580527927,-22.48589603,297.7497671,3.355124438,49.30206182,0.669641667,7.551981537
51307,18.58619881,11.76153634,353.5597872,399.0149004,76.08153483,0.20253343,2024.681664,17556.52585,2.903119972,8.178902989,57.38112804,1798.166603,1.971307646,50.46327935,1.010244464,7.613674359
51308,18.19088218,12.45957005,825.2080363,162.1780739,52.06141474,0.0627627,2709.522872,19394.94062,3.915577789,10.3547167,-52.80464091,971.6597233,3.436410014,62.26011903,0.537975766,6.898957419
51309,9.389066247,10.8170142,841.1587383,279.4823576,37.16609805,0.192572285,1530.473828,15374.90732,3.22182813,12.18845822,-23.1350506,1252.731188,2.043889784,43.39249973,1.225473002,7.202520092
51310,22.90375668,12.11049538,690.1687743,208.2440111,69.5792765,0.088010383,2507.437006,19306.36799,2.712872963,7.291574822,-30.46534997,411.6251145,1.482327317,57.37003865,0.512024017,7.135566465
51311,22.9339492,9.894151628,449.0836628,680.1539673,67.68180082,0.366758217,1917.068676,16943.66235,2.684794318,8.091621489,152.9831855,432.9020966,1.981114808,44.52184918,0.637470598,7.068909677
51312,22.95679852,9.681670742,555.4845123,557.7097737,51.65508978,0.272744019,2038.310903,16866.13504,3.349797517,9.461059338,107.8637299,205.1988728,0.406869526,43.04111031,1.101737937,7.412640143
51313,6.333980271,11.57622757,918.0353277,266.7469035,39.95748332,0.192491406,1448.229122,15707.34044,3.531706682,13.65546924,31.82932848,1979.320506,1.788886969,53.22734812,1.0049077,7.021061365
60101,17.88665829,7.830926445,315.8188284,1764.359532,19.09214646,1.30897702,1266.706299,14525.61721,2.191392462,3.431593993,-15.98570718,804.5618599,1.94898656,41.45816539,2.659893683,5.423010263
60102,22.47217199,4.200612819,236.6319972,1310.879847,32.04088809,0.924280708,1424.450306,15731.67949,3.194717063,3.218329641,-26.50062941,12.95481397,0.214181355,77.65806581,0.969652469,4.964226276
60103,23.86241844,5.2099022,151.9244281,1309.321103,39.8392008,0.922610388,1394.360263,16017.74819,1.649978568,3.134590684,-26.35239687,263.4863459,1.826661464,51.24966448,1.475362204,4.922387225
60104,22.38401304,7.137515942,177.0574178,1140.64092,71.36830806,0.855020286,1363.499235,15383.98523,1.435351637,4.019227802,-29.11401171,598.9412817,2.328846455,47.19065113,1.512176122,5.300174577
60105,19.68133004,6.214670366,144.5433284,1707.29401,55.53397651,1.127568506,1504.489987,14760.43261,2.139752828,4.075932697,-114.3591933,1352.221735,7.531915179,43.98798766,1.628571449,5.945964549
60106,25.34252011,7.946255585,86.73288651,1133.5605,103.7923146,0.711536804,1668.18875,17857.55654,1.695284228,4.757073679,-182.9062853,533.6594643,3.674706249,58.05785714,1.121501449,5.793178647
60107,24.15378872,4.166728192,58.6045734,3283.059559,34.18871565,2.147663528,1313.049343,14566.94308,0.95618017,3.041787989,146.282681,215.7632483,0.45419707,55.9521854,1.352600409,5.06823944
60108,26.58581876,6.416623974,74.69894569,1923.332888,40.21123362,1.109104905,1721.403676,17490.83916,2.201486564,3.703401384,574.0069688,213.1621612,2.11111767,42.67716302,1.860454933,5.562391362
60109,17.32161628,4.997863476,22.93527935,2301.437373,34.79096785,1.576892563,1370.897695,16891.86494,1.008391856,5.568308939,148.3329589,1875.101503,8.032362613,45.48724864,3.229577947,5.197038507
60110,27.23518519,1.276851852,52.7212963,2306.75,56.50925926,0.79237069,1817.975904,19783.01913,3.747590372,4.524840358,357.7413793,33.86746988,1.04726013,33.47619048,1.74780951,5.64761892
60111,24.44536969,5.373414777,95.10767562,2382.590321,55.19483348,1.296406583,1728.667441,19473.72854,2.360904761,2.504493415,946.4388076,294.8821415,2.762835552,33.55089698,2.408665981,5.390403949
60112,17.47957426,6.866639615,105.6485049,2031.655659,72.2082527,1.085439445,1612.603243,19377.81627,2.501390702,3.972421153,617.2201117,1648.363268,8.183602375,46.10944808,3.253105764,5.830364901
60113,19.37391613,7.316062544,162.1201421,2289.178678,63.48315565,1.239990442,1634.833262,17740.7051,2.236437757,5.174526842,477.84151,1290.956398,7.791590834,49.91691521,2.437924358,6.485186607
60114,20.40730071,6.902644041,155.0611287,1615.318074,83.70126283,0.540751538,1723.917192,17153.80149,2.590917451,5.273822792,258.5089259,1075.720426,6.430615234,68.21963722,0.983867519,6.317784099
60115,25.4432608,3.491324604,24.74609102,4932.251734,27.79195083,3.093080779,1487.500377,16850.38742,1.153469908,2.801472452,1865.554094,153.343574,1.861211361,43.53559664,3.33472078,5.687078966
60116,24.89259259,1.1,63.47407407,8421.555556,41.2962963,1.732859259,1572,17340.11656,3.849333334,3.659259259,5145.555556,228,4.892719643,28,2.861999989,5.199999809
60117,22.63755379,4.990468612,51.2674919,1277.814677,54.6916593,0.691506374,1677.831811,18057.46571,2.60171538,3.221087427,-25.69227453,764.705404,6.725125223,41.30953223,2.1816676,5.254006091
60118,18.95946972,6.148823825,46.47978638,2325.991769,46.77935411,1.463639252,1379.82174,16423.72394,1.405426727,5.168571819,160.0611408,1499.106011,8.834142726,46.05384113,3.051712308,5.040808692
60119,23.59537417,3.500528892,57.45074203,2177.536233,76.4931323,1.208972625,1806.080311,20191.7223,3.106245531,3.479249467,438.5101873,583.3082295,4.020068466,48.6010592,2.59362609,5.691170723
60120,24.38991609,4.468130057,159.6854547,1346.094583,55.2779068,0.828024057,1763.693725,19740.7812,3.011114878,3.101993188,407.08882,251.0424345,2.757188654,37.02330286,1.602759041,6.644657546
60121,17.57950225,7.073650892,49.91993494,1768.048487,35.56330961,1.464384536,1221.663734,13647.95369,2.177171122,5.05281975,-40.36036613,1741.955869,8.225786775,49.40651087,2.70363336,5.452060216
60122,22.01383038,3.280266075,25.52669069,3255.942905,46.72283814,1.746330594,1539.748473,18314.84541,1.478967704,3.034457806,100.6369635,701.8406441,7.38940798,45.49278179,1.254940555,6.745724634
60123,26.47272727,1,44.29545455,1603.954545,89,0.614845455,1899.611111,19866.68522,4.002314713,3.563636364,-172.7272727,57.72222222,0.975147963,88,0.661000013,5.699999809
60124,23.0322973,5.774469823,52.31259118,2551.022462,49.06139778,1.603882147,1517.079793,16543.86216,1.497679344,3.548908328,265.6936726,618.1244193,3.449646074,53.85450174,1.47739766,5.062109256
60125,25.27046238,5.259903772,68.93843632,2283.453027,49.71566117,1.355752577,1619.608201,17724.96615,1.660924217,3.359472704,70.11145651,169.1326233,0.742757765,49.60514882,2.199389598,4.864701879
60126,26.61444521,4.761891985,80.33588368,1913.923317,63.15224165,1.267514906,1423.418727,15573.20596,1.481410303,4.445181856,152.484444,12.1923742,0.213446518,36.93437662,1.29856237,5.771589224
60127,24.85403715,4.95726757,125.3664075,1497.172814,38.97483521,0.852115388,1818.380366,18473.22653,2.497592171,3.5957309,723.4970257,295.2343703,3.252967329,44.52659114,1.264388146,6.679867035
60128,25.18283525,4.838257045,45.52428625,2288.509268,31.83746115,1.880847068,1236.551153,13594.1454,0.826391495,2.583143895,95.80497307,150.981192,0.265691878,44.09585037,1.449508149,5.359172982
60129,25.33700867,3.331308905,41.13921938,2990.782332,47.93302738,1.740574177,1675.398324,19217.92537,2.227748953,3.271565481,415.7322438,181.5760759,2.107890639,38.36077429,2.412201919,5.333018614
60130,24.6671182,3.597401015,60.90276142,2655.044003,62.9755765,1.674032291,1666.488271,19060.52886,2.02563189,3.579078662,499.4027297,322.8793397,3.393521108,41.11046174,2.497722356,5.266730555
60131,24.90779131,2.329897819,100.7484182,1780.920417,41.89487129,1.080491593,1715.073437,19275.9262,2.798682657,4.180438026,674.2189593,378.0194652,3.894153384,40.44706345,1.782308051,5.412620362
60132,25.11684239,4.079116794,38.21770549,2925.394766,25.50957771,2.2625895,1283.185198,14424.1102,1.067066553,3.174632725,128.3332085,85.95059992,0.22193262,58.1978613,1.319562397,4.927727
60133,25.20655991,4.458136561,35.63857732,2559.914354,39.7677483,2.09713,1221.494255,13751.19674,0.959087662,3.013351678,228.1756624,108.0438644,0.208927773,51.08982521,1.091210819,5.262010098
60134,25.14241408,1.014082146,100.9807209,1675.829003,37.04526404,0.77093802,1860.011535,19564.033,4.491082532,5.337588791,343.3431456,309.2440106,5.442042102,42.87743026,1.555254473,5.557227447
60135,25.18910166,5.622586888,59.81635804,2092.28636,61.4908848,1.510982271,1352.02821,14309.99912,1.305295219,3.125558657,-31.88397375,166.6771321,0.583676998,50.45171254,1.547931919,4.900040991
60136,18.45072705,6.128214408,30.85706966,2139.51041,37.87447341,1.477770987,1395.342689,16831.80273,1.090402336,5.433589355,285.3882207,1660.061843,6.985226651,52.83461698,2.722052309,5.027678819
60137,26.54330622,5.137325588,30.92834412,2001.184066,53.2255823,1.317729138,1712.006332,18042.71523,1.593494305,2.005915632,437.9845156,86.71829302,0.718658008,40.00980403,1.58910275,5.683661854
60138,26.51393191,4.212170485,72.91157565,2712.989116,59.31462906,1.678072409,1507.171482,16367.1473,1.739055486,4.156146477,262.0831997,14.55583942,0.168573417,44.51400439,1.34664067,5.436323301
60139,27.31209523,6.417874745,102.9413118,1501.227931,89.46928803,0.93200168,1618.990762,17128.54845,0.948647133,3.960132247,49.490454,126.6333666,0.630723159,58.8896753,1.265880764,5.156064023
60140,25.11364707,6.471078863,85.25856938,1993.873961,72.60864119,1.32441838,1461.048208,15151.93535,1.349722643,3.483617993,15.95345623,311.8076444,0.751892639,55.03889099,1.421895412,4.798764545
60141,26.02018208,4.814279312,48.3296137,2304.277993,45.06116596,1.760930113,1321.962712,14480.98064,1.091523038,3.667680636,-91.56724646,42.76794929,0.275699125,44.66945387,1.269721248,5.271538554
60142,24.37213782,4.637419546,49.63521164,3160.444238,20.08775738,2.454576745,1218.939016,13532.27708,0.928698381,2.928482918,275.1077195,229.911527,0.524099827,47.22932041,1.622832256,5.130165388
60143,24.601505,4.188675292,43.58936255,2921.671824,37.30205881,1.996269374,1425.81754,15546.11865,1.104967971,2.574111311,176.3011658,135.3322695,0.394925462,60.06723585,1.410841928,5.099019578
60144,27.55624199,5.191737161,69.18887465,1551.407673,94.6559002,0.92368113,1729.502529,17522.73378,1.44517931,4.099162532,-116.6645295,32.79099871,0.171201079,75.38682144,0.88613664,5.144725326
60145,18.13879273,5.064925602,24.65164056,2601.032706,40.29128869,1.739142369,1253.272637,15327.28712,1.535690562,4.694181699,226.1397882,1582.655767,8.189980895,42.22261171,5.407181237,5.274080461
60146,18.17710585,7.672150273,194.5404474,2185.5038,73.67109066,1.291703428,1515.368652,16192.63307,2.080551381,7.943743952,190.1132918,1477.080673,9.655154044,49.93089779,2.5672233,6.294193177
60147,25.7803622,4.26459953,57.31113723,1911.562798,40.44422347,1.046670457,1737.615463,18208.70389,2.539324948,1.987159019,217.4155332,16.57023623,0.194617136,35.75671849,4.583449379,5.553398451
60148,26.4538319,6.107606785,196.3069559,1988.137597,54.77398204,1.033230828,1868.296233,17696.61083,2.878541354,4.081677959,590.2441787,8.487895717,0.140303228,36.86429725,1.572752258,6.050266136
60149,26.24987275,3.425937811,55.52138984,2021.530043,40.12194312,1.193783551,1759.803076,18707.73998,2.207630821,2.882295312,-221.9294701,11.72873105,0.124208011,25.93138557,11.33070474,4.867817622
60150,21.94741274,8.061428516,267.7745773,1518.81204,40.49314192,0.982100336,1517.911855,15554.92652,2.351828418,3.49358651,23.992612,428.7502945,1.330995328,44.16549608,1.53645148,5.522680825
60151,25.27489969,5.36167271,109.7513947,1531.354556,59.15474982,0.96008115,1585.664726,18886.15688,2.108188191,4.55109292,-55.09320187,177.3830592,1.269703129,53.224762,1.361364386,4.740482289
60152,24.97839527,5.624763295,111.0739082,1229.451068,58.73762209,0.749076223,1616.813512,18438.73347,2.120632742,4.54739867,-62.59616447,253.6506074,1.169026252,60.05288336,1.114177103,5.586695023
60153,13.3772684,7.166034381,82.1194921,1437.437126,56.670399,0.957221761,1311.729955,14593.29952,2.231450853,6.358996842,-80.98706817,2657.002993,10.04521519,54.97127537,1.508755479,5.79405426
60154,24.62975213,6.247119243,175.1862422,2236.239427,61.69389721,1.366107889,1735.172597,17819.29777,2.205067207,4.178418951,646.8499465,255.1151932,1.941068275,43.4992819,1.910141239,6.355796781
60155,25.31165291,1.1,109.5039639,1691.64444,34.73001738,1.035507237,1777.098841,18667.21954,3.630873234,4.57776342,568.7666498,269.7695167,3.055170788,42.00682927,1.148955661,5.569647691
60156,25.195346,4.394997493,39.68969324,2744.696716,34.35492345,2.18437857,1235.479642,13812.38516,0.987165351,3.002565532,210.9805426,93.59982166,0.252831367,45.60046273,1.295888544,5.425260667
60157,25.58081149,4.961821271,38.91877577,2280.113263,50.96622144,1.755857842,1260.744057,13945.3813,0.972044071,3.211308685,7.105296775,86.49782859,0.221520902,52.11469069,1.158104737,5.151108594
60158,25.19720922,4.252369719,46.05129346,2753.663468,36.46092902,2.01652337,1366.948734,15016.5883,1.078136828,2.933140553,196.3776785,82.1378509,0.201502243,78.89426356,1.441727683,4.756421578
60159,16.97424696,5.381257707,38.02291703,1780.903822,63.65791791,1.117998996,1505.426004,18788.22903,2.910603121,3.474581704,386.3544919,1786.002819,12.74969418,42.43833686,3.156769686,4.997533474
60160,20.45312097,6.298740732,246.2249901,1660.161931,41.93583697,1.304624422,1209.522897,14011.27487,2.124477635,3.4871263,-105.3693316,489.0935381,3.29566141,50.32853185,1.469358534,4.720755282
60161,23.90795739,4.325689223,190.1710109,2371.867794,69.32623225,1.209791648,1679.61231,16265.66339,3.322252183,5.658386354,375.3969847,318.6163283,3.098846191,50.08111507,1.259532204,6.393774977
60162,24.00328195,6.435555719,77.31385795,2367.658972,87.75897928,1.298037413,1865.201224,18896.14328,2.066360661,3.875800755,1068.631469,631.3392567,5.306979323,50.49727179,3.460803078,5.782819742
60163,24.61156955,4.18666138,44.01460991,3224.525349,19.23342201,2.503885978,1203.864734,13399.31443,0.971556313,2.756893185,136.9358861,136.504274,0.262673744,55.09226378,1.338009743,5.116950786
60164,24.22549459,4.454609929,297.2475177,1393.544606,58.34863755,0.703375845,1862.308864,17611.3947,3.958460236,4.126906702,132.5973747,7.427957829,0.04376377,27.89351331,1.059780275,2.747506562
60165,16.72045785,8.958725762,354.8992599,900.6919354,89.18747713,0.440053587,1706.148663,16297.29952,2.336969762,2.233720583,40.65912092,1403.715427,5.732592371,43.8169017,1.820798273,6.737313687
60166,24.76968307,5.512016371,68.86027679,2134.258189,48.84467157,1.690258048,1301.796504,13958.05109,1.169175352,2.611257027,84.20458174,262.8143551,0.66415448,50.25756679,1.53714295,5.364040421
60167,18.12091866,4.047296387,44.75907512,3395.896262,46.1229198,2.390849018,1353.104224,18464.08585,2.728015027,3.981390283,394.7848861,1427.707644,8.967693808,37.95185281,4.168047868,5.217880255
60168,24.94830248,5.093730629,62.08289118,2127.380796,63.98250744,1.504084599,1354.083023,14656.81351,1.250629979,3.711962112,77.05323019,229.9918306,0.82757247,54.59594953,1.359942898,4.997587172
60169,20.79244268,5.992896524,42.44295704,2922.163703,54.98468702,1.685405468,1491.580765,16406.38167,1.557813922,3.755879982,280.1950104,1036.073724,5.423581155,55.30593554,1.400867089,5.038769174
60170,26.20654559,5.235952843,59.59555981,2063.308355,76.77321152,1.41296664,1460.829304,15862.56706,1.352917953,4.278034693,200.7672695,92.09157764,0.526609431,53.10927343,1.344107559,4.821436253
60171,26.28576786,1.602214286,55.46910714,1948.627857,46.50589286,1.089351949,1789.471147,18505.49972,3.510783414,3.543589534,-48.6818065,93.62344777,1.509087407,46.65626681,1.012441955,5.548359322
60173,25.53447481,5.090684397,78.62032868,2204.703004,49.62910231,1.518587089,1466.380949,16041.89759,1.361146516,4.04066202,-163.6404272,175.837649,0.810814278,53.88432308,1.435873832,4.753513226
60174,23.76307078,6.032479968,56.02071478,2251.319993,29.38202971,1.568450955,1336.775448,13933.96102,1.124469363,3.661338728,-13.91478533,574.9196102,3.419884692,45.0944521,1.958607331,5.404813393
60175,19.76584197,6.330555155,43.20601634,1608.275412,46.41236756,0.924568048,1485.937459,16849.38874,1.971672338,4.637151387,243.0771668,1356.521545,9.181613102,37.24834772,3.619849544,5.19907651
60176,23.96221966,7.38757012,316.9801428,1173.357738,72.78663825,0.737914917,1661.345528,17513.84651,1.821333946,7.550701042,280.0539331,235.9151645,1.987946579,33.76750594,1.783082226,6.91819527
60177,19.22593613,8.271583725,257.8093694,1573.38888,73.91927379,1.097518326,1577.922316,17868.6129,1.574921613,8.251463216,221.3666613,1223.609958,9.452884667,48.04573467,2.896547905,6.634073839
60178,24.49482125,4.722296073,51.9732855,1958.367598,79.44305136,1.700768701,1155.764512,12557.35256,1.584280855,2.006177049,313.3051061,131.0532397,1.191300677,41.83234739,2.595667579,5.805439929
60179,25.20049485,1.011051546,82.32098969,2392.337732,39.55092784,1.081914951,1843.737603,19258.94196,4.350485541,5.265404236,278.0650796,307.4231405,4.957291774,38.70821296,1.673376404,5.607635293
60180,25.56546241,5.24930704,68.25570159,1991.737256,69.02601087,1.417753902,1404.672854,15183.31404,1.497560082,4.045958579,222.8358257,202.029228,0.817640105,50.47831874,1.512210991,4.962554927
60181,25.57324242,6.016208033,168.9059915,1229.554821,60.58083637,0.659086521,1803.151782,18165.00752,2.333472004,3.390944339,489.6089602,82.31445242,0.342387076,36.18776295,3.377849712,7.519695729
60182,24.91772666,5.609414425,59.2332823,2487.942036,53.15488164,1.548016299,1569.587301,16511.40607,1.522765177,3.044200528,393.2203406,281.7804164,1.550652146,55.13334446,1.649241508,5.121879025
60201,26.07433259,5.787212279,75.39551454,2118.676174,64.70857569,1.224900231,1686.971499,16760.7777,1.733497606,3.573354389,373.5384436,189.0985159,0.530485295,38.99213215,2.010944811,5.620478816
60202,25.03275762,7.915443906,123.3444255,878.2690147,82.01387251,0.51790191,1698.023515,17367.12631,1.417761697,4.510559088,-110.5707318,553.0398105,1.082606793,48.42172182,1.52774209,5.277842972
60204,19.2914733,11.13979841,224.1312074,735.1311816,107.2222389,0.39098991,1911.279423,18480.98429,1.925147936,8.479018059,205.8921542,1776.618474,1.979376025,26.29061515,1.473644949,5.640968021
60205,23.39323068,9.732684911,146.2671039,872.051487,104.5673477,0.47881142,1913.874444,18025.8566,1.537433563,7.064545822,210.4696932,950.6176612,4.576608685,54.7822527,1.521690433,6.401569842
60206,13.46375438,9.115362367,219.9396107,610.5707325,89.7056566,0.372146034,1698.057777,16758.97872,2.249725413,4.879625877,14.4412955,2619.636173,8.028526049,56.28561576,0.795683041,7.260457931
60207,22.48325381,4.843849645,26.40164087,1633.531945,33.36529734,1.252567562,1531.011165,17210.36741,0.867511826,4.677647856,107.4250593,939.8871831,4.071569721,41.06420098,3.593575626,5.304501042
60209,26.06048649,5.768213449,82.31884857,1586.455382,82.27378162,0.816208138,1970.273579,20115.45581,2.321977556,3.318049308,612.0970216,242.9759274,2.241847353,42.51797606,1.856689101,6.038698317
60210,21.8668651,8.477077366,399.912873,775.4552304,70.61742937,0.359531333,1918.611847,16745.39913,2.89353327,2.370862164,30.96849378,326.1148056,0.519245403,43.72552708,1.461963566,6.613342343
60211,23.22470457,7.723087777,132.5276618,1288.123288,91.51754953,0.694917286,1832.920508,17860.55827,2.132121156,5.199487023,471.8632336,758.0609713,3.313560091,32.27345955,1.536190726,6.75797271
60212,24.55442652,7.253917242,161.0321991,1373.970695,61.56655699,0.820783092,1655.44028,15037.82512,2.507581199,2.228152051,48.78888549,302.948102,0.800809671,44.97382388,1.668268186,5.151843697
60213,25.24654753,5.112815169,173.5494784,1320.475798,58.64891258,0.699828768,1864.32901,19773.12583,2.880280776,2.751374068,410.8028188,69.870385,0.545235593,31.34492792,1.602068912,6.793937964
60214,23.32530262,4.549058743,88.72868305,910.9259139,105.3437108,0.770717781,1247.95667,12714.20151,2.166976016,1.813546691,73.67825302,175.1378611,1.799063735,46.28954402,1.281883416,6.231258662
60215,25.50504748,5.20204103,131.0903772,1058.448502,45.38826801,0.524851546,1903.994769,18431.67159,2.228991627,3.638793354,536.6982267,208.4843329,2.795183684,39.25030166,1.216320886,6.375793363
60216,23.39541284,0.9,176.393578,702.6284404,114.4541284,0.124614231,1839.088757,18660.33932,3.824408304,2.732434121,-27.26517665,285.2544379,8.143208517,37,8.287000656,5.400000095
60217,23.84874029,7.973950238,162.9843194,1021.567937,108.9695412,0.54873574,1860.404785,18262.59997,1.960450976,4.067405666,162.7608155,538.0696467,4.239792642,54.74512772,1.242206895,6.344884969
60218,26.21356411,2.348781349,101.0074885,1581.378665,47.1949841,0.752617753,1883.203353,19555.48066,3.068045432,4.188220439,631.4956898,178.970481,2.82959679,32.89763502,1.606445173,5.224285207
60219,25.2896823,4.826456528,63.38737178,925.2544069,44.45622946,0.487339196,1812.454147,18770.43477,3.539249892,3.820880948,-174.0551892,327.2481694,2.776536611,45.3253324,1.851149531,6.524196904
60220,26.50883978,1.192633517,77.10377532,1805.622468,43.10957643,0.844309863,1932.00495,19419.43272,4.49927393,4.731965922,189.2102191,85.24257426,2.875533059,40.34758364,0.609283445,5.138290038
60221,24.5028169,5.994388,35.12652946,1594.883181,40.99720926,1.168466452,1570.588961,16680.21771,0.996007896,4.902795103,305.8789961,619.1848978,3.92578509,44.9154641,2.880400463,5.496224475
60222,27.19749727,6.298048767,73.62863022,1148.520506,54.46124129,0.629040422,1829.746258,17785.51071,3.021409785,4.054473722,259.7972401,183.1412355,1.177099991,48.32427967,1.469646237,6.130137422
60223,18.9187242,8.087789869,55.73795122,920.7715572,42.40487805,0.639137588,1406.938166,14473.8571,2.319066731,5.553655915,-56.03070902,1662.531517,11.66839882,55.05590575,1.705041103,5.859417779
60224,26.11176079,2.918524071,46.90121606,1793.61336,64.09361986,1.109627727,1756.025251,19080.62181,1.525854231,3.708530145,42.82168638,80.11588629,1.063668532,49.0814457,2.16984027,5.037158495
60225,22.54857464,5.490510128,19.9292198,1613.262566,44.61627907,1.237495039,1457.163097,15969.17136,0.962955657,4.402764798,-201.5961341,820.8763623,5.305738093,45.9992484,2.515806778,5.145809851
60226,26.57339744,1.1,109.8838462,1181.610256,44.99871795,0.541295722,1933.665556,18782.52198,3.982761479,4.614712889,410.2251989,73.26782145,1.743314831,33.14881334,1.248787006,6.189801058
60227,22.32893592,4.33008307,326.3892998,321.9088212,129.3269383,0.201267179,1972.996033,18775.2261,2.917453394,2.451484744,-24.46225791,418.5466085,3.975642999,61.59173586,0.617777202,7.497864768
60228,22.84353534,10.00797817,350.5016941,856.9426686,109.9765508,0.437617097,2024.595356,18138.66519,1.877056163,3.823945064,126.5602385,540.1581568,4.601316219,46.72507171,0.981001566,6.808671431
60229,26.50897592,5.612740124,43.8141369,1491.369758,57.33252165,0.737082242,1921.065028,18705.65875,2.658322326,2.242889875,491.1600575,170.8341627,1.590922851,37.54469812,1.931219633,5.783761273
60230,25.19359941,6.573045236,104.2433254,1136.550404,104.7820418,0.586205528,1951.049743,17910.72447,2.770749634,4.826197306,370.4360137,410.6080505,3.566726758,50.72244618,1.689151495,6.452863039
60232,23.33322294,7.604288967,85.43975781,311.0967502,125.0428069,0.161292496,1571.77937,14661.88708,2.859480418,1.905067977,-38.19792653,420.5544534,3.384663615,62.83544147,0.608016343,7.327570523
60233,25.13358601,6.222374373,216.0056119,1355.206749,95.82296124,0.755597689,1654.891925,16123.78756,2.572556465,6.840177672,117.3086201,162.3856145,0.989162804,50.31931026,1.246158961,5.421034592
60235,26.01686389,6.681125121,190.0922826,1082.916634,66.08359198,0.584695035,1883.089031,17965.99738,2.620826921,3.654921103,371.3495097,40.74122559,0.191374185,36.75946562,3.441848387,7.507629012
60301,25.65540074,1.207381391,211.2196568,1054.046407,52.51819438,0.51784168,1930.659918,18887.25734,4.195972547,3.898289064,280.4410533,6.644764626,0.083251274,49.94476812,0.371423562,7.706315636
60302,25.24959491,4.400260417,138.5001447,2052.938657,49.86487269,1.200780237,1674.301652,18356.31532,2.354242718,3.618794561,580.953682,149.6995074,1.090605103,39.33718913,1.636785355,5.91408336
60303,20.68547125,6.999316821,107.1461206,1584.207713,76.37454784,0.919139041,1752.083979,19438.34052,2.174313656,3.899660436,493.3363968,1122.904349,5.463313154,46.93832087,2.414723252,5.885153052
60304,25.1744607,3.655690553,172.6867468,1365.498512,51.75353335,0.857289354,1716.202195,18817.97616,2.790641756,3.384362794,361.1786461,117.7113634,1.337778462,43.81628858,1.501765953,5.942965159
60305,19.46206534,6.746557768,127.9742148,1288.522995,46.78407179,0.874005406,1642.623335,18261.30461,2.309139087,3.715942776,584.6858753,1170.977633,7.739397463,41.9230122,1.48290441,6.498590652
60306,26.04509574,3.884912392,67.98849801,2945.534095,51.61258129,1.59928985,1630.641865,19147.75112,3.049531531,2.363585789,1186.357934,37.60036563,0.283884613,35.50232979,2.129980143,5.411087853
60307,18.26842496,4.029049034,311.1164933,409,134.6909361,0.323386138,1785.797628,18733.18842,2.710526323,2.598002428,-41.61749444,1042.23573,8.831283414,65.64714603,0.578511523,7.416604982
60308,17.76399451,8.320893133,169.8053977,1405.375207,83.36417177,0.749288361,1657.978151,16740.33789,2.47330178,7.769771221,87.12412057,1653.814287,8.193787713,51.27156257,2.686396967,6.504340978
60309,19.01038935,8.637109412,116.084647,1169.585698,100.6006991,0.627033638,1819.328918,17714.09037,2.068702363,6.684328248,176.0453103,1570.756693,7.453979473,56.18314292,2.197354525,6.535380285
60310,16.5418186,10.18210025,194.1899889,976.4480232,97.17813974,0.555504926,1738.739524,18158.37774,2.150295312,8.268281976,127.5091229,2081.307896,5.049817178,45.54159081,2.452863367,6.167207937
60401,14.97531646,1.3,209.2006329,1052.506329,59.67721519,0.282929952,1092.953125,13532.09767,3.822656255,4.100533847,-17.97193176,253.5625,8.795534664,44,2.644000053,5.199999809
60402,4.62880185,4.056813226,276.4522604,1270.225084,15.84612466,2.213087653,688.7004619,8585.290656,7.402404352,9.740898268,-16.02939068,431.8417523,8.025978785,47.45681068,4.252512345,6.030427565
60404,8.207105791,7.007350176,373.998025,1755.009802,55.53995778,1.679846782,1029.21829,12770.69532,4.390353201,5.475250787,127.0504869,817.9116681,7.786571087,41.31082813,4.883946434,5.785329552
60702,25.57911126,6.328494641,118.0230454,1775.896781,60.75139508,1.123026814,1532.260647,14356.74176,2.413919643,1.957538864,121.6576922,159.2638435,0.112795606,44.47964681,1.635525883,4.921982265
60703,19.6632001,7.855564057,179.7655016,1364.118076,76.19106935,1.025592081,1365.995439,15285.72235,1.735226562,4.773439162,-144.9613576,1113.649698,3.489838541,45.83972573,2.243705844,5.037163631
60704,24.43949765,7.579042799,134.8975265,1456.250937,76.05450728,0.928548784,1568.163617,16063.2749,1.623654751,3.992838945,-0.773644259,512.6535482,1.109820788,47.77570603,1.517179518,5.155148821
60707,25.38193034,5.887609586,91.41948968,1772.549125,68.57094768,1.20503912,1573.136125,16753.62824,1.405299008,4.180317673,104.6737122,323.5659356,1.062049811,53.83228272,1.441039085,4.765022701
60708,22.066992,8.634645223,397.3588725,1284.694569,41.33197139,0.678677713,1754.829874,16923.25931,2.889641618,2.469811155,-24.0648704,81.86054929,0.127519937,41.6720519,1.932498762,6.353971604
60709,26.17719675,5.574059905,93.2043471,1986.349638,70.42983643,1.173038071,1725.982024,16895.08981,1.94881829,2.58057475,297.102205,124.18261,0.307084364,49.78287154,1.423298073,5.528712492
60710,18.22580868,8.037449483,426.846608,1364.520344,14.71447658,0.944909556,1489.837167,15799.32369,3.097841362,3.165854909,91.9712246,144.1100205,0.654755435,36.82253992,2.092903203,5.834436873
60801,16.95412455,9.013461083,524.3190815,771.4481978,47.83614894,0.426417281,1757.615541,16665.61832,3.456067724,2.539657913,152.5302343,197.2783238,0.265612873,46.32724279,1.499910268,6.814546879
60802,15.04360858,10.03084001,592.4692432,278.4683927,36.25359691,0.141401906,1893.233658,16263.44479,3.522317,3.87987872,103.9422573,426.3869422,0.605823027,53.20603198,0.722237846,7.86247223
60803,15.78913066,8.523953165,501.6314021,901.5823494,37.92586326,0.592336896,1544.606762,16342.53699,3.471415555,2.191218076,224.3507081,101.9909574,0.150402109,32.87255007,1.739520169,6.344811052
60805,8.641113433,7.879341773,478.3040604,267.8425344,32.72129093,0.211265779,1507.394283,12756.69183,6.192482064,5.931743938,99.75473118,643.520626,1.994541724,51.68685601,2.45189532,6.894291946
60902,25.55128061,4.881494512,187.3990431,1328.997045,62.58654658,0.687727785,1840.385908,19552.13868,2.82970206,2.796054421,409.8668115,6.933493363,0.09027339,34.27818386,1.556480143,6.034312635
60903,26.72864516,6.030709677,133.0205161,807.7909677,57.29677419,0.377694602,1939.534794,18619.09581,1.901299405,3.391884236,411.2768289,9.378865979,1.541030994,24.92287918,1.582079769,6.772493412
60904,23.70935664,5.93159977,316.8550221,1387.843595,56.51826388,0.734352827,1831.948575,17677.36989,3.479623985,4.27799478,128.3361445,6.650052081,0.038889788,27.24031961,13.9238771,3.99038882
60905,25.47077013,6.672782964,60.26496499,1334.164527,107.9909568,1.148118763,1194.299971,12197.46757,1.59829296,1.729976431,240.3492371,13.68077035,0.265805794,39.02655384,1.551912127,6.219521526
60906,25.94299831,5.00893563,61.97683512,1459.590062,48.01030491,0.819661914,1831.971062,18239.94008,2.748137813,1.918760587,255.1154715,8.404009034,0.105540591,36.49054207,1.828386997,5.853783256
60907,25.8260749,7.654124046,182.1651026,1187.997891,64.99308683,0.779937659,1662.495003,15486.78474,2.063720122,2.258721549,19.67023205,132.8672742,0.215400126,57.30512631,1.080313149,5.536609293
60908,19.00946219,8.900063319,469.1662393,1125.819284,37.16075033,0.650483241,1626.437971,16839.96271,3.183587446,2.600093185,109.394187,21.68220767,0.07466496,30.99012644,1.646558995,6.70327877
60909,20.71383801,8.52452529,422.7532039,1590.40587,22.63902425,0.960321215,1624.617714,16303.49504,3.053174747,2.902496591,35.67084873,83.68014902,0.273793285,30.87350494,3.663458765,6.186062078
61001,4.756200371,13.21952763,284.6055769,153.9348516,129.8884993,0.101836234,1773.813933,19545.26374,3.837043647,4.266959146,3.016305553,4003.844605,3.469870128,56.95329315,1.120990943,7.285030625
61002,5.262069122,11.16129057,270.1853684,441.4382652,106.9725447,0.259164584,1705.058446,18477.15273,3.398615589,5.056471932,19.21180527,3952.873249,5.287521665,57.55420412,1.133171237,6.672862422
61003,5.4659589,7.961961261,114.4209286,929.3582225,77.68911604,0.690973009,1250.709249,15861.83795,2.770625304,8.542575468,9.853339586,4248.066469,6.103954104,52.80535738,1.217330354,6.025695107
61004,8.533188842,7.922023352,39.98420611,1286.939313,56.46486751,0.939798945,1134.273064,14118.73725,3.524552116,7.935467287,-137.7891602,3633.440243,6.970707555,54.9164104,1.616852634,5.639271789
61005,7.239415839,6.230322192,31.92631737,1388.025595,43.85335742,0.818813562,1171.624171,16948.96958,1.724575534,6.087969184,94.28358144,3535.351718,11.8377398,48.97046414,2.015767809,6.088667839
61006,7.695198581,6.60496738,31.68987353,1450.543465,37.23054252,1.219299019,974.0336976,14704.66882,2.523289617,7.838759425,-62.86356672,3645.293896,7.649903882,52.06181704,3.905566845,5.141000767
61007,5.219359237,5.438786639,30.1271302,1522.369461,62.69802318,1.551658828,1202.573279,18635.5777,2.837678934,4.584798909,315.5780504,3792.98773,14.037641,39.76414451,0.694181252,3.516019087
61008,1.72093817,10.96816375,508.3089512,202.3647277,84.04615857,0.179865216,1525.565476,18920.36722,5.474399381,5.107868428,-3.1370408,3471.363117,9.033595088,47.10384227,3.806218929,5.846224707
61010,12.90404615,10.2351059,471.3099986,216.4592716,95.32596909,0.105910443,1970.963194,18848.29629,3.289851883,1.94145803,22.66668935,1825.774018,4.890839806,51.5160423,2.509060821,6.834747507
61201,14.35475947,9.738085083,406.1903969,401.9670965,111.0032258,0.326817893,1577.167273,18158.54989,3.012080068,0.84769047,7.107043467,666.8287995,3.568557624,46.90315683,1.791084655,6.671240706
61301,25.67570168,3.513215718,63.61157979,1013.394547,52.42886929,0.546917634,1964.637835,19292.05077,3.845128898,3.015845569,85.80861566,182.5945062,3.366540022,35.80870266,2.07633818,5.776035406
61303,15.604812,11.82363964,236.2282645,12.55467842,178.2563085,0.005246263,2160.63999,21377.70208,3.749377116,1.52321405,-4.449193074,1647.416682,3.037867787,57.11234208,0.580733531,7.965691373
61304,25.91349031,8.00722437,119.7494044,744.6589557,83.72824163,0.429656185,1734.349393,17663.09503,1.754311429,5.104200631,-49.35394786,414.1163225,1.166752223,59.01014324,1.067399301,5.924221273
61305,26.616253,1.032239125,94.41395783,1380.739792,43.0349613,0.587225952,2022.915394,19927.98883,4.846472293,5.271367547,178.4337183,75.40834313,1.865467884,50.20245566,0.854141352,6.128813175
61306,25.73559489,3.349729597,150.5889626,1114.493854,54.49926254,0.62999073,1864.254639,19754.7109,3.500326451,3.532910158,356.2674998,94.15979381,2.345136461,34.78239244,1.650963441,6.472345174
61307,21.96393478,0.609343489,164.0736215,819.7015662,59.17110062,0.210051447,1485.815225,16097.69383,4.18235761,2.908695048,41.5146092,263.7757941,3.746188575,53.61109916,1.724672302,6.130318285
61308,26.99012537,4.272662043,63.33924246,869.7326487,77.12376634,0.445750811,2118.496077,18840.07784,3.804237554,3.161984422,177.3725921,96.07889132,1.088508419,45.31431854,1.15695855,6.641210873
61309,25.97972706,6.152055726,68.55702631,1058.058952,70.96708119,0.606282684,1837.635871,18005.1027,2.57327392,3.057383686,77.67691198,282.0885147,1.901807855,37.22737331,1.826238972,5.632027831
61312,22.56511545,6.72660746,135.6234103,1245.307282,80.19857904,0.723176306,1848.053286,19424.64382,1.750840727,2.595950266,302.19254,648.6191829,6.91900182,49.18046181,1.1826419,6.140284287
61313,26.08951898,5.53892497,73.19845293,542.4114262,61.97048419,0.364285618,1997.429735,18896.85878,3.787535728,4.308805187,-64.47511626,349.4986601,1.919213126,50.3772977,1.505305724,6.78141235
61314,23.96390163,4.413463943,330.0281367,287.8049187,128.2701125,0.132139699,2050.717438,18851.85936,3.109777513,2.33551033,4.194180461,163.2879706,1.899381911,57.06540084,0.508548737,7.49198307
61315,15.6343,7.356664572,104.1774433,172.8283508,121.1198832,0.130672935,1602.300016,17779.22801,3.133883221,2.512655918,-4.306188347,1850.319137,7.23849367,65.70989031,0.559911974,6.493001104
61316,16.00012331,9.059281486,182.7861476,686.3591746,79.38202894,0.331874692,1635.145734,17205.71219,1.98725614,10.11980111,54.49734657,2139.843087,2.63236665,45.10685517,1.647975589,6.005219592
61401,26.72315358,3.673891712,55.59015463,2010.565687,61.65459085,1.018294074,1739.364284,17911.55836,2.537111526,3.433012152,-18.97171236,13.99743826,0.231514123,39.35717537,2.824844974,5.874298358
61402,25.88418486,2.750223694,180.55625,1242.055968,53.13063708,0.575986653,1897.481553,19314.86557,3.514702026,3.513509698,377.1076674,15.26844708,0.478546009,39.42790378,1.079544822,6.844939323
61403,26.11732395,4.325993778,155.9682997,1774.02869,59.38984382,0.916681612,1767.227459,18251.97195,3.252239771,4.121889945,533.7339104,7.284113847,0.155563718,35.24191441,2.111305501,6.307043385
61404,25.1003199,6.107507748,309.236579,678.4409677,108.1282615,0.26785381,1987.124985,18373.91022,2.813067714,2.525360664,95.86237367,4.645321949,0.138429471,33.05184594,0.886207504,7.546661435
61405,25.41532594,3.61701173,46.36604705,3331.816935,58.92474841,1.933687994,1405.261057,15085.37139,1.980042767,2.189908051,1237.119027,27.59173795,0.591146602,50.55903832,1.556596159,5.560285657
61406,24.72166047,4.273135068,163.1825361,1715.752747,46.83758777,1.089258192,1475.3403,16178.5643,2.434726675,3.422050366,-35.74672522,26.60246293,0.883198685,57.73302011,1.035838682,4.455481326
61407,27.5801516,4.787731456,68.45928533,2064.606064,86.91218192,0.841111354,2034.278832,19698.31444,2.861421405,3.443397548,769.5274194,17.79193709,0.46172562,42.43173639,1.862148532,6.235065258
70101,26.88712121,1.499090909,10.32333333,4966.083333,15.52424242,2.405732687,1722.365289,18815.8165,3.502327819,2.977076235,1693.524113,137.2661157,4.954437071,42.73170732,3.415190711,6.33521357
70103,24.25684647,1,139.2751037,2220,34.88381743,0.852165283,1486.595238,15469.35667,4.303918637,3.013860048,-479.1493213,80.17261905,3.207710971,45,1.654000044,5.099999905
70104,27.69671772,1.288402626,16.83698031,2204.83151,27.03063457,0.431143457,1762.786047,19100.02051,4.525658916,3.313621639,68.11086928,6.213953488,0.126837268,43.37788018,1.26661987,6.581797157
70105,24.12578731,2.057010603,116.3310017,2702.63222,41.61797753,1.903063905,1430.533979,16227.53449,3.227084718,2.797843756,-213.3928583,240.6358796,3.909889603,42.45507995,1.487048089,6.279264313
70106,20.4889591,2.592035293,128.5011685,2367.197091,26.86324073,1.556358921,1519.485577,17682.75498,5.188310293,2.851842502,-238.5771067,673.021875,5.573468583,42.80004775,3.929541547,5.954184066
70107,18.6,1.2,226.2086957,1709.26087,15.15217391,0.898152273,1672.944444,15094.66433,4.361111098,2.056818182,-173.1254941,188.7222222,5.552350899,37,1.904999971,6.199999809
70108,24.90689942,0.9,43.24538653,1776.615129,24.45719036,0.848589342,1630.124754,16300.31057,5.089055352,3.136513856,-433.2798671,360.9341847,8.147644519,45.00508044,1.655277774,5.101354689
70109,23.37043478,1.268695652,330.7782609,1468.234783,28.07826087,0.4163928,1515.220339,16040.47317,5.211581917,4.226434783,-136.7012174,109.9491525,2.019159134,40,1.562000036,6.400000095
70110,27.36740331,1.399815838,19.75948435,3894.861878,21.41436464,1.915970534,1433.306452,16724.85806,2.798463897,2.96702808,618.9256683,59.68663594,1.346482674,40.04705882,3.986635335,6.789804111
70111,20.28803419,1.1,191.3226496,1394.401709,27.02136752,0.771310879,1382.96729,14998.29202,4.448559253,2.593891929,-1.025068841,142.5700935,3.478965021,52,1.899999976,5.699999809
70112,24.81488992,1.2,37.89325029,3574.726825,43.24507532,2.458468327,1364.819817,16167.3269,3.468644109,2.74561542,387.2714921,386.2698458,4.966577838,43.21638074,2.858273617,5.621859417
70113,24.42114604,1.1,83.6372211,2994.043103,37.8311359,1.226647159,1497.751609,15113.22846,4.692194212,3.378317864,-33.96804708,339.1689914,8.473235969,44.64238411,1.583443752,5.006622422
70114,24.53602103,1.007537248,139.4011394,2047.39702,33.75021911,1.178638302,1508.933468,16025.35465,4.138482838,2.822628964,-360.2734644,62.81854839,1.081736341,37.01480111,4.332085317,6.287974251
70115,25.94378307,1.044973545,97.17473545,1652.240741,32.4510582,0.247345789,1666.980456,16651.15289,4.953773046,3.083058289,-155.0521094,16.58957655,0.16639262,45,1.654000044,5.099999905
70116,22.16774194,1.136129032,181.1283871,2488.393548,20.39354839,0.953801639,1222.443609,14487.24684,4.598558867,2.607741935,-166.6286738,97.89473684,3.269077412,45,1.654000044,5.099999905
70117,27.75454545,1.184415584,13.92467532,1548,28.68831169,0.380694118,1826,18832.11954,3.892210136,3.309980237,-214.5543478,3.934782609,0.015544966,43.94936709,1.571506361,5.546835374
70201,24.38027962,2.374822173,110.1412926,2140.860559,57.61601668,1.543568046,1526.874281,16610.75018,3.362493007,2.767704367,8.6123987,191.2911074,3.320123449,41.31691395,1.502078092,6.368427319
70202,19.81615731,3.065688543,129.5802508,1194.336296,30.08827469,0.872860112,1703.768222,18201.49474,5.366236873,2.902780199,-466.6148166,817.7015803,5.287659485,43.07530414,3.389783811,5.96491479
70203,26.8409943,1.208964955,56.66185819,2430.470253,51.74327628,1.1784372,1672.170157,17409.47477,4.927799589,3.287564109,-582.4070678,125.0034904,2.43384784,48.62652563,1.232647707,6.188934164
70204,27.60096154,1.399038462,21.85769231,3258.528846,32.72115385,1.544442857,1635.305556,16892.2777,3.802006172,3.15054137,-15.0677925,31.46296296,1.135495888,40,4.006000042,6.800000191
70701,9.046234219,4.232738354,127.8377013,1431.796256,20.55071833,0.704540828,1329.894553,18463.74391,6.38521061,3.404055569,-514.1484063,2660.126797,7.103575042,49.47625272,3.444185086,6.557995489
70702,23.91071806,1.796409715,132.9199578,743.0702218,44.67634636,0.458085904,2069.052691,18696.90641,5.027685906,2.985704808,-231.6271815,135.0980942,3.18382618,41.23510638,2.403085074,5.939840374
80101,15.27513618,6.841835978,703.7384284,1227.740543,63.25625863,1.149323027,1064.962119,12732.04953,1.735893361,5.596011514,182.1481156,924.1404793,4.781865656,40.17316321,1.906249637,5.608554873
80102,15.18030849,7.733557722,471.9970116,1010.009157,85.4945537,0.797986737,1267.329154,14281.41408,1.97518221,6.492936381,81.67554224,1830.014502,6.180043919,39.5217819,1.994806102,5.518164437
80401,9.570342784,7.711199938,642.3922318,945.5593339,28.20691807,0.968204887,1082.396006,14054.16198,2.990433937,6.589413803,-176.5945992,1031.651613,8.178264741,40.60918061,2.166284023,6.406649474
80402,10.90669358,6.433307999,529.8819387,777.7503934,16.93511348,0.873565936,894.526562,10944.68693,3.925481512,7.529585615,-25.83542008,82.17871553,0.562409564,41.91266915,3.738021349,5.58019148
80403,16.02064889,1.270360187,273.6481991,1191.00165,38.18421776,0.784668089,1305.099693,14376.79775,4.645030669,3.1324526,69.6873261,362.4018405,6.61511113,50.82954545,3.128445891,6.655397537
80404,11.5350398,8.543937659,779.9531777,634.0824795,23.86823883,0.560650239,1140.013345,13651.44757,2.38016675,5.628969616,16.83945379,398.4154313,2.750133851,34.02569681,117.8917374,6.258469798
80405,8.399936169,5.149670858,629.9851691,633.2664527,23.25353024,0.799041861,770.67047,9916.559261,4.065660621,18.94571941,-199.3522943,60.53304591,0.475722635,45.7793079,4.585966104,5.56330438
80406,12.09809011,7.151458573,441.0790775,1274.358593,37.73146571,1.104394656,1108.342628,13493.72149,3.174632709,4.520768763,-372.1231478,575.5970118,4.805093931,44.07017182,4.650285003,5.47409349
80407,12.98400203,8.770542972,774.2219221,662.1382955,42.73619647,0.402427811,1379.826374,15117.32696,2.27173235,4.545818637,287.4312199,1013.715542,6.154616842,42.23146345,0.542654789,6.263920478
80408,5.810769144,8.537472598,796.6235056,880.4714152,33.76868619,0.853496666,1038.155996,14087.92479,2.286002919,4.954713778,252.4887076,1637.785339,8.871206139,40.93823349,165.7245326,5.933189422
80409,9.350638441,4.657611746,385.0344459,1045.120286,18.91580822,1.521940914,706.3194039,9342.432335,4.725270131,11.92848192,-25.43750131,141.2401209,1.769447418,39.25179038,5.356524184,5.032364958
80410,10.85037392,10.36189316,812.7039524,410.8965037,45.59956569,0.292805706,1482.215307,17032.00746,2.235774268,6.956248158,41.75892111,1231.417441,2.488179797,42.74726914,2342.328328,7.086208732
80411,8.730751768,9.87639161,1034.88942,551.2391326,100.4634334,0.387602092,1328.718032,15512.6365,2.56404076,7.592150165,163.9652458,980.2238299,3.303765024,42.30168516,1.109982672,7.209073344
80412,8.111939506,7.183560506,791.983021,605.5680106,33.64505582,0.702006262,852.8434007,10841.02418,3.125600166,13.537214,-18.77303686,170.3724467,0.549823556,39.79229452,4.499368361,5.718786566
80413,11.64975331,7.472621703,942.9146969,1224.552874,85.19365569,1.109488005,1080.656175,13607.3222,2.215358273,8.568076071,85.49870343,235.4005899,3.364773609,39.89242144,1.943171209,5.266517519
80414,3.632514281,8.560994109,1193.847651,856.737229,93.36533648,0.928780175,893.4959542,13349.83342,2.201318083,8.717569483,146.1395262,909.7423301,4.962914938,36.50593842,2.551083418,5.978329487
80415,16.68332695,7.644098061,848.8849574,1309.496905,55.64605231,1.010072772,1246.830809,14451.76412,2.359155462,6.064865721,231.7968042,115.787012,1.443040517,36.96960322,1.041249537,5.103999845
80416,10.89241698,6.832907505,782.9465811,861.6306351,23.07718135,0.783122161,1115.823359,12807.60246,2.973608848,4.835349717,158.0858108,381.4267283,3.018822705,32.97747359,2.434240347,6.462058517
80417,14.50637648,7.566352256,759.4522159,1076.123523,69.67718272,0.990408044,1088.562764,12897.68357,1.751777591,6.536752455,148.1408201,792.0341991,6.132725898,40.99574193,1.677687652,5.897835398
80418,8.246936915,8.094310581,701.9618235,1356.3171,22.7179566,1.27872577,962.7495707,13086.74444,2.331563388,6.955548173,-190.9543512,975.2308703,6.586538677,38.07581893,2.83176483,6.61463784
80419,5.792821481,7.598174576,1039.895057,549.7790266,28.66733911,0.618115906,896.0547074,10842.41063,3.36880289,11.11032741,127.1820624,177.6688123,0.83120469,29.0887223,2.564145699,6.350745332
80420,10.46953004,10.31166734,917.9369505,592.3542507,60.01628975,0.39577112,1580.049194,17106.34601,2.07487124,8.199594436,38.61843233,1439.671149,5.273499627,39.26172562,2902.759198,6.666319713
80421,10.24106841,5.620605631,437.6797792,717.712638,16.23548787,0.881071293,798.7475704,9937.558823,4.284898685,8.410468653,-22.87167777,78.30877519,0.889604042,31.38568995,1.427000033,5.089200708
80422,11.54537856,7.266561099,704.3946413,922.6134202,29.70971401,0.684331657,1199.742689,14765.05907,2.298687109,4.356091265,124.5046333,634.4442342,5.56401633,39.24773825,970.6274746,6.451219257
80423,7.456439009,5.434853259,882.7694857,1199.227542,33.02098787,1.364261175,813.4103409,11939.56197,3.566696226,9.264881822,215.581475,168.8634797,2.582184731,32.17637987,3.266942143,5.512364712
80424,13.8508553,9.003162189,964.4207705,698.6362376,95.21969395,0.477176899,1396.267509,15616.88019,2.532489429,6.573782525,221.156932,147.8844124,0.758549743,37.54721077,0.524422278,6.369340115
80425,15.38467742,1.006003584,234.3932796,2026.897849,62.24103943,0.451981681,1451.421698,16123.08098,5.289779875,4.150602686,71.2208032,677.7650943,10.885163,50.29919137,3.020934281,6.516621555
80426,2.764011473,8.471407758,1392.319886,663.466983,97.79561736,0.682216079,953.4961464,13281.04947,2.601293283,9.803591375,134.1767842,383.0935215,2.4780654,32.81593937,3.550798372,5.862557667
80427,13.92592295,4.806820303,784.8885449,2032.159709,26.80375937,1.730792187,1091.653329,12656.08752,3.51041264,8.390117949,313.2236225,216.9079538,3.586618781,43.84287788,1.604588995,4.97684132
80428,10.27650591,5.552525112,817.7866963,1623.293656,30.19448353,1.728668602,925.0839196,12254.18264,3.430449878,8.031197194,179.3010031,526.1876329,5.015581999,37.05492176,3.297751965,5.622625757
80429,8.836438249,3.09639254,317.5298105,1432.936538,25.24181472,2.297801258,650.1600968,8662.961024,5.7691141,12.94308253,101.3156822,146.1833399,2.924472443,35.66756282,20.68655959,4.770888391
80430,6.501033289,8.820668705,1328.907984,542.6638986,108.1375532,0.44513247,1233.26891,14508.35407,3.29024809,9.483761121,145.0451926,189.6979802,0.598694929,37.33371195,1.45863491,6.476015092
80431,10.5228546,8.190677435,779.3856747,698.2286858,27.86925914,0.683230201,1012.24296,12338.93664,2.313360842,7.280422162,-13.28332113,236.1356032,1.453401968,35.68777843,2.545332324,6.241884004
80432,13.99893076,8.244280691,722.5593716,897.9673223,20.31938647,0.780950226,1068.548837,13043.68413,1.364987854,6.443794734,10.17614774,80.94366035,0.519033517,35.10244871,1.236879708,5.734044852
80433,7.464772616,8.671147653,576.2914756,1061.985484,18.34039231,0.971812178,1155.106139,14440.09324,4.602559533,6.003255927,-118.6576699,1346.654353,9.500162367,44.30575346,3.14251608,6.165125351
80434,11.05451729,8.526072755,808.9743955,775.4009863,75.99481318,0.681361575,1141.289565,13657.46066,2.029170696,6.854685557,119.8869476,1225.037152,6.439849981,41.48026343,1.566404337,6.402808896
80435,8.657203415,8.751186339,767.7887092,732.0714415,24.73432446,0.600790979,1094.007292,13358.77739,2.87864556,6.011036126,-3.294232853,972.396549,5.911171384,39.70587763,2.601065764,5.445831768
80436,5.453124974,6.496946206,883.4090595,636.1580805,30.55940031,0.856396124,750.7619299,9869.90115,3.225377584,18.98740689,51.59967305,138.0395814,0.527493929,41.71127866,4.310014356,5.519781076
80437,17.49844035,6.79910823,702.3528368,1082.144952,78.71111649,1.131126592,990.0530926,11403.54519,1.25214771,4.379232766,111.7311115,424.3851652,1.448890029,40.19751443,1.390356047,6.126209753
80438,3.742683502,2.778487976,800.9855818,988.7646566,31.62932886,1.329866865,651.0683108,11963.60362,4.958772549,9.690679101,93.21696235,228.6609014,3.535179479,39.84771654,5.938671213,5.483609891
80439,13.99238902,4.982071362,804.3069209,1488.592923,67.89721502,1.149859437,1184.082309,14016.59121,3.173470854,8.186601158,64.84774174,157.2650916,3.466421687,37.86393523,2.158217615,5.385956832
80440,15.47854506,5.645645299,742.7092634,1877.683444,48.65634914,1.537646073,1177.078378,13569.11995,3.258795793,7.952566942,193.9491326,249.0187708,3.429109929,38.9379828,1.502021154,4.373952811
80441,11.52517611,6.217255349,787.7451169,1633.392764,46.66006879,1.61449919,1031.321382,13230.14347,3.396746737,7.816387734,95.59339535,680.3981915,5.793024706,40.5423841,3.860687995,5.744757468
80442,12.33093273,12.33237622,1225.5866,35.26568506,102.466955,0.029887806,1747.659582,16168.63818,1.846364441,7.038310282,19.50495248,1016.857811,0.163013086,70.82665221,0.602752656,6.930299325
80443,1.655261878,7.789236071,1345.501372,751.8661267,70.25435668,0.912008942,842.2380859,12776.93671,2.185377766,9.596018311,118.3572779,367.3123501,3.19315795,39.09078322,7.793900385,5.369471581
80444,1.429822473,8.068087183,1257.567586,448.1331206,47.75407248,0.560633407,817.4121374,11045.69204,3.169400707,10.03056071,186.1794717,148.4025952,0.381701104,32.64251413,8.76803128,6.003961372
80445,9.367526955,7.409362935,634.4471245,898.2518642,18.42013229,0.986000492,890.0399603,11255.0643,3.188209666,7.553854729,-7.937744378,435.7977073,1.993489187,38.1822165,2.815918272,5.705808064
80446,14.90075469,12.47844783,922.968285,457.8144167,89.52449131,0.192407619,2057.456063,18094.07219,2.384200226,7.548489324,156.062957,1613.498677,5.01152757,42.96774648,323.1431932,5.404412063
80501,4.923353457,8.165216445,675.5627842,1171.045941,27.7790305,1.401146956,860.3793488,12709.13873,2.777867587,9.715434092,-72.07235433,1433.357824,12.1662035,40.89660961,3.243538977,5.565350499
80502,-2.325608964,10.95534252,1196.811723,255.3381243,85.73388462,0.324009317,900.5730036,13916.91125,2.325678612,8.569568512,58.64647468,1977.160049,6.007591445,43.67147154,2.622627672,6.775805143
80503,6.769261797,4.476020659,379.7131144,1301.927076,24.50370276,2.974575622,590.3834295,8298.237372,5.581351555,15.69286763,268.2023005,402.1367453,5.321896624,49.50898549,18.06669762,4.491463889
80504,6.508748074,7.660778516,777.6927129,827.6966638,39.44408066,1.024396116,820.3951661,11813.37116,2.519389196,8.938650633,-34.86882547,749.763546,4.613811689,40.31373613,3.866856735,5.472742865
80505,-2.32370431,8.931516906,1580.219292,498.5746416,102.1181232,0.628071054,809.2155812,12408.35018,2.04702042,10.48903993,119.996417,621.3525128,2.693571068,34.45563976,6.427298364,5.857063107
80506,10.59550185,12.23725646,844.4024417,359.5899089,74.8940829,0.275911943,1690.038464,18214.3093,2.043816175,7.92558541,41.75723583,2495.044047,6.228268603,34.09569257,219.6450657,4.078052212
80507,9.350782463,10.58064965,839.0971188,382.0515416,57.06131558,0.184937865,1617.985912,16505.78947,2.277224644,6.652186875,116.4686291,1870.530635,6.247473309,49.29125528,0.05321523,5.776444353
80508,8.743888783,12.26225369,1143.352931,194.9168048,100.8586688,0.118431106,1601.249647,16545.58882,2.788206602,8.016790045,56.04044554,1376.522863,1.598551947,63.00853632,0.450274034,7.179069618
80509,5.265226894,8.35079249,574.4856764,720.9809094,105.8283503,0.66658826,1083.952082,13860.04918,2.715819733,8.446298605,113.9357197,3631.975559,11.22462488,44.28494555,2.135093138,6.466775466
80510,5.744290294,5.56068481,876.3560316,1169.001091,36.47882136,1.523885347,760.6560596,11938.49101,3.478254613,9.124112256,163.8700911,398.6158543,3.937067864,33.0352551,3.556762398,5.81896919
80511,8.322651155,5.913443798,825.0169223,1495.144016,36.69769082,1.831256541,873.0968671,12341.59019,3.819009482,8.249741338,124.5564744,926.4985011,6.896407594,39.12576327,3.426573663,5.839578304
80512,-3.927718676,10.77539401,1224.126123,222.9030733,110.9671001,0.316287045,756.1683402,13486.91156,1.999883501,9.143830841,55.82333318,2173.760977,5.297394256,64.83244733,5.651360482,4.648237754
80513,14.4848574,8.765797937,573.7889533,677.6099818,57.24635922,0.406718658,1642.421123,17493.31303,3.331976083,5.140187013,-234.1292437,1008.080765,5.786111625,39.20149979,1.828288049,6.92388119
80514,3.552203981,6.701774173,597.9276079,973.3238592,77.82188793,0.693858734,1032.244051,15409.77782,2.525075112,10.17641204,51.78388669,3915.980696,15.67876787,39.87723124,2.3238826,5.752835811
80515,8.470084009,9.348148841,766.1564252,548.6634749,37.22789449,0.423332021,1304.315984,15784.84261,2.180986548,5.966690865,42.0790012,1321.410784,5.193638706,38.55285214,1347.969557,7.108346346
80516,4.859722398,7.933763106,598.629629,826.58587,80.6355323,0.737225738,1059.324223,14894.61301,2.48346098,9.093009258,73.47112957,3689.413279,12.2904289,45.47867968,2.209100332,6.605481735
80517,1.282729828,10.99246003,780.593551,524.2594302,90.1045609,0.555816844,988.3897303,14640.40051,2.643860732,7.155855641,124.5374853,3229.634644,7.244676828,45.85434409,2.587060372,6.981243485
80518,7.475990124,7.27176062,627.2598856,998.2422545,84.19982128,0.9680099,924.0202222,12202.18028,2.220408233,5.822741672,134.1197328,2605.618864,12.68682161,42.27860591,1.941800602,6.24778066
80519,-2.055180249,9.0974896,1223.85173,544.652565,75.2917614,0.722990245,723.5656679,12108.67146,1.715611481,7.788042848,161.4237552,1245.602657,5.706606001,47.40734085,4.471952817,5.42686602
80520,5.529281561,3.501292232,518.4939765,1811.731904,30.18014131,2.475829979,658.2039295,8521.067612,4.981647833,21.38248091,501.6484571,224.1694152,6.45961086,53.26643752,6.408911753,5.742353608
80521,0.425021696,10.82556753,931.5398552,406.8874069,58.76286941,0.45414353,1032.978432,14842.90967,2.447746255,6.818571779,74.08698197,2421.15998,8.67721471,44.7200923,2.729733775,7.19698184
80601,-6.96367343,7.391086348,1669.425066,384.2008664,61.30661583,0.644569357,608.4267305,10018.68302,1.897643506,14.0262503,148.9793944,456.13825,2.301763558,43.43995846,7.703932467,5.544729231
80602,1.264280098,4.159027662,442.9141173,895.623903,22.56074829,1.828206748,544.158526,7456.560604,6.336724383,22.77692665,-39.40720771,448.3047757,4.148948884,51.31026764,4.568608623,5.875408501
80603,-0.68143398,5.313253307,938.3254105,742.6244724,40.37290803,1.240670359,571.1278951,10713.28667,3.279015902,13.50205693,222.3519528,282.07878,3.192978026,42.95138987,13.23734604,5.121859264
80604,-1.557095232,5.916219021,1055.077249,579.0850736,29.44452132,1.209883277,597.3060596,10600.89243,2.670999597,13.8055789,148.9567757,350.7158894,2.838819197,36.71639257,14.45460255,4.966664457
80605,-11.351377,6.48543074,1770.648022,290.2244168,63.26737332,0.544254748,527.9282207,9667.781207,2.101473903,13.46959243,105.8970751,496.5593726,3.724583641,42.45979459,9.860332303,5.293680748
80606,-2.679685779,7.807727564,1481.758227,667.1166589,67.96322735,0.945631164,702.6755236,12110.45668,1.769077594,11.30491194,120.2543752,501.0216973,4.133711082,45.55630083,9.528729412,4.837830316
80607,0.007609479,5.347290257,1105.669049,722.735329,41.73164307,1.054889726,643.663317,11909.78389,3.280670503,11.80786928,82.42717298,199.1447003,2.480503223,43.14677164,9.992125662,5.020076088
80608,1.806544788,6.280715655,957.7267398,596.8487063,32.378862,0.975553661,622.0403302,8755.909978,2.988257046,23.97041953,237.4933017,180.645429,0.96412283,47.70724559,9.654995562,4.861567559
80609,-1.885357823,9.226398072,1356.824635,377.7016268,105.5706822,0.469012728,823.3574465,12687.20646,2.316215211,9.922451215,103.0736599,1146.704783,3.944638163,53.71482546,3.930300578,5.394451949
80610,-0.269217338,7.1509411,1165.026064,663.613805,34.93539263,1.008797,673.9300131,9982.622828,2.690742744,13.0953849,289.7523869,386.0221242,2.419543525,40.00573185,3.124710298,5.473933232
80611,-1.781075704,7.137508148,1303.245734,521.5066901,43.53516795,0.812313914,655.2982199,9683.549822,2.802033998,15.22446469,235.962484,94.75185939,0.369756966,39.09839223,16.53872174,5.002478862
80801,14.20145499,11.26623906,961.2547332,299.468696,68.85757816,0.170098252,1775.409181,16199.76633,2.501390822,4.864760277,85.9744476,478.145625,1.074465832,37.88123594,0.819611898,6.194542976
80802,3.147960213,10.4387556,1225.711639,363.1442438,30.13229954,0.332136654,1132.151553,14102.87832,2.603500612,6.345960515,95.97609203,824.6582185,2.4119984,38.9009899,2.328283916,6.791998606
80803,12.81287044,10.40686011,826.8893293,349.4519174,44.7455494,0.279981178,1515.489633,17229.06854,2.209357486,6.777934305,58.41803276,936.4250908,0.9933399,41.37246201,4025.451346,6.906768757
80804,-0.820403866,9.972928621,1465.427559,337.2968939,114.5352503,0.360972537,944.718422,13359.44572,2.586459645,9.555612578,96.61023035,963.8740136,2.391001113,39.33930409,2.693365362,6.290396787
80805,8.201163974,10.35174974,892.7606534,468.0839619,53.68676035,0.356459064,1392.677661,16415.36999,2.085392293,7.399263235,130.0142748,1810.166477,4.271218835,40.48149532,3564.659674,6.062661551
80806,5.616475667,10.77897327,1244.125932,208.1235355,45.36037206,0.190157367,1368.311548,14834.91784,2.755450679,6.140158193,49.39122833,927.2297646,1.979147238,47.14871316,1.370562953,6.998382118
80807,6.122477876,1.500471976,237.2745428,1920.531563,30.99941003,4.616527182,504.8758322,7445.949433,7.882148808,7.853133796,361.0390676,192.7852863,5.932917766,51,3.162999868,6.699999809
80808,8.260341484,9.995619042,839.5972573,517.6979348,61.18362879,0.380562706,1398.336634,15564.98614,2.046229237,6.284867838,89.59977702,1719.270684,8.115293295,45.10993346,72.31864728,6.753556927
80809,2.332701615,8.695442414,1260.903564,395.588399,47.85095123,0.44567176,911.0167555,11701.84305,3.300448874,9.081885145,158.8524736,249.7965168,0.755075433,33.04984034,2.726061919,6.712975783
80810,3.587618087,9.341297448,1305.848812,302.2270266,38.56727274,0.278767874,1110.600885,12432.29826,3.768186906,7.943959046,119.3718493,254.878585,0.348102509,34.91037872,2.096546494,6.909167183
80811,2.340200737,9.745848183,1249.580369,285.3266624,45.62349599,0.271731225,1094.153431,12788.98127,3.446458597,6.929450907,108.2632158,651.2697852,0.933223718,37.95317652,2.393461354,6.774597782
80812,19.42558664,11.88644403,888.5397094,260.561781,86.30318421,0.127637257,2243.551188,18175.04108,2.583915608,6.839478701,14.89213178,466.9822294,0.868947906,45.86059716,2.916393953,7.750853489
80813,2.241829014,10.13759082,1393.658934,325.7325186,114.987484,0.26986825,1196.391146,14737.86243,3.386742263,9.051360564,94.16699471,933.2407821,1.152752111,42.95623815,1.549418482,7.053345256
80814,8.654555388,8.268898345,1037.731624,445.0381898,22.60352973,0.408162779,1112.838591,11966.48203,3.421821603,7.480508029,107.3300171,116.6433423,0.641497253,33.39275264,2.368904253,6.815137874
80815,-1.622682595,9.819310388,1323.965393,304.5882399,82.39591037,0.448407045,783.9258826,12699.18009,1.243193656,7.201546995,80.25001813,1254.249708,5.190791332,43.58734473,2.779142008,6.091597419
80816,-1.904451603,10.5524232,1284.965947,269.3892377,113.4586557,0.343956999,856.7821067,13285.29673,2.173155687,8.389261779,75.63126389,1669.000119,3.904551937,43.14371709,2.713542084,6.317777554
80817,1.023302234,8.445375244,1254.218718,426.7017492,61.38707927,0.56329534,807.1129797,11568.31977,2.448310381,8.816023013,156.2890182,372.5269603,1.507847457,32.05528905,2.635765647,6.277172646
80818,5.195503539,10.93177848,931.3478019,403.9234894,43.80280387,0.343104312,1223.191696,15079.29597,2.0195597,5.543090501,79.75720463,1638.116571,4.950956624,39.61895166,2.435750819,7.009103359
80901,1.833571238,8.535326132,1527.334005,591.1561906,88.0785316,0.637075095,922.5466763,13070.67779,2.476568277,10.45896717,113.5427012,127.1136777,0.568119774,31.32636235,5.69842316,6.158255309
80903,4.592724494,9.280881416,1455.740369,414.0970832,118.7125716,0.343401093,1246.682725,14331.05953,3.448214783,9.961259383,117.5706266,144.3600489,0.144042967,37.40317937,1.831529369,6.491610771
80904,22.96634175,11.3889647,585.3405981,29.96765618,162.0918753,0.014847433,2491.533284,20772.19735,2.846951849,5.183147172,0.629200774,68.61753894,0.433556252,46.17201476,0.194679085,7.00763827
80905,23.54177139,11.65881715,673.1112701,65.80665917,95.0366021,0.026865081,2707.835501,20051.33545,3.583907156,6.847448148,8.192217226,13.13175008,0.235280214,43.09136304,-0.265043928,6.003388448
80906,26.0917315,13.26293339,976.3884779,180.9019809,95.68590783,0.062756092,2913.110931,18918.30649,3.257353315,5.956881864,102.901283,11.09596633,0.04278804,47.61685313,0.525365291,7.845275874
80907,4.620903742,8.41170667,1343.665748,605.8115201,77.1523338,0.625772042,970.610821,13424.25838,2.777048001,9.702070184,112.4359616,100.3686676,0.62239152,33.58781105,2.56793942,4.972240209
80908,14.65959093,5.381909895,855.1697485,990.289801,78.80348259,0.721402695,1264.493986,15498.98966,3.767305264,6.497791524,172.3302944,0.851196108,0.022785399,35.54680994,0.084536342,6.904687711
81001,-4.293518973,10.48906162,1133.747434,282.5025532,70.37916462,0.443934972,775.5100198,13584.11099,2.379597936,9.152157765,44.21539625,2287.42661,7.624825239,41.90259377,2.801343935,5.836466808
81002,-3.82680869,11.85252641,805.8731595,235.5171276,120.2728852,0.186226782,1150.714956,16413.31907,3.693920861,10.80290348,51.01415389,4794.420105,3.600262228,53.11667126,4.578010255,6.517929139
81003,0.626683962,7.852140453,623.4928517,1061.256469,97.62128819,0.487410735,1070.696973,16228.85419,3.210861664,10.1670305,8.598584546,4566.124086,10.95675097,45.18077581,1.693363905,5.328036161
81004,5.218567696,12.37214846,846.9156284,289.4639684,93.25416733,0.294431671,1381.255528,17425.28667,2.324166511,8.582366593,35.8773433,2971.361531,6.867043741,59.34258558,992.7856632,7.469389682
81005,-0.144973312,10.33133049,817.7139881,540.0502424,84.49375643,0.744105385,1130.930987,15722.87106,2.216852378,9.805101383,55.30346895,3622.548037,14.13577371,47.27482673,5288.302295,5.5703058
81006,-5.509726545,9.780242033,829.8606291,235.7166025,57.51574294,0.190711856,1065.843433,15361.98969,2.515379068,10.51590998,18.54611029,4504.29704,13.72965714,34.2334661,798.0135077,3.2207159
81007,-5.477461172,11.17951528,1210.04393,239.860424,111.8573866,0.347483076,749.1033317,13764.14262,2.56099216,9.658413702,64.61040832,2568.544949,6.011370535,43.51961736,4.933780289,5.643756386
81008,14.69757835,11.57922568,930.0695018,265.5055799,66.66198085,0.148441748,1868.14037,16551.80108,2.656021672,5.511674673,90.80029803,771.1974487,3.112678824,33.02871409,-0.525257543,4.395320906
81009,16.50447263,13.00544767,834.3786497,170.9234685,100.5001687,0.068463158,2258.738634,18846.56595,2.512373584,8.618706483,69.55247026,1788.708743,3.232045395,21.42292589,-1.435889092,1.695890462
81010,7.954305476,12.01757925,620.1742363,415.2066859,54.50455331,0.261021816,1627.552956,19007.51623,2.784166952,7.179083625,-201.0558473,2702.477469,9.902952906,51.64250317,2.438588392,7.242088259
81011,-6.588635619,11.88497048,800.7341315,234.8009543,110.3594433,0.112490251,1079.450853,15878.17183,3.73254046,8.894382987,86.74644269,4683.194102,4.712680134,54.85565259,2.900894446,6.938478073
81012,-1.371141191,9.457789618,759.3385427,833.7514004,51.71679747,0.490694075,1104.043081,15626.97056,2.02444385,9.676181382,-0.819462522,4015.858591,15.60356048,29.04202963,89.92474758,3.118849153
81013,8.201160794,11.09547811,1063.37281,357.7781486,100.1921076,0.26099669,1410.743277,16010.62256,2.545549551,8.314200471,81.60913109,1409.958734,1.521295422,57.61778172,0.757298492,7.595964262
81014,-4.591146701,9.974696465,807.1351912,221.482832,56.15121414,0.343484615,1004.540858,14801.46551,2.631422007,8.76916423,5.970948163,4029.188299,11.81743484,48.2623859,676.6460097,6.03600231
81015,-4.897638603,12.06961773,881.4200659,301.5461521,106.0884585,0.280517085,1088.752923,16199.83296,3.936422783,7.783397538,94.85197648,3878.1563,5.962439454,57.02378838,2.036781253,7.175130144
81016,-4.992448346,9.349951554,1192.483483,409.6515306,96.32235447,0.686844618,649.3184226,12017.8362,1.633002732,8.239727781,102.7257878,1888.897069,7.633504893,51.06280728,4.709532968,5.609624637
81017,0.364024648,9.830164867,706.805159,621.553704,94.07381831,0.645081987,957.3857596,14592.39331,2.933473757,9.296922116,99.65461982,4080.56129,7.222522449,51.26199024,2.996336034,6.85334522
81018,13.43503087,12.20202721,822.9271247,330.821728,74.23761403,0.213138062,1868.989432,18581.58716,1.940316262,7.125329468,45.95167398,2210.361237,5.032229968,8.112896289,137.4004,-0.867163329
81019,-1.027198502,10.659313,941.2116799,281.8144468,67.00283866,0.373083739,983.9317152,14824.98221,2.772115176,7.440179986,66.24902435,2741.900627,8.528957857,48.78172408,1.712848339,6.630042378
81020,-2.31608307,11.42112494,752.3045023,410.4261078,107.5041954,0.433795727,1002.971857,16045.00851,3.314349969,10.21414455,72.7360101,4566.070804,4.017855808,56.12957784,2.867822849,6.870094148
81021,-2.811958952,9.805998988,760.4958752,805.2508332,76.96826485,0.59187298,1063.818397,16555.5629,2.933416733,9.229223474,76.18545807,4631.815982,10.81774363,30.05121174,0.847644023,2.638519497
81022,0.809401343,8.930893191,656.8812036,447.8405558,124.704495,0.249575182,1288.543136,17088.29167,3.183427128,10.17269173,53.20355087,4539.218047,7.418912143,53.3843834,2.382669717,7.057439164
81101,-11.1022484,2.929051788,852.4227175,287.3644861,29.89822017,1.993765005,162.7638474,7112.101201,5.325051045,21.35771068,156.6720557,342.1875261,3.701040346,10.07787048,-1.662220136,-0.518422927
81102,-6.826590333,5.823812659,1300.621019,389.7844394,42.10079865,0.865516901,465.11817,9316.473146,3.302884492,13.68420105,116.3348189,323.6128616,3.803551502,41.24608536,9.108047306,5.240672348
81103,-13.07532986,6.359319936,1741.416552,294.5207809,72.19756,0.654543524,487.6441051,9457.740176,2.170406393,12.86159428,110.5073109,859.689303,5.664951812,40.65551921,8.57192217,5.019568344
81104,-10.16151777,5.449624921,1320.127339,306.4424977,53.00051497,0.88552013,372.1086882,8303.179242,3.499836096,14.57279153,95.39253008,364.7442434,4.103103767,45.81255045,2.752900055,5.448194936
81105,-3.145328629,5.594467229,1020.123636,656.5051453,39.29725569,1.265442639,543.018849,10356.11972,3.14979071,14.0947565,184.384499,554.5251605,5.566379645,43.26900166,8.22912335,5.05307568
81106,-0.182721243,4.713682085,750.266199,501.0219137,33.41976803,1.014037165,471.1129965,7684.269999,4.626102585,26.51984479,261.0387019,205.9585794,1.516516613,41.2651527,16.14932785,4.965563779
81107,-12.93691024,5.546473326,1583.030241,189.7066266,56.42565211,0.532594539,362.9641671,8851.147536,3.650440192,16.13879187,77.12519598,31.27761823,0.499731825,51.71177871,4.344835439,6.65928845
81108,-4.624121728,5.38846847,1025.737673,444.1157445,35.61747035,1.053017102,423.4974106,8258.734924,4.876594233,24.34282261,214.2315514,147.1400199,1.461335926,32.37469687,11.85701738,4.327436499
81109,-13.93452663,2.538397557,1191.900473,155.0805039,58.12005182,0.698047832,197.3323718,7854.426876,5.024070009,18.68923802,69.71333051,36.49298564,0.539279894,54.99516987,0.194099215,5.099376362
81110,0.239514307,5.112111856,718.5725412,912.2488951,31.12658742,1.868317809,501.4075952,8059.063435,4.047748608,23.02238579,304.6170444,699.6485565,6.358358211,54.64631875,3.661355321,4.864514306
81111,-12.78058658,5.440613877,1489.324568,291.1945607,42.57332163,0.931491742,325.2316285,8101.227509,4.152113693,18.4673405,140.1773776,216.1695644,1.818722396,46.23666587,6.296828177,6.030690459
81112,-7.313976397,8.083799162,1546.983539,512.8434251,83.52598644,0.891051409,606.0706328,10999.64916,1.539943457,12.21263005,134.7382571,1176.60637,6.329718794,55.21721261,6.535729758,4.773595061
81113,-11.34118389,2.4,985.2930161,181.9790483,44.90752661,0.487912213,292.4434006,8098.331251,4.563164352,16.22465776,64.19262754,159.4232687,2.643903442,43.57448633,1.910525758,5.666584456
81114,-8.23327837,6.005713843,1308.262205,372.6399176,35.05463273,0.93434352,379.820359,8188.860284,4.478033109,21.06710842,185.9646883,36.14264791,0.39914165,45.4561452,7.846212141,6.183641469
81201,15.4247307,7.18832546,680.912289,661.5033209,63.84071501,0.413664242,1535.885185,15914.35453,2.971690592,5.473449541,-55.70579732,342.1367108,4.371584626,39.19970819,466.6967554,6.555194544
81202,12.63276672,9.729408809,734.1051714,595.7085169,51.55888719,0.41549693,1472.668702,16637.63109,2.416379999,6.263903237,-13.32742824,830.4386578,3.854662563,37.7222669,1279.325072,6.659358717
81203,16.54353595,0.919901265,206.6454181,307.381518,83.09796359,0.170046011,1870.631066,19597.29282,5.49043343,4.758583448,-126.8753008,745.9659962,8.933292957,56.85249221,1.172014321,6.410046721
81204,10.92087719,4.059105263,514.4596316,933.2564912,47.0822807,0.694924079,1214.419094,15204.17289,4.371121441,5.935408608,-201.6933157,942.0107055,10.68914462,50.62583363,3.776327042,5.967971069
81205,16.05677261,1.208720778,474.8980212,694.7924875,85.67209526,0.416605217,1675.988883,16280.83512,4.335972894,5.390030961,13.38316065,507.8658777,6.522987943,46.71325534,2.2321746,7.021092369
81206,18.84830315,3.253416527,553.9368894,518.4022219,85.73268909,0.256606293,1881.356702,18543.78257,2.616502598,5.442617024,3.80866616,300.807134,3.107332045,40.70231919,1.586080364,6.67458032
81207,17.52966594,10.72854093,799.6827169,538.5600575,83.33444188,0.283455552,1944.10024,17913.88746,2.419709679,6.080756116,0.141454557,527.3984846,1.925314352,36.26035726,916.3659925,6.835400534
81208,10.8789166,9.597821725,635.0806669,560.033897,33.64799847,0.374944162,1433.277385,15857.81193,3.051362882,5.955449663,-63.32217604,1228.653269,3.6324587,46.06751232,1.642676827,7.466583791
81209,14.47004941,9.455764237,628.6906477,537.5710813,40.47331487,0.329569793,1563.240973,16111.82102,2.942424272,5.409102658,-87.2401771,637.046548,2.042833991,47.10846369,0.951708,7.157584896
81210,13.51235355,6.821381927,665.6526967,1277.320847,41.57451182,0.891595762,1247.917753,14290.79637,2.122196804,6.560370519,-217.1105647,388.6781689,4.980789396,45.32674589,2.232380075,6.677811777
81211,13.82627944,7.392878683,645.0137512,785.196936,28.86455412,0.648954525,1213.339276,14215.64607,2.384220756,6.072559403,-60.52930022,365.5353633,3.860863538,35.28514983,1.62878034,6.351934373
81212,19.1859627,10.54325389,480.4464392,219.3844519,78.41403137,0.117911082,2064.564331,18720.5056,3.759290319,2.952368109,-158.943486,573.2588396,2.059637508,51.15562882,0.736001284,7.524294823
81213,17.76255991,10.80804305,722.5042108,222.3593777,48.16823046,0.107414753,2164.869399,18667.48606,3.56956663,6.756000729,-4.471761629,842.0637257,1.18242659,49.82856156,0.574037338,7.672131193
81214,16.76175148,9.476252648,591.6524682,434.1991711,56.62454681,0.248274219,1836.402089,17793.52418,3.221125375,4.840513017,-137.2855709,688.0465824,2.795568998,42.17542973,1.131444074,7.398747053
81215,13.51268565,6.689527105,584.8483436,765.3921633,33.08652189,0.539351935,1356.300562,14785.36322,3.807460412,5.491028425,-2.02246865,422.8952286,3.612491479,41.34741624,1.746106879,6.813884444
81216,11.37133104,9.166490582,557.3401674,818.2853801,39.99524348,0.657525031,1296.481326,14992.53961,3.037503215,5.455598354,-231.2419341,898.967252,3.391389372,45.67442277,3.392849966,5.987894641
81217,10.44338673,9.000191977,700.3098967,886.9422911,42.80448166,0.735544233,1197.359639,14765.3159,2.022111417,6.029682435,-128.2894075,969.5898972,7.484760186,41.52092885,2.018507804,6.451832992
81218,11.84250775,6.630462196,580.8450806,733.8719174,44.74093659,0.621674197,1212.285024,15158.03401,3.386820097,5.659679369,-106.6406893,921.6138674,6.30398072,38.35044734,1.993902076,6.183900934
81219,18.35430094,6.208916889,528.3919554,264.4705597,47.59050157,0.152436621,1689.636226,17062.29934,3.713603675,4.502740306,-16.77842764,187.8912714,2.735254768,40.39833619,-0.495260593,5.743797301
81220,11.71389805,9.965342017,769.1190721,697.2323288,70.8287806,0.408355942,1578.553238,17466.35353,2.389939149,6.555802988,-49.07269904,1306.524162,6.783306762,39.87216573,2105.356773,6.589659949
81221,16.92400392,8.131334831,486.4418362,698.3609488,61.88924635,0.424625848,1586.266351,16899.93955,3.16920377,3.573681035,-321.7490797,172.7165661,1.556933869,46.79325558,2.13768659,6.085555489
81222,15.93689495,4.570275448,546.7377988,667.6196192,50.54425852,0.449260515,1400.841986,15569.19375,3.291233874,5.609926145,-64.07374193,305.5794836,3.702747263,35.56666853,1.530470333,6.386856698
81301,4.161417968,11.57602252,803.3183619,305.1578193,91.20322498,0.34743951,1349.537698,16865.84904,2.209257644,8.215878735,69.93030228,2897.609715,8.444360258,55.88887751,1926.053396,7.283185621
81302,7.438641431,12.14341012,1227.376566,90.40164374,107.4780038,0.059213129,1716.170712,16561.41348,3.394233142,8.156677272,33.02782673,1360.773751,1.001543029,57.6246714,0.497750005,7.893657474
81303,26.10753927,12.97233823,737.6187277,80.26049276,113.2007706,0.030446305,3181.792023,19850.98532,3.46524345,8.414342457,29.07907038,491.8118769,0.420984631,42.65966571,-0.561127523,4.833079459
81304,24.05507376,8.251477196,261.1763569,52.85824486,115.7348205,0.015330825,2528.099838,20507.83881,5.851026633,2.600305,10.17544735,42.00698728,0.196575929,57.60119261,0.31238091,6.830222722
81305,14.54471403,8.498009076,830.0462941,409.6530089,38.43204489,0.325438111,1287.657664,13998.61822,2.259068888,3.008375767,177.5522811,276.2293924,1.691247144,41.04999794,1.267354892,6.433400161
81306,17.26679473,11.88457159,912.1081206,242.8494237,96.98245623,0.131443821,2019.43433,17045.01836,2.506667026,5.578834417,63.66323065,544.3562761,1.27335176,59.0277954,214.8329719,7.660383929
81307,20.67549417,12.28380763,751.0499113,315.1910983,80.4764789,0.16369683,2104.420188,18841.95585,1.825896286,6.40996436,93.08224859,1120.645153,3.521806474,14.28785383,102.6147416,0.386447854
81308,10.83343705,8.990136409,1149.513597,197.9885731,23.82801104,0.138662069,1454.559555,12963.98241,3.998998446,5.88803735,36.09521743,-12.94856787,0.085592114,37.03495537,0.095821214,5.414398857
81309,12.55615591,12.92015354,903.2577794,278.3676284,101.4761451,0.160753581,1833.617427,18221.54426,2.331111495,7.657656134,62.38902932,2057.766507,4.70817135,52.2188569,1077.588321,7.590768264
81310,10.47266446,10.43636922,1226.142839,168.6556271,37.57273944,0.107058245,1642.584465,15186.78485,3.298863251,5.041124421,51.02263376,252.7139812,0.31496919,34.74775718,-0.203070164,4.704056812
81311,12.0240931,10.52622487,1211.693987,136.4014418,49.97920176,0.083948608,1716.474216,15940.79757,3.217178712,5.216743157,43.4291006,149.2950228,0.089777516,29.13020007,1.267517529,5.674718063
81312,15.42265522,11.39788946,1094.202411,131.5485591,67.56632935,0.067949013,2020.975245,16280.25242,3.159520488,5.341897832,42.85696368,164.325072,0.275895485,27.14526857,-1.758368385,1.76342981
81313,18.53349451,12.55915225,920.0496188,151.992211,95.61085255,0.078957494,2299.438453,18286.04399,2.548159212,8.45306149,61.59695427,1196.447631,1.634744746,31.18124689,135.6732818,3.603920422
81314,4.312432553,11.41873554,1363.182503,149.5016025,111.9031887,0.103798982,1468.515331,15838.7437,3.963738622,8.823882751,53.52935647,1218.063775,0.767591188,52.05139418,0.818921392,7.813548185
81315,1.785912813,11.96947949,1289.022025,141.235301,107.4704809,0.122421349,1197.882751,15179.24207,2.935566721,9.034752557,50.01999519,1733.476875,1.709869423,47.92865512,1.02373029,7.602993772
81316,-0.459632453,11.26422499,1381.312613,153.1205001,103.3202576,0.180493305,998.422945,13787.10928,1.870482734,7.860829168,31.40359479,1488.245092,2.178986329,44.62815866,1.352538552,7.058953711
81317,6.545670976,11.42405732,1323.365102,141.6036668,54.3241516,0.115588526,1469.855443,15187.53291,2.617746007,7.249804778,37.14928198,837.0733563,1.237049221,56.32590322,0.683763564,7.138314451
81318,6.269269523,9.990011345,1308.057851,197.4466458,25.28223044,0.146619932,1407.261742,14211.93287,3.608633061,6.243705675,68.33256637,305.1337614,0.418754765,46.11178437,1.002412531,7.254799481
81319,18.34098802,11.4230641,937.5433427,257.8792161,50.78931439,0.123814272,1792.48451,15285.48598,2.848609754,4.62618242,92.05353396,98.06237177,0.604167535,45.62728252,0.348713377,7.289013009
81320,20.99006933,12.15552669,906.2768668,162.3648803,84.62165943,0.061772327,2541.125518,18778.36416,2.994500599,6.93999314,23.46737882,417.8158696,0.411798801,53.00570318,0.583837015,7.693337575
81321,23.0590736,12.0888484,675.8503746,63.04392125,84.97972628,0.020978385,2925.024335,20176.57983,4.215015101,6.761105576,11.32446997,355.6359083,0.406188593,41.67586809,-0.466161369,4.946691191
81322,9.476560507,11.63333158,804.0096009,352.1609059,92.97585886,0.26084819,1575.843196,16671.25997,2.108262791,6.124839086,84.78270357,1863.485727,6.407601498,53.79557563,708.1757926,7.814030092
81323,26.9870928,12.02757097,838.398215,96.85678072,99.93672098,0.032955075,3149.710996,19501.14503,3.687318052,7.641032879,60.29612058,121.9142631,0.266014075,56.91617788,0.104228782,6.469455497
81324,0.972242699,12.8795744,944.0026331,80.0622347,121.1859967,0.072819625,1428.045982,16715.76807,3.516481722,8.297834492,28.93839318,3340.016792,2.48354669,53.39954722,0.127625278,6.183145681
81325,25.44552281,12.53223335,623.5790469,72.84309419,99.26883861,0.029520639,3099.294373,20268.80395,3.489484742,8.012041061,29.54458678,721.6069734,0.942461019,53.59192237,0.271759453,7.000428801
81326,22.7443594,13.64764899,882.0626436,96.71190336,112.4296649,0.034962527,2701.091448,19146.38375,2.737470545,7.669496299,38.17485291,878.2463019,1.074125389,41.99016246,1070.393973,5.181107671
81327,24.93478421,13.50150489,699.9739447,14.03410314,149.0313909,0.004752188,3389.096763,21850.35843,3.696233877,7.930813443,8.156842385,429.6578854,0.421832453,39.428071,-0.898731672,3.750275472
81328,25.79744511,12.39303617,738.8172789,164.7883835,106.7856299,0.079181562,2571.492735,19619.98179,2.898434658,6.85425521,93.1968837,562.2943363,2.154461598,35.2186624,-0.53939045,4.64930225
81329,28.10915371,12.79673974,558.7380485,48.36094332,168.4726626,0.015695065,3467.368178,21926.37847,3.280141925,7.950332335,37.50732324,422.4126496,0.304847605,35.79028511,-1.52719232,2.144105476
81330,10.66543493,12.12139516,1146.033548,44.08493968,107.3450296,0.032660839,1755.284854,16348.62799,2.258548831,6.822167737,19.43985551,1267.749285,1.406877399,64.72209552,0.357117274,7.129993364
81331,21.00045781,14.09349613,593.7882595,15.10801465,187.4074118,0.013628333,3363.981006,22491.89829,3.638641122,8.194897983,12.88593312,1326.660283,2.888150998,38.48750791,-0.661117373,3.838022788
81332,23.22060308,13.03272295,679.4273666,49.26903738,92.13022015,0.012068207,3402.655831,22218.69442,3.775130429,8.825146104,30.93642351,1060.876348,1.51815333,16.3037395,-1.923405998,0.252452598
81333,25.55274455,10.6181958,558.9501722,15.42616788,187.1897526,0.007429745,2689.721868,20962.77485,3.368567895,6.569230797,9.800757334,363.1797763,2.204763659,64.44653831,0.641131366,7.563080297
