ECO_ID,SpeciesNumber,SizeCategory,BiomeType,PC1,PC2,PC3,PC4,PC5,PC6,PC7,PC8,PC9,PC10,PC11,PC12,PC13,PC14,PC15
10105,2402.333333,"(1652, 9633]",Trop/Subtrop Forests,3.60216375474213,-1.5791165030198,-1.99535156298596,0.485378546807629,0.162262338127652,-0.372616266588503,1.08048530437314,0.37656953766106,0.0739844700099198,0.0767612457058799,-0.125705341633877,0.76092710525475,0.294288901441691,0.0314333460035978,-0.0112300208759932
10106,528.7333333,"[57, 670]",Trop/Subtrop Forests,6.32045645960495,-2.93936322769392,1.38059907647576,-0.10595128341808,-0.430795868186772,-0.181830092900734,-0.139514380024231,-0.121205913891345,-0.320369170658042,0.242467147210878,-0.573732187233945,0.255890691961511,-0.0653825792346905,0.0764327962575372,-0.212668921879686
10107,436.9333333,"[57, 670]",Trop/Subtrop Forests,4.39795543693329,-2.1932376697419,0.109799275587444,-0.161017708076118,0.843715106334935,-0.0591796826010355,0.423659588937642,-0.075811701683225,-0.176590442115784,0.431320944156584,0.0149873924688552,0.499526605675463,0.283879911816179,0.344615499126896,-0.344454462498635
10109,193.1333333,"[57, 670]",Trop/Subtrop Forests,2.05116174961482,-0.749285991885008,0.386400915926286,-2.13554484846589,-1.58462883145139,0.262728963914956,-0.124558155315869,-0.210612115195764,-0.92734221844675,0.537640858032627,0.528241496478004,-0.0939832144328814,-0.301358900362024,-0.368853409956426,0.0861270716750724
10111,519.1333333,"[57, 670]",Trop/Subtrop Forests,5.4954763834645,-3.0139639861128,1.06918319291851,0.596305370484897,0.0967380010235894,-0.112071403549096,0.175799474629946,-0.225841234652023,-0.255478385440467,-0.154233274450684,-0.165161968858412,0.0544988739745044,-0.0869242224429693,0.116377370531546,-0.473257920441868
10113,2099.933333,"(1652, 9633]",Trop/Subtrop Forests,5.58458152937118,-1.6815483470191,-0.815964704735468,0.132028155233916,-1.35156690710127,0.193723574310835,-0.545348207391947,0.742392632700219,0.157248611062434,0.139799822115261,-0.624753113632191,0.675002859760913,0.472025239407173,-0.0322183697054513,0.147311042974842
10115,1598.733333,"(670, 1652]",Trop/Subtrop Forests,4.34908857636914,-2.17515774701283,0.988923426643371,0.136288092562239,0.141076432092121,0.544276485786838,0.0167749482778056,-0.609415548581996,-0.275817916572706,0.0761145578139533,0.267810505238572,0.383524675661442,0.234515152371466,-0.06810161712365,-0.180991664187289
10117,2949.866667,"(1652, 9633]",Trop/Subtrop Forests,2.3477329247633,-0.812655580058708,-0.529953583343274,1.27351912180133,0.585912556806165,0.398770493251796,0.136932611273301,0.264409897673368,-0.211070422722485,0.59087087899023,-0.0144603947605038,0.253232668123829,-0.206645465867686,-0.0236260456016064,0.0597272788016246
10119,587.8666667,"[57, 670]",Trop/Subtrop Forests,3.31625623832228,-1.62588539055552,-2.7672026179057,2.25286814373601,0.304759175275583,-0.597654715598537,2.07482921410506,0.386672169419553,0.571720171295638,0.105251656898066,0.301622746362988,1.48792785262403,0.526979387395745,0.110648003467132,-0.0578642929797002
10120,2724.933333,"(1652, 9633]",Trop/Subtrop Forests,4.06907480862977,-1.86790024818156,-0.423833160631206,0.257831489326921,0.0358754449833045,0.107516390963944,0.407451616101571,0.148009983721214,-0.280052653646108,0.277157128704218,-0.0723226225095541,0.715483687392567,0.0155742534615245,-0.0265218406924941,-0.0629753086894306
10123,677.1333333,"(670, 1652]",Trop/Subtrop Forests,4.64004624448256,-1.79823956801184,1.22324898930966,-0.668696660536031,-0.0946408511415584,0.431755215457099,-0.449181169164764,-0.843318263225365,0.0176583936589877,0.302744967879947,0.406115970268019,0.232716518544759,0.129432424268866,-0.0765814460698536,0.139215842998848
10124,744.1333333,"(670, 1652]",Trop/Subtrop Forests,3.83689379920199,-1.00368706721347,-2.55135583593404,0.460999877804484,1.06364812736091,-0.757170199038105,1.12674190399962,-0.358057908652362,0.332797487445752,-0.329388428924084,-0.384736750420866,0.17894076553365,-0.432463555063452,0.0701442511707713,0.108013179674573
10126,680,"(670, 1652]",Trop/Subtrop Forests,3.44220036036833,-1.29730676333632,-0.256017915716589,-0.306354156252779,0.252911287054962,0.13768670897441,0.423893160561122,-0.0847619914379761,0.247717348455075,0.147882307756005,0.260799580103725,0.575513687150844,-0.0876491695458127,-0.0989039222700791,-0.134838219294266
10128,609.6,"[57, 670]",Trop/Subtrop Forests,4.63606653547288,-3.14824029973321,0.642784455804989,1.39431181150082,-0.258065357263464,-1.17614850785019,0.430992826949959,-0.918483657170197,-0.720975260669765,0.339148499430775,0.122495984920465,0.72759433442104,-0.429238857815508,-0.335509140891646,-0.00914615618954936
10201,272.5333333,"[57, 670]",Trop/Subtrop Forests,3.14429701640984,-1.34800779978338,1.83483322201167,1.58109149427963,-0.170411620213132,0.446650414568203,1.83176950877411,-0.646490504522312,0.614404566297146,0.560861340984962,0.459895773607391,0.289183911913778,0.142983607872586,0.439265958783936,-0.11225850395548
10202,717.4666667,"(670, 1652]",Trop/Subtrop Forests,4.81902092740381,-1.4175767159617,1.06393048344536,0.0461554957998144,-1.16851998060589,1.03031516352362,-1.21092552168747,0.427230298754832,0.377742658550146,0.0202149090255751,-0.486550907112404,0.631372687560053,0.170811293110501,-0.257186043285099,-0.0387426985687577
10204,293.3333333,"[57, 670]",Trop/Subtrop Forests,0.978878353652941,-0.115715583817157,1.52154537226694,1.29859798545634,0.224397452168387,1.21438957199931,0.809432407278939,-0.711051869896662,0.334660540464561,-0.126345460610393,0.576778812743385,0.121468453675278,-0.371388948916014,0.172747742713627,-0.17787316107284
10401,168.9333333,"[57, 670]",Temp Forests,-0.5283823554336,-2.43468360256926,-2.29486478803383,-2.12272025373731,-1.95647031738422,0.366090015034072,0.119717699472255,0.134571972933098,-0.986114519884798,1.16999796278698,-0.043998606043932,0.503278071384157,-0.147074354886746,0.0716741648693611,0.290554424695424
10402,5674.2,"(1652, 9633]",Temp Forests,-0.241331320789953,0.588384450552701,-2.02246208378582,1.59010401633007,0.0774993944201783,-0.151749597564159,0.165091164511149,-0.147330491518962,-0.0600993670405303,0.68210821496604,0.0982311456362713,0.0933965007004462,-0.234971623004394,-0.37502226878932,-0.151581362082096
10403,428.0666667,"[57, 670]",Temp Forests,0.767623357783559,-2.85103914446998,-4.10753123081451,-1.97196239650368,-1.70842375362876,-0.332326444726631,-0.296728698770997,0.987384650525367,-1.74127754144034,-0.343904056129799,-0.202488936599959,-0.149477565774821,-0.256332284249862,0.118024314283162,-0.166980619435718
10404,933.2666667,"(670, 1652]",Temp Forests,-0.191627195315524,-1.63847173747667,-3.25084447140301,-1.51708602059699,-1.57389128517277,0.252793404019369,-0.301486778147484,0.67050150403936,-1.12148709821823,0.0468372847384005,0.108747145594773,-0.114547805880801,-0.121761208568119,-0.159945302458508,0.119743103009976
10405,2163.933333,"(1652, 9633]",Temp Forests,-0.458381571646865,-0.83252154129376,-1.31330987573479,-0.989578970722154,-0.451905420195925,-0.0255049681071578,0.0340630660451845,-0.146814040808773,-0.402257739020767,0.71075782123491,0.206080035707292,0.0362005420290681,0.0119810251895926,-0.368052066198284,-0.160799549376996
10406,1923.066667,"(1652, 9633]",Temp Forests,-0.348713887636094,-0.321371060820447,-0.863015823139662,-0.985033346524589,-0.449820507975319,0.242765124135206,-0.104096406312873,-0.0444673222241449,-0.317956768995453,0.595176546925343,0.21880899068007,0.0252387631943576,-0.271553512494162,-0.479044284822224,-0.0917910983271628
10407,313.2666667,"[57, 670]",Temp Forests,0.785855141209893,-2.57045110995616,-3.38944552302489,-1.99230271959429,-1.30545885044761,-0.313113041269329,-0.149126588215476,0.701681135632643,-0.697927406080891,0.298034260882174,0.253313064688907,0.382228133337805,-0.111407995280887,0.177338858801986,-0.0452999854732082
10408,1075.933333,"(670, 1652]",Temp Forests,-0.875074508213569,-0.745122726226026,-1.61832335069678,-1.47619687200165,-0.650698600083895,0.327735684537737,-0.196471451467106,0.176113137005108,-0.570515155514628,0.544809365794163,0.273151602170187,0.262692481151994,-0.383866412054021,-0.3249622393854,-0.0997811421225611
10409,4307.333333,"(1652, 9633]",Temp Forests,-1.71552860172808,0.764249678168987,-3.4650099962767,1.67411068818458,-0.134466473805553,-0.199229369137915,0.169404514925844,-0.193028485108334,0.0618730528031529,0.837195118275406,0.104294353753892,0.165953556740803,0.049699410335387,-0.399583063641725,-0.204941032739574
10410,524.9333333,"[57, 670]",Temp Forests,-0.0339915551833863,-0.911612719092654,-1.94602890273862,-2.16959755307691,-1.34970250295908,-0.134161600857624,-0.33442446229862,0.948674513839844,-0.43250477490022,0.72045187800853,0.40302489337219,0.0038988300601751,-0.338801963073008,-0.207655693223277,-0.198860473034597
10411,1441.533333,"(670, 1652]",Temp Forests,-2.54381827903408,-0.16394468267983,-2.93302936537775,0.551319406022394,-0.0181494693883837,0.435167978807112,-0.126413066410895,-0.0987083796287054,-0.261219171194185,0.500764783821795,0.242976969138821,0.291653962049214,-0.223330146614306,-0.241404438105761,-0.278942741013316
10412,1340.266667,"(670, 1652]",Temp Forests,-2.22871206219914,0.0326299384272571,-3.69435385037246,1.27873643400511,-0.148294555440991,0.271761668327676,0.104272957577703,-0.0284311090843279,-0.206544842883559,0.475620096443714,0.268202936665662,0.537871092832035,-0.184543793503356,-0.208391168565354,-0.238198324362862
10413,1277.933333,"(670, 1652]",Temp Forests,-2.27440930830653,-0.17316584644375,-3.75686489934537,1.03249774230675,-0.132410778964297,-0.00761819182642853,0.270809639789237,-0.174732459379478,-0.474057616132405,0.362123344054409,0.211179432847909,0.406448882976121,-0.0847019177775112,-0.261640657365462,-0.265554104777027
10414,421.2666667,"[57, 670]",Temp Forests,0.86199543669177,-2.6844690470918,-3.42050679620246,-1.76001786968028,-1.16791564868093,0.105435761418491,-0.00707989593019731,1.04970480101594,-0.601128077503075,-0.0125762202068451,0.0223458039103803,-0.0911248875829227,-0.0163948383115573,-0.243158159136696,-0.124100994492792
10701,2114.466667,"(1652, 9633]",Grasslands,0.243161834926012,0.225991590136447,-0.682608403273485,2.2730722236661,0.808364476621209,1.56088439387184,0.400815974396308,0.742651483458774,-0.0480653507115894,0.0926007301838845,-0.287961795370589,-0.141539533114168,-0.367597710355374,0.105866351107347,-0.0300817158599506
10702,2759.466667,"(1652, 9633]",Grasslands,-0.0770451103254641,-0.0191316996233135,-1.40363448726094,1.5955519915061,0.601089508939373,0.856402586648887,-0.0525728394570607,-0.231294561553928,0.0162333294241755,0.452258497002776,-0.0226126293516484,-0.10603464672685,-0.235226432834392,-0.162265623774496,-0.0990155810014902
10703,2122.133333,"(1652, 9633]",Grasslands,1.67789190115722,-0.673943739809404,-0.636731793972555,1.79815614969793,0.729946263810878,1.07675876671635,0.70883575296983,0.566663223105277,-0.271136155828901,0.281399722036059,-0.183692002538505,0.232678415636363,-0.131967078866997,0.131002670450517,-0.00975422700764709
10704,1514.6,"(670, 1652]",Grasslands,-0.839251444609485,-0.168978582630061,-1.27044512364756,2.84251206951602,1.17254807838429,1.98541988454444,0.250090120698642,0.33664332780984,0.114948415909132,0.125476266109988,-0.470516311112074,-0.312869882891157,-0.330989018718751,0.0821091297746319,-0.0926689998266211
10705,2439.2,"(1652, 9633]",Grasslands,1.00125761357639,-0.333085434002036,-0.773785962150814,1.75455415258863,0.646822885580806,0.808238600627439,0.103440560723127,0.221405260433956,-0.273452586498586,0.478277959431286,-0.00415141023935121,-0.0594816017749341,-0.246853467547079,-0.106874170983573,0.0150494228000919
10706,2154.2,"(1652, 9633]",Grasslands,-0.583698652353333,0.446433017405412,-0.645535051015994,2.77406641593549,0.813206730823817,1.43503096013731,0.488433548996193,0.199498801414002,0.224731788092294,0.172922375656614,-0.262423485367479,-0.300496616785274,-0.301653439448727,0.0122388523601861,-0.109784169261764
10707,1373.733333,"(670, 1652]",Grasslands,-1.12981583592648,0.19829550912543,-1.84276819056461,2.32346417267764,0.857747443109519,1.53982920312216,-0.109379343073696,-0.442291883412036,0.249744920810171,0.0533105341123534,-0.306218295543475,-0.038871486336046,-0.230558763021367,-0.0270876411487811,-0.133690998769152
10708,308.7333333,"[57, 670]",Grasslands,2.19605244426397,-2.73600340774207,-1.7166310209514,2.19798130451564,2.43548728814299,2.6305528246619,1.12553833736951,1.28397839514705,-0.250981902482915,0.65792277233118,-1.15824580422809,-0.528161848868277,-0.374772094268111,1.16102491921622,-0.414338234210919
10709,1061.2,"(670, 1652]",Grasslands,-1.1101377343566,0.151357249643492,-1.06811406533853,2.95139648539493,1.12037647458536,1.59732023864431,0.380533827163026,-0.18374192511887,0.0420620189512773,0.086667282328613,-0.201484716452862,-0.348852176022463,-0.276596775291459,-0.0989458803951574,-0.171190949802116
10801,1818.333333,"(1652, 9633]",Grasslands,-1.21274660141193,-0.755454098063843,-0.932034461132887,-1.41027001474154,-0.610900019373014,0.138177563653265,-0.526622981608914,0.229926429392312,-0.530478635626188,0.801984721092274,0.199089811408513,0.058462565998137,-0.244222776407128,-0.372598072538668,-0.0808647136300601
10802,965.6,"(670, 1652]",Grasslands,-1.06748203236761,-0.0192936245796091,-2.72031174142532,0.264279126993627,0.311308604289007,1.77401867259171,-0.449082860872017,-0.741607732183072,0.0526344975564152,0.187545286415867,-0.205220685808504,0.0869384193824638,0.0428682695991488,0.163977129245168,-0.0965670232878652
10803,2470.066667,"(1652, 9633]",Grasslands,-1.66718801843955,0.333816296585925,-2.54429058881868,0.828968991021981,0.1944558689913,0.887830014782267,-0.179261236857125,-0.542369052038673,0.0036252105925025,0.620205187868459,0.126432082149706,0.11981487706645,0.0517369655571771,-0.176031783193312,-0.119237745817326
11001,1062.6,"(670, 1652]",Grasslands,-1.9579983150341,0.349015731782585,-3.8816570077148,0.495718272839065,-0.184660436972793,-0.214948639798774,-0.254083327290694,-0.00806387725678409,0.00845975495397533,0.24339096775182,0.173300886029934,0.178280220311481,-0.229874656194892,-0.0558574746581854,-0.558436290225496
11002,802.4666667,"(670, 1652]",Grasslands,1.76508665122549,-1.65292961187238,-3.52919837762602,-0.887282109084524,-0.0491299804284197,0.193472053460444,0.309856366316199,0.366964855969046,0.265942918717882,0.303247488746824,-0.65531643112192,-0.184147943100575,-0.00647569758310344,-0.0724967321088793,0.0533427152389532
11003,1064.266667,"(670, 1652]",Grasslands,-0.82086891157569,-1.59538101305755,-2.65963704430973,-1.93674399547862,-1.14203622630669,-0.0983508224830191,-0.452812001975999,0.422305199533481,-1.31012024291456,0.261116672517425,0.0543696451444907,-0.196128986711115,-0.487928713781757,-0.227212173867204,-0.100777723480085
11101,127.8,"[57, 670]",Tundra,-1.67409243439937,-2.66166428125652,-4.71486894698079,-0.0759686381890526,-1.8334790382448,0.803081797654839,-0.785516858781735,0.637070170738334,-1.06009863476435,-0.441363332171228,0.82266720728058,1.28781944670713,0.180529364363034,0.796044060888366,-0.066880903767942
11201,1140.4,"(670, 1652]",Mediterranean Scrub,-0.266451103674378,2.69162362540593,-5.1424162387869,2.26580281371406,-1.43691751514512,0.23518950775942,-0.580010403207047,-0.264932790230548,0.141227111735565,1.23935676800423,-0.581186218998623,-1.05012166955625,0.7946618885921,0.249590621460042,-0.11646341507855
11202,2563.066667,"(1652, 9633]",Mediterranean Scrub,-0.787488906525611,2.12109478992297,-5.7931469993616,3.99887384661131,-1.67966662725382,-0.709293779370327,0.343899738504502,-0.383443600827927,0.188730165735036,1.70551142696897,-0.993255701144574,-1.22820652067834,0.643869759696578,0.199994786498042,-0.0982319560504046
11203,1281.8,"(670, 1652]",Mediterranean Scrub,-2.00988201594068,0.667695022579544,-3.61429792964351,0.930482389849162,-0.381294350641033,1.02913343335955,-0.133079667926161,-0.659994540140056,0.279672043161085,0.961363991774586,-0.00850938244890877,0.177199262937807,0.60168936040081,-0.1939604302267,0.0426408710095993
11204,1262.266667,"(670, 1652]",Mediterranean Scrub,-2.10221076736766,0.835736368348288,-4.92561387519909,3.32166320313264,-0.541344808276933,-0.509416175512018,0.988654474096319,-0.32703260313063,-0.189363538989447,1.27024255632071,-0.121820803684819,-0.158638965779331,0.465537229148196,-0.176619523825244,0.0804859661821641
11205,1911.266667,"(1652, 9633]",Mediterranean Scrub,-2.02172986415439,0.734270769436179,-4.40088155712559,2.661752699926,-0.551380820500058,0.0167081149528193,0.486442753235202,-0.747549650735919,-0.26492706599553,1.42151882719689,-0.47278534251942,-0.393016774948264,0.335217481671613,-0.227498120864963,0.137136645091179
11206,2066,"(1652, 9633]",Mediterranean Scrub,-1.88009695956981,0.612689291174583,-2.82863422260395,0.948345777637258,-0.0914486683776747,0.59618515993553,0.01724936316757,-0.175891072629147,0.313138041335316,0.729032746657199,0.143417428139179,0.413884306655879,0.15881402717911,-0.420127000327291,-0.0519515794213137
11207,1957.733333,"(1652, 9633]",Mediterranean Scrub,-1.98139217868645,0.292576063967858,-3.40925558337846,0.76718123570002,-0.010097494946181,0.997036010848311,-0.100685361474631,-0.533779895083905,0.0706649627156151,0.774745641489312,-0.0799797406226652,0.310425204909493,0.208278701847172,-0.0814604181236574,-0.0590964537524713
11208,1462.4,"(670, 1652]",Mediterranean Scrub,-2.42098170331621,0.46618142638118,-4.06041007923526,1.31577759310285,0.257321312822768,0.51708396491143,0.123112011434805,-0.0798738855561986,0.221947560788711,0.595562401519641,0.196253942311025,0.574228782526511,0.115397698526738,-0.187776689276264,-0.118354948709377
11209,2985.866667,"(1652, 9633]",Mediterranean Scrub,-0.777842594794569,2.03836168248225,-5.28792021244394,3.30165789868076,-1.08969763784376,-0.0659756309588367,-0.348406916861535,-0.270228037113988,0.532333610189024,1.65141615591137,-0.91241315286119,-0.996592572557866,0.497416920196052,-0.00373742426594459,0.00633735444386349
11210,2198.266667,"(1652, 9633]",Mediterranean Scrub,-2.1753582413395,1.32135099288478,-5.4325899022485,3.71722846786806,-0.808360903265087,-0.5686818791373,0.594994481978214,-0.726381254124983,-0.0581526898157445,1.50659780270094,-0.795290471455274,-0.757953542773094,0.386466103528754,-0.197737280559668,0.108435294921349
11301,654,"[57, 670]",Deserts & Drylands,-0.0864468548474398,1.35271917973142,-2.4826879821536,0.690772769917462,-0.0903119466397221,1.17401194735426,-0.833723092418341,-0.807550479653996,0.066989605187293,0.545581236786611,-0.389059805157207,-0.0612015449203414,0.398841856800743,0.16751225681299,0.0776190453865972
11302,1103.8,"(670, 1652]",Deserts & Drylands,-1.27256405588246,0.906463221906204,-2.21894053147994,1.46132654593155,0.667790501338581,1.56065538612251,-0.399377011476342,-0.63260834359328,0.434453036803481,0.0923574511924581,-0.450549733863254,-0.036938555527395,-0.0925121651539505,0.0029710811762688,-0.178276604785535
11304,1153.733333,"(670, 1652]",Deserts & Drylands,-1.02544403075498,1.15257819995758,-2.43721019125356,2.34216462067897,0.683396070900605,1.56382873842908,-0.117696191587231,-0.377065546250443,0.516022006480663,-0.0540893410232562,-0.729960932052889,-0.287419428623029,-0.116974238349957,0.0509349930595223,-0.132256974136972
11305,779.4666667,"(670, 1652]",Deserts & Drylands,0.110143624125909,1.64239335126997,-4.41626829911854,0.74551129209318,-0.422925394737262,1.19282859951303,-0.455969068413271,-0.941369218544036,0.415968242653103,0.335271503930142,-0.816156537344903,-0.629900965551127,0.373908787276659,0.331415523248008,-0.140003454069559
11306,327.9333333,"[57, 670]",Deserts & Drylands,-0.289480903133693,1.39140960856097,-3.31173588996089,-0.586331659618508,-1.12024007936132,1.23422410120412,-1.03018401078908,-1.55281608264241,-0.0866393347977421,0.477058331489105,-0.0606029651096133,-0.386099550336255,0.366987570450531,-0.122150083988692,0.102966146542966
11307,883.5333333,"(670, 1652]",Deserts & Drylands,-1.09698702641553,0.854446658259537,-1.99453544278852,2.46296516670464,0.477105588097247,1.58480541300985,-0.312620477228878,-0.605589615997728,0.606896830134096,-0.0951984439988573,-0.412306704363141,-0.207506602870851,-0.0248732016598941,-0.223207530346089,-0.198060160068328
11308,906.4666667,"(670, 1652]",Deserts & Drylands,-1.02041168657486,0.834166656033464,-2.18848542500612,0.825461569621617,-0.0189068843512074,1.69404511803052,-0.133750492420122,-0.635191050215467,0.122200397693976,0.0350552675701742,-0.509563013819012,0.219183645945671,-0.0505157682992162,0.256662764996447,-0.0380245998890638
11309,1459.866667,"(670, 1652]",Deserts & Drylands,-1.23111149152362,0.704779873328694,-2.76797384205226,0.222312911135368,-0.185873901558029,1.30661087450515,-0.466610982871952,-0.569312458291832,0.0388813538663436,0.428328676165257,-0.320701457706275,0.256234430310418,0.202084266111905,0.056819505492766,-0.0374059453780474
11310,1088.333333,"(670, 1652]",Deserts & Drylands,-0.0483511670807293,2.39257804178024,-4.35948417544772,1.50613475159525,-0.148524038829625,1.23384672833697,-0.740094697931987,-0.258408708998144,0.570599005506858,0.244168001403708,-0.983699789665492,-0.863476495638281,0.274988827606073,0.128890048818608,-0.118631991893834
30101,2228.066667,"(1652, 9633]",Trop/Subtrop Forests,0.49234639603513,1.47235413325415,-0.772789491279526,0.44479796672951,1.10122338360356,-0.250335042662604,0.465221256315697,-0.147737243516614,-0.206594444036854,-0.1767056983367,0.260579143312545,-0.075967079811723,-0.166586245112629,0.201841516864278,0.0641176945333111
30102,3863.933333,"(1652, 9633]",Trop/Subtrop Forests,4.26791936639279,0.434530987406396,0.327850095782261,0.505079896944786,-0.236396353005766,-0.438375651849803,-0.06100285970448,1.04715433700254,0.575495618744907,0.30661673767912,-0.552593106172152,0.797358003396044,0.0884396300126755,0.250390601773038,-0.075909300250761
30103,2088.866667,"(1652, 9633]",Trop/Subtrop Forests,2.57407135136536,0.876892931902295,-0.657842638731134,-0.144452748367086,0.588400684554543,0.0283480850777922,0.361173502681836,0.332756614091875,0.331764983781514,-0.175912386762944,-0.0407981093359963,0.222020046454572,0.120503875918443,0.292096711815306,0.0384241245703983
30105,617.8666667,"[57, 670]",Trop/Subtrop Forests,1.95658979948411,-0.0772499447105165,0.740393688206907,0.912467613081253,0.151427819395265,0.0894867310005891,0.417003463695648,-0.314430492172947,0.349136634179929,0.68927184086213,0.558924126118766,0.390093823716694,0.04203902033287,-0.0746031132550811,0.0862954188234328
30107,2077.2,"(1652, 9633]",Trop/Subtrop Forests,4.64871704942492,0.0728689325717197,1.03247585442243,-0.419948550476869,-0.552758020875362,-0.339265403930097,-0.459627236592236,0.182476890183214,0.319426775581999,0.304704394303897,-0.087765047034568,0.498263284301057,0.310634816663368,0.241303776552346,-0.00115302295378936
30108,1364.866667,"(670, 1652]",Trop/Subtrop Forests,0.521736677867184,0.827560489162212,0.0354723556643462,-0.651003552089814,0.448531719778962,-0.129173272915947,0.136040769642098,-0.507361750341468,0.147943646240802,-0.374862472042803,0.0644287792048383,-0.277800797717458,-0.536501531415201,0.211153363687544,-0.073038482201997
30109,2132.866667,"(1652, 9633]",Trop/Subtrop Forests,2.64723169956824,1.769503946422,-0.139057449619385,-0.690537291269105,0.16158315273624,-0.976300713018738,0.244881367705379,0.0346390970356841,0.356030245736022,-0.328633107416938,0.115863850121639,0.0675892436349291,-0.275229366244725,0.233415993734149,-0.0689080773803324
30110,701.5333333,"(670, 1652]",Trop/Subtrop Forests,3.57561032143938,0.536991829578982,0.71423749655869,-0.0859161250999749,0.093987298724899,-0.221426730314847,-0.849850669971355,0.618255919725352,0.251404720923669,0.527087041075771,0.241742505156511,-0.0818834082755673,0.103784830633306,0.157941822803614,-0.169747596020049
30111,2831.866667,"(1652, 9633]",Trop/Subtrop Forests,2.50647854552724,0.51172216535895,0.707347653377135,0.743967140262638,0.31974413437705,0.432368485186674,-0.00229083976671196,0.475564822967279,0.0710118279266928,0.138108874934217,-0.234130931946659,0.390001723990496,0.167771163653046,0.0557259698477993,0.0831811972432971
30112,1471.933333,"(670, 1652]",Trop/Subtrop Forests,0.195633080300722,1.86731917567431,0.994885918464446,0.624662018826484,0.00623146074015912,0.0128719547432538,0.158727575272018,-0.410459640028844,0.0204897912539281,-0.427550195291697,0.192607402004281,-0.255045522610016,-0.202343364781345,-0.115382145583982,0.0368089179654639
30113,246.1333333,"[57, 670]",Trop/Subtrop Forests,3.23333828477005,-0.905394403868316,-0.221210406050729,0.1296297412663,0.185229833732609,-0.412766479499516,-0.126092446408431,0.0491034986675406,-0.130921441181278,0.0809572458201567,-0.265609715858668,0.326409882998585,-0.454980295896242,-0.369934536013192,0.347648943524808
30114,1519.4,"(670, 1652]",Trop/Subtrop Forests,2.72263425527246,0.585852363579082,-0.366587591560809,0.328207840222547,0.894977559096752,0.264041778790826,0.308260117085305,0.627548869170694,0.0314737916646019,-0.0931002518327027,-0.542725763043521,0.503883385481185,0.0703059961874813,0.29551545578626,0.00913894741621217
30115,903.6,"(670, 1652]",Trop/Subtrop Forests,0.437428378803328,0.825116509162007,-1.15406415716062,0.431757464327975,-1.07869371304604,-1.29649490199986,0.639573135902133,-0.373558430118407,-0.934288212099865,0.166875326673841,0.289138327245975,0.143865725730411,-0.192184375336393,-0.456448020335609,0.0335555684360063
30116,2275.666667,"(1652, 9633]",Trop/Subtrop Forests,0.625322915997495,0.597678727509592,-0.902174757801451,0.0590532666091421,-0.565060371505438,-0.554841174406588,0.585318755594127,-0.20372111151059,-0.373270165889111,-0.333164894234634,-0.0489563195835626,-0.125495652437571,-0.167634843914912,-0.0611844340056998,0.206228131399522
30117,3926.4,"(1652, 9633]",Trop/Subtrop Forests,4.25985744457562,-0.289741398065655,-0.560431627085642,0.133161463380226,-0.473197286059209,-0.512928737985616,0.578311021124413,1.1873916880345,0.0731637923656959,-0.0658691686362218,-0.262361742303716,0.697177091381853,-0.413877934615552,-0.127786201660994,-0.208724784524506
30118,3665.2,"(1652, 9633]",Trop/Subtrop Forests,2.54738324994288,0.361492682772884,-0.712037128306131,0.509838409627934,-0.724062961263947,-0.409630577037222,0.902122977893167,0.748500411769933,-0.280659443497887,-0.0978767637716482,0.0869540768138241,0.381651922377542,-0.154469367905253,-0.180372070735459,-0.184531756123738
30119,1568.866667,"(670, 1652]",Trop/Subtrop Forests,1.06420196188848,0.12803119683423,0.542783249643846,0.506658837026523,-0.154730031108231,0.315675440143203,-0.011432527172679,0.114328749932385,-0.0378983912004496,-0.442678485371074,-0.12544325566635,-0.0721451906624203,-0.0824726994046966,-0.281016015668525,0.170806780956813
30120,1351.933333,"(670, 1652]",Trop/Subtrop Forests,0.574994263777696,0.204055654117867,-0.697456790595377,0.415200323316081,0.0972451252737738,0.407833518156181,0.54550964500076,-0.18551097728502,0.243566519459064,0.444890203955452,0.225047200319169,0.608473649276909,-0.278886787878745,-0.328176840223144,0.080650943212666
30121,504.0666667,"[57, 670]",Trop/Subtrop Forests,2.7827370258107,0.825054188560879,-0.743165146092839,-1.67651862236743,-0.00947214216718084,0.324940818268,0.204377724705862,-0.0478031500252835,1.20108699415389,-0.520448890921222,0.539826426416287,0.0636530572909039,0.170769201047689,0.506801311612749,-0.197726175082102
30122,248.5333333,"[57, 670]",Trop/Subtrop Forests,3.66263255589258,-0.749443588169211,2.5112011730006,0.192151352150308,0.32384743462578,-0.164865591623276,-0.518962253459621,-0.127864885093146,-1.330282738443,0.931255800879208,-0.114132690998007,-0.169219617151661,0.0889149433465892,0.254220015709186,-0.107037682641637
30123,1101.866667,"(670, 1652]",Trop/Subtrop Forests,2.1408824018926,0.267355877049389,1.43291967741226,0.97894426049752,0.133831554653005,0.504574855483619,0.050097408240648,0.131528802786511,-0.109531651844473,0.449112292183293,-0.118113516105393,0.173460171380738,0.0513861176840447,-0.0762781411770792,0.07111803019255
30124,1544.2,"(670, 1652]",Trop/Subtrop Forests,4.20438378484063,0.534118751169769,1.12470130793266,-0.433776018772269,-0.747320070033153,-0.737283866703162,-0.524465835746447,0.284260832128164,0.213489720272838,0.455931884823096,-0.108339889610951,0.000840904305448708,0.273309549640091,0.215477914207873,-0.0709036003731233
30125,1663.466667,"(1652, 9633]",Trop/Subtrop Forests,2.88097170714391,0.519893730701287,1.72067421181066,0.0749923246374189,-0.545993575632084,0.28528100067345,-0.259237296661911,0.402171172252747,0.288089019039922,0.188547380748881,-0.115056749262116,0.199732481271661,0.061522486251537,-0.123655323359195,-0.0264118762774957
30126,2956,"(1652, 9633]",Trop/Subtrop Forests,4.508235062021,0.168711854909639,0.838212426242633,0.139393095973187,-0.498060606219824,-0.383722804726445,-0.248332757481192,0.830835056621235,0.513084588553497,0.290031235389944,-0.581907791623961,0.535005069335315,0.253033963900247,0.167473659775482,-0.0885068637956119
30127,401.7333333,"[57, 670]",Trop/Subtrop Forests,3.55366117788279,-0.0579377145132137,-0.219902990284789,0.0416519723641456,-0.066092324691221,-0.839879468945563,1.05995374793407,0.341187601885505,0.85216878752486,0.607128179950865,-0.0949667083933413,0.71877312597038,0.236023635099877,0.0587686278729735,-0.0734983909185778
30128,786.0666667,"(670, 1652]",Trop/Subtrop Forests,3.47250239601802,1.07484418082804,1.94684210653328,0.869799960010368,-0.00534158314553692,-0.997291311614484,-0.70132296959522,0.268255104005257,0.452963250470201,0.337581518232021,-0.25134035988575,0.0965005512964646,0.109046484776917,-0.149529873665034,-0.168594581090849
30130,2016.066667,"(1652, 9633]",Trop/Subtrop Forests,3.35554824020582,0.116723695832791,0.566049076770763,0.548846311947894,0.106099327619451,0.416989295520054,-0.110708986465705,0.856380397258965,0.070801002773476,0.225770261732588,-0.539153523818437,0.505778388137396,0.125244432664008,0.00231989709484535,0.0378508679634958
30201,305.6666667,"[57, 670]",Trop/Subtrop Forests,-1.76122251673868,1.37658607434141,1.65485913067176,0.822677271550054,-1.06494717903743,0.789965000295598,0.478831971762219,-0.333208152549136,-0.821722126553783,-0.0935195067040003,0.753907666027105,0.0352579018529166,0.0590245379229591,0.342990634826978,0.413174227624291
30202,2517.466667,"(1652, 9633]",Trop/Subtrop Forests,3.48524234677499,0.182030586769312,1.45242745297325,0.927933115806548,-1.27468179212883,-0.120251301040243,0.586242776410946,0.723724797814811,0.110615001707483,0.215098268225425,-0.194770218059707,0.395112574825339,0.13143624322193,-0.0894771825024636,-0.295270471388948
30701,507.4666667,"[57, 670]",Grasslands,0.261701700386056,2.8018779228992,-0.419078490089172,3.02312180273861,1.8037258481168,-1.6994138750061,-0.275853431560771,0.0730723831275307,0.184480425999718,-0.646169682683695,-0.22820192593028,-0.42258303622369,0.217043089397959,-0.16637285083909,0.240268086851265
30702,421.6,"[57, 670]",Grasslands,-0.46987432364816,0.842301284172499,1.19940156156022,1.16920207186937,1.1689238646043,1.41181787388303,0.0979598525877214,-0.171134370549999,-0.0563711995116739,-0.531028700919144,-0.12952309692682,0.242836473462729,0.255165093605868,-0.234502690095742,-0.0299357616318292
30704,4581.133333,"(1652, 9633]",Grasslands,-0.119441717029768,2.05996037306853,-0.871844832390636,1.33777855341154,1.27574755085088,-0.185501632680464,0.721288739011698,0.29838950125034,-0.404671596038643,-0.335035210399607,-0.041845704413365,-0.00179321395591199,0.0218461631639303,0.427107155286371,0.148560979394307
30705,1281.866667,"(670, 1652]",Grasslands,-0.69540557971556,0.580522000246658,0.66889410322064,2.49199776480916,2.02369210440971,1.3475295726055,0.146316217911868,-0.0314976307468505,-0.157724641729385,-0.0474944269391478,0.0583959781220197,0.0509722330080645,0.0795279090698781,0.0700784381922142,0.152725709023242
30706,1621.4,"(670, 1652]",Grasslands,2.18499878008394,1.63897535557808,0.805740193732815,0.174557004745036,0.522343174896714,-0.195665540855755,0.047826668277809,-0.114567202663597,0.229391999488041,-0.134154376196298,0.305945423540904,0.310523292908792,0.269131259733246,0.017804574974121,-0.0217839466234256
30707,3159.4,"(1652, 9633]",Grasslands,1.33119222027296,0.603965644137919,0.730564409258783,1.35847287666334,0.75533548321622,0.932334194143017,0.0885177436116414,0.349173766709163,-0.212204725557138,-0.0564348103686971,-0.205463239266574,0.138459020229984,-0.0344266042427014,0.0205966593226682,0.158351249405173
30709,1106.133333,"(670, 1652]",Grasslands,-0.47333950357868,1.44396548172527,0.674075330365421,0.705446895460424,-0.198072138270978,0.525450865585496,0.0173542701756547,0.0398959842479656,0.0317270107912833,-0.632482504400115,-0.156487979084009,-0.169460640358652,0.027883073520204,-0.368018879281749,0.211208454329545
30710,309,"[57, 670]",Grasslands,-0.108384300073548,0.768083533977674,1.09962922592311,0.579816606289721,1.90790758881621,1.10508668968108,-0.0915128817191115,-0.45715468288032,-0.00266347355845173,0.39033825604878,0.324061017318357,0.198382953616587,0.208728866857734,0.445784988569911,-0.185054073382077
30711,1642.266667,"(670, 1652]",Grasslands,0.79177108668613,1.2518686275206,1.21281699723918,0.843292141671257,-0.632905078888646,0.0973775626175136,0.242063384691761,0.0137586075006654,0.0172724322136443,-0.277070949165902,-0.0893278820895846,-0.19327640166935,-0.40341786054982,-0.286456963588721,0.0435626023955867
30712,1860.8,"(1652, 9633]",Grasslands,1.5659441650215,0.907016157406464,0.169594539700869,0.473044107112026,0.962455266178888,0.576374189150342,-0.0168676672816526,0.350167713395186,0.0340276474738433,-0.0719656642429993,-0.144881159133588,0.0339076250480949,0.127832289860892,0.224483406999612,0.0242914005026858
30713,1062.933333,"(670, 1652]",Grasslands,-1.49420975764817,0.487606172965672,1.05468985032347,2.82868791109858,1.1211447304553,2.18795851100514,0.136563975759215,0.302373466885927,-0.255657852779886,-0.506733999136329,-0.0231487638696839,0.106741401504458,0.235560520692993,-0.0312228527997905,0.147026791540738
30714,272.6666667,"[57, 670]",Grasslands,0.0737116509838139,1.06473446591712,0.424005372445986,0.726188523224468,1.26105393968102,0.271114263665409,-0.138654135610899,-0.991226803473342,0.0576679077363237,-0.918676291039357,0.731305875871692,-0.40780602770923,-0.329026094312276,-0.237167474755655,-0.270550232837882
30715,1517.8,"(670, 1652]",Grasslands,0.229501337315637,1.08219873827752,2.01862444988117,1.81444291660473,-1.13877059079337,0.132799094498735,0.547539477709901,-0.645348136716289,-0.126171046664397,-0.442734085045556,0.158965423180267,-0.199081494085773,0.0988729860971536,-0.536332951423427,0.11926903342557
30716,1105.6,"(670, 1652]",Grasslands,0.879334757980316,1.47062855558405,1.23930899608712,0.608837813406265,0.618164096887178,0.400674609893736,-0.0576856993061794,-0.133344616909965,0.0296545048601657,-0.184722211106309,0.230801934298533,0.00851527765501997,-0.123475397952824,-0.197147281191786,-0.0682762426805186
30717,2450.4,"(1652, 9633]",Grasslands,0.349795718155723,1.28010117669017,0.232186471670942,0.432288939736518,-0.42378613935087,-0.130109109022865,0.330954367671087,-0.0436354553123192,0.0158032041979988,-0.538723699978694,-0.0685398285179417,-0.0785421067761895,-0.10043172125958,-0.229181035131539,0.0754472693731602
30718,537.1333333,"[57, 670]",Grasslands,2.79318322097609,1.53017951529657,-0.563425575846852,0.0726129236462181,1.41094955729445,0.0847757477889156,-0.61592640749486,0.421505270105651,-0.121449248805065,-0.519565043344695,-0.182570680772209,0.110281686477373,0.0671204765844562,0.201024464538844,0.0359406465770063
30719,1477.6,"(670, 1652]",Grasslands,0.280441865601422,1.39226660334298,-0.269172644919071,1.30198499463802,1.40432150527606,-0.27137433147353,0.0890257355829939,-0.133609269394414,0.131470116222217,-0.414950783420408,0.210564791435871,0.0520326029079731,0.173438361416449,-0.160511136159499,0.12789929850694
30721,1520.533333,"(670, 1652]",Grasslands,0.800261814751925,0.876802139965978,0.5089267724653,0.839631193576822,0.975556680493786,-0.0542354228086283,0.133147178816273,-0.581286570704399,-0.145206614484098,-0.103781485425791,0.0975045414207053,-0.152920934813134,-0.125247662298441,0.115991876818754,0.0883926070855384
30722,2710.533333,"(1652, 9633]",Grasslands,0.197001813594695,0.685511852248303,0.488168730863561,1.68877189965567,1.08859273764503,1.25383704727579,0.123987873822791,0.360863710395083,-0.233526616695029,-0.117568589920697,-0.200775461836958,0.0371626533072875,-0.0512471955048685,0.122051422493157,0.212704871944737
30723,2258.466667,"(1652, 9633]",Grasslands,3.53164820484444,0.539377398727949,1.02984677075185,0.574442102548148,-0.00627940419265766,-0.138389472823414,-0.590265304422142,0.679021970265045,0.265126079037424,0.375801910517371,-0.213590346642343,0.486032889797333,0.127112450928317,0.116625061444837,-0.0227524231949839
30725,3052.2,"(1652, 9633]",Grasslands,0.357177089512814,1.26596009502591,0.258918880157507,0.725612217448996,0.0196719562000554,-0.104250069177275,0.525833197014348,-0.123036893384398,-0.130837544793042,-0.605617263848239,-0.0182655732456109,-0.0151925509098959,-0.0526061328518246,-0.157634261044978,0.0776060325656141
30726,520.4666667,"[57, 670]",Grasslands,0.587921471553956,0.887248736772088,1.22696039876583,0.995229513340709,0.895814799575967,0.782160822108243,-0.160718950463667,0.633885711983163,0.174525175787821,-0.377819728694621,0.128353177015529,-0.10712324804493,0.295629436047091,-0.362036693801823,0.00114961256211212
30907,801.4,"(670, 1652]",Grasslands,0.053733254811259,-0.529757734819631,-0.011566649592702,1.10401100777282,1.59158940288568,1.79654572969806,-0.244522701575641,0.88354358850409,-0.245058857731603,-0.43376260219163,-0.694808445027086,-0.178579171698249,0.0267119328252602,0.00335626577815379,0.0808389042417682
31003,842.1333333,"(670, 1652]",Grasslands,-1.85894891896527,0.294608577390162,-4.01128686569771,-0.763643992539823,-0.39312588687551,-1.23780571903794,0.266959352174198,-0.892891959015366,-1.10259361518251,-1.45204642259369,0.00936935971672954,-0.210374106896927,0.636509293147917,-0.0486022539200545,0.107453473934584
31004,4962.266667,"(1652, 9633]",Grasslands,-0.0913530464057601,1.52764498258062,-1.4017843546281,-0.0465837178654874,-0.596112715707311,-1.08988339340097,0.613833395662867,-0.456022407933826,-0.27487598035028,-0.84291203363047,-0.112447733039731,-0.135988553154829,0.0273153054089391,-0.167162483512354,0.0766988362557966
31005,292.6,"[57, 670]",Grasslands,-0.110314316535753,1.83305501572062,-1.62664363551503,-1.52189884436152,-0.350572321018527,-1.27727443311979,-0.138420346087366,-0.979783985801711,0.217078822459152,-0.929196661800105,0.281086784141281,-0.785559834827693,-0.662317741559617,0.299881894530132,-0.0834501078303417
31006,516,"[57, 670]",Grasslands,1.2574109503939,1.36034007246858,-0.865994350207755,0.0599338592601552,0.578114181071505,-0.672935343750087,-0.990079064765098,-0.124110415783734,0.588067540222037,-0.315180649624392,0.257179035345448,-0.121767206068747,-0.0950540911568232,-0.200595198354468,0.212586175444138
31007,1719.8,"(1652, 9633]",Grasslands,-0.472205488003116,1.32919368175408,-0.14782515234104,-0.152789209501338,0.609434431348335,-0.156786425388841,0.359862463436182,-0.298391615095566,-0.240342381257408,-0.225504499918574,0.110681847150145,-0.258928474799923,-0.35479426752877,0.237289087289706,0.00910497725703543
31008,328.4666667,"[57, 670]",Grasslands,-1.51033715951757,1.5512244220013,-0.559454249483154,-1.02331482181133,0.252822814474738,-0.606074479434297,0.268771240545662,-0.200825581767623,-0.248424350610895,-0.808459140994505,0.249504120059558,-0.709811435996161,-0.588673716481167,0.65506377714595,-0.120422144583846
31009,2149.133333,"(1652, 9633]",Grasslands,-0.67640821496976,1.02964473861073,-0.854667879325653,-0.0663670545086814,-0.205722375343909,-0.314107693408195,0.254818246587463,-0.240721838216438,-0.320485343116906,-0.669349234268635,-0.129082574827886,-0.124512188850857,0.0420387483080882,-0.226375598881621,0.21517700839803
31011,311.9333333,"[57, 670]",Grasslands,2.65952505956207,0.0097597765287534,-2.34881846345518,-2.30450617737651,-1.301054944518,-0.320384505820828,-0.274315608443202,-0.16759060464524,0.0178604784513625,-0.604503058857776,0.93394791201482,-0.396260774961608,-0.04489603651427,0.0253853777529703,-0.216914692581932
31012,1508.2,"(670, 1652]",Grasslands,0.712235406341383,1.06627381164289,-0.684984208550774,-0.148651515983984,-0.539117364192659,-0.869725666807867,0.351911505470145,-0.256681663122891,-0.295971091047907,-0.576169697435112,-0.0308803590382468,-0.239499197152146,-0.302490510298292,-0.125363035862833,0.143710216107332
31013,217.7333333,"[57, 670]",Grasslands,-0.0678823116853724,0.726149986961036,-0.229198357518593,-2.05824858536793,-0.38529120810722,-0.940480756109037,-0.213603165288974,-0.290576820216401,-0.172479183971396,-0.302514955650656,0.364794211218585,-0.530274889071153,-0.419374921875625,0.558919936542517,-0.264308507937088
31014,463,"[57, 670]",Grasslands,0.274600515142594,2.79513660420087,-2.1105645734759,1.24501262402951,1.33851506290452,-1.80532898992221,1.34479376933275,-0.0218219422709503,0.438709484470247,-0.377967809978519,-0.0961912016963573,0.441977158345298,0.234987664743914,-0.0184188937918838,-0.0187012557583392
31015,1806.266667,"(1652, 9633]",Grasslands,0.364497797593326,2.0048517539005,-1.5203672855762,0.22546128343138,1.01509858179108,-1.07962117147538,0.669849518554312,-0.0888258524309275,-0.0922982477171505,-0.460542878260641,-0.0985603775240387,0.162691377897724,0.0599873217304047,0.348113107572845,0.164463142483185
31201,1314.6,"(670, 1652]",Mediterranean Scrub,0.764657728833401,1.88899786479262,-1.37760966827331,0.913567788278558,-2.08105803618189,-1.2964333811126,1.01335669218,0.297165572701177,-0.385989676511535,-0.602757258081739,-0.335916400999871,-0.199874048120006,-0.11568727144298,-0.443521555316021,-0.25582597721796
31202,4488,"(1652, 9633]",Mediterranean Scrub,-0.626451713511464,1.69448184379346,-2.33830952493262,0.968505014552879,-1.08612867543358,-1.42541975169676,0.950041815146172,-0.164485115267809,-1.50247646056185,-0.309699951523482,-0.140953316600445,0.0501363840279614,-0.120636975662915,-0.580636675642596,-0.339270925365366
31203,6181.933333,"(1652, 9633]",Mediterranean Scrub,-0.504697586599079,1.74253588028241,-2.85670031128374,0.904384002511699,-1.45075116002484,-1.75791636655658,0.959886213199579,-0.0937324080251724,-1.97758168995136,-0.499371573871874,-0.353992967942013,-0.0942429106244977,-0.327378358697572,-0.545182863012029,-0.527448240991053
31302,555.0666667,"[57, 670]",Deserts & Drylands,-0.0853110796291474,1.18558116043056,1.02846158123572,1.45932784748042,-0.974017033603108,1.22474800403221,-0.0171588614103065,-0.243657691495014,-0.265836223469814,-1.05290737818192,-0.235622989437514,-0.38997922761887,0.10695118451758,-0.374009208414038,0.00527037946431205
31305,205.4666667,"[57, 670]",Deserts & Drylands,-0.559318382152342,1.06530529774135,2.30452653277167,1.64071688553336,-1.14850862504333,1.00665060049593,-0.602435965477047,-0.232583551006507,-0.445780780935045,-0.256765500026029,0.202925262547124,-0.548366003920434,-0.130844933137283,-0.5682155601222,0.124017995733074
31306,248.4,"[57, 670]",Deserts & Drylands,-0.4867573699,1.9943641434095,1.53507199968385,1.29306404572767,-0.923151585738624,0.539320204616859,-0.358426519318178,0.501666840618435,-0.51485031285514,-0.0853108617705826,0.343864248090316,-0.081126770197618,0.276618263784772,0.163468437748439,0.00442387967825286
31309,1162,"(670, 1652]",Deserts & Drylands,-0.763882131902648,1.38528137066782,0.270018193883681,0.353656424136001,-0.502288824027533,0.503324693903407,0.149522635451038,-0.2155746455127,-0.0908071048624512,-0.513535004405479,-0.525114085534408,0.0895837109557927,0.170729781845032,-0.398203440668263,0.0717599727744497
31311,1022.733333,"(670, 1652]",Deserts & Drylands,2.41249565441811,0.741190666534284,2.14219765349074,1.50794262293733,-2.04164470113076,-0.378363083797906,0.508833699894167,-0.00437072621404375,-0.184053459463202,-0.21613585371556,0.264473468122593,-0.410730582278097,0.40631394442829,-0.434665442901415,-0.335822120015659
31312,910.4,"(670, 1652]",Deserts & Drylands,1.99297037435424,0.0960382876496913,1.78667180515078,1.51128100017911,-0.99552605915415,0.0551336003497628,0.385785280626894,0.215989171495816,-0.391277054315183,0.0979538839584466,-0.0518275791330465,0.072631937068688,0.240855112572269,-0.375187611531598,-0.270197654921879
31314,2049.6,"(1652, 9633]",Deserts & Drylands,0.132355814245558,1.60286471525509,-0.436061360992874,-0.0614967208904785,-1.99018711168215,-0.379056338102131,0.889894689217618,0.443890878336997,-0.481779628022722,-0.472031497643066,-0.628671172742602,0.297082420475953,0.124936135589224,-0.213537591475743,-0.333540727151819
31315,349.6,"[57, 670]",Deserts & Drylands,0.375261041254893,1.01804428074168,1.06025107874888,-0.799818360371773,-0.86006863258593,0.661416327418692,0.0835428337146865,-0.199960194006189,-0.398232899273161,-0.463995752836135,-0.773051012758193,0.401268798436305,0.436329436965726,-0.187170093435065,-0.185843550286466
31316,890.6666667,"(670, 1652]",Deserts & Drylands,0.364120495861662,1.52626989949927,1.10777188570674,0.0821609240392671,-0.795760013386736,0.597678885938766,0.36576779135468,-0.3010648092893,-0.194374764856643,-0.605782155200426,-0.602548233919931,0.222985263015078,0.389027309859517,-0.245176560013914,0.0779731973196176
31318,313.0666667,"[57, 670]",Deserts & Drylands,1.57830863283432,2.43367938933338,0.877455597458713,1.0458148813039,-2.15440032306818,0.070361146200012,0.27189082983108,-0.0512901658538444,-0.470367751846909,-1.07611340746895,0.38423518798286,-0.23790471754721,0.502446526848038,0.126843680976667,0.113043035229074
31320,518.2666667,"[57, 670]",Deserts & Drylands,0.979373422851157,1.73920549924326,1.09749401220166,-0.451223815434543,-2.00677648095788,0.174513462653117,-0.279494098519365,-0.619620183237571,-0.163815592143471,-0.712227960969702,0.058947719978036,-0.517451425936387,0.373050022521039,-0.00248735563872514,-0.118932694982201
31322,3315.866667,"(1652, 9633]",Deserts & Drylands,0.0735405543724115,2.53559299052116,-1.60222911798221,0.682774234857877,-2.73084070009245,-1.14003158767896,1.83639727125996,0.959065797591076,-0.904538828394956,-0.581469454053486,-0.864643342844326,0.499880936521893,0.0940686512249743,-0.532508633840455,-0.30715001470886
31401,1101.733333,"(670, 1652]",Trop/Subtrop Forests,3.55385803554785,0.0347938427414994,0.765394125626649,0.560973834017009,0.296615227376151,0.180808766972261,-0.443270714722586,0.784771819598813,-0.253375110638482,0.273311516198283,-0.365008733028221,0.356504649182234,-0.0174972656928365,0.111595429648693,0.0934568547197608
31402,278.2,"[57, 670]",Trop/Subtrop Forests,2.96247302425286,0.132285128750326,1.84410061292543,0.882629693807321,0.41658881023687,0.406817323195443,-0.201732832140345,0.130452367011304,-0.171310096258325,0.17531000387552,-0.265921168560454,0.375899976501453,-0.0130838458227584,0.0192242599240598,0.135759992853103
31403,407.2,"[57, 670]",Trop/Subtrop Forests,2.17907406848274,-0.0699481198193713,1.37865565349622,1.67088981570101,0.748938955851181,1.57584881013674,-0.677102332576839,1.11807307933438,-0.774314413874063,0.0119159013756368,-0.572892017411547,0.163444533734755,-0.121784855764835,-0.0484788306030324,0.263926756265964
31405,571.2666667,"[57, 670]",Trop/Subtrop Forests,1.63746578961071,-0.574189018518851,0.954445946179902,-0.221663944347734,0.167526061025684,0.0965811573174093,-0.189049240286766,-0.604227657394148,-0.140862438827902,-0.243795220890693,-0.104245023252577,-0.109633097134823,-0.422546755568407,-0.414450616742577,0.137811097552016
40102,4771.4,"(1652, 9633]",Trop/Subtrop Forests,5.81744145462896,-2.55030902231817,-0.539057493267409,0.562737758532902,-0.186173910810068,-0.0884608891684857,-0.706686009400571,0.217415455324831,0.149946458206851,0.0443204453668158,-0.561548977162321,0.721491431821861,0.000971072052237107,0.225080960182258,0.0608127655671883
40103,1578.333333,"(670, 1652]",Trop/Subtrop Forests,5.16697381190036,-1.96446657495462,-2.44737424646091,1.12286932969026,0.103587546674942,-2.13684503949119,0.460061123720688,-0.0516007588675732,0.355901818988436,-0.56567476331643,-0.141389344980285,0.752123111979489,-0.208160957022619,0.0481498845159618,0.164726507163868
40104,690.8666667,"(670, 1652]",Trop/Subtrop Forests,6.56262027832514,-3.52194703071177,1.13667371978483,-0.0575435983023195,-1.77759008310865,-0.258649592561217,-1.40854003075949,-0.602066535041538,-0.364036546662957,0.350297046788704,-0.0734687167530742,0.601894795927859,0.297480058056022,-0.0474333550606839,-0.021522606575482
40105,201.8666667,"[57, 670]",Trop/Subtrop Forests,1.67343901417721,1.12805074939943,1.05445791080794,0.102994368185866,0.253992481931116,0.616858656111349,0.490252715645209,-0.284026345331251,0.103817551409599,0.106720818015368,0.499621463679158,-0.247189303004237,0.164222341430223,0.115248684873303,-0.10478575248748
40106,464.3333333,"[57, 670]",Trop/Subtrop Forests,3.13694938004922,-0.00939187010680812,-1.11642632713159,0.807428199701359,0.0581313107916861,0.0940831546634579,0.830188065633178,-0.108275741993547,-0.434323358579117,-0.222411580830815,0.341008333276884,0.437325117148387,0.201073364200818,-0.079350970456522,0.284627752992266
40107,308.1333333,"[57, 670]",Trop/Subtrop Forests,2.03341249492868,0.701419919486788,2.0941302383214,0.836409779959134,-0.0915148305118958,0.935478879199768,0.563311702867012,-0.450090939119954,0.0292733350618013,-0.10666039700647,-0.0502161844976823,-0.506757295090111,0.0364445379266472,0.116957856362289,0.204340800396109
40108,609.8666667,"[57, 670]",Trop/Subtrop Forests,2.57476522997726,0.371418737725385,0.847231285031942,1.06388389118619,0.602658497882132,0.250878639255705,0.857198578366818,-0.468378375628116,0.331230384610844,-0.475242418119568,0.0315614865469586,0.367300986901939,0.111210828781181,-0.0353833582738817,0.102585221303257
40111,370.8666667,"[57, 670]",Trop/Subtrop Forests,0.93681781176142,2.02573363520817,1.46565112749696,0.890182872022568,-0.422182917604767,0.355065480312202,0.998423919598053,-0.248566206309327,-0.00225590129533465,0.110293040021685,0.115192901111225,-0.0672087617936289,0.00175283262656633,0.0499828054458042,0.0742488964804928
40112,263.5333333,"[57, 670]",Trop/Subtrop Forests,2.53718581198502,0.594339012788822,-0.247686282508761,-1.0183793098871,0.183429617669657,0.295964270833913,1.25862629558853,-0.647562498964928,0.581686649561437,-0.196308037478275,0.326164743653419,0.663607498712861,-0.251173067350039,0.608754138506842,0.00393067591324914
40113,308.7333333,"[57, 670]",Trop/Subtrop Forests,2.57796103588819,0.469162622585401,1.82059316184788,-0.123399365352167,-0.380553108661068,0.663987652472234,0.403774161250175,-0.641298969648358,0.0367205132803666,0.441954356449506,0.293704617576389,0.422611110648846,-0.203163901678795,0.396359509848398,0.166396498829261
40114,377.2,"[57, 670]",Trop/Subtrop Forests,4.1164423590448,-0.28045238697442,-0.150666483822565,-1.20388806648618,-0.944026663196507,0.203178560100457,0.705579661046565,-0.525735195095138,0.359936083434456,-0.107002277306165,0.515183748468524,-0.000508533632090726,0.476487826032189,-0.0793895211872222,0.0440335138925054
40115,332,"[57, 670]",Trop/Subtrop Forests,0.0261654395099002,1.52284836039174,0.549447588738814,0.0654274650525761,0.145628737632518,0.412967310881657,0.786850034454227,0.330195194627605,0.410976542513421,-0.516662141482975,0.342612936653371,0.0876383965394506,-0.204110494323181,0.268298065452398,-0.34944531732977
40118,5885.933333,"(1652, 9633]",Trop/Subtrop Forests,2.09116932325335,-0.427386997548376,1.06362902548246,-0.840656742309584,-0.256307031090624,0.0401913044119077,0.672540710220414,-0.176641988285246,0.869655221552071,0.43346948474892,-0.0894715097922498,-0.546749675424712,0.115063189047243,0.202669683053099,-0.313513966941565
40119,2035.666667,"(1652, 9633]",Trop/Subtrop Forests,1.79627905862384,0.860463164117957,-0.994030191961907,0.716960176261525,1.09690294855168,-0.256095127282208,1.5805170309373,-0.490748760173452,0.446488867946512,-0.440027409201949,0.168558584699924,0.200068499088417,0.214937978736254,0.17776339090967,-0.0847205414337704
40120,350.6,"[57, 670]",Trop/Subtrop Forests,1.30779494162222,1.95246072688083,1.83686698702581,0.40719494546117,-0.398834505094203,0.368460378392201,0.610523461791035,-0.627361750162273,0.0650755404991464,0.253898360296179,0.15510644721226,0.141001389656642,-0.136589858390879,-0.0277754312753426,0.314220838637941
40121,546.0666667,"[57, 670]",Trop/Subtrop Forests,1.27901436707546,-0.256783236561609,-2.05299711012887,1.03428876695353,1.16989383513237,0.100074484553404,1.88995899211812,-0.503051896375159,0.125593649460743,-0.309236820299214,-0.0174973705959212,0.0399167809435099,0.0279609984162154,0.151917057646251,0.0452604232924432
40123,1191.866667,"(670, 1652]",Trop/Subtrop Forests,4.38550365829874,-0.492950572350477,0.520876094627311,-0.629962379961765,-0.539882916744054,-0.0109353084955013,0.519873854181901,-0.3221334351565,0.378957030323332,0.0644972150460987,0.301878323844346,0.338487292445672,0.183145381938634,0.048417722456981,-0.200249502485312
40124,946,"(670, 1652]",Trop/Subtrop Forests,1.99909814734352,1.7383110863524,0.99312624571099,0.755217134033547,-0.816137782830778,0.291810296689901,1.16153781995733,-0.0286921563281368,0.218516566312167,0.0513516164930673,-0.206368975597169,-0.275809351955684,0.149369107118059,0.193236878814676,0.164898844964868
40129,751.9333333,"(670, 1652]",Trop/Subtrop Forests,4.11338550926819,-0.660220354719672,-0.0884294633014586,-0.575488770703805,-1.29956339723122,0.364647802207724,0.584503455244317,-0.430471614250314,0.360075315167344,0.186810077681539,0.379395499221246,0.491754225392943,0.300158432495213,-0.0772808977477497,0.00241868229371902
40134,721.7333333,"(670, 1652]",Trop/Subtrop Forests,0.614763527936886,2.17903282854203,0.337296639027604,1.94412909933315,0.266128564238219,0.755044811592105,1.57189042164416,-0.149255799923633,0.600051479880506,-0.574846587573765,0.223690227524246,-0.19411698099347,0.282574886358228,0.0375939266916293,0.0407486575167419
40135,682.4666667,"(670, 1652]",Trop/Subtrop Forests,2.495126032306,1.85892599615335,-0.41907405080534,0.975660789928305,-0.238350997701016,0.659542934024249,1.13380190636041,0.421307649775557,0.888534804256921,-0.661135521239369,-0.0414162989480097,-0.0555380838263095,0.500215879596984,0.0738159367223546,0.109552373090338
40136,438.3333333,"[57, 670]",Trop/Subtrop Forests,4.04424396025937,-1.71224207435717,-1.01491756541712,1.64443824920959,1.35348018592848,-1.49909703893234,1.26712193448186,0.166898758459453,0.00398492042353554,0.313516819458968,-0.839228563900421,0.454218293766232,-0.270216586468442,0.253218256539246,-0.0505890942108261
40137,5363.466667,"(1652, 9633]",Trop/Subtrop Forests,2.47038778183939,0.134200636877188,0.0373195923529222,-0.0444712192214461,0.170568733192698,-0.646082893495728,0.881216547255569,-0.344595992650561,0.740814967851546,0.301109417242178,0.0642119090516836,-0.0538668203695484,0.179394589494065,0.107228169015455,-0.143914636452209
40144,673.7333333,"(670, 1652]",Trop/Subtrop Forests,4.58914176790862,-1.12451764327319,-1.65410881182204,0.437366605403089,0.0785950101469411,-0.497130615685691,0.833548550837598,-0.232327146837872,0.543606963896561,-0.279791574639964,0.0847100605647349,0.167192629725669,0.0317763565978855,0.162903000380751,0.10958483692877
40146,2551.2,"(1652, 9633]",Trop/Subtrop Forests,4.79972614919523,-2.00143993639989,1.12954240621613,0.111793587398456,-0.41908762603078,0.568438367331951,-0.592938994857122,-0.304374688370232,-0.241179012137071,0.462535482455852,-0.0688600852650529,0.188474540733395,-0.204888737166221,0.094138372807701,0.0202908396098755
40149,4376.666667,"(1652, 9633]",Trop/Subtrop Forests,2.79006562735546,-0.421907597943866,0.779802422377246,-0.455719176871982,-0.269755115464533,-0.0624074402665974,0.418766171525207,-0.371496325991681,0.611722003795469,0.498474537559408,0.159678058437168,-0.0683847630207444,0.220651612127344,0.109531579285471,-0.150713548082465
40150,659.3333333,"[57, 670]",Trop/Subtrop Forests,3.70761200152703,0.967542394866778,1.70159827821358,-0.356567729370329,-0.769461237647248,0.129814594927384,-0.172784219336064,-0.292094120383772,0.852766695459368,0.223839250995552,-0.365307889095267,-0.309655754548314,0.295519691469221,0.500642499755745,0.0531741902324046
40151,1159.533333,"(670, 1652]",Trop/Subtrop Forests,3.55709224272823,0.626605187373784,0.760075685062397,-0.0754909543555307,-0.721195157889372,0.0433071611545481,0.0486225537169625,0.0206837222962368,0.613610621580603,0.211490746597707,-0.161323238399452,-0.387127625180345,0.291666255992517,0.134621742350933,0.255064259515432
40152,687.6,"(670, 1652]",Trop/Subtrop Forests,2.69234548403527,-0.565611187347785,-2.17344798789123,0.38767964693011,0.793125317570832,-1.57905221800527,1.53403457079661,-0.372198167234656,-0.154557243396349,0.344579032138676,-0.142945362486507,0.909722976781604,-0.120416028142511,-0.159940870938024,0.23502697622703
40154,550.6,"[57, 670]",Trop/Subtrop Forests,3.93182918327737,0.323941429583066,0.166837241468795,0.0341664110469632,-0.883036334394833,0.50453113221464,-0.311610570603205,0.667024808250207,0.489829575599141,0.547772686192299,-0.0982142905430029,-0.180284417850806,-0.27569194318521,0.435081369882331,0.069342907596938
40155,301.4,"[57, 670]",Trop/Subtrop Forests,2.59631875176043,1.26959421628985,-3.09145344734256,0.486921810372298,-0.380369701333571,0.295194563509952,1.19293630146205,0.856070187462117,1.14009047688325,-0.653075092408243,0.200879187725372,-0.745761901190825,-0.106155909071439,0.375764468399586,0.0440840046480663
40158,1425.333333,"(670, 1652]",Trop/Subtrop Forests,4.54511333494713,-2.12345549800978,1.14775631131153,0.573129980758996,-0.376749981848642,-0.0611637013302689,0.177369391192123,-0.94404390984007,-0.261937242052865,0.737135834345616,0.280049101466962,0.396142389287511,0.0677056039626492,0.232382858935776,-0.0542813100555054
40159,850.3333333,"(670, 1652]",Trop/Subtrop Forests,3.53333485322266,-0.498281291865072,-0.86916033354398,0.625401779622822,0.19222666944729,-0.81642597339169,1.24688582698895,-0.633673788610071,0.568086002334501,0.429347620166485,0.365638661504872,0.45902819928312,-0.236308420146142,0.458446220144736,-0.123661706163434
40162,157.4666667,"[57, 670]",Trop/Subtrop Forests,2.42677427130478,1.31814693296424,2.59132931277644,0.187880597365647,-0.915006021847165,0.465149574297886,0.630380700932952,-0.410092938961388,-0.356947161995015,-0.104572272154508,-0.18382825271224,-0.376351747262511,-0.481362282307986,-0.102120163251366,0.214401727522381
40163,1725.866667,"(1652, 9633]",Trop/Subtrop Forests,4.25906002804082,-0.632464241763363,0.296973111736065,0.0777778078446978,-0.0544923472334409,0.195127334847263,0.370580659160048,-0.0941412761428052,0.177069426289952,-0.329687287786968,0.209171486909166,0.436563243978427,-0.13797630907626,0.0151068316766829,-0.0644093458057238
40166,425.7333333,"[57, 670]",Trop/Subtrop Forests,0.870674541800568,1.83366860990135,2.45806864749345,0.237946376640342,-0.636395625427649,0.724450048769187,0.291946559682509,-0.722870467054754,0.357697824514222,0.117309154732336,0.134290341532772,-0.581932539817428,0.0642128878405397,0.0530331821047662,0.132426582429316
40167,621,"[57, 670]",Trop/Subtrop Forests,1.85467707692082,0.0577270837512651,-0.919326910861335,0.0988820739779747,0.941901821332043,0.0292312360251961,1.35913394991697,-0.379777014580821,0.17923810286788,0.190058543455857,0.502427222698437,0.983549770224127,-0.0370447824172142,0.347516028668235,0.141654465005413
40168,609.1333333,"[57, 670]",Trop/Subtrop Forests,2.3985449748909,-0.982882482781611,1.31010426815082,0.893883085120749,0.0883564276409624,1.0376128257408,0.287804126408804,-1.07018849877406,-0.0259351130740293,0.438633753971613,0.698382392534149,0.427565038619444,-0.253808915249912,0.120567155941699,0.0401159918012042
40169,580.5333333,"[57, 670]",Trop/Subtrop Forests,4.0850923842439,-1.77129037449019,0.912271714986259,-0.258555908535383,0.326023393714492,0.578520486995785,-0.0611953918771785,-0.143034055979007,0.784659946404569,0.374769029221434,0.184334553108315,0.0624814701705316,0.0410859773201293,0.148307200329934,-0.458379567764608
40170,1289,"(670, 1652]",Trop/Subtrop Forests,1.19629008334455,-0.846271101041829,0.163218243967396,-0.61639429275051,0.288127745645927,0.954999324479256,0.752967541343678,0.0418118433975998,0.387946072517202,0.169644420142656,0.15757574350442,0.175432251134027,-0.174091618417841,0.0188169926754571,-0.127352857071511
40171,1334.666667,"(670, 1652]",Trop/Subtrop Forests,2.09583302473646,-0.56295799331967,0.788989952635907,-0.300789302847989,0.165564991689991,0.664735439135783,0.394198980824714,-0.238332847293378,0.403911187710516,0.326245862151458,0.273224571230525,0.0299619048062591,-0.077582792515208,0.211067220791807,-0.0523612282752511
40172,3650.6,"(1652, 9633]",Trop/Subtrop Forests,0.748462467668274,-0.172670644473782,-0.275391747019615,-0.343134018371,0.601884072405158,0.32447970829219,0.93291835925827,0.0215712620682239,0.510209020634916,0.313986851048788,0.179655430882656,0.154002227215986,0.0562278835541269,0.163636088429092,-0.0163920688251971
40201,476.0666667,"[57, 670]",Trop/Subtrop Forests,1.2537427531265,2.36821165875779,2.61324045576476,1.54598243566724,-0.455543650152174,0.400583141699556,0.801393879267936,-0.509738049059061,0.434532112801186,0.200431033038462,0.18824791351503,-0.180929750456745,0.0858813981799421,0.386649811531787,0.0840266592049506
40202,1968.6,"(1652, 9633]",Trop/Subtrop Forests,1.73832540679188,0.63030958417168,-0.160734644494,1.35428285572654,1.07913949719287,0.379570586713494,1.02949987844595,-0.251158493989857,0.20931619598643,-0.390275546894796,0.0150080228592715,0.00316187132330539,-0.0111181152880124,-0.0108028866290818,-0.0127946250826981
40203,193.8,"[57, 670]",Trop/Subtrop Forests,0.809057077677748,2.83424133312446,1.8638862977437,1.02863764961533,-0.554122016030108,-0.0214689653347941,1.39440544068131,-0.476690520504215,0.0561136641399389,-0.028731818243605,0.153891879703529,-0.358727232542112,0.029284663898303,0.369654792615928,0.022746445458542
40204,523.6666667,"[57, 670]",Trop/Subtrop Forests,1.78768740209288,1.28953296711015,2.51818998063261,1.05502500920993,-0.706202319612294,1.05015517975489,-0.010348515729974,0.078324678444633,0.346299104639589,0.194970154458657,0.11152110209744,-0.173109919031044,-0.0930968376158673,-0.0340468400935623,0.128045331577866
40206,870.4666667,"(670, 1652]",Trop/Subtrop Forests,0.567936282475101,1.83003407678648,1.83922766470594,1.27825956531088,-1.06687205042578,1.5192927943881,0.893603418716565,0.444346496733929,0.484322933790173,-0.516299791542822,-0.0909745854193941,-0.324001473834308,-0.232189129412476,-0.211484106292208,0.0211916455246497
40207,538.5333333,"[57, 670]",Trop/Subtrop Forests,1.11023602897523,2.37065489355547,1.55359009061628,1.15208108725489,-0.799319337893287,0.928441273470325,1.20035847507778,-0.241426489295757,0.532295579655504,-0.600928567171788,-0.560014638888261,-0.334075302830864,-0.186523990867067,-0.0801839018828674,0.198989331752864
40209,753.3333333,"(670, 1652]",Trop/Subtrop Forests,2.18608544956203,1.78978251454234,2.51856627463688,0.607580619198456,-0.864330163542158,0.0329479130921658,0.0923683693842437,-0.321932731893449,-0.000864727444884944,0.446405819349439,-0.248470284784459,-0.350638850542097,0.140976495080522,0.144770848054782,0.227669021860306
40210,845.6666667,"(670, 1652]",Trop/Subtrop Forests,3.48695227768937,-0.142174969834814,0.244565667421346,0.714194795542677,-0.0751714002350025,0.274146541964987,0.482595146165249,0.133051948363037,0.0298997550355498,0.106761835262278,-0.27154828074384,0.258573219193733,0.0938123113880729,-0.00812963646578642,0.089636599426521
40211,302.2666667,"[57, 670]",Trop/Subtrop Forests,3.06813382844558,-0.946836403322223,2.55718488141531,0.401151412701904,0.177554663184859,0.292310850254759,0.344468218643867,-0.601739227747046,-0.43320808403996,0.479302290669644,0.652422624052992,0.362261483097854,-0.28226047978179,-0.23824389483555,-0.0793092356316358
40212,346.8666667,"[57, 670]",Trop/Subtrop Forests,2.256714794372,-0.0715641655590494,1.32032485705739,1.05925755809164,-0.151221798310443,1.13038199802061,0.455748289209725,0.491646382241004,0.374150979417136,0.324054418987401,-0.130874949097712,-0.311589006088856,-0.0875683391847624,0.0516933788925599,-0.0376472031560994
40301,817.1333333,"(670, 1652]",Trop/Subtrop Forests,-0.989366342213511,2.48588538899846,-1.24484066860838,0.554129331945482,0.805344690369555,-0.507744292534691,1.33172518237343,0.217790657499564,0.516219727910873,-0.103891110275829,0.835756959255513,-0.0657229529427044,0.180801179405518,0.200072941389398,-0.107802723223684
40401,730.2666667,"(670, 1652]",Temp Forests,0.219930047225214,2.04054795707663,-0.986090544144545,0.269031993138069,0.0469140560321985,-0.683143807139556,1.41617782122039,-0.0253314098795025,0.659533309759618,-0.0161325201440049,0.186307323931502,-0.496764916692881,-0.226004822183487,-0.0330253322772453,0.00519647451625602
40403,540.8,"[57, 670]",Temp Forests,-1.03144127835918,1.74922254890307,1.04180556229822,-1.2796406632168,0.445459581566945,-0.107036614254652,0.143978913426895,-0.174716331143345,0.336361104070253,-0.0598269330292533,0.361429067505006,-0.678117795273748,-0.160138044784887,0.347166062445425,-0.0185266891897363
40501,448.6666667,"[57, 670]",Temp Forests,-0.487059070175057,1.31333427971047,0.166828128655294,0.538781509436977,-0.993979197175791,-1.46633077246634,1.16485223527461,0.438210519480502,0.0728230758874618,0.0100611651514523,-0.962076747509003,-1.20476517430469,-0.298522697732012,-0.0525072927222164,0.321822367351526
40502,360,"[57, 670]",Temp Forests,-1.35015045155902,1.83696981084295,1.62086226725761,-0.704893931465994,0.341010905206831,-0.126824797316718,0.211093027892383,0.241168919300627,-0.0205670648867764,0.0388406409673834,0.510552002164653,-0.868355019008446,-0.345281996026186,0.527183252972315,-0.00935771051471539
40701,234.0666667,"[57, 670]",Grasslands,0.130716165517118,2.13271258520372,1.72707874863521,0.484048198619229,0.350337959395112,1.06060647558411,0.0474965996227581,-0.293746210764848,0.570601251489565,-0.425071852206671,-0.0269646179689506,-0.485258875448445,-0.612418203145753,0.0520485845974798,-0.141019187632353
41001,1274.6,"(670, 1652]",Grasslands,5.00949985401552,-2.20406302838953,-1.80847116412489,-0.0597833782441376,-0.166477479343572,-1.01652037242646,0.413408688063138,0.10563688092448,0.747764553549932,-0.297326101117098,-0.512685980741507,0.20806211554242,-0.06174491903539,0.0159403150932515,-0.0809110393226194
41301,587.2,"[57, 670]",Deserts & Drylands,1.30906825649352,2.54398146036811,2.25246940435885,1.08989444170369,-1.2646295002856,0.502768402887466,0.785443538537867,-0.0821708771809955,0.287120813675,0.029508931018681,-0.0976908841765352,-0.294253066620033,0.0255396306493497,0.229302744290852,0.24115725657286
41303,568.4,"[57, 670]",Deserts & Drylands,-0.240197026597043,2.07006399434943,2.52207242743799,1.0349232051731,-1.75053662077068,0.978308199419188,0.115223275880024,-0.185558043870057,0.334129167090427,0.414980517853503,0.220729372942391,-0.346593110329052,0.180538621327508,-0.110388813710731,0.146937166790413
41402,205.2666667,"[57, 670]",Trop/Subtrop Forests,2.15447548476632,0.117141308052201,1.76998026444153,0.756380040209705,0.895652374387719,0.907056156918977,0.00739396114959512,0.0810531035962799,-0.326667449640796,0.123302578901925,0.78252798954172,0.101043159519125,-0.596846539525037,0.486584553791438,-0.124441732186258
41405,893.7333333,"(670, 1652]",Trop/Subtrop Forests,6.53669338398676,-3.85658924530073,2.02742650247004,0.810817910717646,-1.11428427097086,0.142711383149334,-2.00892358645681,-0.251142974629528,-0.177301761295112,1.12444151403868,-0.531612069166643,0.567092127277521,0.0585844889087899,0.00209760829647895,-0.325981882995149
50201,817.8666667,"(670, 1652]",Trop/Subtrop Forests,0.782057971380712,1.25614524478005,1.44937206023707,-0.874456779816562,-1.41365677386515,0.527782579006232,0.828405553122072,-0.459302565936885,-0.202156464727541,0.201230834135221,-0.330908023858905,0.0778453584457363,0.171864076523615,-0.030265308425955,-0.124722555592436
50302,4192.266667,"(1652, 9633]",Trop/Subtrop Forests,-0.14472101431221,0.599197209956548,-0.943848271710242,-1.62513764663499,0.229509973230551,-0.115493785090607,0.501934646771331,-0.368261191855356,-0.397736966151642,-0.397874896424566,0.0453220595141913,-0.020381453860141,0.304599119699595,0.172199598050425,-0.215306515760998
50303,4163.2,"(1652, 9633]",Trop/Subtrop Forests,0.803385123601945,0.466551877277436,-0.80407335712027,-2.14946341336696,-0.766018278170651,-0.174230387954507,0.167365154414758,-0.196032668630021,0.0131475857340196,-0.132433442524602,-0.394213659021355,-0.0622288134855897,0.246546618737591,0.110586387196159,-0.130271760934941
50401,1565.733333,"(670, 1652]",Temp Forests,-1.09994977662568,-1.62249146331195,0.798578035664051,-1.76035994490786,0.673105796413527,0.117918099474674,0.485092177257176,0.657789487295802,0.11992277602724,0.176602332622064,0.0214685288394373,-0.0211352349056312,-0.057183257037471,-0.277805652531795,-0.122990033785504
50402,2408.733333,"(1652, 9633]",Temp Forests,-0.877647549953098,-0.964981394359902,0.554434369497659,-1.68470062402972,0.2427920569089,0.33490821972737,0.686250006076446,0.663894360026077,0.190273154246167,0.0961649226102804,-0.0871275942711432,-0.195495964552063,0.0264030634495086,-0.0311405863340234,-0.128059768328193
50403,2807.6,"(1652, 9633]",Temp Forests,-0.876571819640799,-1.09714762757188,0.432758488195029,-1.81316339189269,0.161663850276795,0.411190769842865,0.455815309684556,0.694717464153244,0.119957508028688,0.116951890121809,-0.136922071652053,-0.284969582877409,-0.00635688172714946,-0.0519042218015487,-0.106198730797594
50404,2433.8,"(1652, 9633]",Temp Forests,-1.1972654746285,-1.0907515435935,0.573341762943177,-1.63785623497913,0.292760898937585,0.731393884227853,0.639561478602142,0.747924964687584,-0.0390089296889677,-0.0534604310341959,-0.200146973724058,-0.0459715293143863,0.0415383233296311,0.0423208293673285,-0.0791316884463433
50405,1560.733333,"(670, 1652]",Temp Forests,-1.2819553985948,-0.407463303023238,0.239800649868376,-1.25312096676828,0.200661171240302,1.15828888663107,0.53359183084567,0.141822125640163,-0.368888553360726,-0.251751998495235,-0.00460526595303739,0.0887547706697725,0.0299122453473734,0.0470462867006128,-0.0467351773212142
50406,1498.733333,"(670, 1652]",Temp Forests,-1.56971809561967,-2.10799043957234,0.124982133186602,-1.38447589082802,0.763199720029293,0.504378169112915,0.569641873257196,0.434760896829417,-0.012644504907353,0.0280087731621599,0.0820964911315668,-0.152756461157785,0.0218021419552396,-0.227660651281924,-0.0384266328474961
50407,2088.066667,"(1652, 9633]",Temp Forests,-1.48008439164392,-1.92426238458132,0.559283388000487,-1.73158041605542,0.477301073512535,0.635696338189473,0.356004689465254,0.489026754080483,0.00127498481173333,0.324679644983508,0.0275653823313399,-0.14106855253305,0.118737427708702,-0.228564874989836,-0.0442009062858756
50408,1076,"(670, 1652]",Temp Forests,-1.6349739075708,-2.3855387642107,0.232221379986252,-1.58678236308454,0.996251085061102,0.731431633573636,0.191293752603152,0.280487720799081,-0.104218568609037,0.334124067176314,0.20380691659622,-0.068306349902722,0.0388907604803772,-0.267147450704726,-0.0233290394084777
50409,1658.333333,"(1652, 9633]",Temp Forests,-1.12614774622539,-1.09116179107194,0.161106833370972,-1.64219608135204,0.322640642900954,1.14757781837891,0.744633766491467,0.393551353966456,-0.41556516476652,-0.153392105744167,-0.0930928618059865,0.0184899151603049,0.0334395761711484,0.125461435723978,-0.135306378213481
50410,2050.733333,"(1652, 9633]",Temp Forests,-1.35361993316276,-1.98364203120907,0.50627877881455,-1.55474547707627,0.509221612636064,0.558821815317913,0.323578143236887,0.469172693183955,0.0256498078509276,0.174673873304438,0.0197891919674693,-0.231256288067253,0.0108516765574404,-0.287255427675325,-0.0603429799670291
50411,2920.4,"(1652, 9633]",Temp Forests,-1.08690492601237,-1.12259617017238,0.71462772588005,-1.39936405421932,0.125918117871439,0.513169423290981,0.45467243778843,0.54446236342373,0.145205048005138,0.328497738524301,-0.00431389903928088,-0.123670548092487,0.0535771924735667,-0.270837607714007,-0.114411934157246
50412,1505.666667,"(670, 1652]",Temp Forests,-1.23970850350655,-0.815030529026156,0.25715259261914,-1.75802367272339,0.318819420180381,0.612528313537048,0.873560936940367,0.481454322330715,-0.344147067126519,-0.138477576144607,-0.147617428993684,-0.0565022829450131,0.179039419603794,0.210571411998069,-0.13142638588212
50413,3473.4,"(1652, 9633]",Temp Forests,-0.714618515828004,-0.854163301421667,0.245589782550272,-1.52217012882346,0.107680559778553,0.579502141604903,0.567625328485864,0.535497893637333,0.00914153220411124,0.0152547165771217,-0.229627154276274,-0.273466249905567,0.0736299057489889,-0.0277547745848248,-0.0997777626606956
50414,2532.8,"(1652, 9633]",Temp Forests,-1.29357742081578,-1.48901932351307,0.615728537187696,-1.68519611492986,0.418757359756459,0.511872163889842,0.398308809339886,0.685107078894189,0.236037154386814,0.365000503167716,-0.0233906712758015,-0.124043728033605,0.0332824819991181,-0.225086421107555,-0.141541430328436
50415,2118.533333,"(1652, 9633]",Temp Forests,-1.57900670746335,-1.62083568789161,0.43455258594035,-1.62900780231659,0.644397937432899,0.723841587826184,0.318475793422518,0.546312579549397,0.148601322199485,0.0390944858022123,0.043695918116193,-0.129688134621477,0.0497011775610431,-0.172993130638504,0.000551967058193395
50416,1769.133333,"(1652, 9633]",Temp Forests,-1.55438313750639,-2.28821301087485,0.258784812223717,-1.6830992640892,0.827652980313024,0.685077704276475,0.225602411701392,0.41429236377157,-0.130330704242423,0.055636442500324,-0.0155750112428462,-0.162250599217301,-0.00377874939258532,-0.204556523742133,0.0472191131721541
50417,1261.133333,"(670, 1652]",Temp Forests,-2.274638183577,-0.0984617607239647,0.758690266201546,-0.840854663068022,0.17110816627528,0.283240685507899,0.244653250955991,0.28755678940927,0.0317186700773461,0.770388022748819,0.238173906501516,-0.144747204744291,-0.214131489592175,-0.188972826949874,0.0977194463973709
50501,635.8666667,"[57, 670]",Temp Forests,-2.63449985890598,-2.36074626314767,-0.339392583658993,0.00517263629298376,0.484350106858613,-0.931110498213024,0.559321482904601,-0.975069966727631,-0.373579738938947,-0.11990368021924,-0.0507750769702602,-0.116527100508418,0.351435489177035,0.267468581439089,0.172789655801725
50502,498.6,"[57, 670]",Temp Forests,-1.99209495943813,-2.09237354014296,0.130707664488825,-0.461845642974907,0.868774144798478,-0.667778543190758,0.817372376716601,-0.809144263086296,-0.143409988905392,0.154685701456095,-0.241181586396212,-0.00233379964581642,0.0332294820060056,0.170207707186222,0.217476485867542
50503,2512.133333,"(1652, 9633]",Temp Forests,-1.62714565176453,0.0617850003247229,-0.125829643212917,-1.53977495657991,-0.387942564839728,0.503844642606687,0.0877874133187176,-0.280018159201648,-0.204968808956664,-0.161026542771834,-0.107814105468205,0.193973263373496,0.187736880990031,0.137505537200728,-0.0938103851757112
50504,1153.666667,"(670, 1652]",Temp Forests,-0.95747372725678,-1.16946657615998,0.295034169835149,-1.85554652909904,0.471152180253974,0.458389571837835,0.38911460259208,0.419026733595485,-0.317303295836025,0.0464174567289492,0.016355138055845,-0.367254660342342,0.308655422259668,-0.233002041137681,-0.175034932176301
50505,1354.333333,"(670, 1652]",Temp Forests,-2.64865280730139,-0.339429899819747,0.102033292634582,-0.596408614897355,-0.307512432979015,-0.291130983906658,0.383941287574283,-0.244669969325201,-0.602183539267081,0.0349697501896185,0.0196825157643825,0.0375109988991016,0.111619979296133,0.262141688394997,0.180218634236046
50506,1019.866667,"(670, 1652]",Temp Forests,-2.13672470631793,-1.4258002369336,0.194116716029639,-0.312891473460513,-0.147581015855816,-0.262868526075749,0.493461253659737,0.380246207244841,-0.328287723085441,0.486232803900374,0.0466822148233173,-0.139307547014057,-0.356739626476221,-0.144157371006471,0.22898447483257
50507,1110.866667,"(670, 1652]",Temp Forests,-2.2722861913991,-1.38854030202949,0.100657616750346,-0.70323066713105,-0.176448806240056,-0.413439711582595,0.262704476186717,0.0122002728030569,-0.463138342032811,0.456127088260997,-0.0995862812503351,-0.150208317360705,0.109117272523678,0.111871521731825,0.263439662051334
50508,1322.666667,"(670, 1652]",Temp Forests,-2.13801882721282,-0.452503967565459,-0.255341761837632,-0.634893735827919,-0.0266832172449135,-0.187373283368491,0.418449009831625,0.390387156844918,-0.15317464742101,0.0825249571265942,-0.101635165282285,-0.336017294002439,-0.266075435169737,0.00546995097480813,0.210639719245908
50509,353,"[57, 670]",Temp Forests,-2.05594300479054,-2.3480525166053,0.302994871914961,0.729246028437872,0.396892817563476,-1.17663087752584,0.589225731660729,-0.602899247000921,0.686969412527703,0.205325364275123,-0.013936426175329,-0.13536430191708,-0.103017240756477,-0.166048213366533,0.0221534470320057
50510,1636.2,"(670, 1652]",Temp Forests,-2.20370394177858,-0.762051893738641,0.127435342051931,-0.53738258849944,-0.211397168977725,0.237139219415545,0.408430016207283,0.549979356178567,-0.389131345112669,0.434060036355216,0.195411195184727,-0.158372154454656,-0.351729982060862,-0.0773294221175017,0.234741944390759
50511,2170.666667,"(1652, 9633]",Temp Forests,-2.23948173002331,-0.882047721393491,-0.0617893216158544,-1.05254399110386,-0.104961547786283,-0.11206729311361,0.226757936149481,-0.526265451346094,-0.406250248166608,-0.350966268824551,-0.143089834394393,0.360084423307136,0.408673521439209,0.323997328560663,0.186647393686167
50512,1512.666667,"(670, 1652]",Temp Forests,-2.33474355313493,0.207816131415407,-0.0597834759641646,-0.899161766070346,-0.23546200739208,0.0784425255065255,0.243616514806961,0.228385326128551,-0.473359112077526,-0.0414747081182425,0.00538534144697616,-0.266324879858145,0.0102568757476243,0.201104625717265,0.269637658669494
50513,970.8,"(670, 1652]",Temp Forests,0.27475575978436,-0.728637359112143,-0.476073142150162,-0.146040695437019,0.0289169204459449,1.05693894167977,0.251003864800699,0.514447647400768,-0.802060477631374,-0.134655816389949,-0.0983601215898095,-0.120784514533764,-0.136952723099055,0.0394097928394186,0.225502939096875
50514,712.4666667,"(670, 1652]",Temp Forests,-2.50630945080434,-2.4713009902825,-0.0336269223854091,-0.0155114472121763,1.01543806502425,0.390865696750644,0.371021640208386,-0.319769677357285,0.297623891703435,-0.0531374164330437,0.203751183763425,-0.0074313735206928,0.134995120696486,-0.0282228808798427,-0.0148311523748158
50515,730.6,"(670, 1652]",Temp Forests,-2.00427149070913,-0.676329489627135,-0.072706693316337,-0.6438971012561,-0.915237758196857,-0.846785273480893,-0.405914650724784,-0.0407964552084339,-0.811127614691767,-0.396312902893446,-0.282431419106218,0.121771463946498,0.246195994360414,0.461621732907135,0.0793708603410312
50516,2045.266667,"(1652, 9633]",Temp Forests,-2.22315665063423,0.231346526160364,-0.235101697708447,-0.588542795640908,-0.449919805953345,0.0493406084655915,0.348764205975094,0.51183282352185,-0.58370644693674,0.274580194371924,0.198604351711086,-0.397886240754746,-0.0952247523883748,0.188782935458341,0.201104221025946
50517,2536.266667,"(1652, 9633]",Temp Forests,-1.06138252148902,-1.11536788234602,-0.109248621596188,-1.14115261465297,0.272139247599274,0.952540806466538,0.418182693328356,0.596195381951644,-0.4746052455852,-0.163042123722871,-0.141653321632233,-0.208006017182057,0.0468200109857761,0.0545657912107997,-0.0307486230757141
50518,1938.533333,"(1652, 9633]",Temp Forests,-2.4986652670639,-1.34874097017975,0.0451148417669161,-0.56166974919094,-0.000376581793878361,0.0608387385878182,0.340263509106449,0.0949002645190449,-0.447256009851946,0.000326061539159397,0.0794881128305891,0.0106806967972142,0.0193165512571066,0.0570132051925572,0.204123462190656
50519,1496.533333,"(670, 1652]",Temp Forests,-2.11271791992117,0.695555242483732,-0.162614609125141,-0.477757401605924,-0.115798821750177,0.426483653459634,0.130023487761259,-0.0440077173020656,-0.214318156122399,0.614461369159319,0.201107655808514,-0.274362038324113,-0.279510542068461,0.132807310997676,0.220247400331805
50520,518.6,"[57, 670]",Temp Forests,-2.0132416255416,-1.63755359429359,-0.27054239193382,0.19108668999607,-0.3551529789245,-0.693411412797901,0.47639963622748,0.604985278079176,0.0370200241703456,-0.0604894537175435,-0.0776801796126195,-0.260377443066171,-0.479548885873238,-0.16583586088275,0.137919164605844
50521,200.0666667,"[57, 670]",Temp Forests,-0.735847294912257,-2.29553090064577,0.931387345343629,-0.26175237395354,-1.99133705910069,-2.0107772822774,0.0327900428486351,1.28271665770465,0.422537341547244,1.14472819329405,-0.450416257536456,-0.10991990536879,-0.266795812807141,0.319786956915221,0.254703399832542
50522,1242.066667,"(670, 1652]",Temp Forests,-2.21858116538335,-0.995565043445042,0.264914798323407,-1.16570851126094,0.218093835515346,0.425056893848569,0.164916246267507,0.189173038741558,-0.327881532473238,0.283872177566912,0.127206734124843,-0.320083936809007,0.173362872363403,-0.0915417872781867,0.239702544403574
50523,1996.666667,"(1652, 9633]",Temp Forests,-1.31981250662712,-0.873994461718811,-0.176005794156628,-1.30060147484402,0.227012079772649,1.00148095592458,0.696702039994582,0.517668550319662,-0.46342898482805,-0.32526901895734,-0.208752272215501,-0.0760556204968459,0.209560433124918,0.156382598258148,-0.0454316384895484
50524,1652.466667,"(670, 1652]",Temp Forests,-1.69798294041648,-0.711800432349264,0.835643907910518,-0.801279902411676,-0.24007163828782,0.407187545763222,0.0695719480752446,0.589324970038588,-0.0790374340462435,1.00005255044067,0.268054085609705,-0.102390193261492,-0.0817414069475912,-0.338575164484141,0.180325293877764
50525,275.4,"[57, 670]",Temp Forests,-2.50004366936356,-1.49042537981202,-1.02393530635501,0.534250287279867,0.581651900623315,0.168098177018693,-0.0873054607738497,0.457855778168971,0.345939259180819,-0.00841598269589872,0.276241934651939,-0.57052357512999,-0.670885783087922,-0.370979507398785,0.0935627883433133
50526,684.2666667,"(670, 1652]",Temp Forests,-1.1976760404714,0.364044821615837,-0.641281425524642,-1.73453084411786,-0.819713172899967,1.06918334435151,-0.418755001815785,-0.651352373953635,-0.139159602565996,-0.0957417730757371,-0.125480320849142,0.00857300722349317,0.237523006879606,0.137450338934324,-0.0773002294102495
50527,2390.8,"(1652, 9633]",Temp Forests,-2.23964070739804,0.252843743223812,-0.154780338327652,-0.796709883891618,-0.703630055948195,0.50703654684145,0.0957067976254784,0.416499392344461,-0.615027558981166,-0.139959245985018,0.0962969365554245,-0.17184202076773,0.0432631185392293,0.357004737471851,0.0352036354966257
50528,2036.333333,"(1652, 9633]",Temp Forests,-2.62764293985723,-1.28433409775551,-0.170640995579076,-0.668370679476918,-0.167760554130304,-0.193762875931007,0.340025058588234,-0.384166228152244,-0.683785844891061,-0.213687928429224,-0.107745902898196,0.157737472196902,0.278920860134066,0.301930192061806,0.184422850348985
50529,3456.333333,"(1652, 9633]",Temp Forests,-0.253301197693019,-0.585485720673173,-0.393321798206023,-0.445004247175985,0.207984355643778,0.883273655689392,0.463189449712745,0.431926402109418,-0.457927594207763,-0.347039616100371,-0.266305016787153,-0.248648920518376,-0.162542788037152,-0.0397519770513149,0.0979521560626276
50530,1552.533333,"(670, 1652]",Temp Forests,-2.26485349383384,-0.798565614078908,0.145423278888342,-0.967697076048925,-0.554179952154077,-0.523256633696785,0.292825229174233,-0.689358340446039,-0.73438718485805,-0.0740019159957411,-0.229322691698767,0.337144544300954,0.328027754274413,0.315241927268956,0.206899355765398
50601,371.0666667,"[57, 670]",Boreal Taiga,-2.77756762774915,-2.70776407172869,-0.213807307975989,1.16087321523951,-1.0192589612621,-0.403677075219057,0.326573784575787,0.359607642501815,0.166359012602202,-0.0622262402046825,-0.0500492863351027,-0.330745848120666,-0.516277148607955,-0.0622975231436088,0.21556028385593
50602,864.9333333,"(670, 1652]",Boreal Taiga,-1.7796440394292,-3.11927043126627,-0.317055260371196,-0.860245699181626,0.962740921208333,0.406305512093067,0.727317501002119,0.0193041795960359,-0.0726141656487313,-0.0454327520524221,0.324223166235386,-0.0783347903301791,0.108002095948692,-0.102821920894297,-0.0893762598275677
50603,401.8,"[57, 670]",Boreal Taiga,-2.43375324485507,-3.08879163344536,0.568270482172201,0.414879696066935,1.04101327790668,0.0233574948882483,0.283345853487187,-0.0232419106467857,-0.0783216179978245,0.473391232748398,0.305133349724856,-0.188332647625107,-0.324951073660565,-0.471074500427702,0.0939995151551052
50604,69.13333333,"[57, 670]",Boreal Taiga,-1.78107520891721,-2.42029206411744,0.989831581303392,1.27581633640684,2.14155193981992,-1.03541843431979,1.75974950579742,-2.18379670192844,-0.00126012806320382,0.0414455964330123,0.884394460510757,-0.0473422795347742,0.515318768314544,-0.166095768671289,-0.0709740174389156
50605,1136.666667,"(670, 1652]",Boreal Taiga,-1.83705871593637,-2.74779798815314,-0.222060630771899,-0.999709223817784,0.579792694814517,0.343845983217429,0.46429418171951,-0.0170817457532185,-0.15158355251969,0.0938698792280978,0.300380847585202,-0.205577645337181,0.124523959958099,-0.168496515591835,0.0203328396278916
50606,507.3333333,"[57, 670]",Boreal Taiga,-2.12532138117728,-4.89516029104708,-0.352213874242288,0.718812735204522,0.10617153317186,0.949120823422816,0.373535378588676,-0.546455692814205,0.24221970824327,-0.191721734726962,0.38916444492815,-0.288755362177102,0.204730281989011,-0.204689043875456,0.0108061011351213
50607,652.2666667,"[57, 670]",Boreal Taiga,-2.73963137392279,-3.14500348188296,0.752383612793125,0.676593329472537,-0.0874718332924161,0.128042631221044,0.360562334045631,-0.419800900922478,-0.5267178535356,0.0807817544293907,0.0733899729162084,0.098143459890999,0.0169994591325358,-0.00624644726513078,0.16508205365667
50608,631.6,"[57, 670]",Boreal Taiga,-1.93657334937349,-2.71513293386868,0.00963871417227133,-0.909558572805379,1.28852248826761,0.249289506135114,0.759460819095352,-0.317423526190429,-0.355743703214633,-0.121920432222167,0.115931196890064,-0.0293530949615524,0.121645832937766,0.0256925161547453,0.0711644799778203
50609,473.3333333,"[57, 670]",Boreal Taiga,-1.76270786371223,-3.76367370174482,0.0633334328771512,-0.369118553622955,1.49885705868959,0.351194866913279,0.794168262214275,-0.0439712211108039,-0.0682128405238538,0.122507740153226,0.26581542841297,-0.124436193082751,0.136500533983814,-0.244939402175708,-0.0905972803922761
50610,386.4,"[57, 670]",Boreal Taiga,-2.87169525203212,-2.67973219642591,-0.158300129187051,0.454557532333415,1.70218593414352,0.0413665913033323,0.795705097168202,-1.16524589180119,-0.144566655710268,0.151798071320287,0.402903813811755,-0.527225667152777,0.190639465618229,-0.189483721948852,-0.00570250274252303
50611,95.93333333,"[57, 670]",Boreal Taiga,0.80010255098418,-3.60962263172684,-0.0086849897953283,-0.81716434208761,-0.512970421938301,-1.78608104475289,0.534151730782113,-0.10271819264946,1.04109685183275,-0.222120084414418,-0.43016091241253,0.197761121564509,0.00399991450710858,-0.217174844699689,0.0665654026682076
50612,304.4666667,"[57, 670]",Boreal Taiga,-2.54659929957662,-3.97314244480685,0.0726703037932416,0.528168775420268,0.731805247854873,0.578816937598791,0.479171103863468,-1.00410738658725,-0.813324375085541,0.233415608751494,0.334007030377894,-0.758362916075067,0.0856283457592397,-0.300460891255686,0.0607128886904055
50613,731,"(670, 1652]",Boreal Taiga,-2.77414195574415,-3.0959125416115,0.406304448082575,0.950999370447456,0.0814346574726331,-0.195566590098255,0.245955110973002,-0.419098050005648,-0.13172645779692,0.0479276426880303,-0.0489178770837452,0.0345076808269689,-0.0941538780684715,0.00852380943765885,0.173395235756091
50614,328.8,"[57, 670]",Boreal Taiga,-2.46598233136442,-3.31982876955594,-0.114552162428413,0.834015790681214,0.763454984056942,-0.213735082844723,1.00176105258766,-1.17636586770455,-0.40329702634314,0.157006332163166,0.257201446426744,-0.753213292986908,0.431347102198397,-0.0333856080007068,-0.00470925986437319
50616,721.8666667,"(670, 1652]",Boreal Taiga,-2.09314479997637,-3.40575689133468,-0.618041380058543,-0.0317489892855186,1.2016561086133,0.639771386758514,0.780478485137978,-0.323933457939271,0.0521955969284777,-0.50623650116096,0.36207961556247,-0.502825729333707,0.120615947405136,0.0226460760066758,-0.188546872612317
50617,459,"[57, 670]",Boreal Taiga,-2.60024158172988,-2.58386988650842,0.763835865622203,0.591999127769602,0.337297949168012,-0.321907762619882,0.452866351430027,-0.462246273915251,-0.66751356541037,-0.0995938423102689,0.203845150896467,-0.226526428334147,-0.0549850344410533,0.0591400417642393,0.0641308446848066
50701,1852.133333,"(1652, 9633]",Grasslands,-0.936511766782471,-0.665079626491605,0.0773826805590721,-1.13106122857759,0.150927211623576,1.266403528756,0.435094815626283,0.149220067143111,-0.461285124687316,-0.225213095266283,-0.111078138892594,-0.0105178013643863,-0.0232849015640913,0.0560257168750203,-0.0557840481245584
50801,1690.8,"(1652, 9633]",Grasslands,-1.8758136623416,0.283865317841292,0.166154381676516,-1.57540816210005,-0.372723438057413,1.54493945997884,0.00530440840822149,-0.0844307387686978,-0.443119296502412,0.159436570215371,0.410770732834309,-0.37792189594864,0.180916269809472,0.151444297579935,-0.0773709333309083
50802,1076.733333,"(670, 1652]",Grasslands,-2.36488758418401,-1.84277318836805,0.151775531433111,-0.967962366496901,1.27325387652042,0.404563333137705,0.300705331756982,-0.43973725760448,-0.0804306141110775,-0.138289500257407,0.00872165930902413,-0.0386451370390632,0.250434254660719,-0.033433075449809,0.0637187929224967
50803,1512.133333,"(670, 1652]",Grasslands,-1.84293932423207,-0.390183876356447,0.392058721256438,-1.68926373132633,0.290517003743393,0.898171594582071,0.349474897518596,-0.280677216366033,-0.244370312110884,-0.143156661674414,-0.0365063789867457,0.0294306224115385,0.228878290990898,0.0103696523092692,0.019157567147501
50804,3381.2,"(1652, 9633]",Grasslands,-1.26448021590888,-0.853978982384303,0.538399721245771,-1.43893010260171,0.253771219707967,0.590848352200431,0.61397701891982,0.317444417799464,-0.123403622554266,0.145091845265339,-0.00482722143378726,-0.00205595299624054,0.136265537941882,-0.0967913209075843,-0.0558446243854336
50805,1740.666667,"(1652, 9633]",Grasslands,-1.17409859465422,-1.62382393530602,1.0620177874788,-1.47996368209351,1.1950830907775,0.641138677617228,0.154982450327557,-0.144771974509137,-0.409423285743731,0.0887977306804087,0.198435142976361,0.15062216678619,-0.27287123776154,-0.371895366509243,-0.0487697615078332
50806,1518.333333,"(670, 1652]",Grasslands,-1.04563662399388,0.452233385845305,0.437044693859652,-1.36715342277496,-0.480185892361734,0.778932279408032,0.674950382793345,0.0777361542045237,-0.0847171126800065,-0.191977304324623,0.0934676438405905,-0.103940769865141,0.0270691651181849,-0.0159462071925882,-0.0754193542957385
50807,734,"(670, 1652]",Grasslands,-2.32903056993252,-0.502750356224501,0.535446114515902,-1.83586523279033,0.86771986559856,0.886597623792495,0.502932529632322,-0.0404514700533609,-0.0405691416479752,-0.322917990224766,0.416153456655173,-0.196935415603288,0.436506518873717,0.0698611849312533,-0.128420287073944
50808,1269.6,"(670, 1652]",Grasslands,-2.53830285849596,-0.872810556105423,0.0311346054233912,-1.09880907992858,0.406417850127793,-0.0193812904840757,0.0754289910205166,-0.4370625170576,-0.508732221678135,0.00138278111347372,-0.137800129700796,-0.00454635068070324,0.214707351930569,0.106917279456859,0.306658993674891
50809,490.8,"[57, 670]",Grasslands,-2.54290535186006,-1.62653024873596,-0.0434841948259105,-1.79274052451402,1.67982942882885,1.42820688120545,-0.379707226190706,-0.539845627102597,-0.104069443432983,-1.03918458230836,-0.129129162934084,-0.138893056531005,0.0999462245515352,0.191037173823567,0.148553285199701
50810,833.2,"(670, 1652]",Grasslands,-2.41412513164058,-1.0440383209706,0.688255192376317,-1.3055905377707,1.28725370127653,0.212677956837749,-0.00265585056891071,-0.381376099192309,-0.138543307621395,-0.0802652793735898,0.106368774091319,-0.202132666060092,0.377094629978149,0.0301741976217768,0.0875187107601234
50811,1186.733333,"(670, 1652]",Grasslands,-2.46764870033735,-1.13455608732664,0.308268889745741,-1.40165728615244,0.936155708674992,0.568073217895234,-0.233748155482475,-0.601945122909299,-0.381194272345239,-0.161139831571273,0.0165623187912207,0.129065675872131,0.491803759319218,0.155469416219786,0.108520401979622
50812,791.6666667,"(670, 1652]",Grasslands,-2.26569428754306,-1.96968866465456,0.339790271543,-1.73382605108173,1.43653000264447,0.785066901322716,0.106539952170764,-0.448521898720767,0.0453378764421521,-0.316851517910496,-0.1923413060488,-0.0447603445378213,0.395867881772849,0.0413351808317756,0.0473176535504386
50813,1273.4,"(670, 1652]",Grasslands,-2.49206980569729,-0.228049712789809,0.679233432669843,-0.981526217667908,0.0485312027168813,0.163469785397438,0.187810919386984,0.0419723500526731,-0.245084460526693,0.411281934671428,0.0709469843921682,-0.00105314946442531,0.115198816685468,-0.174315824322906,0.253703389483226
50814,1717,"(1652, 9633]",Grasslands,-1.48794207917595,0.472626770037858,0.456565559769641,-1.31321085608454,-0.0567026411623689,0.715103913696375,0.65821925554569,-0.0717593717258735,-0.203452271189192,-0.164246060807182,0.0955325364041443,-0.0187747209429606,-0.0635367928949845,0.0556190292092283,-0.080137868098126
50815,2040.866667,"(1652, 9633]",Grasslands,-1.77872142619707,-0.273624735139142,0.36087892708926,-1.81600272380636,-0.222314616711796,0.617216055903114,0.054819505127805,-0.427399509730339,-0.144609169030515,-0.133538876595221,-0.076525264561149,0.303213897267993,0.43798033807241,0.0631820970673625,0.0686390023495466
51101,625.4666667,"[57, 670]",Tundra,-2.31993017113011,-3.13914347327171,0.507041203343496,1.10616015683773,-1.17049330941914,-0.776350076516389,0.333031712367949,-0.0976541177823275,-0.463940501312926,0.0168586600895117,0.0193995993823306,-0.0807860215987409,-0.0599375165740588,-0.0219456643239621,0.34101860027862
51102,204,"[57, 670]",Tundra,-2.22328189470864,-1.53177290859013,-0.96407151719198,0.711724032253197,-0.971355590824764,-1.13300453069964,0.741043746644288,0.663919257377926,0.590783330524107,-0.874212439709113,-0.162289984893162,0.106773016080375,-0.732294036512736,0.418912976743339,-0.112136251349366
51103,324.4666667,"[57, 670]",Tundra,-3.16595510172573,-3.52501539682989,0.542696353870711,1.81841975164973,-1.15363950505448,-0.367089842337239,-0.592312831629032,-0.836346219686936,0.264180970701529,-0.841125686548111,-0.300778830008023,0.19855501555961,-0.00696143056564617,0.0924927334808514,-0.00742821131764808
51104,418.9333333,"[57, 670]",Tundra,-2.83837630537753,-3.37862269290713,0.471585944069304,1.47114777721713,-1.12782537157392,-0.708531284525965,-0.1880374007304,-0.514880417034035,-0.0492453931625761,-0.706150339454425,-0.405469102678577,0.401342496674767,-0.203339350721384,0.200490007419988,0.198252568453553
51106,313.2666667,"[57, 670]",Tundra,-2.29744142120726,-2.80983961971794,0.556878630046819,0.828374655698615,-1.08247133894123,-0.549009969799795,0.536958440438263,0.00549560245582768,-0.268569055332053,-0.230219385313792,-0.0415116187105637,-0.300370255812349,-0.541161085718219,-0.171016915496763,0.025632993029006
51107,436.7333333,"[57, 670]",Tundra,-2.87367533746184,-2.71600125833388,0.487412779205989,1.38650752881379,-1.4764304889689,-0.704830047820682,0.0899249015349893,0.0350991974335377,-0.0254473470323355,-0.0909484914861502,-0.403156349663498,0.0828914256600547,-0.444334835968238,0.208163275946909,0.141817922480778
51108,444.5333333,"[57, 670]",Tundra,-2.61398396027084,-3.6874857906405,0.546369828826065,1.86475813736413,-1.34464334175075,-1.28412308101009,-0.35563458249268,-0.358401166898301,0.148931998977788,-0.476912044335282,-0.390392503934608,0.539853188584989,-0.0873108501071626,0.182114487152867,0.203895146852366
51109,77.6,"[57, 670]",Tundra,-2.57364471763705,-5.95668872718754,-1.55380989964503,2.669695150245,-4.14267854690416,2.16873377610835,-0.815033694432746,0.751374153616876,1.50722083435672,-1.02521997376592,1.39580129069308,-1.36201078611889,1.09648784412472,-0.570458070477396,-0.275016446148771
51110,171.2666667,"[57, 670]",Tundra,-4.78159517314785,-5.05128371430995,0.279933008102508,3.62691003538001,-2.26886145039216,0.21374715302749,-2.06476551192288,0.23830666784737,1.07712900185086,-0.7716464640712,0.147227367742303,0.526580785343188,-0.266169444228055,0.664691647747301,-0.0426908444208084
51111,681.6666667,"(670, 1652]",Tundra,-2.81103717280513,-2.93052898893767,0.88142762098961,1.03844287071873,-0.963622105974789,-0.287116453592849,0.28504993434236,-0.319802560262508,-0.588324224978751,0.225002201626898,-0.162702422768549,0.11758196121691,-0.0551469744550778,0.185147098768074,0.322118747263706
51112,144.8666667,"[57, 670]",Tundra,-3.61571581372484,-6.35434118782991,-0.31645669476595,2.71514361806397,-3.28012919353085,0.699043017148093,-1.84820081275693,0.574337226095663,0.911312563242255,-0.673817772538655,0.728428193335904,-0.0908688707945917,0.331597527513935,0.0547452672160923,-0.0366358457274451
51113,314.0666667,"[57, 670]",Tundra,-3.10286095378425,-3.67074232114003,-0.296651480768553,1.13547489491052,-1.4344421376785,1.02283501577278,-0.402178582463901,0.468926382249343,-0.267558494044675,-0.195390626322428,0.466614948437703,0.234490857500323,-0.189353715387753,0.0682057117294659,0.172792430997242
51114,319.2666667,"[57, 670]",Tundra,-3.00002993848007,-3.88278256769993,0.310359435149648,2.26493983520305,-1.2288785164312,-0.0374517571960347,-0.496181021163393,-0.534473459861779,0.156989918732407,-0.784454784064379,-0.0267209704624009,0.13284047595306,-0.0971427412744415,0.00893292664883229,0.142735054146012
51115,294.8,"[57, 670]",Tundra,-3.83740107035871,-3.90003520829225,0.471058666743977,3.03126881871252,-1.29937515826564,0.0689556322621575,-1.08657595797687,-0.360795666072452,0.450787343238712,-0.760149470143556,0.022454539959185,0.425425858637121,-0.102901154371495,0.17899699803,0.05603969582956
51116,449.9333333,"[57, 670]",Tundra,-2.34970415973808,-3.18755791128832,0.48565792150221,1.20066631884913,-1.4882727867246,-0.810615361775816,0.117111519004166,-0.190426825108831,-0.0790990456837304,0.110483975688675,-0.288887542217424,0.147637306140834,-0.0291812732468136,0.155756379784993,0.301011604948301
51117,642.8,"[57, 670]",Tundra,-2.33989720767698,-2.45012995791609,0.306697980708752,0.577264415958847,-0.435007631934996,-0.501569294962402,0.189343499241537,0.299232436922806,-0.149373528775005,0.432218768568367,-0.0705806512798436,-0.228482378281743,-0.373636682875642,-0.16624530144055,0.276218140575416
51118,74.8,"[57, 670]",Tundra,-2.12161990847613,-3.3130730793101,-0.00120147967673759,2.49140694160436,-3.33852073955295,0.0790840643653017,0.378165850858009,-0.672640860064111,1.1290963928482,-0.646847218187011,0.88860176883748,-0.50209634139218,0.456896374448025,-0.608220967056042,-0.101231582499596
51201,2995.666667,"(1652, 9633]",Mediterranean Scrub,-0.850948743649666,0.82051223487931,-0.0276735564653867,-1.38971892565492,-0.871411508326906,0.95174850355588,-0.275571798322871,-0.463383913334403,-0.200769926916916,0.446630294798632,0.179424606355979,-0.0924129611790079,0.0883201049716544,0.0674531416939041,-0.068916239051541
51202,2998.866667,"(1652, 9633]",Mediterranean Scrub,-1.61770075419857,0.719595116854366,-0.322624325804136,-1.39435490693614,-0.769365889003534,0.96233247425902,-0.102193144834402,-0.126864723202415,-0.461403413348097,0.376989546051723,0.0913028360976154,-0.403337241978762,-0.0617621167893218,0.21157324493478,0.0925297835158567
51203,2404.066667,"(1652, 9633]",Mediterranean Scrub,-1.51171792128999,0.838838352196189,-0.0466266758564804,-1.50702875415872,-0.94147012149444,0.828008397072289,-0.125402552551348,-0.196986129946567,-0.396725537108283,0.296304040575891,0.175722072218983,-0.0803574415135915,0.110470623753767,0.29305899767819,-0.0346877121446619
51301,1559.733333,"(670, 1652]",Deserts & Drylands,-0.0513720162319002,1.20053289052905,0.396270712057918,-1.85010831534049,-1.48443366469768,0.89665739142295,-0.0371269001561791,-0.677504904843083,-0.459777183610837,0.127297119330345,-0.00860740542437489,0.0184622887123903,0.193998691120628,0.208009675959612,-0.138585888723926
51302,2565.466667,"(1652, 9633]",Deserts & Drylands,0.117885483361255,0.418409383039561,-0.519236652825209,-1.9322537405923,-0.755610467470603,0.290810872940817,0.17157069977139,-0.0698561069250545,-0.175858553663225,-0.144656142494779,-0.370204880973729,0.137802835077877,0.116990821707958,-0.156457110064066,-0.0087428084570735
51303,3183.533333,"(1652, 9633]",Deserts & Drylands,-0.220075643036142,0.740404742037539,-0.187365773668706,-2.11064733964405,-1.153882028149,0.382421027656217,0.205113550286181,-0.363652720037539,-0.145306050694544,-0.0356822529392196,-0.181028865584008,0.170615347903249,0.302055408718233,0.0950511760463013,-0.154567001514025
51304,2960.133333,"(1652, 9633]",Deserts & Drylands,-1.67719262517441,0.388133375285286,0.124364806693851,-1.34503426690664,-0.909890595857718,0.127178442433971,-0.163335523828723,-0.696452950554934,-0.423399003833937,-0.0723489411802545,-0.243856788112564,0.558019985449502,0.515018450936187,0.321158556783823,0.0844661999315349
51305,2764,"(1652, 9633]",Deserts & Drylands,-2.02894438497387,0.226892301081482,0.285073306355254,-1.23803212024848,-1.1641545151018,0.287777562203395,-0.191575039657333,-0.30113384193242,-0.684285690906061,0.0516095083798394,-0.324175417446545,0.311968469217494,0.428826021809106,0.397081816194008,0.142675925662658
51306,875.6,"(670, 1652]",Deserts & Drylands,0.849903997570186,1.04527778183242,0.845386537193331,-1.59572476756927,-1.62744035228303,0.846967949384897,0.144802108444619,-0.818267081243525,-0.341934753023927,0.0609938311767471,0.0656020128388473,0.44323170532034,0.369962465850653,0.0887912807508621,-0.0917695637224791
51307,2396.466667,"(1652, 9633]",Deserts & Drylands,0.805932570277301,0.189066032957868,-0.723257437444256,-2.05307271175537,-0.916046475771456,0.333025194883437,0.0538966587681727,-0.281700084623268,0.0656867753832427,-0.123680077104588,-0.622922458717392,0.10079543768675,0.144262506464502,-0.200154979947394,-0.0630655921313733
51308,1799.333333,"(1652, 9633]",Deserts & Drylands,-1.23966135398731,1.2761823720012,0.202259515239772,-1.90450298212897,-1.81868115205509,0.90664147506753,-0.531780110174555,-0.671664386344316,-0.373581501606033,0.187270664754771,-0.151339053743433,0.437494374112422,0.455326922632719,0.344351760721883,-0.0540372071023514
51309,2096.8,"(1652, 9633]",Deserts & Drylands,-2.57349530737358,0.0667072446607239,0.395224458469671,-0.781996959028891,-0.576105919546326,0.174535545439956,0.0917163086864418,-0.2403372452552,-0.657434411458911,0.0920767517599547,-0.0890937792977686,0.015733649426475,0.316849854448951,0.179766176799322,0.255352992223705
51310,2208.133333,"(1652, 9633]",Deserts & Drylands,-0.347952941636261,0.945225727368988,0.5965482263823,-1.6411846091787,-1.48707906758058,0.732207128798495,0.125245089217067,-0.620183842678978,-0.342531359670175,0.399780513535532,0.140380032301499,0.324105143506548,0.238699404963949,-0.0530649518691374,-0.130630959186141
51311,758.0666667,"(670, 1652]",Deserts & Drylands,0.871882348512352,0.99878021609774,0.779784938576065,-1.54466529010016,-1.03079457781946,0.356475843782352,0.467736431046873,-0.68068826896025,0.204321799255327,-0.26690886807018,-0.151684614346734,-0.111546796132189,-0.121565736144747,-0.0788001502743509,-0.196240528968546
51312,1219.4,"(670, 1652]",Deserts & Drylands,-0.207587024674705,0.593341759825751,0.628261798105179,-1.23519597851203,-0.995913598720497,0.599534095906833,0.443411209090376,-0.260093465917512,-0.236237051563846,0.0016758195541569,0.112635370226089,-0.0990163697523702,-0.155586771788326,-0.0879309535145982,-0.151518058690086
51313,1081.133333,"(670, 1652]",Deserts & Drylands,-2.76614431873001,-0.403320049111258,-0.107062981653997,-0.933549219278708,-0.399445906263944,-0.547809590312187,-0.0472691461537513,-1.14807244895081,-1.15804534250942,0.0723730076240221,-0.383329681396023,0.429040804447742,0.571430354524487,0.53741267769155,0.309102504231202
60101,4058.666667,"(1652, 9633]",Trop/Subtrop Forests,1.36412851179809,0.433223112294523,-1.48830491967458,-0.479681706616295,0.313369737499702,-0.501211798853641,0.0298820144980836,0.24667918329806,0.00780677250636879,-0.177817251576423,0.305422214083115,0.256200003888984,-0.189245285075287,-0.0317704316045789,-0.156775620836487
60102,1129.733333,"(670, 1652]",Trop/Subtrop Forests,2.11387523683445,-0.122177656629466,0.0838290687421898,0.936697497862532,0.427721655720292,0.348841896962304,-0.580788675202787,0.533738859364836,-0.30346913609613,0.241008142509943,-0.190816140675211,0.260619828934977,-0.288743836559327,0.0634012889235968,0.191167678862157
60103,5628.8,"(1652, 9633]",Trop/Subtrop Forests,2.68682035129819,-0.365218659119308,-1.37263739727494,0.812390647922114,0.935522955654402,-0.521587677967475,-0.255290160263024,0.583295144091253,0.342851106422912,0.058286758944088,0.146608364247322,0.596815654925514,-0.0981008987005689,-0.168931463547612,0.0552021518121338
60104,5669.533333,"(1652, 9633]",Trop/Subtrop Forests,2.1702712785221,0.201107625080326,-0.912840967194983,0.569689900597891,0.200641415004551,-0.855340098070377,0.286540801571599,0.536742689979698,-0.134650361720253,-0.278261192397641,0.170793469849732,0.208495578987817,-0.103483592098676,-0.230563325663596,-0.164296291204282
60105,4071.933333,"(1652, 9633]",Trop/Subtrop Forests,2.96561698869289,-0.131925421447653,-1.02410371076374,-0.753682817833701,0.572739363766535,-0.576721371928645,-0.643572242313871,-0.15129105958732,0.106886446735242,-0.202554424110868,0.15643383889898,-0.0215558542590324,0.113826911538178,-0.130364820961315,0.0585886634438919
60106,410.2,"[57, 670]",Trop/Subtrop Forests,3.53481964278895,0.95037268405472,0.977774232785964,-0.299176879469842,-0.139350202745355,-0.943029323798076,-0.754479034267926,0.044789774764571,0.38944240835433,0.522538926030775,0.248923350848281,0.379695601671877,-0.18337332383691,0.185972181280816,-0.0260270007755406
60107,2236.666667,"(1652, 9633]",Trop/Subtrop Forests,4.65817455037829,-0.892141033171898,0.255258356630157,0.503264243185955,0.63321959847455,-0.59039566054906,-1.5422055479153,-0.0348959468533949,-0.573674300607173,-0.226327580226817,0.208196312613149,-0.137950076003977,0.014739480044674,-0.147313870161505,0.153090605760394
60109,3065.666667,"(1652, 9633]",Trop/Subtrop Forests,2.74181766550404,0.0246928749939194,-2.17728965289426,-0.840723735897145,0.882168434069929,-0.570783563199858,-0.341187316407858,-0.275489726274722,0.348064803370879,-0.0892940127088115,0.595937495939179,-0.109692813360407,0.421093532106771,-0.178676031679919,0.284717458180708
60111,2202.133333,"(1652, 9633]",Trop/Subtrop Forests,2.76571464754263,0.0132298966074667,-1.10096982503011,0.227559063336211,0.908993410030131,0.0212304956734873,-0.0908615869682993,0.0809071188073059,-0.304458872751249,-0.138218003811307,0.232979732449353,-0.0536842279101392,0.0795184076462941,0.0616199369430691,0.182242329230361
60112,2162.133333,"(1652, 9633]",Trop/Subtrop Forests,2.02057525051883,0.290626399475394,-1.79595760031804,-0.677855309549556,0.45236862059371,-0.255988746783929,0.0272304023611391,0.116917194789005,0.209638942648617,-0.262174476948222,0.0945772593443529,-0.235244434568357,0.311498044386735,0.0364504291690502,0.0196641813578619
60113,1274.6,"(670, 1652]",Trop/Subtrop Forests,1.80326792133205,0.086237786245501,-1.6879701059062,-1.00380402706849,0.689056287746999,-0.548903305774806,-0.0844051175254327,-0.193379192164845,0.0797978865172288,-0.0473458961209434,0.475224116836196,-0.21839640983753,0.17086106063843,-0.0957528689042132,-0.0560304785830797
60114,590.0666667,"[57, 670]",Trop/Subtrop Forests,1.80609651496164,1.21109397531491,-2.01601496355794,-1.22847359233183,0.763989358381245,-1.19714235085698,-0.347527774367309,-0.144916514250026,-0.554770649119311,-0.00258233726502679,0.305261814438141,-0.0854635785076152,0.0443419497558373,0.228436588553201,-0.107184816913341
60115,2915.2,"(1652, 9633]",Trop/Subtrop Forests,4.56018889546381,-0.855893976552685,-1.26526118310091,-0.422923313902975,0.982951537956133,-0.208344088244696,-0.7791439984339,-0.269210128964961,-0.325274418689832,-0.440724267951534,0.335062558868384,-0.107582088465836,0.399960488127357,0.206739228803869,0.538748222667362
60117,741.7333333,"(670, 1652]",Trop/Subtrop Forests,4.12553142528173,-0.655535757733335,-1.50909654667084,-2.23659098050538,0.961528894370288,0.869845674828813,-1.25405135552277,0.131989259257281,0.0363728018217485,-0.652480555307034,-0.409088188915389,-0.976233278477272,-0.0930160029710397,0.140169798787792,0.18758870680758
60118,2653,"(1652, 9633]",Trop/Subtrop Forests,3.6536168807373,-0.600243154074053,-1.62140160485372,-1.0303636799831,0.918693921799285,-0.984148101728207,-0.685587972409036,0.102781799295604,-0.381248661406013,-0.348313543479262,0.127424643031874,-0.389945985535509,-0.027962858659711,-0.113827393717536,0.0764554467854734
60119,3399.933333,"(1652, 9633]",Trop/Subtrop Forests,2.08336039988925,0.558132713144014,-0.902725224495146,0.176214293008807,0.334652377827927,-0.0880072634113236,0.031293228476367,-0.0564448269214307,0.0909536008782723,-0.139767591634834,0.0673955932118308,0.0864636332494576,0.0169666142199978,-0.162883914664336,0.199927492727606
60120,1319.933333,"(670, 1652]",Trop/Subtrop Forests,4.91417503683235,0.093182747451773,-0.520832099739572,-0.759071148606097,-0.657587171104003,-0.761496002529451,-0.451216342003549,1.05216747949783,-0.0482540099716154,-0.000564871118267821,-0.131319745590779,-0.134774455543072,0.631437002544372,0.251393998770028,-0.17003631549724
60121,7934.733333,"(1652, 9633]",Trop/Subtrop Forests,1.79959501334993,0.430756578884687,-4.07550088857906,0.511008977296001,1.0487971803213,-0.96163871195077,0.0236058905635973,0.462006341016381,0.363806319907948,-0.276256309184439,0.546648957573672,0.117617561342078,0.490328116353743,-0.35092618471815,0.387357011181693
60124,2338.533333,"(1652, 9633]",Trop/Subtrop Forests,4.29638483915412,-0.966424144071629,-1.50643333575065,0.0888953879232892,0.628560609123571,-0.25304169503456,-1.15107906539118,0.97149456786153,-0.497793879411014,-0.212129592372477,0.271081274343663,-0.477559995412926,0.108175429372524,-0.044151578074832,0.197530294629317
60125,4283.866667,"(1652, 9633]",Trop/Subtrop Forests,3.57134630346744,-0.0762251919953211,-0.427627331180848,1.05598716198369,0.891865868343927,-0.153613629540507,-0.655101649056779,0.404321398839378,-0.0732250151189023,-0.127731215686423,0.0801741899032784,0.113717892853296,-0.0853090246565878,0.0804038687621095,0.110455156920521
60127,1534.933333,"(670, 1652]",Trop/Subtrop Forests,3.12187139315152,0.488942636534777,-0.04612627894721,-0.389471858061021,0.317090865894513,-0.0360573157893185,-0.350534267306458,0.441015742775465,-0.110295715949123,-0.041560870531136,0.0367106732355545,-0.318772529149293,-0.0496800509859445,0.176394703582671,-0.0607151821202542
60128,2303.066667,"(1652, 9633]",Trop/Subtrop Forests,5.02869464793748,-0.713786801569331,1.31096542631544,-0.35086102248711,0.276521011004254,-0.467531004047067,-1.33344326449101,-0.916245599411034,0.0381406006775713,-0.073941423978012,0.222846853529193,-0.0439010189278702,0.234360214916775,0.0510868603274081,0.105404401052356
60129,5031.733333,"(1652, 9633]",Trop/Subtrop Forests,3.48824039793235,-0.272724887652192,-1.62709458399336,0.254370983032808,1.30503099225899,-0.114237285445971,-0.388138819059619,0.0479226433430367,0.104859719762278,-0.403119591203463,0.00711126081171273,0.0384083282357232,0.109706548887386,0.0709248413415977,0.352478908332412
60130,4329.133333,"(1652, 9633]",Trop/Subtrop Forests,3.29509104755844,-0.204140107524192,-1.39277269113241,-0.179008584865479,0.919642682555642,-0.0697982935480695,-0.466517560483229,-0.0474567501985251,0.0895237931752509,-0.282166776912632,0.129605173348397,-0.0461598788695236,0.0821734922539523,0.0137857582252405,0.311174809124851
60131,703.3333333,"(670, 1652]",Trop/Subtrop Forests,4.80685453274937,-0.378569146081562,-1.20126461618868,-1.32849051812924,-0.676441086599083,-0.650100549117812,-0.434384096058946,0.89705957169728,0.401703110132283,-0.311762613218971,0.511300970545566,-0.495374499243065,0.640826513445251,0.20428791002842,-0.0548162599997224
60132,1789.4,"(1652, 9633]",Trop/Subtrop Forests,4.23403504181217,-0.569801045915199,0.610618085932397,1.26736681609748,1.10168870015887,-0.482639750175858,-1.57978591648219,0.0574738080685071,-0.314955767533597,0.243204553501767,0.440931173146929,-0.0290215187785556,0.0405905153074877,0.00249735097367601,-0.0110668053677975
60134,562.3333333,"[57, 670]",Trop/Subtrop Forests,2.01079160743324,0.743623579495463,-1.66841501146687,1.2285484828275,0.530180735767228,-0.336084985241554,0.979656521088095,0.591101237307633,0.186751225225997,0.375935283192946,0.188039436846044,0.720240794487181,0.0275077752073624,0.066432233644618,0.203847218439162
60135,2952.066667,"(1652, 9633]",Trop/Subtrop Forests,3.6298522359445,-0.105479390191627,1.03810216962378,1.32814464010893,0.806134690404397,-0.667503622781347,-0.809795729426757,-0.262282266137233,-0.249344846674354,0.0260643147869986,0.282108519868223,-0.0280239427996603,-0.118043409748753,-0.122949597275989,-0.13354465626644
60136,5781.933333,"(1652, 9633]",Trop/Subtrop Forests,2.53401132718902,0.204993172821193,-2.37697402112215,-0.45239005891503,0.762311002475902,-0.790632115587283,-0.266950788853634,0.146241142946515,0.135516115628603,-0.0594755662548951,0.641301203572704,-0.02002447765463,0.354824822797459,-0.18751946642728,0.199067584288507
60137,1634.6,"(670, 1652]",Trop/Subtrop Forests,3.63483562045769,-0.0953814525196313,1.6271927267734,0.78035410663822,0.62722344293575,-0.190303363288123,-0.811659030762305,-0.720257764801882,-0.305211269076596,-0.0620870988368059,-0.170146238568782,-0.491151802426812,0.0016903557254254,0.0468857638268268,-0.0455676688965261
60138,753.2666667,"(670, 1652]",Trop/Subtrop Forests,3.69409082980792,-0.0385487634590666,1.53502614112384,2.56186168103487,1.51478765659358,-0.864730642788736,-1.6398946796266,-0.0493264161163473,-0.0156462327379012,0.319887751041003,0.151579913918341,-0.368857796694219,-0.23361579734014,0.308649662938229,-0.238352412064844
60139,1042.866667,"(670, 1652]",Trop/Subtrop Forests,2.03925732199505,0.979466720543765,1.8336207542418,1.88973411881798,0.867939080994934,-0.0152640943143175,-0.449400958061103,0.268228010237347,0.00808989164942715,0.0678731105119468,-0.265645954684061,-0.225310295195408,-0.642242703983817,0.103254659118391,-0.304180286691093
60140,2709.933333,"(1652, 9633]",Trop/Subtrop Forests,2.89614746655145,0.342269361439597,0.614069216497661,1.01716307369058,0.334186149703454,-0.491634756006234,-0.149728820302608,-0.0376410793870702,-0.298358951176704,-0.210257061487846,0.416885413144189,0.0219563370750146,0.00967750675394134,-0.139515569226748,-0.138448484575777
60142,3986.6,"(1652, 9633]",Trop/Subtrop Forests,4.64937799880729,-0.647838545963738,-0.10249836820238,-0.460928560372219,0.887071329754042,-0.569635117982363,-1.20089544223524,-0.478155905716394,0.0450144676484661,-0.366917312439903,0.268702889361166,0.16534622664577,0.224680623329611,-0.0343449867425203,0.213890638173273
60143,1932.133333,"(1652, 9633]",Trop/Subtrop Forests,4.50447808056344,-0.829250186568211,0.0313698330531128,1.01812822008578,0.63447895262247,-0.44840386727229,-1.37195528174944,0.436649872261733,-0.519216095886019,0.0050490695142732,0.191087140872929,-0.0620048476259065,0.17633011046805,-0.00171715855597006,0.081335167185068
60145,6442.466667,"(1652, 9633]",Trop/Subtrop Forests,2.14430290116207,-0.0141634678534848,-3.84315655656888,-0.291590561761906,1.25182900090127,-0.461401931527717,-0.0510517908678505,-0.0571359395192162,0.393196554762865,-0.334375579076224,0.767640682301259,-0.0821553530815476,0.632054922194113,-0.132159076097147,0.48987889147647
60146,2220.2,"(1652, 9633]",Trop/Subtrop Forests,1.60199757128151,0.0793278511513215,-1.90604562454988,-1.52657810982358,0.477642283252095,-0.00138647899147243,-0.0648361418527601,-0.20354462181763,0.32238049956417,-0.210558735610091,0.0550655867532303,-0.412060328717404,0.178636871255525,0.0706411647136408,-0.0303797136260515
60148,997.0666667,"(670, 1652]",Trop/Subtrop Forests,1.26869038567992,0.467821389347719,0.569271987572598,1.32936560289569,0.591725181176144,0.729866661280985,0.443406100961931,-0.0956338915488786,-0.266554196491442,-0.551345712858138,-0.209809386435692,-0.0440010788571098,-0.591042490379334,-0.0279065779894869,0.0160894152041892
60150,4961.666667,"(1652, 9633]",Trop/Subtrop Forests,1.94285196012234,0.876035788249811,-0.19121767565038,-0.104259732019984,0.098344192914607,-0.606140381100197,-0.0999854193708656,0.125647367461714,0.127327224400762,-0.234354431335621,0.258540580387094,0.0441454225223265,-0.134613132351675,-0.054591486684921,-0.190252020045902
60151,1084.933333,"(670, 1652]",Trop/Subtrop Forests,2.70735769943115,0.0246274817484681,0.0542166884610954,0.288114684718087,-0.0825504498265354,0.29139569025329,-0.224687825906545,0.58210458832971,-0.199225346260045,0.353554425196735,-0.387404934901631,0.447595822284666,-0.435760632374628,0.0478415253229581,0.295215590715511
60152,1628.066667,"(670, 1652]",Trop/Subtrop Forests,2.36946632424047,0.307013583944213,0.182923815348483,0.688275783091975,0.24341276157062,0.0441975451791223,-0.284365825937897,0.457930604138737,-0.117923331524848,0.189345081320061,-0.239076959849799,0.284271018715919,-0.397170484914273,0.0235748900095139,0.149341101781769
60153,5147.466667,"(1652, 9633]",Trop/Subtrop Forests,2.58590923728677,0.732606258866525,-2.15133313926388,-1.13051768803542,0.0394220851277304,-0.895963688098607,-0.612784896215103,0.193651732528168,0.537311382095018,-0.332208023830979,0.471588623613677,0.0230825291518888,0.284989005388835,-0.301619367974232,0.177471546736558
60154,4679.533333,"(1652, 9633]",Trop/Subtrop Forests,2.28421544606031,0.215316007359749,-0.860817905997056,0.534944521648271,0.620561914372921,-0.0790155132175141,0.230562048678121,0.0912986744573883,-0.281876042140611,-0.288494584894306,-0.00557134566353969,0.111574663642662,0.0687308319289737,-0.0141941035787006,0.111582851846025
60155,1454.6,"(670, 1652]",Trop/Subtrop Forests,2.55777895594771,0.224228694315566,-0.361763584083499,-0.238352245303965,0.225633967704384,0.489933862222589,-0.284370373415547,0.361036386279149,0.0945951165129172,0.0845799027006503,-0.124915574432338,-0.180037931086528,-0.186493299430543,0.034467546169769,0.104931345631341
60156,1821.4,"(1652, 9633]",Trop/Subtrop Forests,5.29686164875661,-1.09843578536868,0.971430703542625,0.295647284948867,0.914212208782939,-0.965216259081871,-2.15525483328459,-0.539113484515152,-0.190847057066239,0.0545946344505015,0.536805590755939,0.0738122618110727,0.221171117544331,-0.0647907119112301,0.0196037493108435
60157,724.4666667,"(670, 1652]",Trop/Subtrop Forests,3.81643332222364,-0.696489602275505,0.675961457538086,1.3257336118685,1.65185276598381,-0.646839036912599,-1.80614177941346,-0.41441056646605,-0.0767224028094029,0.341902438461801,0.945938166192601,0.114599043312404,0.0789573618880519,-0.150877054200847,-0.164801021781047
60158,669.6,"[57, 670]",Trop/Subtrop Forests,4.57002484526211,-0.714757842531957,-0.0687409295360226,1.90655918896759,0.633666681586638,-0.656247090292017,-1.61105203654835,1.05996852119984,-1.08679950534888,-0.0596942235874298,0.666183826615564,-0.214280997242307,0.190338432334584,-0.141057835328524,0.139764088258993
60160,6054.4,"(1652, 9633]",Trop/Subtrop Forests,2.38922927855715,-0.0200968860454987,-1.6072383281007,-0.0124687374417147,0.663509703177908,-0.538249722659253,-0.202976630528907,0.449764658653297,0.256066234951389,0.182575862176514,0.354754273268666,0.303330195583099,-0.0265075935307935,-0.0187735610583711,-0.0303202313504939
60161,1754.2,"(1652, 9633]",Trop/Subtrop Forests,2.65258904966414,0.130760003426273,-0.423592530718306,-0.0597511067947143,0.605679748419471,0.00541836348030872,-0.312494958169809,-0.34276161011796,-0.243010673855737,-0.160467115510481,0.0251391179383093,0.191439581195933,-0.0468952011839116,0.0391312173407272,0.0852676557822318
60162,1861.066667,"(1652, 9633]",Trop/Subtrop Forests,2.2516156740323,0.577025163120133,-1.43291171719346,-0.451072144888374,0.369941012144161,-0.431295151658767,0.365667269419247,-0.226680658832175,0.0545349251168736,-0.188827047983233,0.183414718384709,-0.149065195473665,0.192497812909223,0.143351233618533,0.0921692424387953
60163,1769.066667,"(1652, 9633]",Trop/Subtrop Forests,5.71791235528398,-1.49344096736941,1.2312172997319,-0.392819998068382,0.424522761728543,-0.84971285630103,-2.19140078611399,-0.931451276676246,-0.109858018784392,-0.372732073359697,0.0983908292908674,0.00644499248622157,0.274018250778519,-0.117228750029078,0.243613992330646
60164,1185.2,"(670, 1652]",Trop/Subtrop Forests,1.31533535142389,-0.00579710150193052,0.691000841678083,-0.0979973065177308,0.264918985417336,0.902562619082187,0.142848836570445,-0.101648146444899,-0.436659681628958,-0.363433097721077,-0.029986725282939,-0.154167657332578,-0.466149809081951,-0.0330665325165886,0.133683713057702
60165,1378.2,"(670, 1652]",Trop/Subtrop Forests,1.36580064643312,0.99772346608645,-0.194706385627355,-1.51941983310919,-0.720055415295494,-0.276133958271537,0.0745827228437833,-0.318612983730354,0.263556464153555,-0.443676769214214,-0.487740162373176,0.102358199232183,-0.217781219964598,-0.302689966230298,-0.104096410877765
60166,4769.8,"(1652, 9633]",Trop/Subtrop Forests,4.24807024529784,-0.216061720364657,0.667847009540064,-0.183562652035513,0.698708000162287,-0.611935913248101,-0.995203962236602,-0.798578894716171,-0.0661442519639982,-0.390750729989758,0.219432457464897,-0.047483241559346,0.0966830520502578,-0.0273445322661446,0.0536504361477467
60167,5193.8,"(1652, 9633]",Trop/Subtrop Forests,2.56238996814026,-0.162362291587877,-3.46895826047748,0.283084197113823,0.99264359643905,-0.642026788755569,0.00980513288897994,0.275436676702406,0.467333154221929,-0.367401664043473,0.416888921806466,0.0793649676649733,0.371342223668258,-0.0771213549656887,0.443862682246348
60168,963.6,"(670, 1652]",Trop/Subtrop Forests,4.10907232894169,0.0839628572710768,1.82597341157404,1.04623935764358,1.39018598516066,-0.717290199791587,-2.04322930922348,-0.525853740838533,0.334182881956939,0.692510407882687,0.599391921859149,-0.120071134668076,-0.0596448344038991,0.277236838283536,-0.20073075317898
60169,1541.866667,"(670, 1652]",Trop/Subtrop Forests,4.37690129175539,-1.76780493094881,-3.64292014524136,0.0279539943863106,0.0715347265796611,-0.257373302260814,-0.932029343723534,2.0296005369809,-0.857343954529594,-0.269266643567547,-0.125251043604567,-1.31078925145112,0.278285896320753,0.0462392526511152,0.272459805434318
60170,1411.266667,"(670, 1652]",Trop/Subtrop Forests,3.05967544804259,-0.380581225158128,0.959010336706848,1.449642823991,1.30099360734764,0.159568447226483,-0.943435961565153,-0.255933227645122,-0.120920676601128,0.00324214369341302,-0.101549928755136,0.0139742678109148,-0.569065711443967,0.0166839114262754,-0.0679705169123297
60171,593.6666667,"[57, 670]",Trop/Subtrop Forests,1.44108015528381,-0.107494740515974,-2.08726662546065,0.704440954032328,0.723382084325538,1.15558772614953,0.0138114497050634,0.81867365049625,0.625551833716661,-0.137047841473288,0.571885602048336,-0.265566071659975,0.152915251414352,-0.116079509686039,0.0642733159126214
60173,3109.866667,"(1652, 9633]",Trop/Subtrop Forests,4.29261809826916,-0.414323400289674,0.742555436461193,1.38611275846098,0.917068170834921,-0.393730274331415,-1.73886475344609,0.126085395372329,-0.00848484545519951,0.214693950735594,0.283457900898333,0.0303996495695445,0.158815643868248,0.078189191268222,-0.0152336570741377
60174,2947.933333,"(1652, 9633]",Trop/Subtrop Forests,4.94684024129871,-0.40603004917404,-0.547686633065792,-0.992497635722567,0.559006609849201,-0.955950289850743,-1.22674481843774,-0.113071400527849,-0.128428718012564,-0.358959048783972,0.2368903728149,-0.232039200658255,0.214444378248375,-0.00747868090175469,0.256233103390087
60175,1255.6,"(670, 1652]",Trop/Subtrop Forests,3.8567133264448,-0.752320363339126,-2.01454450898589,-2.60201565456186,0.38616251680695,-0.125982597592359,-1.16808500662471,0.1771809098979,-0.128174028039761,-0.0986935241598042,0.101548539903243,-1.05276356667606,0.348421001939824,0.420212097606462,0.00221556353869573
60176,3275.066667,"(1652, 9633]",Trop/Subtrop Forests,1.21956742480183,0.421163458505756,-0.275571696190319,-0.0883335733434205,-0.060707281581093,0.17966992308517,0.46282951893018,-0.18953387439087,-0.0177560474760753,-0.212051281161191,-0.0252429626562423,0.099509163626621,-0.0051342523312024,-0.118504255145984,-0.0457242787757827
60177,1081.533333,"(670, 1652]",Trop/Subtrop Forests,2.00832901213146,-0.0316112996167143,-0.952248293502229,-2.09932190956026,0.0600279123029165,0.118156538045438,-0.22932352027353,-0.465141861011877,0.178816018857159,0.0388808182499483,0.0423541055636373,-0.572319394614955,0.289282408830246,0.231746333826636,-0.0234110479110123
60178,1928.133333,"(1652, 9633]",Trop/Subtrop Forests,3.24792816630525,-0.257507305065344,-0.725489258776613,-0.381969746968847,1.08212857868524,0.223189779025742,-0.330363416509316,-0.741647456265416,-0.105171683337344,-0.503126501791607,0.147365833930461,-0.277231894322464,0.123126318386626,0.0776899151622738,0.416469387703102
60179,431.4,"[57, 670]",Trop/Subtrop Forests,3.47491586660543,0.256159904474688,-0.636822075127591,-0.770201704539402,-0.210520336366281,-0.0697500830129491,0.154741891104646,0.442330925389203,0.158260029274809,0.292472150846288,0.352893339044631,-0.395719039750401,0.191502934838951,0.296515232878338,0.153344588310289
60180,1314.866667,"(670, 1652]",Trop/Subtrop Forests,2.61366682438423,-0.445254905058005,0.796781241203009,2.06052369672333,1.36294729547129,0.214508575117543,-0.491147085577851,0.0960617176839593,-0.45434300779925,-0.0428801604258195,-0.0323999314383135,-0.102796941061337,-0.601717259395304,-0.0432700473094245,-0.146792471535398
60181,1661.866667,"(1652, 9633]",Trop/Subtrop Forests,2.0003877003737,0.286475073224337,0.788779989586158,0.76770050303843,0.0928396227780527,0.429481013785431,0.251319460592658,-0.0744665410744138,-0.253680940192092,-0.351680896996577,-0.231917170528647,0.125387053892986,-0.252934055827678,-0.0886958189927126,-0.0197660899663169
60182,2325,"(1652, 9633]",Trop/Subtrop Forests,3.87146487388274,-0.523423528250613,-0.256759171981419,1.01286170699882,0.393364052678145,-0.323997354655983,-0.947572243871214,0.610368571219185,-0.416678878232401,-0.184585443411044,0.273943145273944,-0.276469128118989,0.00104387425191258,-0.0706224075135506,0.0426160110191833
60201,1132.533333,"(670, 1652]",Trop/Subtrop Forests,2.91854745487419,-0.211422107758752,0.114221435914388,0.807000174438798,1.27046041936401,-0.187514943805307,-0.155649064641306,-0.169741234699779,-0.546216349395125,-0.115701858175781,0.0737473059705055,-0.064170539976005,-0.21589950931873,-0.0447915217275935,0.0679320428954296
60202,2732.666667,"(1652, 9633]",Trop/Subtrop Forests,2.0298899043763,1.18045787569485,0.526081395126698,1.1842665627352,-0.104125330476251,-0.970320097653309,0.270912710416772,0.365473692247983,-0.282966249874134,-0.332779735336431,0.0506896727602913,0.0568348045649495,-0.154745258816859,-0.0343188631236874,-0.421821181153615
60204,1805,"(1652, 9633]",Trop/Subtrop Forests,0.232576915158108,0.195624943036157,-0.316324631326749,-1.8049860057401,-0.287793095606757,0.560877932537874,0.531632515385534,-0.37341131230162,-0.429112462506747,-0.288284548588883,-0.228318583426837,-0.13062725219869,0.174204824362583,0.0496690069213792,-0.0917171687132536
60205,2824.6,"(1652, 9633]",Trop/Subtrop Forests,0.77704657440777,1.00786744571974,0.46516202071046,-0.351870030928736,-0.229588118401175,-0.361909787976966,0.858523410948583,-0.38621875915218,-0.591467318520021,-0.248230429332075,-0.128484981302432,-0.0759590306386192,0.250123164087728,-0.102859457246525,-0.204893275095159
60206,2200.466667,"(1652, 9633]",Trop/Subtrop Forests,2.18101775008713,0.861641876235079,0.144077797822091,-1.44016103599842,-0.92469108228183,-0.407518164240678,-0.659547565336543,-0.292544652180287,0.17168369644891,-0.0590563646156489,-0.421804137739188,-0.087989951679969,-0.0636522928473049,-0.372149620281787,0.0786392753702636
60207,840.7333333,"(670, 1652]",Trop/Subtrop Forests,2.81919634695287,-0.313798374580718,1.04215363033962,0.8449634897987,0.741890106981329,-0.1372284977434,-0.363824942409136,-1.17486908474728,-0.306837530541791,-0.100894527144038,0.17223492069365,-0.157117318802826,0.253819823786726,-0.187856155128097,0.151427655897386
60209,2650.066667,"(1652, 9633]",Trop/Subtrop Forests,1.45249082077708,0.731231416979268,-0.201073693962756,0.851296521050043,0.493420497412503,0.407982464930013,0.299409027811505,0.00119198411651217,-0.132626529619374,-0.346942818594955,-0.151376239776078,0.0685048497110608,-0.0837157899440365,-0.0565805128473229,-0.0235374393136952
60210,2401.066667,"(1652, 9633]",Grasslands,0.401570858749705,0.980955661848219,0.454846959027552,-0.462364691137051,-0.48943711057265,0.0892721669163779,0.0893393148959192,-0.446095752615038,0.239347406583148,-0.4153779602661,-0.18307546941787,0.192736510791326,-0.148884943429548,-0.518691405344106,-0.140592105826352
60211,1709.933333,"(1652, 9633]",Trop/Subtrop Forests,1.66148917301132,0.608689577037098,0.204794560772635,0.0927705549356313,0.118845800336878,0.0575375760240933,0.36793433113257,-0.344283535212653,-0.207140602986187,-0.266271873649681,0.062778704759639,0.0123220310710707,0.089777954411801,-0.0799038016701498,-0.168438584060886
60212,3007.8,"(1652, 9633]",Trop/Subtrop Forests,1.86801994538664,0.539303545232032,0.850035843867577,0.945789477369541,0.345486937001013,-0.207835890170417,0.0251259267334341,-0.134597513398111,-0.0940370364980235,-0.429569571138565,0.24473095506037,-0.000900353293644842,-0.16451471837017,-0.159755262781126,-0.285842540047593
60213,626.8666667,"[57, 670]",Trop/Subtrop Forests,3.19512528537812,-0.0803632609077008,0.458336906003224,0.107652709192661,-0.466370502304334,0.353670227921882,0.463762512398064,0.287746456560611,-0.0651242670119415,-0.410204554817245,-0.23034835189485,0.176919115651291,-0.0738556992231012,-0.0259462108254671,-0.171946092152115
60214,739.2,"(670, 1652]",Trop/Subtrop Forests,1.60988064024571,0.460739146329471,0.867306621717897,0.233460611906102,0.0259414487089938,0.81078404920767,-0.272077769430704,-0.769802802611368,0.015677741707745,-0.222273111333317,-0.0426307651301607,-0.303120030027274,-0.21335701040513,-0.233229483821715,0.221956978033594
60215,771.1333333,"(670, 1652]",Trop/Subtrop Forests,3.55783664234903,0.656527417909015,1.16978814408742,-0.334015141477456,-1.0413384403261,-0.4705544596389,-0.375876502847117,0.437807516978842,0.146273619454786,0.267482561256522,0.0400473766234473,-0.211289966539843,-0.0121660408464104,-0.0892569798563644,-0.148303367145076
60217,2224.8,"(1652, 9633]",Trop/Subtrop Forests,1.1470725229725,0.563267535257862,0.523457835180118,0.0502870943953263,-0.141625038910897,0.0893408886832368,0.5931394105316,-0.455714904403935,-0.364561491571236,-0.155281796247441,-0.171710393088503,0.0266286726192785,0.0962763339312602,-0.0914028147669624,-0.141881078107215
60220,339.4666667,"[57, 670]",Trop/Subtrop Forests,2.60163952619824,0.729235549530078,1.20951833739957,-0.427449371986119,-1.07203635483536,0.231079885535847,-0.258990781699644,-0.174293358255071,0.00383423694906418,0.389034082872046,-0.087754813601806,-0.461913679059423,-0.427830631323811,0.17478445466138,0.105847392336661
60221,698.2666667,"(670, 1652]",Trop/Subtrop Forests,2.65689425754156,0.975820780917772,1.85574924523589,1.04825725816163,0.291914493523489,-0.497421654739335,-0.476142904082336,-0.875581731870723,-0.219455292283512,-0.139479814254125,0.250542141062188,-0.428423538277579,-0.0548734715552353,-0.107910143650371,-0.097590664761088
60223,404.0666667,"[57, 670]",Trop/Subtrop Forests,2.63707084510405,1.47732661201347,0.298899626950135,-1.54646479076955,-0.769478619478902,-0.822969279257758,-1.18725378587232,-1.03293049360918,0.630846759035864,-0.0654661317109819,0.156821150294457,0.0238969885841964,0.284472928475059,-0.251337201668798,0.280611011292719
60224,603.6,"[57, 670]",Trop/Subtrop Forests,3.26531350095121,0.237765942247552,0.719669698675858,-0.649888050802547,-0.885959131083479,0.25299873909031,0.354376142644174,-0.561288288640708,-0.58535555455051,-0.0178581640411037,0.384491753246522,-1.21909451067918,0.121517493931864,0.41131543355135,0.243278847081049
60226,517.1333333,"[57, 670]",Trop/Subtrop Forests,2.51670607598609,0.684173219950848,2.03302559384569,0.436217781032765,-1.88204181349466,0.398722124673919,-0.0210286397617341,0.31504658764317,-0.164268886972133,0.341061035330979,-0.175671480136983,-0.0720115901986104,-0.45710283643601,-0.166948740534489,0.0154591215152864
60227,591.8666667,"[57, 670]",Trop/Subtrop Forests,0.604495469237562,1.28820052500861,1.13138234756525,-0.578256043581069,-1.06175521704754,0.551721142170266,0.796121267773613,-0.528614956658688,-0.268809100831161,-0.176577483594718,-0.149236754466712,0.284595273876429,0.171324694041455,-0.0675307536302595,-0.169939189237652
60228,2441.866667,"(1652, 9633]",Trop/Subtrop Forests,0.706806698839679,0.869874262899037,0.385118327221901,-0.391444100994172,-0.20512960593385,0.0681083932464434,0.828721273883149,-0.561167458831847,-0.479081602604175,-0.150184818289902,-0.0585707455583191,0.000402427280539554,0.167073264248842,0.103373950690821,-0.24760843516225
60229,515.6666667,"[57, 670]",Trop/Subtrop Forests,2.97455029037312,0.110706057699711,2.12357028371885,0.969235430332559,0.410916526521159,-0.946163061774157,-1.01539805365726,-1.26611438145054,-0.32007885098538,-0.26897395556599,0.264827245521346,-0.335198524974428,0.121012944728496,-0.424963575837447,-0.15539050730804
60230,2750.6,"(1652, 9633]",Trop/Subtrop Forests,1.46564778956213,0.873541895125682,0.76333350160755,0.0579790562057662,-0.25999152926362,-0.224813776308706,0.465241802275944,-0.388306866686471,-0.5495720869699,-0.158033849184526,-0.178307532195328,0.0207839997122662,0.0711305923441771,-0.0712148576118891,-0.103164664373576
60232,389.5333333,"[57, 670]",Trop/Subtrop Forests,1.35792783512299,1.38537117595673,1.39621300511494,-0.552651080575437,-1.70840283894497,0.185640629141708,-0.203378656942089,-0.48110051460552,0.123851050129464,0.220994481882039,-0.69069085247371,-0.0102036270383302,-0.438625825432044,-0.0701306745892052,0.325022048781395
60233,1338.333333,"(670, 1652]",Trop/Subtrop Forests,1.62449328083443,0.388614927576059,1.07705674103276,-0.0319798514743761,-0.4737884186957,0.543992445210589,0.465454080191924,-0.154278253223918,-0.356670518040264,-0.19333595715189,-0.199363443560331,-0.167105502020603,-0.19190195619283,0.0893887569491875,-0.151142453946236
60235,1478.466667,"(670, 1652]",Trop/Subtrop Forests,1.45841362875451,0.755881658303829,1.36921026552946,0.520665134098718,-0.626886650845694,0.560356802596717,0.481858404004913,-0.261966610173215,-0.280441489448434,-0.410318908579894,-0.200195715884926,-0.117637987155455,-0.356557215638039,-0.218420968810156,-0.00257735194135589
60301,434,"[57, 670]",Trop/Subtrop Forests,3.34449767205827,0.499827839379024,1.17475480923388,-0.592407918816355,-1.67890429761882,0.412006248429119,-0.0455855700938489,0.357475161490249,-0.287388491769006,0.116999282291519,-0.134869116424043,0.01970925176455,-0.141066336321352,0.0237211328343262,-0.00726939601876568
60302,382.2,"[57, 670]",Trop/Subtrop Forests,2.73022963720046,-0.431533707073279,0.224091655552902,0.613189262584436,0.000521861796172335,0.601595454976627,-0.0882487149041966,0.963228551398498,-0.687683497714414,0.0321249269314368,-0.455891411183314,-0.21010151719114,-0.398605890341524,0.123909058232232,0.176328050469009
60303,5213.4,"(1652, 9633]",Trop/Subtrop Forests,1.29310293601625,0.287220153565221,-1.48352430695977,-0.0556709164648149,0.649747164195034,-0.163323613243889,0.201257691138976,0.0454062552063476,-0.194074282188718,-0.227635137764969,0.0766134899759366,-0.0558202385921059,0.200327868286476,-0.0632096997656202,0.0584770728485148
60304,386.6666667,"[57, 670]",Trop/Subtrop Forests,5.35980177259411,-0.988686872757554,-0.943288076127039,-0.508541059779681,-0.833503148003774,0.0684711624621679,-0.454771239242176,1.58045223481383,-0.769215507965007,-0.402719342381898,-0.225888653461906,-0.331042457943853,0.729258054418707,0.420020921057016,0.0337785076634571
60305,950.3333333,"(670, 1652]",Trop/Subtrop Forests,2.80961899278542,-0.188828396120478,-1.39838031854362,-1.33255665571903,0.652891740436883,-0.282051577166997,-0.324398287244183,0.761303074510515,-0.0333782303430856,-0.0992713025426288,0.565148652205424,-0.700868330126002,0.256586649851794,0.205575813263615,-0.131896724047522
60306,412.6,"[57, 670]",Trop/Subtrop Forests,1.77776070827229,-1.58156933912968,-2.26161626603966,0.697212206725368,1.82826170213466,1.62651179089627,-1.07356781253274,2.03769382472643,-0.604765364902577,0.344428746861777,-0.71821774079048,-0.913123607284995,-0.628613966978087,0.588269488760971,0.151481456644251
60307,472.6666667,"[57, 670]",Trop/Subtrop Forests,-0.190855742499605,0.564510325440897,0.0181404161386295,-0.254399536805832,-0.291852791171732,0.717251659883563,0.800228771287459,-0.0833968311135899,-0.365119980098343,-0.448160798682505,-0.271224896312373,0.398136804481991,0.0633318242723655,-0.185254150566404,-0.106530087848591
60308,1833.466667,"(1652, 9633]",Trop/Subtrop Forests,1.4755261252483,0.59225043148952,-1.02462289435627,-1.63845363081328,0.0495667775493953,-0.803255584435496,0.0696467307961193,-0.316826537925909,-0.393001274493734,-0.15660797917699,-0.190614684673248,-0.0909872179680995,0.070918285109923,-0.080625015560689,-0.0106457540828355
60309,3676.733333,"(1652, 9633]",Trop/Subtrop Forests,0.865195700399578,0.95576976245356,-1.2017824874444,-0.952856537671162,0.330271139819462,-0.830678329244158,0.452901391501337,-0.154077807371855,-0.522154955971173,-0.298807588290648,-0.132860458039379,-0.0386533385477943,0.151696777377819,0.0877874586102777,-0.131323535329373
60310,5271.4,"(1652, 9633]",Trop/Subtrop Forests,0.23398465650595,0.473551231148904,-1.49572898115525,-1.01016667749634,0.229777968903984,-0.315245886609945,0.536012857904487,-0.051500379634538,-0.458699743821367,-0.304349140844561,-0.134966380363707,0.039531755927464,0.249506550350638,0.0171516533748457,-0.0564591325734019
60402,324.2666667,"[57, 670]",Temp Forests,-2.03374545838715,-2.31809916846561,-2.0446965126375,-1.46855763987092,0.199098191100854,-0.602452286920959,-0.376784051067388,-1.16739473945911,-1.10087311955968,0.954280867790887,0.300806356063343,0.527347143724943,-1.15773387820811,0.471950770163139,-0.252604882868755
60404,1510.6,"(670, 1652]",Temp Forests,-0.947193641409617,0.00191615803622588,-1.53829241974587,-2.19634555187875,-0.200185563474859,0.14875708018139,-0.00409410605273841,-1.05167430831516,0.240214896025261,0.557019280196089,0.13155481062722,0.182922183362539,-0.244939583089177,0.469846667714412,-0.371344533312839
60702,487.5333333,"[57, 670]",Grasslands,3.1449663337195,-0.413280778047052,1.6763561892317,-0.328359099261953,0.377689182577811,0.521325434882651,-0.711325573287254,-0.531500923453673,0.243020943487311,-0.06675547699758,-0.318282300444735,-0.190861241494976,-0.327656589991582,-0.198040052201646,-0.0499236933308021
60703,3613.066667,"(1652, 9633]",Grasslands,2.48855129514876,0.464059260816509,-1.82223749154266,-0.0410533306953941,-0.185193441413406,-1.33933849207019,0.425719129695836,0.724763420989197,-0.431416049912162,-0.495673175888169,0.18455215775381,0.027451728324042,0.00180723690205554,-0.0686366169799839,-0.294081020392639
60704,9633.066667,"(1652, 9633]",Grasslands,1.6445036341333,0.885359151931916,-0.613010475112755,0.626699477578302,0.224532495284325,-0.93963092499628,0.319576640297325,0.350673803319074,-0.400303986985212,-0.478842301761713,0.294810142928862,0.0432441444556563,-0.0865251565767207,-0.175359197998708,-0.229222602736884
60707,1629.8,"(670, 1652]",Grasslands,2.79336796099204,0.245290157058512,-0.28783359504753,1.17602763341416,0.385430791926032,0.112652727265664,-0.647182279417274,0.905274020473678,-0.401196013698629,-0.0227327634284945,0.023708832321101,-0.197669950123141,-0.173869193470063,0.0159048332147886,0.097827192939685
60708,1936.333333,"(1652, 9633]",Grasslands,1.04309786558421,0.547706553484901,0.483564458880587,-0.309807971021689,-0.407536982201648,-0.112894750902348,0.339911702920012,-0.209460859076832,-0.233468798374781,-0.505174003484542,-0.166640654900929,0.000377293192003862,-0.221560403400257,-0.0945955922181815,-0.208207811673325
60709,3090.466667,"(1652, 9633]",Grasslands,2.95673925824369,0.352884140506206,0.424427336351808,1.11460698332759,0.458223999098842,-0.0869460322588313,-0.582746462185205,0.30514130807747,-0.462581377185095,-0.15887808673678,0.284696642509549,-0.234530313901952,-0.0868200383165031,-0.0296051649544892,0.0243039205241695
60710,2125.133333,"(1652, 9633]",Grasslands,0.265020014690195,0.492937783591686,-0.833690769976868,-0.970482301695845,-0.379457218551647,-0.0496447312811271,0.108695905421672,-0.188238324735855,-0.25838128389911,-0.240295297507422,-0.279279895981239,0.351573495607208,-0.28104540719554,-0.158765158378551,-0.0370437458670014
60801,1159.666667,"(670, 1652]",Grasslands,-0.364159806880406,0.67474538902989,0.197128857052563,-1.32681830793957,-0.376654563212739,0.627134171330727,0.0109368995453276,-0.845704397090249,0.217983545253294,-0.417739928684941,0.187207897591134,0.0396061686316233,-0.109790444095796,-0.274220965715874,-0.164249573833499
60802,407.3333333,"[57, 670]",Grasslands,-0.511120885819594,1.97394319681763,-0.133764507168225,-2.0686828647693,0.129481462141571,0.405640706115143,-1.36645225050996,-1.72117781553899,0.718605473671358,-0.420384408531504,-0.2514869426898,-0.016549915232463,0.00778317549603497,-0.416132169105596,-0.00051661988920701
60803,1052.4,"(670, 1652]",Grasslands,-0.510681696161693,1.0179940699806,-0.00254334345097064,-1.85878851641012,-0.398723701402715,0.203346004646331,0.0563787122439792,-0.653517353501606,0.126562343225902,-0.0378549586849725,0.190412887989953,0.2489422584278,-0.162320252224114,-0.370759788700326,0.0148735216354482
60805,649.6,"[57, 670]",Grasslands,-1.49729249880737,0.492816601970255,-1.17602522324325,-1.45681246375141,0.0303753471472514,-0.0796359239007544,-0.973040927791054,-1.27425410080636,0.462613808329977,0.350539672065156,-0.115836207492868,0.378695049663377,-0.722143246126606,-0.014593071957703,-0.303081069615432
60904,1159.933333,"(670, 1652]",Grasslands,0.648385239955809,-0.471607779940377,-0.815924707410104,-0.175766281151048,-0.0276828870039145,1.32732797749483,0.538895640242655,0.5073976356634,-0.396512739488354,-0.353212170475852,-0.168685456337999,-0.143475868194669,-0.225627025148321,0.14648580019657,0.186934977441145
60907,1239.733333,"(670, 1652]",Grasslands,0.709250744530262,0.308717608844549,1.06564574635527,2.32872145525647,0.853964960388831,0.437712272899953,0.426999770581182,0.332106091339216,-0.159039358199876,-0.541552712194358,-0.185509336256758,-0.105839870539467,-0.564913885844654,-0.142560354630566,-0.281113146390192
60908,538.0666667,"[57, 670]",Grasslands,0.662872053497254,1.22140710578704,0.843865158352905,-1.20951877603707,-0.394953200840301,-0.263343427748313,0.462083248959917,-0.876110257313202,0.0965410229955397,-0.441624840286995,-0.24734137496807,0.0141662155207683,-0.383596271154912,-0.290303599399482,-0.0315197193306352
60909,548.4,"[57, 670]",Grasslands,-0.112934762625732,1.16471886738686,-0.122963858010243,0.176309456759698,-0.278285275981446,-0.0908213731561492,0.256465730608883,0.313581264507699,0.332147726056627,-0.769319113979961,0.30546637718623,0.0702067657954307,-0.671173660424347,-0.392795313195223,-0.277071234239524
61001,421.6666667,"[57, 670]",Grasslands,-0.162805568103232,-0.924071884381741,-1.943940451521,-3.01464455265334,0.259554887282571,1.16376134911204,-1.48958141065781,-1.74632357108248,1.30908975408678,-0.574151470116436,-1.22573280126494,0.748114926962531,-0.673775477033849,-0.270989968323904,-0.182558652334209
61002,929.9333333,"(670, 1652]",Grasslands,0.537851328254584,0.980096454042705,-1.40242688275326,-2.17242910381726,-0.668838656141561,0.467423838800483,-1.03903281918694,-0.159512275092807,1.05313531770571,-0.366652597061693,-0.945364043287952,0.55326600208614,-0.595841317620243,-0.5923947922964,0.0246608094110158
61003,1700.333333,"(1652, 9633]",Grasslands,1.18054728912311,0.33509824785166,-1.62528640980519,-2.77841969524804,-0.739988893662304,-0.0757552004368558,-0.871602901038575,-0.178769752507565,0.799379467348315,-0.117956785132126,-0.0926060248984445,-0.386153623012803,-0.118295016589983,-0.0403614072936757,-0.0058687700519709
61004,299,"[57, 670]",Grasslands,1.66571392338147,0.613446655072401,-3.43084533352113,-1.17676726606933,-1.30151694186543,-1.41190983892504,-0.962373163651693,1.42882608919836,1.64493253186027,-1.41580315123515,-6.68581380376676e-07,-0.622392818852018,-0.606455523477278,-0.492527254238041,-0.421085133918561
61006,2340.6,"(1652, 9633]",Grasslands,1.79971585078951,-0.586228877382075,-3.69720654811825,-1.90008095916076,0.0435859868981568,-0.791895993178333,-0.621358781416693,0.263373160970624,0.0332851920419995,-0.308174249498748,0.675900657354856,-0.530694855842807,0.214856839031711,-0.150815234601875,-0.0721529377595171
61008,505.2666667,"[57, 670]",Grasslands,-0.676858830305431,0.68244267764254,-1.54630940213492,-2.81689266618909,-0.344409467128157,0.268201331689378,-0.788854932253838,-1.39172745017643,0.944964744697563,-0.179328289144286,-0.144923673242719,0.513513382205442,-0.646030745123047,0.211660159847498,-0.317769377240847
61010,568.4666667,"[57, 670]",Grasslands,-0.0310928856419869,1.37866298256162,-0.800263719943879,-1.77623976109661,-0.920663342849999,0.287480248958713,-1.39995578717718,-1.0452834494031,0.669792695574589,-0.35812243905161,-1.15940955690269,0.735709739822374,-0.409042310390748,-1.0483220416713,0.480058192528906
61201,1424.066667,"(670, 1652]",Mediterranean Scrub,-0.585402688148442,1.62646602955488,-0.66291087064447,-1.85053295470465,-1.19353915581914,0.207776395805751,-0.131219182457567,-1.30231843501777,0.398624567617601,0.828293283382692,-0.258129742814612,0.518178951166721,0.0112495617915576,0.23509784803719,0.0671609438424724
61304,5580.133333,"(1652, 9633]",Deserts & Drylands,1.93729679473181,0.780036072242124,-0.000659897209218816,0.927834510797195,-0.12041139201734,-0.549825935484125,0.37139848743526,0.40706596997244,-0.221466200553392,-0.259421161842385,-0.0101929181648264,0.283297764028853,-0.198631969143683,-0.166532557486392,-0.189796012985777
61305,1022.4,"(670, 1652]",Deserts & Drylands,1.76634848480128,0.756974041094313,0.15141925322971,0.633868780244632,-0.388693295660797,0.275199883059375,0.5022404177301,0.517461498987627,-0.17652937275691,0.102420415355498,-0.0477547665680937,0.279263810947426,-0.17089900966634,-0.125426803232018,0.125780870616316
61306,309.2,"[57, 670]",Deserts & Drylands,4.09097114940144,1.99424068041109,2.11241493988527,-0.189944741666973,-2.7344756862409,-0.980191750525995,0.344513683465973,-0.0333949383481817,0.0443680778178316,0.190338093378259,-0.210389184109835,0.0203221324165813,0.372107845818205,0.24686936997723,-0.0793116068409914
61307,621.6,"[57, 670]",Deserts & Drylands,0.607004518745479,0.162284026542627,0.752707469770127,-0.589240279921982,-0.688586872997453,1.20132406076546,-0.048675736361534,0.0203002520672265,-0.0195292374766708,0.245864515887849,-0.37321781636526,0.116878484506434,-0.426256343899496,-0.106345451565454,0.247980578260388
61308,876.3333333,"(670, 1652]",Deserts & Drylands,2.52328501187324,0.81644109714783,2.31668401866299,1.18145375577313,-0.266400418096247,-0.184400208795993,-0.255839851710355,-1.04173003145043,0.000474769815037725,-0.217222799465271,-0.274410006718687,-0.218058371769323,-0.120026699012352,-0.231986157643105,-0.0155119166946325
61309,613.3333333,"[57, 670]",Deserts & Drylands,2.26796969541676,0.182085401055813,0.0596287759388686,-0.716628075940923,-0.105444686455026,0.18186862370667,-0.106080329018388,-0.16220532344536,-0.381903583600573,-0.244944011435997,0.145799102475971,-0.718176057193726,-0.335858800290344,-0.100360762367372,0.0799726736741401
61312,250.8,"[57, 670]",Deserts & Drylands,0.96424371538323,1.7995241920404,2.148607617048,0.959725433372082,-1.27592464984662,-0.0829654076709991,0.461067538995727,-0.505075738702204,-0.441851657529818,0.255787334555441,0.0401297376043756,0.2700556780774,0.167779592607754,-0.165927172835901,-0.100598118243262
61314,541.5333333,"[57, 670]",Deserts & Drylands,0.963161150213487,1.23180747685248,1.17789992888347,-0.0884557177377772,-1.2712236347493,-0.0781797056381055,0.934314054006697,-0.642020255103752,-0.582099345785485,-0.0336219746438973,0.0393576335823919,0.438146876353659,0.285343451395317,-0.0279115465843498,-0.134745030969803
61315,1105.533333,"(670, 1652]",Deserts & Drylands,0.27275731945353,1.60337749068134,-0.141875630433174,-2.22399145848948,-1.56599075049659,0.713156927754936,-0.765101217925556,-0.570112587099708,0.597863529682176,-0.0125677137402253,-0.860211602344627,0.219861884361539,-0.45250793209325,-0.141171437309276,0.374886925424117
61316,1169.8,"(670, 1652]",Deserts & Drylands,0.55544652632435,1.03762448888943,0.37899300511452,-1.3983323905014,-0.639041976267803,-0.239619440044482,-0.0391154824838358,-0.59551226453566,-0.382603389837337,-0.163350547552032,-0.167166977117719,0.0145277527910232,0.121336575101029,-0.330187254176494,-0.104219270464659
61401,1710.733333,"(1652, 9633]",Trop/Subtrop Forests,1.94036584627195,0.270201100530977,0.521462539971338,1.10759383885649,0.630988365122381,0.53240558616777,-0.230317289251285,0.138386784466659,-0.268300905375815,-0.13351828508705,-0.25619089534129,-0.165819397776731,-0.500037564546483,-0.10827839687387,0.138289811054073
61402,876.1333333,"(670, 1652]",Trop/Subtrop Forests,3.06279866411684,0.572967785931109,1.21062269688176,0.00261898081226604,-1.2070536703927,0.453542978392344,0.194387891079309,0.397830575416001,-0.183729568827575,-0.148068351740627,-0.30758321118848,-0.0492557865730852,-0.375764738548049,-0.00933731896784545,-0.0236715457886688
61403,1859.733333,"(1652, 9633]",Trop/Subtrop Forests,2.36999693642879,0.0444922692213158,0.506675379994577,0.402172002993879,0.293928980823981,0.682324428450964,-0.140108826097999,0.166687711551066,-0.401480855587777,-0.325405493171949,-0.336836774754437,-0.230695750196323,-0.330833701698662,0.0558181306437753,0.0242570775856134
61404,696.8666667,"(670, 1652]",Trop/Subtrop Forests,1.48309650269669,1.06080578140732,1.81401086477369,0.110578091456721,-0.645904104077015,0.420889887234296,0.3029646839813,-0.479939450318158,-0.215770952241819,0.115200049402537,-0.417241707140856,0.442998404735842,0.0486315833934235,0.0219042219888855,0.0770899983076882
61405,489.5333333,"[57, 670]",Trop/Subtrop Forests,2.98602705545192,-0.314796234215292,1.18449335843745,-0.47728156956605,0.762390747706084,0.410315515974685,-1.07007223083689,-1.10912917088909,-0.662632264949985,0.0295903986688104,-0.0218481206769983,-0.320953412918043,-0.277228087859746,-0.103929589045624,0.480816728502244
61406,1776.666667,"(1652, 9633]",Trop/Subtrop Forests,2.88801535408928,-0.292203575953965,0.26585514187919,0.149761113131548,0.388857646893283,0.305856536448091,-0.685982329397079,0.44246163468878,-0.060153889072821,0.210890649057208,-0.0277838599276533,0.113434905198438,-0.331688693915621,0.037393696867297,0.0943406032912676
61407,593.4,"[57, 670]",Trop/Subtrop Forests,1.76943736423099,1.81087810271765,1.17657514357313,1.00718449987704,-0.275288174314767,0.509035678344761,0.457094401379183,0.164319261845308,0.0189949901139907,-0.470430903609981,-0.0451296637168841,-0.491492835831603,-0.423661020768919,-0.0464801251469493,-0.10095573349519
70106,1255.2,"(670, 1652]",Trop/Subtrop Forests,2.33387700339673,0.506952650101968,-0.806308536495605,-1.06493131340722,0.198184931212918,0.284651319030152,0.00354644650960573,-0.226952745224082,-0.453748477987008,-0.767365922270596,-0.261707761170302,0.117530611357171,-0.719650827944815,-0.169131264957668,0.133220410876982
70113,386.4666667,"[57, 670]",Trop/Subtrop Forests,3.29526152102105,-0.103114351336174,-0.664620265889199,-0.973009629415003,-0.491359288753868,1.04209053481505,0.153201161478152,0.360028436210848,0.898901779123499,-0.24092919771293,0.28814385070042,0.146120596632087,-0.382894426894342,0.194022850536212,-0.164281817640503
70202,960.9333333,"(670, 1652]",Trop/Subtrop Forests,1.65013071815709,0.6153155981224,-0.0734150832944262,-1.29294830368213,-0.160399136953419,0.674822731756959,-0.388425006985501,-0.403602551075028,-0.106450403897601,-0.171686591871543,0.0931190773387595,0.226164577150142,-0.545948423742154,-0.172074197389461,0.121995152871981
70701,84.73333333,"[57, 670]",Grasslands,-1.21739739647123,-1.14858287861104,-2.49047899690011,-1.66363690301754,1.70275670267278,-0.026509727068142,-1.79881754466406,-1.77073349507218,-1.2215030575482,0.760388753222244,0.656099382082943,-0.686955706853927,-1.22085508674296,-0.41398830358741,-0.192951268470983
70702,322.3333333,"[57, 670]",Grasslands,1.26360909587208,0.180594480987659,0.53938273700511,-1.01384373378927,-1.08083238480488,1.59783705019694,0.00559945525967659,0.129089128553741,-0.341415454242811,-0.113717919862948,0.0174495342051442,-0.023745328604212,-0.428880828728609,-0.061665416660887,0.0318875650453876
80101,4235.266667,"(1652, 9633]",Trop/Subtrop Forests,1.68739520595655,-0.679103553910401,1.73422661242128,-1.27941530544237,-0.10231750817117,-0.46225421851067,0.29640285652949,-0.212002212148787,0.901082209087101,0.87267466803748,0.0649710719183564,-0.780896074895979,0.11593009978929,0.223059256529315,-0.321043029387484
80102,4959.933333,"(1652, 9633]",Trop/Subtrop Forests,1.37691267156651,0.0550176862845336,1.3375428093602,-0.681118982672193,0.00162955442211317,-0.726116971805357,0.377915185676098,-0.167115125990596,0.626583849747667,0.482358023471442,0.0932493354491101,-0.636127563523253,0.0793683860119125,0.163598846310309,-0.254660529480624
80401,1590.266667,"(670, 1652]",Temp Forests,-2.75902284005955,1.61156450283879,-0.490820515542124,-0.473949747267421,-0.00777124868655899,-0.649983903485775,-0.253286031494203,0.534168808423307,0.591305525519303,-0.0845701262606996,0.317768813100254,0.348865626310738,-0.138314084559488,0.210548890591213,0.183400068446832
80402,5242.933333,"(1652, 9633]",Temp Forests,-2.09113611464763,0.384237280246849,-0.282790774961389,-0.97880264633673,0.0294686836077451,0.325540316549348,-0.211662822081415,0.277712277507051,0.904867915442923,0.540465768152844,-0.195936171991281,0.369869134605782,-0.0656375301925291,-0.428940088586625,0.154244925421688
80403,776.8666667,"(670, 1652]",Temp Forests,-2.03595195568739,0.771586128541638,-0.083057701260665,-0.6896557866762,-0.0908031018410333,1.15536350496666,-0.0163972175773962,0.158872179189518,-0.261187047583056,0.04008725370416,0.543907317141893,-0.0677685517497231,-0.400918249684201,-0.197115620871997,0.0548376713481077
80404,1941.533333,"(1652, 9633]",Temp Forests,-2.72183961377405,1.87240319437871,0.143512556855102,-0.638530229252484,-0.320932227110148,-0.143681025002627,-0.0240463651110985,0.707317151239949,0.346517374127211,-0.284520154801481,0.484944610098905,0.3720691375469,-0.0282778430852594,0.0804585892238299,0.0875636027456357
80405,3041.933333,"(1652, 9633]",Temp Forests,-2.14742563481365,0.46529870984791,-0.23518310060597,-1.60745394616615,0.523083707819414,0.159331458773794,-0.490509029235534,-0.130279729841378,1.14974735176808,0.405558912109902,-0.138241578521456,0.199167751756308,-0.00957889114694182,-0.235698273733861,0.0628971926346409
80406,3316.8,"(1652, 9633]",Temp Forests,-2.32205101716052,0.944509389539373,-0.732166385114529,-0.674814588671727,-0.0185926484945935,-0.0109653329333456,-0.179850978738637,0.221149522328801,0.225523709895448,-0.00930210138286384,0.153024777330826,0.225608194905372,-0.143366031707495,0.00909728377374631,-0.0218592270296088
80407,290,"[57, 670]",Temp Forests,-2.88736176210498,1.45557708691285,1.18098209404657,0.52261283665494,0.481919325869234,-0.935898460763556,0.301479440994687,-0.284920898990757,0.288277246418037,0.562701865822647,0.644109084608255,0.222209657800674,-0.129796791602665,-0.491756824944175,-0.0907454638455857
80408,2830.333333,"(1652, 9633]",Temp Forests,-2.62577046453592,1.03585326780393,0.109287331825585,-0.466654014362904,0.0428291219689721,-0.724655518463474,-0.199500148395655,0.521061631529991,0.21623449001829,0.0693056648112082,-0.0577153455282704,0.12293522060204,-0.0359500700817925,0.0734990139926731,0.0971914031880151
80409,3024.866667,"(1652, 9633]",Temp Forests,-2.04422266218992,0.495650519890891,-0.504493044297616,-1.40522976079768,0.510276596634325,0.246045088925881,-0.756886177087073,-0.0705706202510123,1.55511647570066,0.739404910617623,-0.492234496576169,0.259980466583377,-0.306491450951957,-0.399255748004076,0.156355707310706
80410,466.0666667,"[57, 670]",Temp Forests,-2.7196137732364,2.87601053692224,0.787417354779901,0.821073481397049,0.0921109990350411,-0.434136993187956,-0.658780804078684,0.569643734907653,1.24604452456038,0.148235387251868,-0.243907332926031,0.17835791976653,0.0467711121658339,-0.453109176608493,0.111786304369939
80411,2277,"(1652, 9633]",Temp Forests,-0.97803176922677,0.000168934479799876,1.93945486018459,-0.962273529138103,0.863009664322562,-0.487227543555867,0.244520779480876,0.453541859846027,0.553123407635704,0.409910107496728,-0.0569020458675104,-0.109418234498586,0.373701560275811,-0.216003012814685,-0.118238968824007
80412,3130.933333,"(1652, 9633]",Temp Forests,-2.05544228923529,-0.0356428332404086,0.628815109167423,-1.17503179410556,-0.152918141657963,0.147557808121269,-0.139135270255547,0.482861313240566,0.606312534467915,0.556262650518743,0.124632544535976,0.278033976373641,-0.0201270530270581,-0.276004115829699,0.0491088240701922
80413,1890.6,"(1652, 9633]",Temp Forests,-1.20981910648672,-1.08441090905654,1.30460337034855,-1.21148796962645,0.634301751711948,0.18468806083297,0.553681968753375,0.618334509889914,0.137687421894358,0.541961910954791,-0.0363310611789433,0.101873992308465,0.0915122508713978,-0.163067204048801,-0.101616856106289
80414,682.4,"(670, 1652]",Temp Forests,-1.63462572451385,-0.926994215143843,1.46428479035051,-1.24009756513036,0.731365836391418,-1.40543620112282,0.707930255877303,0.706891380991736,0.224126659123296,0.739366830228296,-0.216532688265051,-0.19452175731738,-0.00271166598868428,-0.00505131301780649,-0.109535232324891
80415,3429.333333,"(1652, 9633]",Temp Forests,0.703384421442022,-0.443963585427005,1.73976317423526,-1.28502627891202,0.354888729641,0.074784534503816,0.279619879750292,0.0985029572472152,0.762435146308392,0.595599390150561,0.0113621898344689,-0.387671691658394,-0.00159975307981616,-0.104735098025317,-0.304176318252558
80416,1896.733333,"(1652, 9633]",Temp Forests,-2.7714134602225,1.26288890844355,0.296736428114373,-0.470754494782509,0.0742331628416567,-0.105724831260775,-0.0818681486697791,0.57770942299702,0.167010302281969,0.124119053496445,0.292923815713428,0.338699004688885,0.0124409314936702,0.0470249645518116,0.149512213719859
80417,3297.4,"(1652, 9633]",Temp Forests,0.999305889542307,-0.653666895179526,2.18674987533177,-1.4659522547773,0.266042175758689,-0.617025493930967,0.176034158807925,0.0717861097689096,0.72431107427729,1.05278613978374,0.11876529161565,-0.6574079794845,0.167601790520474,0.136204221544419,-0.259435695727213
80418,1521.866667,"(670, 1652]",Temp Forests,-2.26669177936665,1.03929559887639,-0.222362323126403,-0.545574901124216,-0.653921048081534,-1.16024619780764,0.146984590024093,0.733585221298863,0.202278928222645,-0.411168613930911,0.334262095744749,0.257168153975503,-0.167493449868744,-0.0304219108495494,0.240055960565837
80419,2283,"(1652, 9633]",Temp Forests,-2.5362425093819,0.0536274308287437,0.694325723490758,-1.04339526474267,0.0526718657218784,0.0969022962770685,-0.273537648898615,0.434040340689243,0.374976961044878,0.141347233356371,0.0981122817681315,0.226776000150501,0.0610237307188684,-0.0565462740527309,0.11602662478393
80420,307.7333333,"[57, 670]",Temp Forests,-3.36930213799325,3.26554906314712,0.64777626544026,0.594795095315153,0.700009908925745,-0.604479344444257,-0.515022139313898,0.644715260920055,0.859784248078949,0.080187837642886,0.0418108058208377,0.227102524391672,0.590631329481442,-0.370596448481995,0.234338729605938
80421,2491,"(1652, 9633]",Temp Forests,-2.02065335007891,0.351737185176704,0.0983494422622379,-1.32193467736299,0.132904236884871,0.31979821199732,-0.48758702072483,0.197477932467076,1.07128001683921,0.793026485248297,-0.0971862863144916,0.268765429930618,-0.257511869329247,-0.495149872708795,0.128410267840787
80422,563.7333333,"[57, 670]",Temp Forests,-1.3135223648258,1.18199314964806,0.986055601361091,-1.27819139204801,-0.175747820195881,-0.00436149492837986,0.110423299739477,0.408870327225993,0.808174697018029,0.363513547963475,0.3735387692605,0.076791687797404,-0.126530584355315,-0.294515378024523,-0.0797809836982676
80423,1063.266667,"(670, 1652]",Temp Forests,-1.68679776555891,-2.01975304091922,0.893730230117202,-0.982617182621328,0.930161268593332,0.250511172691501,0.349300680720296,0.756909796034014,0.15439835454315,0.419870200026194,0.255702777031336,-0.304059766877863,-0.148404873058724,-0.332438159699149,-0.188407033765527
80424,2213.933333,"(1652, 9633]",Temp Forests,-0.61331851676275,-0.0535764909532983,2.04812411867363,-1.1988808944371,0.773421887790608,-0.394238215790787,0.269413198016864,0.407166389409247,0.557606536385309,0.642131300301035,0.15020048283136,-0.177234178365728,0.426566408001554,-0.249002971069493,-0.153970146621935
80425,683.1333333,"(670, 1652]",Temp Forests,-1.55328976857176,1.96403209858865,0.268946082347942,-0.324971192586648,-0.321597424363995,0.523231509328888,-0.210927909709775,-0.161374636770336,0.297889504690294,0.234127842149422,0.389498279393761,0.211454598665879,-0.482990580820423,-0.116102410692468,0.0692518446858438
80426,1877.866667,"(1652, 9633]",Temp Forests,-1.44283780595072,-0.666597677230608,1.2382796235441,-1.02346260206662,0.660648058608304,-0.551296386038987,0.619523712455848,0.435830596485861,0.276079323709827,0.296269361499296,-0.156577454083099,-0.11724225195566,0.0687065715700091,-0.0356535783696185,-0.0870540419564937
80427,1753.333333,"(1652, 9633]",Temp Forests,-0.809297786357302,-1.65434937857068,0.461432609348281,-1.3136675020532,0.951417170396484,0.598464381630379,0.465587141938009,0.498041841556261,0.45717245205581,0.187669425515466,-0.0711261230922659,-0.283158339620091,-0.198216480043287,-0.358093739028137,-0.320346386043179
80428,2403.866667,"(1652, 9633]",Temp Forests,-1.2206804136954,-1.67860264336528,0.380180526505385,-1.09339753630253,0.883803962333399,0.26272686726639,0.583261911228395,0.438760617486042,0.358556639599574,0.265429022842425,-0.0880226987527206,-0.235721430630097,-0.0655069231812939,-0.301061962881196,-0.265089297660128
80429,1194.4,"(670, 1652]",Temp Forests,-2.57689720317896,0.354817908774973,-1.25732525361528,-1.06341953912551,0.638504699979817,0.049096272866487,-0.379742504884937,-0.0913331439812754,1.05240502251857,0.00628070240585416,0.0289284199107394,-0.0861639342967487,-0.439019084284446,0.14061030322734,0.0440033083391023
80430,1094.4,"(670, 1652]",Temp Forests,-0.741336880760733,-0.554879044808561,1.91728410149169,-1.35228281456794,0.831802397083047,-0.23612354818383,0.555255203580059,0.0680535367954391,0.351770944191809,0.271961039013212,-0.133603138201211,-0.025461547262029,0.31641657320297,-0.135316324160745,-0.278212796362803
80431,2769,"(1652, 9633]",Temp Forests,-2.47744797794473,0.424699149938427,0.16125923459462,-0.911696636576302,-0.149986706774277,0.122690967432181,-0.133189958122241,0.502055766370725,0.324512888489957,0.142184877016814,0.281987330539943,0.315506622861484,-0.0547875595830637,-0.145031035442803,0.18624720829711
80432,1676.466667,"(1652, 9633]",Temp Forests,-2.19435795217239,0.757442142997191,0.51984047784628,-0.924602929711195,-0.177267442503041,0.109459187109039,0.390230168011145,0.476033045743935,0.105958199641964,0.0607864471877157,0.546317921352157,0.488878588906835,-0.199340093192714,-0.113329117798294,0.109080882396399
80433,3026.4,"(1652, 9633]",Temp Forests,-2.82914518413762,1.0821154132467,-0.631625522516706,-0.468540527796371,-0.0746801325162671,-0.157962574244878,-0.302777995611049,0.496121213495058,0.406657068851698,-0.115952820515911,0.116635336379789,0.216598880556871,-0.21900238095459,0.212552377675451,0.14251339201122
80434,2631.666667,"(1652, 9633]",Temp Forests,0.0589354917934615,-0.600347375102805,2.06373721094858,-1.16555484209882,0.581244690569787,-0.763957246597566,0.335755669282518,0.39844170310819,0.465681762111858,0.79973778618354,0.0560459540890103,-0.564475050643292,0.378515628720478,-0.145747831277792,-0.222268405083772
80435,799,"(670, 1652]",Temp Forests,-2.6634490583336,1.86318073394324,-0.48731349243111,-0.380000903818644,-0.415610255139335,-0.795880000670814,-0.196851860723953,1.10129202040036,0.857903600132863,-0.908605205880732,0.198537688619574,0.275180522324855,-0.29142430876744,0.0718590847263201,-0.104339699388632
80436,4282.466667,"(1652, 9633]",Temp Forests,-1.97393623149427,0.495532471481146,-0.393948775744553,-1.91127952133234,0.825756065434086,0.173958133061726,-1.09417543100222,-0.322395182756671,1.84066304313913,0.407056396621176,-0.511682570994728,0.264378161868129,0.18873808643425,0.366274065160528,-0.0143218660650309
80437,1862.933333,"(1652, 9633]",Temp Forests,1.75622963021807,-0.93917087479496,1.83977509412391,-1.67004475854798,-0.00888973979107244,-0.646511765038849,0.213220648290454,-0.231385690681902,0.863412324643899,0.993832643315372,-0.147098458905872,-0.824014682534309,0.161460134990523,0.303597866889855,-0.201157435723197
80438,320.6666667,"[57, 670]",Temp Forests,-0.845325952819016,-1.53265581015379,0.868206607238829,-0.317905776779,-0.155807731530563,-2.108357739994,0.300474449532854,1.04491772984122,0.0507052183893385,0.468273916841147,-0.390260875772483,-0.375561077345517,-0.520301024937135,-0.512647785901036,0.10546706817374
80439,1366.533333,"(670, 1652]",Temp Forests,-0.658303033225709,-1.15461103120066,1.37879916977842,-1.29429935575436,0.610116732804511,0.443799801912828,0.397019829798287,0.441397668823138,0.303306764128847,0.589208287154162,0.0793723937017641,0.0628458164571985,0.00545408815551222,-0.129439248225335,-0.0771230267707332
80440,3546.066667,"(1652, 9633]",Temp Forests,-0.785748435488185,-1.14487980393831,0.408994295686509,-1.0946137787858,0.446846952120168,0.671507670729351,0.496796802783146,0.35357001611251,0.227328611990694,0.275779870630379,0.0172459748603572,-0.0977270593001516,-0.048919435065156,-0.293918983052433,-0.0957094460063737
80441,2371.466667,"(1652, 9633]",Temp Forests,-0.875705477574353,-1.33029519827823,0.365269227965318,-1.29680996857109,0.825834891588169,0.159037660528457,0.560679346490435,0.344938766376149,0.436078860331348,0.226084759991915,-0.149386421408023,-0.220603948720944,-0.0487504538866497,-0.247612957797959,-0.225346510199452
80443,1036.933333,"(670, 1652]",Temp Forests,-2.1355412338451,-0.84422678015326,1.4704418664143,-0.925374794709459,0.69116183850914,-0.598718691268675,0.743030878501321,0.59445261839291,0.0400514428535513,0.257394562252592,-0.0598961613064863,0.0967337270499302,0.0184989272254709,0.090642672937048,-0.0110776334744517
80444,1049.466667,"(670, 1652]",Temp Forests,-2.94735763928111,-0.739612703856973,0.733868380137624,-0.777033415515164,0.382837046010783,-0.131352592633582,0.00698533397848862,0.342493548088446,0.0335187678101376,-0.0397224353489633,-0.0189057205869116,0.119464531157045,-0.133631748151926,0.0801805152669392,0.246890273217275
80445,5809.533333,"(1652, 9633]",Temp Forests,-2.045044328314,0.305581224665427,-0.301518555383378,-0.878976798681657,0.0185036306618918,0.105190573297008,-0.264184414163886,0.295380887985142,1.03454207029833,0.380085807080059,-0.226963066321856,0.39918739456092,-0.0347213360517514,-0.274482078816791,0.0993899547963553
80446,912.8666667,"(670, 1652]",Temp Forests,-3.04542077677619,2.75153052436396,0.0843374597914415,0.631645949046653,0.569828360373196,-1.15541807004557,-0.49999908481623,-0.116914143706734,-0.540646985253932,0.147389584605838,0.442490537199222,0.0259924066758314,0.0193032933133478,-0.127117562794661,-0.10096646935862
80501,4205.066667,"(1652, 9633]",Temp Forests,-2.47024835168241,0.987531414427926,-0.832096706561501,-0.903147403842609,-0.0851754549786225,-0.306251022660142,-0.228208002263385,0.326321998316205,0.754480897738989,-0.132608187057424,-0.152081997093483,0.319441583376252,-0.131258848809121,0.231862774644898,0.188111773051787
80502,1146,"(670, 1652]",Temp Forests,-3.18157300685423,0.0402533902611902,1.11696620802363,-0.136542202740762,0.308348204463587,-0.806157398657566,-0.512885701429513,0.140723945309392,-0.0286430985792337,-0.275629017305532,-0.340498783934161,-0.0167552043394909,0.0503910281724429,0.434646915317683,-0.110220554130499
80503,1257.133333,"(670, 1652]",Temp Forests,-2.68455572113103,0.437935815299372,-1.29786647208714,-1.12979229744291,0.621620391458966,-0.0402022633759866,-0.460486756676816,-0.208375376941482,1.11512629961573,-0.00383265088516391,-0.0892249852945326,-0.0675139773278823,-0.370857724637854,0.177286644360735,0.0366888635849855
80504,2067.266667,"(1652, 9633]",Temp Forests,-2.49254601885685,0.310915621329874,0.110699934338632,-0.928304278591437,-0.1274319940194,-0.261757056890967,-0.151359167033965,0.469474672345848,0.588474382623999,-0.0129008893066826,0.185962820621037,0.20438408381643,-0.226895767519745,0.207141408707656,0.125255551092836
80505,482.4,"[57, 670]",Temp Forests,-2.47724111239591,-1.12230672790681,1.51038753924238,-0.399584608475037,0.676033334774033,-1.24473213165504,0.452698566988093,0.412282852742492,0.205157531039405,0.36366974723375,-0.478110927558089,0.125020833265204,-0.0731719864822035,-0.0179772021826362,0.101725392591588
80507,292.6666667,"[57, 670]",Temp Forests,-4.30607443743142,2.23150641956855,-0.154554783542868,1.620019532405,0.787112571673292,-2.16161025779268,-1.42994455152487,-0.575547787766515,-0.207616837282135,0.467396531068484,0.103933874326258,0.283212760925555,-0.405098094165128,-0.364904833765825,-0.0404318679810748
80508,189.8666667,"[57, 670]",Temp Forests,-2.06757490903662,1.7432983316327,2.0471614501135,0.482361488470272,0.913719710684937,0.506754736160863,-1.29165757748004,1.12183445592194,0.634830917457297,-1.32811855896643,-0.587539295942744,0.0767459507213179,0.296282697760494,-0.575726499978734,-0.513299428467991
80509,2778.866667,"(1652, 9633]",Temp Forests,-0.491617541534317,0.758699812679767,0.790594802472641,-0.36863979764523,0.245531204234139,-1.40267788029292,0.593237131025239,0.0700366350544745,0.352491179554607,0.13387439486908,-0.0975330822245052,-0.761627159822689,0.0998088855719002,0.196207985800265,-0.0459698278107744
80510,1059.533333,"(670, 1652]",Temp Forests,-1.75343572567509,-2.14208019269464,0.525293144148532,-0.626310888189249,0.47523372530528,-0.0932409534756276,0.304378205572541,0.965112513271207,0.0510603220866002,0.393794160602251,-0.0227880512998171,-0.180340091010788,-0.382211447555426,-0.239299283219146,-0.02011026056578
80511,1577.866667,"(670, 1652]",Temp Forests,-1.20857469707856,-1.69359884485916,0.724848996993442,-0.953469052721915,0.834614496446642,-0.0836524876212769,0.6729769219063,0.550631879996332,0.393284463453153,0.327891678029701,-0.167590637011394,-0.200690531711142,-0.13326412235462,-0.337810797925292,-0.278079508291751
80513,711.4666667,"(670, 1652]",Temp Forests,-2.21221857921804,2.84042075871113,-0.446009316602318,-0.422451060620552,-0.176743680981637,-0.337500788571898,0.213004198540131,0.2562851769551,0.303209437816343,0.0154626972761077,0.941213497423865,0.0158977744696008,-0.0503209762951547,0.417458958125953,-0.14047875475195
80514,2308.733333,"(1652, 9633]",Temp Forests,0.353670494872348,-0.121184247071327,0.217558725418423,-0.244905106924585,0.151718750184572,-1.17803267248178,0.561113206638661,-0.251210136202603,0.44459819554898,0.425857709749676,0.0789452268503577,-0.354390097822445,0.12721530156841,-0.0359016666309497,-0.00443721662542654
80515,460.6666667,"[57, 670]",Temp Forests,-2.46529083009663,2.10367663686327,0.219329909522964,-0.131447767080601,-0.46477457943844,-0.935638925117337,-0.70142884694348,0.492149621357482,0.665610105160163,-0.180050155544616,0.0172532234963271,-0.286817076014341,-0.195433243104423,-0.404558023798388,0.0324333533625856
80516,3685.266667,"(1652, 9633]",Temp Forests,0.310081268164754,-0.301706909921498,0.81334546218497,-0.560300481049025,-0.0236371433123851,-1.06554230553478,0.429815245404332,-0.00150152589375387,0.276180183992209,0.535774253193998,-0.0155881615177028,-0.620787593575107,0.0120653444454155,0.0601690527232686,0.0247328385117248
80517,364.2666667,"[57, 670]",Temp Forests,-0.896800621673229,0.956572043907405,1.64887102221292,-1.11084570528751,0.274961586456361,-1.50059896613281,0.731948069813188,0.196221130555941,0.16308349637544,-0.178096314859944,-0.90717915041318,-1.18746805509256,0.926957018665995,0.0896758700784409,0.0812924808247675
80518,4214.066667,"(1652, 9633]",Temp Forests,0.0917580502344922,0.348912452901328,1.24316854641542,-0.638377349722689,0.219956591428217,-1.23628751027341,0.608596041256538,-0.00181476802809966,0.499808328278266,0.658112363889768,-0.101777980202313,-0.86702141096863,-0.014838982992014,0.182546021117944,-0.0945567943358584
80519,1693.933333,"(1652, 9633]",Temp Forests,-3.31900746521037,-1.06167394016856,0.554335334715376,0.308875716650593,0.300187078411291,-0.330248281525029,0.0242828936721355,0.19624142495509,0.0515296562977436,-0.283239357248903,-0.207771368383915,0.175637043608425,-0.0687665345527043,0.348261331607742,0.0460296717427069
80520,1209.466667,"(670, 1652]",Temp Forests,-2.50663159448189,-0.977773275342464,0.327587173689944,-0.313050707896414,-0.278068120053723,0.351677892509833,-0.214865722438869,0.937845526989826,0.538158452375488,0.751061703741499,0.337724500661544,-0.100674062401241,-0.279482809030483,-0.237679907618267,0.125905824739454
80521,463.1333333,"[57, 670]",Temp Forests,-1.78592039422935,0.933502300320333,2.50312909715647,-0.438053366773615,-0.219196371284356,-1.60933468429953,-0.0772560582257627,0.296748277143243,0.551597838469047,0.86907990054589,0.268799195801688,-0.459736972947949,-0.0580941164037262,0.0891360517681796,-0.0273131182920903
80601,1743.733333,"(1652, 9633]",Boreal Taiga,-3.32293294259449,-1.42226517214516,0.604697456693152,0.494117780855526,0.545768604292899,-0.12481011433259,-0.0741895572560808,0.018892468196807,0.107913343351431,-0.188662375850748,-0.187688242210128,0.0935972943887021,-0.0644316546082827,0.0558678720790825,0.141988252285634
80602,503.3333333,"[57, 670]",Boreal Taiga,-3.18612861809807,-0.158636151632664,-2.93774322718206,-1.06445923908099,1.25006745679242,0.0447610401930839,-0.821378950241203,-0.557118866112807,0.784237134536004,-1.08809134971822,-0.0859711276827391,0.0959987653268831,-0.336921074152195,0.910107804152803,0.219007858621226
80603,589.4666667,"[57, 670]",Boreal Taiga,-3.09896118636324,-1.81869336267854,0.283839281417006,0.555718192058828,0.230155111727764,-0.290080779239745,0.353675444826746,-0.108330400350011,0.205166888018442,-0.154095026267945,0.0776466168220393,-0.139621308533961,-0.477083435700304,-0.00751362054210853,-0.0791934355018422
80604,114.1333333,"[57, 670]",Boreal Taiga,-1.80252411172837,-1.25522549614497,1.44155415181335,0.718428020935817,-0.0372707954632426,-2.71797759586748,0.110587608791913,-1.24481334042822,0.419928581392611,0.530075010085084,-0.22462297178092,-0.157905184145982,0.23266651371255,-0.17060653929284,0.207571625391902
80605,671.9333333,"(670, 1652]",Boreal Taiga,-3.27384296609026,-2.78301761835874,0.676611948703635,1.52072922978109,-0.00530400415170718,-0.194070689827065,-0.0038316397085835,-0.427944621613039,0.0577202372024024,-0.290858192916717,0.0139669572252778,-0.0218727486011574,-0.136100339083163,-0.0236683003837198,-0.0919445353754503
80606,361.2666667,"[57, 670]",Boreal Taiga,-2.55210419303877,-2.37503380283293,1.99610358793515,0.774843258790022,0.287146448311772,-1.03465385433922,0.479371585989262,-0.00385572061949967,0.243265169032533,0.873959926166737,-0.22182522301014,-0.153425987070599,-0.360271866059389,-0.297964311679232,0.0715820355134252
80607,432.0666667,"[57, 670]",Boreal Taiga,-1.62311342006089,-0.980001517873853,0.888047861583342,-0.717465499749068,0.352967781313012,-1.47775063567042,0.246213490078691,0.64255151375619,0.370404659010849,0.533503552649013,-0.268315379074342,-0.378152470097031,-0.287055110834469,-0.145352866127979,0.220676064940264
80608,2972.133333,"(1652, 9633]",Boreal Taiga,-2.90301969279289,0.6937444810447,-1.86863450726789,-1.91967195470538,1.82871322456303,-0.00429993496197678,-1.08883829938687,-1.20114216906321,1.71430602646437,-0.30778650802037,-0.676250551349723,0.196475610967297,0.126636788028364,0.669203540083276,0.130270574525874
80609,960.4,"(670, 1652]",Boreal Taiga,-3.39254367429148,-1.80345050958609,0.751029685415377,0.520854104674171,0.835646459648121,-0.0919952982391576,0.227948366922153,-0.233267427806547,-0.133674531448514,-0.315540804546065,-0.270955909993563,0.118736432269641,0.166623149246725,0.0102286668191244,0.156271356447689
80610,803.4666667,"(670, 1652]",Boreal Taiga,-2.58841990907447,-0.706265222142137,0.782238463064561,-0.869578620552123,0.0651186383421174,-0.149037489029853,-0.596015390908621,0.544206618416507,1.02692292497353,-0.0736466890505686,-0.281628682294372,-0.0206718697587034,-0.0980572550218603,0.247478748837094,0.0328697598657833
80611,1133.733333,"(670, 1652]",Boreal Taiga,-2.70492573433216,-1.0499401065586,0.769167184751458,-0.622951006540701,0.215352165953548,0.0427608872012173,-0.0771867690459857,0.229134352254199,0.146133516124089,0.0850980002764139,0.0283884564787907,0.215958798112455,0.0530137273885892,0.124695504379858,0.166205262006364
80801,373.8,"[57, 670]",Grasslands,-3.95272064414228,1.87044729794182,1.28074946465466,0.268696501102075,1.01153612104816,-0.978201922385397,-0.273118718920751,0.685362863412068,-0.429917333835626,0.640350362451199,0.432611065773594,0.269140281507951,0.407473641141483,-0.336930000068652,-0.0618781096565261
80802,120.3333333,"[57, 670]",Grasslands,-2.77281692966685,1.22990871358485,2.93454255919188,0.694420205640059,-1.8924249388051,-2.76501946689214,-1.39011907751238,0.507160182902287,0.330382323533811,0.634585015155187,-0.811095220678365,-0.80025042029872,-0.440064611933828,0.349953153082553,0.453039485246327
80804,899.5333333,"(670, 1652]",Grasslands,-3.37095057730901,-1.18819158550597,0.897881247916583,0.454821583850962,0.82699858257877,-0.276176917792117,-0.0262506291727057,0.176517155852336,-0.199851811494176,-0.307028790300171,-0.532081928762894,0.194988105945058,0.123477724644301,-0.0053044532653015,0.257598325976201
80805,1331,"(670, 1652]",Grasslands,-3.02972937999297,1.4604415757359,-0.269402134480181,-0.349625998780058,0.64985364564194,-0.638978155016832,-0.464414086701585,0.343124114390965,-0.487213498813846,-0.288844781828694,0.082669855668101,0.197705715938143,0.141222781700199,0.0340645257647746,0.027443995016629
80806,538.4,"[57, 670]",Grasslands,-2.59367831662195,0.53401318933348,1.43314108644856,-0.645082556928437,0.250184498369505,-0.402632894083833,-1.03129237946398,0.521715600494237,-0.415940873043816,-0.184820373269314,-0.350101739579773,-0.481430732664341,0.468487708596595,0.0431936175148709,-0.0328117205678576
80807,57.13333333,"[57, 670]",Grasslands,-1.09393537597291,0.353877176490867,2.13446313519865,-0.962937260488212,-1.743907010322,-1.40868414497934,0.17861485233424,1.0564531983682,0.0499489980131405,-0.508093127985561,0.624591939241382,-0.277298612278546,-0.880490489405366,0.963079858578345,0.204636342240442
80808,1611.066667,"(670, 1652]",Grasslands,-3.30645696755057,2.00380201135132,0.535099266104596,0.508252706374162,0.744827721112931,-1.80476057330393,-0.262933212049624,0.242250160139257,-0.700865856902823,0.187128810184783,0.206852981529516,0.456867309382506,0.0634871637942401,0.119036431051071,-0.129760489701801
80809,1564.333333,"(670, 1652]",Grasslands,-2.83402565783836,-0.352301329028989,0.902151864452468,-0.319687849275143,0.0233572690103094,-0.244079185031269,-0.0963094506134362,0.485453463343685,-0.0196677133325761,-0.16181138494931,-0.121668685137655,0.0790223739471538,0.0336784569443773,0.1836099609268,0.157482925728448
80810,1069.933333,"(670, 1652]",Grasslands,-2.92508126838777,-0.152484312870106,0.990067369650867,-0.459646440306209,0.388929195512308,-0.511387638594762,-0.414895321134138,0.345944603816989,-0.434919888951201,0.170485937725034,-0.0417579244956576,0.122107838796343,0.162175839170586,0.0222601283466747,0.229922984231409
80811,281.3333333,"[57, 670]",Grasslands,-2.93154951392045,0.505869211744616,1.5328537259836,0.444120997270148,0.128450265055506,-1.2913384286401,-0.96809098819651,0.735579767707803,0.189900349539848,-0.0228376464475325,-0.608561417549824,-0.122678831068879,-0.456470455504463,-0.412693812151908,0.320289093252378
80812,154.2666667,"[57, 670]",Grasslands,-4.68410376929914,3.7784793657354,0.355269211844594,3.16601890721974,1.69684375761879,0.607744756457574,-0.167770114118523,-0.684930922155464,0.626676928341309,0.0958672712574782,-0.654661681965275,0.330882825024108,-0.320533193512555,0.0710620689353317,0.213079338813343
80813,1414.4,"(670, 1652]",Grasslands,-2.48295848345607,-0.213438697718241,0.962956454208262,-0.700052560674711,1.29925482320306,-0.409104510273306,0.0844274319267456,-0.0318558541546136,0.0373862988522438,-0.27167916354314,-0.600431098052238,0.128078042369148,0.267978816016564,-0.000534345488571932,-0.0669095110418818
80814,2756.666667,"(1652, 9633]",Grasslands,-2.61299845620063,0.773781200799078,0.542002510715989,-0.523141164896626,0.00686875980255366,-0.055941920564864,-0.305970475146251,0.707899197072374,-0.0883101811072954,0.0236054846868371,0.157167323139279,0.268777021538674,0.13120922163982,-0.161672828141917,0.129098334201743
80815,513.6,"[57, 670]",Grasslands,-3.59397126473918,-1.22053803603996,1.09765208573542,0.489471736740115,0.365688905685997,-0.469502525956831,-0.316905343114992,0.330243367872924,-0.200813031160244,-0.307448062860745,-0.602462616859927,0.171296347938481,0.214464619164958,0.373422572579039,-0.277603404799912
80816,696.4666667,"(670, 1652]",Grasslands,-3.52132581256378,-0.388150591439584,0.885454699667288,0.540625487471392,0.922978448123435,-0.445322973198827,-0.0101323996532007,-0.0377283290074614,-0.113969979023929,-0.521254875891291,-0.343683887623937,0.067651077940879,0.380552355799205,0.00417624736305893,0.175463336463335
80817,1264.266667,"(670, 1652]",Grasslands,-3.24814362896409,-0.786220274554118,0.629726212181128,-0.0452337104876887,0.712234925251506,-0.0749801634171549,0.0169257252525795,0.250206223058742,-0.125051277941763,-0.252111301116069,-0.0570661252770591,0.0444476724125643,-0.0800726777564396,0.10107510740042,0.24758413452177
80818,947.6,"(670, 1652]",Grasslands,-2.53075083309077,1.27158397679653,1.64731356067318,-0.695678672212667,0.109388567322902,-1.18118282761454,-0.447464684261083,0.11494569848066,-0.0354584109086497,0.495897170459652,-0.183913632593453,0.051514027341107,0.294329257384466,0.040177591334271,-0.0207816696007839
80901,453.5333333,"[57, 670]",Grasslands,-2.29729965866956,-0.565041314675769,1.76492628655808,-1.03289205214124,1.28448943367027,-0.941806012026735,1.08004995845438,0.24680321308787,0.164160853576936,0.222996238679483,-0.30048410453525,0.244961278906872,0.514269152623924,0.0786527405523616,0.0452064011984513
80903,92,"[57, 670]",Grasslands,-2.18886150947917,-1.47874977548125,2.04062572424457,-0.45936945271429,1.54835472923482,0.378906093788424,0.528665020661064,0.256154942723609,-0.120869133676842,-0.188385453261895,-0.337850694450068,1.02496334536404,0.688635580744541,-0.21155536523782,0.227888679358838
80904,70.66666667,"[57, 670]",Grasslands,-1.13010365406484,0.569886255989779,4.04674592449814,0.238823492582006,-1.38059751236195,1.12685131502933,0.742104582764895,-1.17929646815749,-0.942342772701114,0.872533052684243,-0.328207715323539,-0.0602018842553841,-0.515133100972678,0.152743287689002,0.43007273910345
80907,536.1333333,"[57, 670]",Grasslands,-1.58398933061946,-0.189803219248672,1.99925343689114,-1.83717104064897,0.744060986979383,-1.15018729816734,1.10689310733665,0.0164106072675837,-0.0584581282674853,0.373819066531509,-0.273718882279523,-0.0257593660125083,0.258754673757075,0.382635456035869,0.0210747518277438
81001,945.5333333,"(670, 1652]",Grasslands,-3.42921611877478,-0.33844516847052,1.14838278047429,0.871850541546015,-0.0581650406789787,-0.795836418519232,-0.183067652033614,0.177173073537684,0.0500089504019531,-0.538727974025146,-0.448050442003175,0.0574725209827426,-0.0409377880447999,0.320792008419454,-0.0837801983306078
81002,681.3333333,"(670, 1652]",Grasslands,-3.19332517735759,-0.554112897432766,0.652819225393171,-0.0726462501941361,1.29542811860454,-0.432853548990452,-0.0440645617698904,0.0295722785659615,-0.455078666010182,-0.768741266161265,-0.408731323121036,0.0329033954819579,0.62016395793227,0.0905799376645681,-0.0853361192709497
81003,1851.733333,"(1652, 9633]",Grasslands,-0.862258206848681,0.361038587439584,0.509370843049661,-0.285774843736117,-0.288509834093844,-1.44492927631932,0.637838997201002,0.38957660293942,0.164777039175249,0.0653133143310784,-0.307733853553949,-0.549766437771594,-0.0519180176605389,0.137415892290335,0.214336109178881
81004,259.9333333,"[57, 670]",Grasslands,-4.39225937552919,1.65684728413345,-1.67450196722918,-0.281580894277747,1.1484002437294,-1.26528431474371,-1.9524878197426,-1.58287752474464,-1.40544675428135,-0.174209780675247,-0.608010773013163,-0.0378771015100757,-0.711727861740421,-0.156653157254185,-0.428448558729209
81006,1003.2,"(670, 1652]",Grasslands,-3.16521605826592,0.223992587677324,0.21641542421526,-0.597281613346701,0.88221059874295,-0.068766185920435,-0.387050337211332,-0.17448496280679,-0.341381796510491,-0.57103088339187,-0.327215125475968,-0.0272407858851673,0.137522265744928,0.285725705380122,0.0164366451861406
81008,218.1333333,"[57, 670]",Grasslands,-5.29963013166219,3.24268365068302,0.760918212252359,3.20481489559577,1.29862001203255,-2.08163516968716,-0.57656789232048,-0.419041927450612,-1.31562742519455,1.70796427087555,1.22616316916403,0.318512815286995,-0.223274381938277,0.216509850790312,0.0829712060572635
81012,559.8666667,"[57, 670]",Grasslands,-2.69487186367238,0.71014714041777,0.483197197827491,-0.932284869239204,0.0616998483649677,-0.215676141832473,0.0116699667896593,-0.252435298969436,-0.292268359641222,-0.714733830018263,-0.127930498428478,-0.167512652543279,-0.174055063014916,0.519210935987293,-0.0549974816815745
81013,823,"(670, 1652]",Grasslands,-1.6147176415234,0.285172874804079,1.83948625169493,-0.609272286700443,1.72619835309931,-0.127887933854562,-0.526248403486025,0.40116421082514,0.378671110876373,-0.0471411617868718,-0.29819330634574,-0.0572574919172381,0.583338759628903,-0.576822225401816,-0.164059498403612
81014,654.2,"[57, 670]",Grasslands,-3.60934065252738,0.720442576420083,0.454038238871729,1.07488901864775,0.798875289578984,-0.842659263091758,-0.442821541581132,-0.124061095733882,-0.598232534936209,-0.953515327213742,0.179281283200888,0.193843225149316,-0.520060430794398,0.190572892168273,-0.482499676048068
81015,321.5333333,"[57, 670]",Grasslands,-2.95033808072306,0.407439081939089,1.01344020779204,0.782030959747868,0.644019525896629,-0.649811499091347,0.0519650009636408,0.970675831343931,-0.261769055435396,-1.17445520257381,-0.306144808648322,-0.0993669485271006,0.49218833722404,-0.338519358105594,-0.0154183534912008
81016,756.5333333,"(670, 1652]",Grasslands,-3.45033739736332,-1.18221913918606,0.715494174817549,1.08580772074171,0.0383413375835635,-1.3703549893609,0.441550858324248,0.0640830823232731,-0.130568576463306,-0.286634824153405,-0.455262571341665,0.0520979796119312,-0.0934455351299022,0.344909008790654,-0.167210851143224
81017,3316.866667,"(1652, 9633]",Grasslands,-1.42574304546905,0.249721704846635,0.936846910655004,-0.432339337299743,0.530994223219529,-1.21585586387499,0.535930291124472,0.251743165797483,0.0523855681195762,0.0805994232066863,-0.260124660557117,-0.661598540824787,0.189133657759735,-0.0191989539150475,0.0779684810926915
81019,1273.333333,"(670, 1652]",Grasslands,-2.87947521998941,0.745663263079712,1.31596898936802,-0.079747278240597,0.369937719269877,-0.91798244532501,-0.517596391068381,0.425946534118362,-0.0551649965158061,0.0160084291127338,-0.0644911232193524,0.0543310893446098,0.185042496869771,0.165691254025613,-0.152809013226295
81020,790.8,"(670, 1652]",Grasslands,-2.95064755335101,-0.375106994839811,0.884020429192916,-0.195376738568282,0.554316432947692,-0.305676411525511,-0.0179606441738162,0.395058805563291,-0.23157728127491,-0.675988012647694,-0.536857484537445,-0.00649991971536364,0.448540726192239,-0.131032131485707,0.117909097736853
81021,488.0666667,"[57, 670]",Grasslands,-3.08176119684351,0.101955019163684,0.908916851703971,0.424790546189387,0.834847544972651,-0.655682114654734,-0.184276856769517,-0.121853421803612,-0.0991990168529676,-0.80328837617348,-0.463777201823517,-0.30986928353638,-0.385179820689102,0.0726839490540664,0.273335860329172
81022,798,"(670, 1652]",Grasslands,-1.80752142363752,0.355234194338304,1.18739959985668,-0.461716915539317,0.234072276203848,-0.349505626877839,0.0822865640421894,0.231176550717757,-0.118203374910365,-0.566059938906123,-0.0829175045421971,-0.421862175054244,0.170241080530732,0.0632695681049656,0.0115588130288369
81101,152.6,"[57, 670]",Tundra,-4.27509884387642,-4.25254210495865,0.901070163572637,3.79433620514889,-2.48138880212065,1.42741273651455,-2.235227093458,1.19580289040167,1.80633844769396,-0.824192368092924,1.22321880256523,0.394188837876226,0.185871958732273,0.366044554019903,-0.0432935107455154
81102,318.7333333,"[57, 670]",Tundra,-2.85537308698628,-2.80536575184451,0.709812965206191,1.07447677569567,-0.795935174305939,-0.913204380920677,0.174498894973497,-0.948780578682411,-0.0229894791556115,-0.274516958072391,-0.266720076425782,-0.199964870781194,-0.0311415763320998,0.351144522319393,-0.158506533728573
81103,302.4666667,"[57, 670]",Tundra,-3.79556734902522,-3.16219224495501,0.567838260705415,3.10205539123786,-0.0660234487879782,-0.932536558875298,0.348159130682964,-0.804264195827321,0.39830802727629,-0.491849343262693,0.771080833714442,-0.29112293596059,0.215740505552044,-0.166515297585255,-0.507655777436679
81104,315.4,"[57, 670]",Tundra,-3.27970917996407,-3.19574166707028,0.620814446406359,1.66983303394518,-1.20349337969572,-0.722787832129226,-0.310912848602595,-0.646169475535646,0.182585736105309,-0.780028019554009,-0.177322303915199,0.267664110946627,-0.242231020832187,0.221681728030908,-0.392284104738458
81105,363.4,"[57, 670]",Tundra,-2.77868977854361,-1.81836064851255,0.0771293372380383,0.471118262997357,0.260980410946814,-0.626974205350339,0.313006539299128,-0.471769353583186,0.195684186717475,-0.223162534462614,-0.387855455207993,-0.272138773839516,-0.44565577212418,0.218599770554675,-0.0336030058896453
81106,387.2,"[57, 670]",Tundra,-2.91645119829509,-2.19322828881008,-0.140510263452477,0.375667819913289,-0.502793262677403,0.304811590698206,-0.127630853422662,0.152942682168981,0.0305956285262212,-0.412051241211723,0.627484308408455,-0.0795562642084379,-0.170700989422379,-0.0257878625284727,0.0232693253157351
81107,136.3333333,"[57, 670]",Tundra,-3.33799279508198,-3.83672149316319,0.703473521626567,3.1869496638221,-1.17275530253839,-0.339381258475219,-0.292225482479264,-1.30969380468051,1.93328597252977,-0.0414593754442122,-0.0741690159626245,-0.666181919638843,0.364847249153025,-0.302117286993751,0.0427081405277018
81108,332.9333333,"[57, 670]",Tundra,-2.43317981336944,-2.25625082464156,0.154623472766077,0.710285594698542,-1.04548786476048,-0.912564000241048,0.185320336316064,-0.382713516402054,0.11925347321192,-0.339378664402387,0.00799379852766283,0.0587631285362768,0.0598066583259521,-0.0905224964822184,0.208915890719057
81110,1504.8,"(670, 1652]",Tundra,-2.67294718666428,-0.451256089339129,-1.16223270927758,-0.945445719907796,0.653306632616418,-0.0160731961643414,-0.526466067818041,-0.281135806969077,0.919596966272304,-0.0281612258220212,-0.102738223505312,0.100902799747331,-0.049161000906032,0.311857697365617,0.195852588274786
81111,613.6666667,"[57, 670]",Tundra,-3.64948353982779,-3.12126972240195,0.0585023154854055,1.58924748412606,-0.21361950452557,-0.283435091811197,-0.409899168915749,-0.776729533121243,0.265770527309728,-0.437548703568864,-0.160371985677002,-0.0799340435202602,-0.131285656842996,0.10655108964771,0.154659892045858
81112,518.9333333,"[57, 670]",Tundra,-3.01692060982681,-3.64608818986863,0.467763202999817,1.90026946371357,0.0400502550384885,-1.42662689442496,0.461756035178175,-0.797802221930314,0.41376084444214,-0.107928697948095,-0.177853658591422,-0.232148142647461,0.0114797835915483,-0.196905240045299,-0.0692934748697171
81113,126.0666667,"[57, 670]",Tundra,-4.68752073297016,-1.85913812425964,0.737619968278956,3.04060236779593,-2.4754994460585,-1.63458910430991,-1.4107028334496,-0.269704461604728,0.961683438880624,-0.269046110511414,-0.444983768500418,0.545960019562568,-0.0598950139528503,1.20659385119498,-0.581872277966081
81114,349.2666667,"[57, 670]",Tundra,-3.02596247366389,-1.94129743363412,0.351567838670376,0.841659474513995,-0.982932609658736,-0.50856971943302,0.217333308599303,-0.509242642494624,0.219200091944602,0.0424701304480038,0.175501088125934,-0.00749407517626,-0.0383124361863509,0.327362861066695,0.133117470727145
81201,2957.666667,"(1652, 9633]",Mediterranean Scrub,-2.87807945845936,2.39365876964881,-0.474141359877202,0.210647146204566,-0.864880969543401,-0.070208933700324,-0.0475480914306212,1.18276304277901,-0.0894858223040211,-0.116683423092501,0.366551414876879,0.471617965263562,-0.0456652618600419,0.111358459280024,0.20333873849989
81202,414.6666667,"[57, 670]",Mediterranean Scrub,-2.74899332932125,2.34670855654596,0.83275568168823,-0.221659576659325,0.45663813005745,-0.405265405771243,0.0338045587223081,0.0561245555342329,0.585442756065135,0.470065182828945,0.976633979831293,0.41962291664969,0.0416020176425624,-0.335829223508406,-0.0750731617313852
81203,1104.933333,"(670, 1652]",Mediterranean Scrub,-1.01425233742004,1.95312694929397,-0.111139046313436,-0.696754985720245,-0.402616434315126,0.682976061666991,-0.273090792452997,-0.79308084713215,0.53183834117868,-0.248909000232768,0.408886318867725,0.256774392272641,-0.178784985312655,0.0857561595759436,-0.0403764024788746
81204,1096.666667,"(670, 1652]",Mediterranean Scrub,-3.19273933783696,1.5758359160341,-0.331102308818422,0.323215285370353,0.245295237359428,0.136674058714608,-0.0119194004396669,0.605695098796181,0.427198448949599,0.145272885454687,0.661590886535395,0.747236538726145,-0.291085091160452,0.262251905726843,0.0195070704636986
81205,941.9333333,"(670, 1652]",Mediterranean Scrub,-2.7075284529889,2.71173265681851,-0.747700400566572,0.0478185295390882,-0.387926212818294,0.144704427352137,0.122624776947559,0.63873905714143,-0.0145133455088965,-0.0097696749134705,0.341178967319563,0.475588518446826,-0.152502957233503,0.186773338187505,0.300239013438944
81206,616.4,"[57, 670]",Mediterranean Scrub,-2.5531847554335,2.66617073730756,-0.0484389140694366,0.56789645612861,-0.380828358576655,0.117290438093421,0.360006413041444,0.484337485795783,0.0204312904371552,0.270467950620373,0.520169860678917,0.440150028379627,-0.115007132119267,-0.0558810349401463,0.277227302801051
81207,2077.4,"(1652, 9633]",Mediterranean Scrub,-3.27254148196419,2.2437821567287,0.0360115055585285,0.679793824461068,0.211056544758732,0.486564478699454,0.150434559820954,0.423567878076007,-0.220905691257588,0.00315699494977265,0.453083396668658,0.599900648113376,-0.173699847817053,0.227190328877452,0.188326588232249
81208,2511.4,"(1652, 9633]",Mediterranean Scrub,-2.70834044325387,1.95823252397415,-0.567669795993501,-0.0887936400762793,-0.155050937133681,0.0855374118206547,-0.348500094326334,0.954652476376254,0.0989866490824424,-0.256640403123423,0.347080799752471,0.212834819498267,-0.250667611998765,0.0709447272091012,-0.0507587962490072
81209,4161.466667,"(1652, 9633]",Mediterranean Scrub,-2.38284752888667,1.97231839364201,-0.706066896275669,-0.22603654374539,-0.0577822887886795,0.23663083834325,-0.23680218722626,0.59168751849284,0.0821315462543593,-0.368178152056758,0.415338553663562,0.139855754351714,-0.0407221381522237,0.0146371303117487,-0.102356670626652
81210,1702,"(1652, 9633]",Mediterranean Scrub,-2.60106700998323,1.7524183687335,-0.155158357521132,-0.318624902877721,-0.0469820431644442,-0.210934214148962,0.225756106871434,0.564924330589883,0.239855771045835,0.0466957097808817,0.453328684412809,0.424587106836161,-0.0724406607117908,-0.13416470487855,0.204912163206689
81211,3249.6,"(1652, 9633]",Mediterranean Scrub,-2.76780121615295,1.12988451053719,-0.458454089585695,-0.0789374902696046,0.0597273989214552,-0.0449831573322866,0.0554469394667025,0.480678860999414,0.0881419742438824,0.0286770565023755,0.292305210884786,0.486718263100409,-0.182647613062699,0.00458099197818994,0.19552593894216
81212,708.2666667,"(670, 1652]",Mediterranean Scrub,-1.19856736917827,2.60774417167535,0.179268207199916,-0.0863613871518294,-1.0888474686225,0.277849596830341,-0.310308442575143,-0.482690419961794,-0.144836836161194,-0.0589382335774993,0.171117171037239,0.0273263482962686,-0.0533440806298567,0.195888926104582,0.128507652082903
81213,346.4666667,"[57, 670]",Mediterranean Scrub,-3.34630004378361,3.15563001989207,0.454611550850969,-0.261778654159812,-0.409460527137204,0.155284005982915,-1.43266411806966,-0.827739990919283,0.167327517056194,0.488361659435605,0.611522505889634,0.319500281120664,0.290257634609398,0.140328104334526,0.11966429474321
81214,1969.533333,"(1652, 9633]",Mediterranean Scrub,-2.71631424096566,2.81365565453302,-0.409458501815123,0.205930816548878,-0.229724077180554,0.129697641048387,-0.341640678074714,0.60290007685874,0.0054915901326274,-0.105156440046008,0.458390686416931,0.00597152571649705,-0.248949004690335,0.297352323128289,-0.103036879651874
81215,5081.933333,"(1652, 9633]",Mediterranean Scrub,-2.38061075678205,1.41633693656249,-0.692945958784937,-0.112180861438952,-0.110987134516147,0.017818844283474,-0.0392529300517158,0.496435011164804,0.106763239556327,-0.139899331199721,0.269178755472044,0.339563548475655,-0.0868280042565542,-0.00781715360925173,0.0888571494886669
81216,2335.333333,"(1652, 9633]",Mediterranean Scrub,-2.77992791057656,1.14814346498435,-0.506604802983085,-0.342690476072728,0.0847538596092066,0.218713985385136,-0.162167506975064,0.500998565318134,0.121551993111772,0.0202045983707958,0.444568981221514,0.323722152817047,-0.184522558641829,0.0447568803259702,-0.0762036860964479
81217,2020.066667,"(1652, 9633]",Mediterranean Scrub,-3.05494119137305,2.10496205337716,-0.696573397859436,-0.479453592781282,-0.209208059159608,-0.263025505788914,-0.134457543123748,0.800292978408312,0.206758249833134,-0.373085061063826,0.467986808018632,0.549197919020394,0.0857378679627785,0.328458463273406,0.0305699516617841
81218,946.8,"(670, 1652]",Mediterranean Scrub,-2.78319582941646,1.73282065107996,-0.705995414568357,-0.196809137394624,0.294616926115716,-0.182882112864336,0.0314451404123816,0.380485508682878,0.470454725042086,0.139189269680442,0.548535885205205,0.354170282921782,-0.0632906604144355,0.0289961537234552,0.155540858571178
81219,824.9333333,"(670, 1652]",Mediterranean Scrub,-2.14815139211335,2.61171021812129,-0.194590095651061,-0.243040787163332,-0.727712393191605,0.52231426973126,-0.135616644215714,0.0563819560983213,0.220165014720571,0.116175019939043,0.825007686963896,0.0791009014214288,-0.051294885381436,0.193327168127323,-0.0227444021846542
81220,1178.933333,"(670, 1652]",Mediterranean Scrub,-3.09382468230617,2.76242487177428,-0.72905483797043,0.433248791667179,-0.149153048186288,-0.550745846518709,0.141093022160788,0.79150722815592,0.0494491481583235,-0.443231844053595,0.71572496849931,0.478259203461617,-0.0327808949260663,-0.183710127519244,0.154489191960303
81221,3871.666667,"(1652, 9633]",Mediterranean Scrub,-1.82775782789991,1.83103571841484,-0.169238469560266,-0.244327631587756,-0.346554614480272,0.187781876155717,0.193872703208743,0.49783048537693,-0.00646849684549863,0.0295761539284012,0.523467680385963,0.112584764735846,-0.184172607594404,-0.0482284622752005,-0.0639531996008429
81222,2705.2,"(1652, 9633]",Mediterranean Scrub,-2.7454881981803,1.5130479659112,-0.581806130651363,0.185625527116318,-0.0938107481631999,0.181770212706102,0.195766603641882,0.450315753954743,-0.0311318802554645,0.0362695583840404,0.436367523451161,0.545592848164475,-0.119932260906887,-0.0462315260008458,0.128679173428606
81302,798.4,"(670, 1652]",Deserts & Drylands,-2.09326838164092,-0.0494665399121886,1.82156083580765,0.0561703495970443,1.05857508528834,-0.147455156360969,-0.692681698184404,0.58282423528181,-0.285622692983064,-0.130452517444308,-0.587645969640544,0.0792749212494668,0.704839570478944,-0.339608294244036,-0.155565080258513
81303,885.0666667,"(670, 1652]",Deserts & Drylands,-2.44567268556999,2.11507940167285,0.464050600006335,0.491410483154436,-0.515640549204756,0.861840610939265,-0.547371884689094,0.425752876811718,-0.805929301794105,-0.0884890371734721,0.315087503752289,-0.0222441276899655,0.0209804187881301,-0.00908643298988067,-0.0854796231221662
81305,379.2,"[57, 670]",Deserts & Drylands,-2.60127716662583,2.19236704605764,0.818719832097644,-0.0389958747219069,1.08446628279017,-0.106581936284174,-0.503086338066306,0.242318084331914,1.05887360676793,0.349793030726492,0.00404525164319224,0.201547671751421,0.576553619815361,-0.500959592155163,0.240237046629903
81306,265.9333333,"[57, 670]",Deserts & Drylands,-4.66288975503306,1.81855639468362,0.180061292485952,0.884221120413178,0.6428619747878,0.81161247838909,-1.25293987332315,0.123582399522823,-0.427842148967189,0.55706020184758,-0.222842354721581,0.0348202865989554,0.159449990039437,0.140809883060862,-0.302632295936388
81307,597.1333333,"[57, 670]",Deserts & Drylands,-2.72649274071742,1.75881388363285,0.523629987552712,-0.247176979928713,0.616225108568553,1.28526710316259,-0.740920231723262,0.120135222769756,0.0568734876491206,-0.736597127439894,0.379174166966085,-0.227727323014261,-0.0628412503641501,0.252421727705955,-0.260932994508627
81308,370.2,"[57, 670]",Deserts & Drylands,-2.57756794958351,-0.440466462337973,0.600944365269168,-1.36476115041326,0.570675334317509,1.53527728520014,-0.92767205365522,-0.0155085920775596,-0.154401511570832,-0.0722778839834626,-0.0474469012982707,-0.00846750659864716,0.756851440669215,-0.0855963954220506,0.0212890315294941
81309,305.7333333,"[57, 670]",Deserts & Drylands,-4.44733140736072,2.58742818433973,-0.398778850987803,0.0975994592474285,0.584944928096232,-1.0568416796326,-1.74163472193471,-0.30514357163852,-0.815887262688876,0.269066353228998,-0.50603800245321,-0.0580589916942005,-0.748605424395957,0.245766432423549,-0.496656510292991
81310,403.4666667,"[57, 670]",Deserts & Drylands,-2.55012363832165,1.08182501404641,2.0573861143141,-0.348580664786078,-0.437819481898633,-0.57074200924281,-1.21882357596657,0.671104490519767,-0.671551856992057,1.09486550576502,-0.407110573864588,0.155922793625825,0.443625906643289,0.0095150556831906,-0.0194102192193197
81312,166.2,"[57, 670]",Deserts & Drylands,-4.38317187394122,1.81004176309093,1.3770441258439,0.809150102212672,-0.939997966083365,0.644363968073599,-1.09804878953433,1.45933741264556,-0.301189897196051,1.17258710646139,0.0293429289986045,-0.306264323389109,-0.195199429741608,0.311034716368803,-0.437463291261224
81313,439.3333333,"[57, 670]",Deserts & Drylands,-3.57997682317624,3.01910241837801,0.582670199566352,1.35033696504513,0.480394616550709,-1.12802720230676,-0.992213966626245,-0.278226677104993,-0.653449752720841,0.86965205833165,0.205153709557132,-0.479148149549513,0.210167273908978,0.225219459915591,-0.215484650470896
81314,191.3333333,"[57, 670]",Deserts & Drylands,-2.81464588085261,0.481329579567813,2.05362641660197,-0.200685666233151,1.06077458657196,-0.741931704119074,-0.691917266645077,0.223332019788006,-0.873866298495385,-0.405243491517856,-0.533176181793042,1.03275679411835,0.957225705813846,-0.0602170880032765,-0.551328234133216
81315,108.4,"[57, 670]",Deserts & Drylands,-2.46275777872505,0.351097258172295,1.74841597187471,-0.223771211276556,1.7666989100513,-0.384621770739999,-0.824535356149031,0.199446832246323,-0.190884330499644,-0.622997602549869,-0.944794307635103,1.28317426669824,0.863230143148597,-0.0382057350837047,-0.492843244655056
81316,588,"[57, 670]",Deserts & Drylands,-3.23442050348064,-0.433948713342099,0.898883318958522,0.559188737246589,-0.0372221088261038,-0.555740997933415,0.161339489957037,0.217934440141267,-0.574745072270607,-0.660257673457515,-0.316194507045435,-0.00809779005807954,0.42629388507107,0.225726745451774,-0.2107723683499
81317,1349.6,"(670, 1652]",Deserts & Drylands,-3.03517823550488,0.496382423498917,1.08529559693928,-0.298795616775002,0.678266974911974,-0.241132864114434,-0.658040050794171,0.076496588387947,-0.124650021194569,-0.141872674818438,-0.176487157480765,-0.0872046064528061,0.569702746528399,0.308798874352186,-0.341686813439817
81318,215.8,"[57, 670]",Deserts & Drylands,-2.16867195164555,0.501060035999662,1.36214597770081,-0.625095361182681,-0.125490894571212,-0.891887039813555,-1.20702787766654,0.746632803683187,-0.594726641200269,0.236752281836496,-0.106983497232767,0.00217444947874236,0.563114300135839,0.272358638870097,-0.317258646759323
81320,804.8,"(670, 1652]",Deserts & Drylands,-3.59226821266369,2.50215279962054,0.0076728305369428,0.454231125700717,-0.00821625847627383,0.706505418356314,-0.60223224567537,0.240713552521103,-0.403264537631158,0.332431969716632,0.688711382520138,0.373216312091324,0.0557782781547017,-0.0124025165984618,0.0247796874970179
81321,309.4,"[57, 670]",Deserts & Drylands,-2.5012862591263,2.32949174448007,0.79782630440745,1.42052705448309,-0.2424307379487,0.193738980172615,-1.0541824215938,0.407453028877901,-1.02703180579052,0.261839095614471,0.640083218700022,0.115267130010531,0.527376253021211,0.0875335293537052,-0.209190864772114
81322,208.7333333,"[57, 670]",Deserts & Drylands,-4.88731491200014,1.96404278162147,0.694239530799096,1.26043406063999,0.357622063002743,0.512232201190101,-0.743785969974335,-0.219064400860874,-0.874259263256983,0.42970663997222,-0.314507355722248,0.209492102418651,-0.0714581088604411,0.740542479713299,-0.303512442883923
81323,134.2666667,"[57, 670]",Deserts & Drylands,-1.85806876326344,1.63513930571541,1.33095636271489,0.841731959919281,-1.90701644352232,1.61235136859326,-0.107853653345295,0.794328219312779,-0.0779601056518942,0.725548736128272,0.466649850620775,0.568447990256141,0.851842134413359,0.0871525515390921,0.402621043748006
81324,116.4666667,"[57, 670]",Deserts & Drylands,-2.98469671351596,-0.904341101486343,0.792099404807259,0.261510149220608,1.69003668329204,0.27210145141404,-1.38209677975713,0.842041830400874,-0.748640452998975,-0.451857768086512,-1.34289163751783,0.174754410973607,1.01084608185341,-0.63840765881111,-0.251135211902819
81325,352.1333333,"[57, 670]",Deserts & Drylands,-1.37350497736868,2.37397332545968,0.901089625618168,0.499024363492769,-1.16985839163202,0.60848111682283,-1.07029258689258,-0.0339787004876264,-0.752459052904748,-0.688716175211271,0.847543002639751,-0.416351657408402,0.455482638203584,-0.215886542880036,-0.112418287379884
81327,240.8666667,"[57, 670]",Deserts & Drylands,-1.41674421546623,0.10802226958369,1.91655130138693,2.156405516244,0.271553555327143,1.18354242389728,-0.908258287088337,1.41624449655858,-1.04558719413429,0.201232986289769,0.552824983359589,-0.412297327426117,0.310429385768551,-0.385170639982078,0.0424264041463831
81328,150.2,"[57, 670]",Deserts & Drylands,-2.27297433109922,2.79069960210654,0.631974873342368,1.02352688168638,-0.225356489732803,0.270045506374294,-1.4503647821468,-0.685437229059717,-0.789294676865165,0.202907728040723,-0.0249492662080043,0.346614957982062,0.435141793893758,-0.117005206887418,-0.0869591891688033
81330,890.6,"(670, 1652]",Deserts & Drylands,-2.55485909454485,-0.57908105280692,1.23122909929463,0.0412594381225349,0.936424272340016,0.400312248811575,-1.14052919478728,0.307854040218626,-0.147015575304757,-0.0419769940579827,-0.4421545599292,0.25183043527577,0.179543285686685,-0.368000798615433,-0.109178995821996
