ECO_ID,GF_H,GF_W,GF_SpCo,LC_A,LC_P,LC_SpCo,PH_D,PH_E,PH_SpCo,RS_F,RS_T,RS_SpCo,PT_M,PT_U,PT_SpCo,LS_C,LS_S,LS_SpCo,LM_E,LM_L,LM_SpCo,LV_P,LV_R,LV_SpCo,SS_B,SS_U,SS_SpCo,IF_D,IF_I,IF_SpCo,OP_E,OP_H,OP_SpCo,FS_A,FS_Z,FS_SpCo,PF_C,PF_S,PF_SpCo,FT_D,FT_F,FT_SpCo,FD_D,FD_I,FD_SpCo
10101,0.32089552238806,0.67910447761194,134,0.0144927536231884,0.985507246376812,138,0.0675675675675676,0.932432432432432,74,0.928571428571429,0.0714285714285714,14,0.272727272727273,0.727272727272727,132,0.201492537313433,0.798507462686567,134,0.746835443037975,0.253164556962025,79,0.353535353535354,0.646464646464647,99,0.618320610687023,0.381679389312977,131,0.283464566929134,0.716535433070866,127,0.259259259259259,0.740740740740741,135,0.746376811594203,0.253623188405797,138,0.683333333333333,0.316666666666667,120,0.515384615384615,0.484615384615385,130,0.386363636363636,0.613636363636364,132
10102,0.125,0.875,16,0,1,15,0.2,0.8,10,1,0,1,0.5,0.5,14,0,1,16,0.833333333333333,0.166666666666667,12,0.153846153846154,0.846153846153846,13,0.875,0.125,16,0.470588235294118,0.529411764705882,17,0.352941176470588,0.647058823529412,17,0.75,0.25,16,0.470588235294118,0.529411764705882,17,0.4375,0.5625,16,0.411764705882353,0.588235294117647,17
10103,0.25,0.75,48,0.0217391304347826,0.978260869565217,46,0.1,0.9,20,1,0,1,0.127659574468085,0.872340425531915,47,0.319148936170213,0.680851063829787,47,0.766666666666667,0.233333333333333,30,0.388888888888889,0.611111111111111,36,0.4375,0.5625,48,0.225,0.775,40,0.292682926829268,0.707317073170732,41,0.739130434782609,0.260869565217391,46,0.75,0.25,36,0.571428571428571,0.428571428571429,42,0.536585365853659,0.463414634146342,41
10104,0.269230769230769,0.730769230769231,26,0,1,24,0.1,0.9,10,0.666666666666667,0.333333333333333,3,0.192307692307692,0.807692307692308,26,0.384615384615385,0.615384615384615,26,0.8,0.2,15,0.4375,0.5625,16,0.518518518518519,0.481481481481482,27,0.25,0.75,24,0.4,0.6,25,0.62962962962963,0.37037037037037,27,0.695652173913044,0.304347826086957,23,0.692307692307692,0.307692307692308,26,0.521739130434783,0.478260869565217,23
10105,0.388928067700987,0.611071932299013,2836,0.0338738738738739,0.966126126126126,2775,0.162551440329218,0.837448559670782,972,0.868501529051988,0.131498470948012,327,0.271450265755505,0.728549734244495,2634,0.104810996563574,0.895189003436426,2910,0.755721128259713,0.244278871740287,1879,0.347571942446043,0.652428057553957,2224,0.690824705462335,0.309175294537665,2801,0.382374906646751,0.617625093353249,2678,0.414719218695501,0.585280781304499,2867,0.690444591904446,0.309555408095554,3014,0.624763347216963,0.375236652783037,2641,0.63049853372434,0.36950146627566,2728,0.451073117497272,0.548926882502728,2749
10106,0.170111287758347,0.829888712241653,629,0.0177133655394525,0.982286634460548,621,0.106508875739645,0.893491124260355,338,0.897435897435897,0.102564102564103,39,0.303182579564489,0.696817420435511,597,0.166666666666667,0.833333333333333,636,0.761670761670762,0.238329238329238,407,0.161825726141079,0.838174273858921,482,0.607431340872375,0.392568659127625,619,0.460714285714286,0.539285714285714,560,0.277070063694268,0.722929936305732,628,0.795918367346939,0.204081632653061,637,0.610108303249097,0.389891696750903,554,0.466442953020134,0.533557046979866,596,0.36734693877551,0.63265306122449,588
10107,0.289017341040462,0.710982658959538,519,0.0428571428571429,0.957142857142857,490,0.17351598173516,0.82648401826484,219,0.866666666666667,0.133333333333333,45,0.292585170340681,0.707414829659319,499,0.15678776290631,0.84321223709369,523,0.722560975609756,0.277439024390244,328,0.222513089005236,0.777486910994765,382,0.637254901960784,0.362745098039216,510,0.383157894736842,0.616842105263158,475,0.349146110056926,0.650853889943074,527,0.729241877256318,0.270758122743682,554,0.643010752688172,0.356989247311828,465,0.590196078431373,0.409803921568627,510,0.377952755905512,0.622047244094488,508
10108,0.0740740740740741,0.925925925925926,27,0,1,24,0.0625,0.9375,16,,,0,0.0740740740740741,0.925925925925926,27,0.111111111111111,0.888888888888889,27,0.777777777777778,0.222222222222222,18,0.0434782608695652,0.956521739130435,23,0.444444444444444,0.555555555555556,27,0.55,0.45,20,0.16,0.84,25,0.846153846153846,0.153846153846154,26,0.647058823529412,0.352941176470588,17,0.48,0.52,25,0.36,0.64,25
10109,0.504385964912281,0.495614035087719,228,0.123853211009174,0.876146788990826,218,0.233870967741935,0.766129032258065,124,0.423076923076923,0.576923076923077,52,0.296650717703349,0.703349282296651,209,0.131578947368421,0.868421052631579,228,0.575757575757576,0.424242424242424,165,0.274390243902439,0.725609756097561,164,0.695454545454545,0.304545454545455,220,0.355140186915888,0.644859813084112,214,0.311926605504587,0.688073394495413,218,0.79372197309417,0.20627802690583,223,0.526829268292683,0.473170731707317,205,0.712962962962963,0.287037037037037,216,0.431924882629108,0.568075117370892,213
10110,0.19672131147541,0.80327868852459,122,0.00806451612903226,0.991935483870968,124,0.015625,0.984375,64,1,0,2,0.333333333333333,0.666666666666667,120,0.155038759689923,0.844961240310077,129,0.752941176470588,0.247058823529412,85,0.203883495145631,0.796116504854369,103,0.5859375,0.4140625,128,0.521008403361345,0.478991596638655,119,0.341269841269841,0.658730158730159,126,0.821705426356589,0.178294573643411,129,0.548672566371681,0.451327433628319,113,0.518518518518519,0.481481481481482,108,0.44954128440367,0.55045871559633,109
10111,0.200647249190939,0.799352750809062,618,0.0180327868852459,0.981967213114754,610,0.111821086261981,0.888178913738019,313,0.902439024390244,0.0975609756097561,41,0.2996632996633,0.7003367003367,594,0.163398692810458,0.836601307189543,612,0.74937343358396,0.25062656641604,399,0.194154488517745,0.805845511482255,479,0.601317957166392,0.398682042833608,607,0.421731123388582,0.578268876611418,543,0.251223491027732,0.748776508972268,613,0.759112519809826,0.240887480190174,631,0.640653357531761,0.35934664246824,551,0.5625,0.4375,592,0.38013698630137,0.61986301369863,584
10112,0.269938650306748,0.730061349693252,163,0.00602409638554217,0.993975903614458,166,0.152777777777778,0.847222222222222,72,1,0,14,0.374193548387097,0.625806451612903,155,0.13855421686747,0.86144578313253,166,0.782178217821782,0.217821782178218,101,0.31304347826087,0.686956521739131,115,0.696774193548387,0.303225806451613,155,0.513698630136986,0.486301369863014,146,0.41875,0.58125,160,0.698324022346369,0.301675977653631,179,0.582191780821918,0.417808219178082,146,0.566666666666667,0.433333333333333,150,0.448051948051948,0.551948051948052,154
10113,0.241379310344828,0.758620689655172,2668,0.0244391025641026,0.975560897435897,2496,0.107074569789675,0.892925430210325,1046,0.836363636363636,0.163636363636364,220,0.298394290811775,0.701605709188225,2242,0.0962695547533093,0.903730445246691,2493,0.839586028460543,0.160413971539457,1546,0.231048805815161,0.768951194184839,1926,0.715289256198347,0.284710743801653,2420,0.488429752066116,0.511570247933884,2420,0.347619047619048,0.652380952380952,2520,0.771667880553532,0.228332119446468,2746,0.590268303774443,0.409731696225557,2199,0.538461538461538,0.461538461538462,2301,0.405585106382979,0.594414893617021,2256
10115,0.267791249341065,0.732208750658935,1897,0.0491266375545852,0.950873362445415,1832,0.156028368794326,0.843971631205674,846,0.786666666666667,0.213333333333333,150,0.274393530997305,0.725606469002695,1855,0.162631578947368,0.837368421052632,1900,0.745819397993311,0.254180602006689,1196,0.21551724137931,0.78448275862069,1508,0.616071428571429,0.383928571428571,1904,0.407925407925408,0.592074592074592,1716,0.258403361344538,0.741596638655462,1904,0.742034943473792,0.257965056526208,1946,0.629213483146067,0.370786516853933,1691,0.577548806941432,0.422451193058568,1844,0.379464285714286,0.620535714285714,1792
10116,0.250883392226148,0.749116607773852,283,0.0253623188405797,0.97463768115942,276,0.0948905109489051,0.905109489051095,137,0.904761904761905,0.0952380952380952,21,0.238095238095238,0.761904761904762,273,0.226148409893993,0.773851590106007,283,0.762162162162162,0.237837837837838,185,0.297560975609756,0.702439024390244,205,0.606498194945848,0.393501805054152,277,0.393822393822394,0.606177606177606,259,0.298507462686567,0.701492537313433,268,0.693103448275862,0.306896551724138,290,0.618852459016393,0.381147540983607,244,0.584269662921348,0.415730337078652,267,0.47940074906367,0.52059925093633,267
10117,0.408897704732219,0.591102295267781,3529,0.0859210129635213,0.914078987036479,3317,0.160786581839213,0.839213418160787,1729,0.795719844357977,0.204280155642023,514,0.25,0.75,3148,0.153428571428571,0.846571428571428,3500,0.731310466138962,0.268689533861038,2274,0.304018195602729,0.695981804397271,2638,0.755294117647059,0.244705882352941,3400,0.352511415525114,0.647488584474886,3285,0.289260969976905,0.710739030023095,3464,0.683867309328041,0.316132690671959,3527,0.65618254702436,0.34381745297564,3243,0.664601769911505,0.335398230088496,3390,0.448024316109423,0.551975683890578,3290
10118,0.290322580645161,0.709677419354839,93,0.0111111111111111,0.988888888888889,90,0.131578947368421,0.868421052631579,38,0.909090909090909,0.0909090909090909,11,0.255555555555556,0.744444444444445,90,0.118279569892473,0.881720430107527,93,0.845070422535211,0.154929577464789,71,0.234567901234568,0.765432098765432,81,0.608695652173913,0.391304347826087,92,0.342857142857143,0.657142857142857,70,0.366666666666667,0.633333333333333,90,0.580645161290323,0.419354838709677,93,0.715909090909091,0.284090909090909,88,0.744444444444445,0.255555555555556,90,0.606741573033708,0.393258426966292,89
10119,0.402017291066282,0.597982708933718,694,0.0268256333830104,0.97317436661699,671,0.126984126984127,0.873015873015873,252,0.901234567901234,0.0987654320987654,81,0.237956204379562,0.762043795620438,685,0.097841726618705,0.902158273381295,695,0.794466403162055,0.205533596837945,506,0.404553415061296,0.595446584938704,571,0.674418604651163,0.325581395348837,688,0.406050955414013,0.593949044585987,628,0.434846266471449,0.565153733528551,683,0.621659634317862,0.378340365682138,711,0.696774193548387,0.303225806451613,620,0.653673163418291,0.346326836581709,667,0.516516516516517,0.483483483483484,666
10120,0.324240545567266,0.675759454432734,3226,0.0436305732484076,0.956369426751592,3140,0.136260408781226,0.863739591218774,1321,0.840390879478827,0.159609120521173,307,0.276679841897233,0.723320158102767,3036,0.13914373088685,0.86085626911315,3270,0.752371916508539,0.247628083491461,2108,0.284671532846715,0.715328467153285,2466,0.670739348370927,0.329260651629073,3192,0.403514588859416,0.596485411140584,3016,0.337316176470588,0.662683823529412,3264,0.73349126443589,0.26650873556411,3377,0.628619528619529,0.371380471380471,2970,0.5972894482091,0.4027105517909,3099,0.414990266060999,0.585009733939001,3082
10121,0.226415094339623,0.773584905660377,371,0.0391061452513967,0.960893854748603,358,0.0853080568720379,0.914691943127962,211,0.846153846153846,0.153846153846154,26,0.270516717325228,0.729483282674772,329,0.174033149171271,0.825966850828729,362,0.776190476190476,0.223809523809524,210,0.222627737226277,0.777372262773723,274,0.644886363636364,0.355113636363636,352,0.316923076923077,0.683076923076923,325,0.223796033994334,0.776203966005666,353,0.785326086956522,0.214673913043478,368,0.685245901639344,0.314754098360656,305,0.574344023323615,0.425655976676385,343,0.385294117647059,0.614705882352941,340
10122,0.223039215686275,0.776960784313726,408,0.0304568527918782,0.969543147208122,394,0.085427135678392,0.914572864321608,199,0.826086956521739,0.173913043478261,23,0.283163265306122,0.716836734693878,392,0.185542168674699,0.814457831325301,415,0.736220472440945,0.263779527559055,254,0.177777777777778,0.822222222222222,315,0.568292682926829,0.431707317073171,410,0.396825396825397,0.603174603174603,378,0.263157894736842,0.736842105263158,399,0.802352941176471,0.197647058823529,425,0.6301775147929,0.369822485207101,338,0.55012853470437,0.44987146529563,389,0.38961038961039,0.61038961038961,385
10123,0.279596977329975,0.720403022670025,794,0.0499359795134443,0.950064020486556,781,0.143181818181818,0.856818181818182,440,0.686274509803922,0.313725490196078,51,0.284031413612565,0.715968586387435,764,0.160847880299252,0.839152119700748,802,0.71780303030303,0.28219696969697,528,0.1743264659271,0.8256735340729,631,0.628172588832487,0.371827411167513,788,0.416781292984869,0.583218707015131,727,0.271683673469388,0.728316326530612,784,0.755555555555556,0.244444444444444,810,0.596368715083799,0.403631284916201,716,0.479434447300771,0.520565552699229,778,0.360419397116645,0.639580602883355,763
10124,0.372822299651568,0.627177700348432,861,0.0242494226327945,0.975750577367205,866,0.103542234332425,0.896457765667575,367,0.897058823529412,0.102941176470588,68,0.269916765755054,0.730083234244947,841,0.112866817155756,0.887133182844244,886,0.712374581939799,0.287625418060201,598,0.337159253945481,0.662840746054519,697,0.708571428571429,0.291428571428571,875,0.342039800995025,0.657960199004975,804,0.422764227642276,0.577235772357724,861,0.636465324384787,0.363534675615213,894,0.563882063882064,0.436117936117936,814,0.544405997693195,0.455594002306805,867,0.436848203939745,0.563151796060255,863
10125,0.203980099502488,0.796019900497513,201,0.00495049504950495,0.995049504950495,202,0.0824742268041237,0.917525773195876,97,1,0,12,0.303664921465969,0.696335078534031,191,0.14070351758794,0.85929648241206,199,0.67479674796748,0.32520325203252,123,0.291139240506329,0.708860759493671,158,0.592964824120603,0.407035175879397,199,0.405555555555556,0.594444444444445,180,0.331683168316832,0.668316831683168,202,0.764423076923077,0.235576923076923,208,0.6,0.4,175,0.497237569060774,0.502762430939227,181,0.409836065573771,0.59016393442623,183
10126,0.376574307304786,0.623425692695214,794,0.0563564875491481,0.943643512450852,763,0.177377892030848,0.822622107969152,389,0.752475247524752,0.247524752475248,101,0.289405684754522,0.710594315245478,774,0.140328697850822,0.859671302149178,791,0.67379679144385,0.32620320855615,561,0.278877887788779,0.721122112211221,606,0.678980891719745,0.321019108280255,785,0.3994708994709,0.600529100529101,756,0.337106918238994,0.662893081761006,795,0.709756097560976,0.290243902439024,820,0.611420612813371,0.38857938718663,718,0.600770218228498,0.399229781771502,779,0.404947916666667,0.595052083333333,768
10127,0.228511530398323,0.771488469601677,477,0.020703933747412,0.979296066252588,483,0.110204081632653,0.889795918367347,245,0.95,0.05,20,0.231111111111111,0.768888888888889,450,0.146938775510204,0.853061224489796,490,0.709480122324159,0.290519877675841,327,0.22279792746114,0.77720207253886,386,0.622916666666667,0.377083333333333,480,0.365740740740741,0.634259259259259,432,0.294759825327511,0.705240174672489,458,0.748502994011976,0.251497005988024,501,0.566985645933014,0.433014354066986,418,0.532731376975169,0.467268623024831,443,0.444943820224719,0.555056179775281,445
10128,0.224184782608696,0.775815217391304,736,0.0111731843575419,0.988826815642458,716,0.078125,0.921875,384,0.846153846153846,0.153846153846154,52,0.225071225071225,0.774928774928775,702,0.197278911564626,0.802721088435374,735,0.751072961373391,0.248927038626609,466,0.244036697247706,0.755963302752294,545,0.593619972260749,0.406380027739251,721,0.384493670886076,0.615506329113924,632,0.279202279202279,0.720797720797721,702,0.755376344086022,0.244623655913979,744,0.662939297124601,0.337060702875399,626,0.548991354466859,0.451008645533141,694,0.447024673439768,0.552975326560232,689
10201,0.393081761006289,0.606918238993711,318,0.0863787375415282,0.913621262458472,301,0.216049382716049,0.783950617283951,162,0.82051282051282,0.17948717948718,39,0.244372990353698,0.755627009646302,311,0.178125,0.821875,320,0.62280701754386,0.37719298245614,228,0.172,0.828,250,0.61198738170347,0.38801261829653,317,0.450847457627119,0.549152542372881,295,0.220447284345048,0.779552715654952,313,0.686520376175549,0.313479623824451,319,0.682432432432433,0.317567567567568,296,0.603225806451613,0.396774193548387,310,0.485436893203884,0.514563106796117,309
10202,0.249712313003452,0.750287686996548,869,0.0472727272727273,0.952727272727273,825,0.151832460732984,0.848167539267016,382,0.726190476190476,0.273809523809524,84,0.291044776119403,0.708955223880597,804,0.135491606714628,0.864508393285372,834,0.793040293040293,0.206959706959707,546,0.205882352941176,0.794117647058824,646,0.721822541966427,0.278177458033573,834,0.514742014742015,0.485257985257985,814,0.241339491916859,0.758660508083141,866,0.775082690187431,0.224917309812569,907,0.600765306122449,0.399234693877551,784,0.578419071518193,0.421580928481807,797,0.37012987012987,0.62987012987013,770
10203,0.375,0.625,8,0.125,0.875,8,0,1,1,,,0,0,1,8,0.5,0.5,8,0.666666666666667,0.333333333333333,3,0.5,0.5,6,0.625,0.375,8,0.142857142857143,0.857142857142857,7,0,1,8,0.25,0.75,8,0.857142857142857,0.142857142857143,7,1,0,8,0.625,0.375,8
10204,0.557522123893805,0.442477876106195,339,0.186335403726708,0.813664596273292,322,0.258823529411765,0.741176470588235,170,0.630769230769231,0.369230769230769,65,0.239393939393939,0.760606060606061,330,0.192878338278932,0.807121661721068,337,0.591666666666667,0.408333333333333,240,0.255555555555556,0.744444444444445,270,0.70414201183432,0.29585798816568,338,0.395061728395062,0.604938271604938,324,0.182352941176471,0.817647058823529,340,0.647761194029851,0.352238805970149,335,0.640625,0.359375,320,0.771513353115727,0.228486646884273,337,0.465465465465466,0.534534534534535,333
10401,0.786729857819905,0.213270142180095,211,0.126315789473684,0.873684210526316,190,0.283582089552239,0.716417910447761,67,0.4875,0.5125,80,0.171052631578947,0.828947368421053,152,0.0742574257425743,0.925742574257426,202,0.535087719298246,0.464912280701754,114,0.492307692307692,0.507692307692308,130,0.73134328358209,0.26865671641791,201,0.283582089552239,0.716417910447761,201,0.419191919191919,0.580808080808081,198,0.802955665024631,0.197044334975369,203,0.597989949748744,0.402010050251256,199,0.881443298969072,0.118556701030928,194,0.447916666666667,0.552083333333333,192
10402,0.501851851851852,0.498148148148148,7020,0.11527244819647,0.88472755180353,6515,0.220643939393939,0.779356060606061,3168,0.568412162162162,0.431587837837838,1184,0.198231653404067,0.801768346595933,5655,0.126841484973483,0.873158515026517,6788,0.658969804618117,0.341030195381883,3941,0.404192298929141,0.595807701070859,4389,0.822448359659781,0.177551640340219,6584,0.292039493983338,0.707960506016662,6482,0.321360504324879,0.678639495675121,6821,0.624441562184753,0.375558437815247,6939,0.629103679951138,0.370896320048862,6549,0.830861423220974,0.169138576779026,6675,0.526159612681556,0.473840387318445,6403
10403,0.729349736379613,0.270650263620387,569,0.0357852882703777,0.964214711729622,503,0.169811320754717,0.830188679245283,159,0.700854700854701,0.299145299145299,117,0.250737463126844,0.749262536873156,339,0.054,0.946,500,0.682795698924731,0.317204301075269,186,0.585443037974684,0.414556962025316,316,0.745182012847966,0.254817987152034,467,0.243727598566308,0.756272401433692,558,0.455035971223022,0.544964028776978,556,0.799313893653516,0.200686106346484,583,0.546448087431694,0.453551912568306,549,0.918287937743191,0.0817120622568093,514,0.431683168316832,0.568316831683168,505
10404,0.751918158567775,0.248081841432225,1173,0.0856067732831609,0.914393226716839,1063,0.245333333333333,0.754666666666667,375,0.526785714285714,0.473214285714286,336,0.229647630619684,0.770352369380316,823,0.0635208711433757,0.936479128856624,1102,0.64367816091954,0.35632183908046,522,0.54368932038835,0.456310679611651,721,0.774621212121212,0.225378787878788,1056,0.261739130434783,0.738260869565217,1150,0.396031061259707,0.603968938740293,1159,0.766722408026756,0.233277591973244,1196,0.562280701754386,0.437719298245614,1140,0.895549500454133,0.104450499545867,1101,0.452865064695009,0.547134935304991,1082
10405,0.626150306748466,0.373849693251534,2608,0.126277073968124,0.873722926031876,2447,0.40133779264214,0.59866220735786,1196,0.453083109919571,0.546916890080429,746,0.210729821169647,0.789270178830353,2069,0.114443567482242,0.885556432517759,2534,0.53530895334174,0.46469104665826,1586,0.408746355685131,0.591253644314869,1715,0.763917106867127,0.236082893132873,2461,0.278747026169707,0.721252973830293,2522,0.351614157915208,0.648385842084792,2571,0.722265023112481,0.277734976887519,2596,0.601239669421488,0.398760330578512,2420,0.85081771041085,0.14918228958915,2507,0.455864570737606,0.544135429262394,2481
10406,0.623749456285342,0.376250543714659,2299,0.155038759689923,0.844961240310077,2193,0.377272727272727,0.622727272727273,1100,0.422727272727273,0.577272727272727,660,0.228014744602422,0.771985255397578,1899,0.127096204766108,0.872903795233892,2266,0.527871054398926,0.472128945601075,1489,0.398384925975774,0.601615074024226,1486,0.777828259881872,0.222171740118128,2201,0.298405466970387,0.701594533029613,2195,0.322967569968903,0.677032430031097,2251,0.718777292576419,0.281222707423581,2290,0.586271744240715,0.413728255759285,2127,0.829268292682927,0.170731707317073,2214,0.453125,0.546875,2176
10407,0.728426395939086,0.271573604060914,394,0.046070460704607,0.953929539295393,369,0.195121951219512,0.804878048780488,123,0.604838709677419,0.395161290322581,124,0.237410071942446,0.762589928057554,278,0.0626702997275204,0.93732970027248,367,0.619318181818182,0.380681818181818,176,0.510460251046025,0.489539748953975,239,0.734870317002882,0.265129682997118,347,0.280205655526992,0.719794344473008,389,0.474358974358974,0.525641025641026,390,0.778054862842893,0.221945137157107,401,0.59375,0.40625,384,0.872576177285319,0.127423822714681,361,0.420168067226891,0.579831932773109,357
10408,0.71957671957672,0.28042328042328,1323,0.160392798690671,0.839607201309329,1222,0.349900596421471,0.650099403578529,503,0.403301886792453,0.596698113207547,424,0.220061412487206,0.779938587512794,977,0.109250398724083,0.890749601275917,1254,0.520289855072464,0.479710144927536,690,0.476658476658477,0.523341523341523,814,0.779786359901397,0.220213640098603,1217,0.280525502318393,0.719474497681607,1294,0.361216730038023,0.638783269961977,1315,0.73438675696012,0.26561324303988,1329,0.586342229199372,0.413657770800628,1274,0.876777251184834,0.123222748815166,1266,0.443815683104285,0.556184316895716,1237
10409,0.595662562029039,0.404337437970961,5441,0.135200483578481,0.864799516421519,4963,0.268939393939394,0.731060606060606,2112,0.473938223938224,0.526061776061776,1036,0.160913952357803,0.839086047642197,4114,0.0939022014416521,0.906097798558348,5133,0.646548733957683,0.353451266042317,2883,0.499048223350254,0.500951776649746,3152,0.848710717163578,0.151289282836422,4964,0.255140746656019,0.744859253343981,5009,0.369133918351774,0.630866081648226,5242,0.596428571428571,0.403571428571429,5320,0.63639891346527,0.36360108653473,5154,0.897907787679194,0.102092212320806,5162,0.552284263959391,0.447715736040609,4925
10410,0.698027314112291,0.301972685887709,659,0.109120521172638,0.890879478827362,614,0.31203007518797,0.68796992481203,266,0.410958904109589,0.589041095890411,219,0.274678111587983,0.725321888412017,466,0.0858995137763371,0.914100486223663,617,0.510769230769231,0.489230769230769,325,0.438961038961039,0.561038961038961,385,0.787564766839378,0.212435233160622,579,0.297297297297297,0.702702702702703,629,0.411302982731554,0.588697017268446,637,0.770739064856712,0.229260935143288,663,0.578947368421053,0.421052631578947,627,0.861666666666667,0.138333333333333,600,0.443877551020408,0.556122448979592,588
10411,0.747637576431351,0.252362423568649,1799,0.182783018867925,0.817216981132076,1696,0.333892617449664,0.666107382550336,596,0.419413919413919,0.580586080586081,546,0.161216730038023,0.838783269961977,1315,0.0988372093023256,0.901162790697675,1720,0.574267782426778,0.425732217573222,956,0.565464895635674,0.434535104364326,1054,0.829034193161368,0.170965806838632,1667,0.240535818287711,0.759464181712289,1717,0.341965862271925,0.658034137728075,1699,0.639297848244621,0.360702151755379,1766,0.639608520437536,0.360391479562464,1737,0.933333333333333,0.0666666666666667,1710,0.49483282674772,0.50516717325228,1645
10412,0.72209026128266,0.27790973871734,1684,0.151724137931034,0.848275862068966,1595,0.24390243902439,0.75609756097561,533,0.473799126637555,0.526200873362445,458,0.156831042845594,0.843168957154406,1237,0.0888610763454318,0.911138923654568,1598,0.639455782312925,0.360544217687075,882,0.589566929133858,0.410433070866142,1016,0.834957764782326,0.165042235217674,1539,0.249375,0.750625,1600,0.367794486215539,0.632205513784461,1596,0.614501510574018,0.385498489425982,1655,0.647530864197531,0.352469135802469,1620,0.931056293485136,0.068943706514864,1581,0.525165562913907,0.474834437086093,1510
10413,0.720323182100684,0.279676817899316,1609,0.132585751978892,0.867414248021108,1516,0.281663516068053,0.718336483931947,529,0.485915492957747,0.514084507042254,426,0.156697556866049,0.843302443133951,1187,0.0894255874673629,0.910574412532637,1532,0.630662020905923,0.369337979094077,861,0.595876288659794,0.404123711340206,970,0.822613405551794,0.177386594448206,1477,0.232435981615233,0.767564018384767,1523,0.378360215053763,0.621639784946237,1488,0.622867972204675,0.377132027795325,1583,0.634114583333333,0.365885416666667,1536,0.935333333333333,0.0646666666666667,1500,0.527932960893855,0.472067039106145,1432
10414,0.683823529411765,0.316176470588235,544,0.0476190476190476,0.952380952380952,504,0.256544502617801,0.743455497382199,191,0.68421052631579,0.315789473684211,152,0.253333333333333,0.746666666666667,375,0.0552268244575937,0.944773175542406,507,0.626126126126126,0.373873873873874,222,0.549079754601227,0.450920245398773,326,0.742980561555076,0.257019438444924,463,0.279693486590038,0.720306513409962,522,0.427466150870406,0.572533849129594,517,0.773722627737226,0.226277372262774,548,0.593625498007968,0.406374501992032,502,0.853556485355649,0.146443514644351,478,0.416666666666667,0.583333333333333,468
10701,0.595645412130638,0.404354587869362,2572,0.222573363431151,0.777426636568849,2215,0.25251256281407,0.74748743718593,796,0.803532008830022,0.196467991169978,453,0.233811386353759,0.766188613646241,2301,0.144418423106948,0.855581576893052,2562,0.706010137581463,0.293989862418537,1381,0.39002624671916,0.60997375328084,1905,0.816302186878728,0.183697813121272,2515,0.339754098360656,0.660245901639344,2440,0.214785992217899,0.785214007782101,2570,0.621684867394696,0.378315132605304,2564,0.664777327935223,0.335222672064777,2470,0.812623274161736,0.187376725838264,2535,0.482772764561116,0.517227235438884,2438
10702,0.535043244855353,0.464956755144647,3353,0.15651328580687,0.84348671419313,3086,0.228386167146974,0.771613832853026,1388,0.654867256637168,0.345132743362832,565,0.192699192699193,0.807300807300807,2849,0.129307715767002,0.870692284232998,3279,0.669790518191841,0.330209481808159,1814,0.3914949583516,0.6085050416484,2281,0.806881587104774,0.193118412895226,3226,0.296870060069554,0.703129939930446,3163,0.262563187630092,0.737436812369908,3363,0.627118644067797,0.372881355932203,3363,0.645352464129757,0.354647535870243,3206,0.819010021257212,0.180989978742788,3293,0.472652545052166,0.527347454947834,3163
10703,0.494413407821229,0.505586592178771,2506,0.139130434782609,0.860869565217391,2300,0.203921568627451,0.796078431372549,1020,0.851758793969849,0.148241206030151,398,0.245404018811458,0.754595981188542,2339,0.145346534653465,0.854653465346535,2525,0.736807817589577,0.263192182410424,1535,0.354166666666667,0.645833333333333,1968,0.759371221281741,0.240628778718259,2481,0.356164383561644,0.643835616438356,2409,0.259581193204267,0.740418806795733,2531,0.659153815737446,0.340846184262554,2529,0.667927700714586,0.332072299285414,2379,0.73603856970671,0.263961430293291,2489,0.466364011555922,0.533635988444078,2423
10704,0.634119583104772,0.365880416895228,1823,0.249199231262012,0.750800768737989,1561,0.271758436944938,0.728241563055062,563,0.810650887573965,0.189349112426036,338,0.178378378378378,0.821621621621622,1665,0.128021978021978,0.871978021978022,1820,0.695329087048832,0.304670912951168,942,0.451589595375723,0.548410404624278,1384,0.828555368184373,0.171444631815627,1779,0.301020408163265,0.698979591836735,1764,0.19534632034632,0.80465367965368,1848,0.589856670341786,0.410143329658214,1814,0.689402480270575,0.310597519729425,1774,0.85945945945946,0.140540540540541,1850,0.475473801560758,0.524526198439242,1794
10705,0.484444444444445,0.515555555555556,2925,0.134881978269015,0.865118021730985,2669,0.199369582348306,0.800630417651694,1269,0.752913752913753,0.247086247086247,429,0.227168073676132,0.772831926323868,2606,0.14668498797664,0.85331501202336,2911,0.714533873769543,0.285466126230457,1727,0.352014821676702,0.647985178323298,2159,0.78801681850035,0.21198318149965,2854,0.320494186046512,0.679505813953488,2752,0.252307692307692,0.747692307692308,2925,0.654434250764526,0.345565749235474,2943,0.660007264802034,0.339992735197966,2753,0.754854368932039,0.245145631067961,2884,0.470165348670022,0.529834651329978,2782
10706,0.595647193585338,0.404352806414662,2619,0.229185727355901,0.770814272644099,2186,0.293963254593176,0.706036745406824,762,0.754060324825986,0.245939675174014,431,0.19661733615222,0.80338266384778,2365,0.146630934150077,0.853369065849923,2612,0.669308357348703,0.330691642651297,1388,0.385015608740895,0.614984391259105,1922,0.82252427184466,0.17747572815534,2575,0.323008849557522,0.676991150442478,2486,0.196286472148541,0.803713527851459,2639,0.589831804281346,0.410168195718654,2616,0.672963400236128,0.327036599763873,2541,0.84206529992407,0.15793470007593,2634,0.505715411903823,0.494284588096177,2537
10707,0.62124849939976,0.37875150060024,1666,0.210889042039972,0.789110957960028,1451,0.249534450651769,0.750465549348231,537,0.669117647058824,0.330882352941176,272,0.157342657342657,0.842657342657343,1430,0.120072771376592,0.879927228623408,1649,0.685610640870617,0.314389359129383,827,0.455729166666667,0.544270833333333,1152,0.827858880778589,0.172141119221411,1644,0.291147132169576,0.708852867830424,1604,0.22974537037037,0.77025462962963,1728,0.57773851590106,0.42226148409894,1698,0.651533742331288,0.348466257668712,1630,0.88113542282673,0.11886457717327,1691,0.473878303626306,0.526121696373694,1627
10708,0.514986376021798,0.485013623978202,367,0.193548387096774,0.806451612903226,341,0.138888888888889,0.861111111111111,180,0.984375,0.015625,64,0.222560975609756,0.777439024390244,328,0.103260869565217,0.896739130434783,368,0.735294117647059,0.264705882352941,204,0.401360544217687,0.598639455782313,294,0.752840909090909,0.247159090909091,352,0.306818181818182,0.693181818181818,352,0.255434782608696,0.744565217391304,368,0.654696132596685,0.345303867403315,362,0.736070381231672,0.263929618768328,341,0.747222222222222,0.252777777777778,360,0.38,0.62,350
10709,0.600624024960998,0.399375975039002,1282,0.236263736263736,0.763736263736264,1092,0.287469287469287,0.712530712530713,407,0.743718592964824,0.256281407035176,199,0.172265288544358,0.827734711455642,1161,0.141185647425897,0.858814352574103,1282,0.676783004552352,0.323216995447648,659,0.4350580781415,0.564941921858501,947,0.818685669041964,0.181314330958036,1263,0.288149350649351,0.711850649350649,1232,0.191097467382962,0.808902532617038,1303,0.573564122738002,0.426435877261998,1271,0.679518072289157,0.320481927710843,1245,0.866359447004608,0.133640552995392,1302,0.497250589159466,0.502749410840534,1273
10801,0.714866696791686,0.285133303208315,2213,0.159803921568627,0.840196078431373,2040,0.450610432852386,0.549389567147614,901,0.356643356643357,0.643356643356643,715,0.213936430317848,0.786063569682152,1636,0.124461464815701,0.875538535184299,2089,0.496753246753247,0.503246753246753,1232,0.429871114480667,0.570128885519333,1319,0.792953667953668,0.207046332046332,2072,0.273732718894009,0.726267281105991,2170,0.333483958427474,0.666516041572526,2213,0.744728577837595,0.255271422162405,2229,0.60473757547608,0.39526242452392,2153,0.879963065558633,0.120036934441367,2166,0.442407146215327,0.557592853784673,2127
10802,0.678747940691928,0.321252059308073,1214,0.263011152416357,0.736988847583643,1076,0.25,0.75,364,0.535714285714286,0.464285714285714,224,0.158008658008658,0.841991341991342,924,0.0861618798955614,0.913838120104439,1149,0.659284497444634,0.340715502555366,587,0.47041847041847,0.52958152958153,693,0.81032947462155,0.189670525378451,1123,0.27689594356261,0.72310405643739,1134,0.309562398703404,0.690437601296597,1234,0.627146361406378,0.372853638593622,1223,0.589041095890411,0.410958904109589,1168,0.894736842105263,0.105263157894737,1216,0.425974025974026,0.574025974025974,1155
10803,0.657371794871795,0.342628205128205,3120,0.225590412407473,0.774409587592527,2837,0.301357466063348,0.698642533936652,1105,0.452418096723869,0.547581903276131,641,0.159542953872196,0.840457046127804,2363,0.100817438692098,0.899182561307902,2936,0.626769626769627,0.373230373230373,1554,0.471866295264624,0.528133704735376,1795,0.82418734708144,0.17581265291856,2861,0.262078554049357,0.737921445950643,2877,0.318850049003594,0.681149950996406,3061,0.618641286511323,0.381358713488677,3047,0.62356515867657,0.37643484132343,2962,0.894281914893617,0.105718085106383,3008,0.483009708737864,0.516990291262136,2884
11001,0.694606413994169,0.305393586005831,1372,0.112980769230769,0.887019230769231,1248,0.254950495049505,0.745049504950495,404,0.43312101910828,0.56687898089172,314,0.181818181818182,0.818181818181818,935,0.0829975825946817,0.917002417405318,1241,0.596358118361153,0.403641881638847,659,0.546174142480211,0.453825857519789,758,0.845648604269294,0.154351395730706,1218,0.244131455399061,0.755868544600939,1278,0.400304414003044,0.599695585996956,1314,0.618154538634659,0.381845461365341,1333,0.605580693815988,0.394419306184012,1326,0.941176470588235,0.0588235294117647,1292,0.504410585404972,0.495589414595028,1247
11002,0.543455497382199,0.456544502617801,955,0.0538990825688074,0.946100917431193,872,0.216450216450216,0.783549783549784,231,0.807692307692308,0.192307692307692,156,0.224489795918367,0.775510204081633,784,0.0629669156883671,0.937033084311633,937,0.645907473309609,0.354092526690391,562,0.446175637393768,0.553824362606232,706,0.766990291262136,0.233009708737864,927,0.302083333333333,0.697916666666667,960,0.440968718466196,0.559031281533804,991,0.70555032925682,0.29444967074318,1063,0.575819672131147,0.424180327868852,976,0.728706624605678,0.271293375394322,951,0.41304347826087,0.586956521739131,966
11003,0.753333333333333,0.246666666666667,1350,0.0936170212765957,0.906382978723404,1175,0.291457286432161,0.708542713567839,398,0.469333333333333,0.530666666666667,375,0.223760092272203,0.776239907727797,867,0.0842191332788226,0.915780866721177,1223,0.55083179297597,0.44916820702403,541,0.536523929471033,0.463476070528967,794,0.779264214046823,0.220735785953177,1196,0.236243580337491,0.763756419662509,1363,0.391654465592972,0.608345534407028,1366,0.771489971346705,0.228510028653295,1396,0.558867362146051,0.441132637853949,1342,0.910769230769231,0.0892307692307692,1300,0.44131455399061,0.55868544600939,1278
11101,0.895705521472393,0.104294478527607,163,0.0758620689655172,0.924137931034483,145,0.129032258064516,0.870967741935484,31,0.456140350877193,0.543859649122807,57,0.163461538461538,0.836538461538462,104,0.0486111111111111,0.951388888888889,144,0.76271186440678,0.23728813559322,59,0.680851063829787,0.319148936170213,94,0.77027027027027,0.22972972972973,148,0.26219512195122,0.737804878048781,164,0.409937888198758,0.590062111801242,161,0.732142857142857,0.267857142857143,168,0.662576687116564,0.337423312883436,163,0.974683544303798,0.0253164556962025,158,0.455696202531646,0.544303797468355,158
11201,0.39124755062051,0.608752449379491,1531,0.173106646058733,0.826893353941267,1294,0.125461254612546,0.874538745387454,542,0.518518518518519,0.481481481481482,108,0.166324435318275,0.833675564681725,974,0.0471428571428571,0.952857142857143,1400,0.801418439716312,0.198581560283688,705,0.330287206266319,0.669712793733681,766,0.900145772594752,0.0998542274052478,1372,0.268049155145929,0.731950844854071,1302,0.397278911564626,0.602721088435374,1470,0.579947575360419,0.420052424639581,1526,0.541052631578947,0.458947368421053,1425,0.889842632331903,0.110157367668097,1398,0.593194122196442,0.406805877803558,1293
11202,0.363396004700353,0.636603995299648,3404,0.092372288313506,0.907627711686494,2858,0.109225092250923,0.890774907749078,1355,0.684782608695652,0.315217391304348,276,0.121450415028397,0.878549584971603,2289,0.0449578520137371,0.955042147986263,3203,0.788617886178862,0.211382113821138,1599,0.358664363845711,0.641335636154289,1737,0.90365551425031,0.0963444857496902,3228,0.245327102803738,0.754672897196262,2996,0.39628085924976,0.603719140750241,3119,0.555523000292997,0.444476999707003,3413,0.597774244833068,0.402225755166932,3145,0.899608865710561,0.100391134289439,3068,0.674165457184325,0.325834542815675,2756
11203,0.658297611757502,0.341702388242499,1633,0.259810554803789,0.740189445196211,1478,0.325095057034221,0.67490494296578,526,0.396969696969697,0.603030303030303,330,0.133784928027096,0.866215071972904,1181,0.0708306503541533,0.929169349645847,1553,0.66388557806913,0.33611442193087,839,0.485869565217391,0.514130434782609,920,0.840648210668467,0.159351789331533,1481,0.263228399196249,0.736771600803751,1493,0.361862806796728,0.638137193203272,1589,0.606587942821628,0.393412057178372,1609,0.61651728553137,0.38348271446863,1562,0.90032154340836,0.0996784565916399,1555,0.508795669824087,0.491204330175913,1478
11204,0.595051297525649,0.404948702474351,1657,0.120689655172414,0.879310344827586,1450,0.213051823416507,0.786948176583493,521,0.618110236220472,0.381889763779528,254,0.122331691297209,0.877668308702791,1218,0.0685714285714286,0.931428571428571,1575,0.725316455696203,0.274683544303798,790,0.519002375296912,0.480997624703088,842,0.85968253968254,0.14031746031746,1575,0.224010731052985,0.775989268947016,1491,0.391012743125419,0.608987256874581,1491,0.557856272838003,0.442143727161998,1642,0.662729658792651,0.337270341207349,1524,0.908023483365949,0.0919765166340509,1533,0.639679066374909,0.360320933625091,1371
11205,0.566343042071198,0.433656957928803,2472,0.160259379342288,0.839740620657712,2159,0.220447284345048,0.779552715654952,939,0.585365853658537,0.414634146341463,410,0.111419068736142,0.888580931263858,1804,0.0716694772344014,0.928330522765599,2372,0.700499168053245,0.299500831946755,1202,0.48394495412844,0.51605504587156,1308,0.859521776259607,0.140478223740393,2342,0.223011994669036,0.776988005330964,2251,0.361333333333333,0.638666666666667,2250,0.586770110249081,0.413229889750919,2449,0.633068081343943,0.366931918656057,2262,0.897058823529412,0.102941176470588,2312,0.600374356574637,0.399625643425363,2137
11206,0.667830811020567,0.332169188979433,2577,0.208211143695015,0.791788856304985,2387,0.353255069370331,0.646744930629669,937,0.412251655629139,0.587748344370861,604,0.161503301168106,0.838496698831894,1969,0.0951996772892295,0.90480032271077,2479,0.620305980528512,0.379694019471488,1438,0.503272251308901,0.496727748691099,1528,0.837871805613741,0.162128194386259,2387,0.28023352793995,0.71976647206005,2398,0.346370967741936,0.653629032258065,2480,0.612277227722772,0.387722772277228,2525,0.633739837398374,0.366260162601626,2460,0.888616891064872,0.111383108935129,2451,0.510126582278481,0.489873417721519,2370
11207,0.690523790483807,0.309476209516194,2501,0.242397531952402,0.757602468047598,2269,0.296992481203008,0.703007518796993,798,0.461966604823748,0.538033395176252,539,0.140233722871452,0.859766277128548,1797,0.0821976149914821,0.917802385008518,2348,0.640449438202247,0.359550561797753,1246,0.514653323802716,0.485346676197284,1399,0.833259423503326,0.166740576496674,2255,0.258121158911326,0.741878841088674,2278,0.359342915811088,0.640657084188912,2435,0.61459614596146,0.38540385403854,2439,0.620588235294118,0.379411764705882,2380,0.908711963318049,0.0912880366819508,2399,0.489706526500219,0.510293473499781,2283
11208,0.7289972899729,0.2710027100271,1845,0.192579505300353,0.807420494699647,1698,0.294532627865961,0.705467372134039,567,0.465631929046563,0.534368070953437,451,0.14960058097313,0.85039941902687,1377,0.0818646958499147,0.918135304150085,1759,0.647715736040609,0.352284263959391,985,0.58499095840868,0.41500904159132,1106,0.84792899408284,0.15207100591716,1690,0.25,0.75,1720,0.388636363636364,0.611363636363636,1760,0.579329608938548,0.420670391061453,1790,0.649063032367973,0.350936967632027,1761,0.920480549199085,0.0795194508009153,1748,0.517569982132222,0.482430017867779,1679
11209,0.38655886811521,0.61344113188479,3958,0.123179611650485,0.876820388349515,3296,0.127579737335835,0.872420262664165,1599,0.618012422360248,0.381987577639752,322,0.128398791540786,0.871601208459215,2648,0.0501888828926066,0.949811117107393,3706,0.774014436424209,0.225985563575791,1801,0.372244488977956,0.627755511022044,1996,0.907862739800054,0.092137260199946,3701,0.257707969749855,0.742292030250146,3438,0.380059766367835,0.619940233632165,3681,0.561196280472481,0.43880371952752,3979,0.6024195765741,0.3975804234259,3637,0.871117166212534,0.128882833787466,3670,0.612336114421931,0.387663885578069,3356
11210,0.51209398756047,0.48790601243953,2894,0.111876773408999,0.888123226591001,2467,0.182251908396947,0.817748091603053,1048,0.637362637362637,0.362637362637363,364,0.100631988332523,0.899368011667477,2057,0.0596146855688841,0.940385314431116,2751,0.731264193792581,0.268735806207419,1321,0.480519480519481,0.51948051948052,1463,0.88768115942029,0.11231884057971,2760,0.211493354182955,0.788506645817045,2558,0.378090528718144,0.621909471281856,2629,0.546395308727147,0.453604691272853,2899,0.62874030291836,0.37125969708164,2707,0.908511436070491,0.0914885639295088,2667,0.65257429886982,0.34742570113018,2389
11301,0.527186761229314,0.472813238770686,846,0.239831697054698,0.760168302945302,713,0.220532319391635,0.779467680608365,263,0.477777777777778,0.522222222222222,90,0.173553719008264,0.826446280991736,605,0.0952986022871664,0.904701397712834,787,0.736842105263158,0.263157894736842,418,0.338329764453961,0.661670235546039,467,0.84025974025974,0.15974025974026,770,0.302666666666667,0.697333333333333,750,0.325443786982249,0.674556213017752,845,0.619834710743802,0.380165289256198,847,0.551378446115288,0.448621553884712,798,0.852657004830918,0.147342995169082,828,0.462324393358876,0.537675606641124,783
11302,0.621113521330441,0.378886478669559,1383,0.257627118644068,0.742372881355932,1180,0.282178217821782,0.717821782178218,404,0.564593301435407,0.435406698564593,209,0.159194876486734,0.840805123513266,1093,0.108270676691729,0.891729323308271,1330,0.664222873900293,0.335777126099707,682,0.438639125151883,0.561360874848117,823,0.843373493975904,0.156626506024096,1328,0.29375,0.70625,1280,0.265060240963855,0.734939759036145,1411,0.575498575498576,0.424501424501425,1404,0.601796407185629,0.398203592814371,1336,0.889848812095032,0.110151187904968,1389,0.460536398467433,0.539463601532567,1305
11303,0.411184210526316,0.588815789473684,304,0.143410852713178,0.856589147286822,258,0.0833333333333333,0.916666666666667,108,0.590909090909091,0.409090909090909,22,0.144144144144144,0.855855855855856,222,0.0343642611683849,0.965635738831615,291,0.727941176470588,0.272058823529412,136,0.387878787878788,0.612121212121212,165,0.893470790378007,0.106529209621993,291,0.268199233716475,0.731800766283525,261,0.325503355704698,0.674496644295302,298,0.509933774834437,0.490066225165563,302,0.552901023890785,0.447098976109215,293,0.857142857142857,0.142857142857143,287,0.526119402985075,0.473880597014925,268
11304,0.594031922276197,0.405968077723803,1441,0.233305853256389,0.766694146743611,1213,0.257294429708223,0.742705570291777,377,0.682051282051282,0.317948717948718,195,0.161777032690696,0.838222967309304,1193,0.103374012921752,0.896625987078248,1393,0.701881331403763,0.298118668596237,691,0.434435575826682,0.565564424173318,877,0.856227758007118,0.143772241992883,1405,0.302013422818792,0.697986577181208,1341,0.246258503401361,0.753741496598639,1470,0.551229508196721,0.448770491803279,1464,0.606891701828411,0.393108298171589,1422,0.882312456985547,0.117687543014453,1453,0.489423778264041,0.510576221735959,1371
11305,0.484818805093046,0.515181194906954,1021,0.201117318435754,0.798882681564246,895,0.150306748466258,0.849693251533742,326,0.592592592592593,0.407407407407407,108,0.164464023494861,0.83553597650514,681,0.0552603613177471,0.944739638682253,941,0.738197424892704,0.261802575107296,466,0.375241779497099,0.624758220502901,517,0.856835306781485,0.143164693218515,929,0.286674132138858,0.713325867861142,893,0.378325123152709,0.621674876847291,1015,0.584704743465634,0.415295256534366,1033,0.499492385786802,0.500507614213198,985,0.870275791624106,0.129724208375894,979,0.481727574750831,0.518272425249169,903
11306,0.529680365296804,0.470319634703196,438,0.247368421052632,0.752631578947368,380,0.176056338028169,0.823943661971831,142,0.285714285714286,0.714285714285714,49,0.163498098859316,0.836501901140684,263,0.0658227848101266,0.934177215189873,395,0.696682464454976,0.303317535545024,211,0.364928909952607,0.635071090047393,211,0.825857519788918,0.174142480211082,379,0.279683377308707,0.720316622691293,379,0.356979405034325,0.643020594965675,437,0.649651972157773,0.350348027842227,431,0.475728155339806,0.524271844660194,412,0.862068965517241,0.137931034482759,406,0.458549222797928,0.541450777202073,386
11307,0.560469314079422,0.439530685920578,1108,0.209641255605381,0.790358744394619,892,0.268551236749117,0.731448763250883,283,0.6,0.4,155,0.155844155844156,0.844155844155844,924,0.106976744186047,0.893023255813954,1075,0.699248120300752,0.300751879699248,532,0.433093525179856,0.566906474820144,695,0.844300278035218,0.155699721964782,1079,0.308678500986193,0.691321499013807,1014,0.220950704225352,0.779049295774648,1136,0.559428060768543,0.440571939231457,1119,0.625114573785518,0.374885426214482,1091,0.881662149954833,0.118337850045167,1107,0.486097794822627,0.513902205177373,1043
11308,0.680385288966725,0.319614711033275,1142,0.292089249492901,0.707910750507099,986,0.264150943396226,0.735849056603774,318,0.555555555555556,0.444444444444444,171,0.162442396313364,0.837557603686636,868,0.101010101010101,0.898989898989899,1089,0.670068027210884,0.329931972789116,588,0.432766615146832,0.567233384853168,647,0.824413145539906,0.175586854460094,1065,0.315247895229186,0.684752104770814,1069,0.285591766723842,0.714408233276158,1166,0.611979166666667,0.388020833333333,1152,0.569724770642202,0.430275229357798,1090,0.89948006932409,0.10051993067591,1154,0.466117216117216,0.533882783882784,1092
11309,0.665051157781368,0.334948842218632,1857,0.266949152542373,0.733050847457627,1652,0.292635658914729,0.707364341085271,516,0.451219512195122,0.548780487804878,328,0.160419790104948,0.839580209895052,1334,0.0887743413516609,0.911225658648339,1746,0.664155005382131,0.335844994617869,929,0.450344149459194,0.549655850540806,1017,0.83175355450237,0.16824644549763,1688,0.289855072463768,0.710144927536232,1725,0.338666666666667,0.661333333333333,1875,0.632423756019262,0.367576243980738,1869,0.571428571428571,0.428571428571429,1785,0.899727520435967,0.100272479564033,1835,0.460964408725603,0.539035591274397,1742
11310,0.460905349794239,0.539094650205761,1458,0.213142375737153,0.786857624262848,1187,0.168618266978923,0.831381733021077,427,0.62015503875969,0.37984496124031,129,0.185146443514644,0.814853556485356,956,0.0597127739984883,0.940287226001512,1323,0.765354330708662,0.234645669291339,635,0.382645803698435,0.617354196301565,703,0.891647855530474,0.108352144469526,1329,0.292682926829268,0.707317073170732,1230,0.345017182130584,0.654982817869416,1455,0.557600545330607,0.442399454669393,1467,0.512893982808023,0.487106017191977,1396,0.8626010286554,0.1373989713446,1361,0.498817966903073,0.501182033096927,1269
11401,0.257142857142857,0.742857142857143,140,0.0373134328358209,0.962686567164179,134,0.105882352941176,0.894117647058824,85,0.818181818181818,0.181818181818182,11,0.296,0.704,125,0.121428571428571,0.878571428571429,140,0.808080808080808,0.191919191919192,99,0.19327731092437,0.80672268907563,119,0.647482014388489,0.352517985611511,139,0.441860465116279,0.558139534883721,129,0.311111111111111,0.688888888888889,135,0.730496453900709,0.269503546099291,141,0.685483870967742,0.314516129032258,124,0.633587786259542,0.366412213740458,131,0.376923076923077,0.623076923076923,130
21103,0.95,0.05,40,0.0526315789473684,0.947368421052632,38,0.2,0.8,15,0.409090909090909,0.590909090909091,22,0.09375,0.90625,32,0.102564102564103,0.897435897435897,39,0.714285714285714,0.285714285714286,14,0.689655172413793,0.310344827586207,29,0.825,0.175,40,0.3,0.7,40,0.131578947368421,0.868421052631579,38,0.641025641025641,0.358974358974359,39,0.8,0.2,40,0.948717948717949,0.0512820512820513,39,0.275,0.725,40
21104,1,0,31,0.153846153846154,0.846153846153846,26,0.222222222222222,0.777777777777778,9,0.538461538461538,0.461538461538462,13,0.166666666666667,0.833333333333333,18,0.0769230769230769,0.923076923076923,26,1,0,7,0.7,0.3,20,0.709677419354839,0.290322580645161,31,0.387096774193548,0.612903225806452,31,0.137931034482759,0.862068965517241,29,0.741935483870968,0.258064516129032,31,0.766666666666667,0.233333333333333,30,1,0,29,0.366666666666667,0.633333333333333,30
30101,0.60939907550077,0.39060092449923,2596,0.14985590778098,0.85014409221902,2429,0.324438202247191,0.675561797752809,712,0.596899224806202,0.403100775193798,516,0.286963434022258,0.713036565977743,2516,0.180485923640571,0.819514076359429,2593,0.642089093701997,0.357910906298003,1953,0.302358490566038,0.697641509433962,2120,0.793866459627329,0.206133540372671,2576,0.301391650099404,0.698608349900596,2515,0.321883442686222,0.678116557313779,2591,0.604526275412351,0.395473724587649,2607,0.562280359234674,0.437719640765326,2561,0.790228770841411,0.209771229158589,2579,0.484161126319906,0.515838873680094,2557
30102,0.310869565217391,0.689130434782609,4600,0.0504959422903517,0.949504057709648,4436,0.201383551114527,0.798616448885473,1301,0.788065843621399,0.211934156378601,486,0.344621513944223,0.655378486055777,4518,0.170923379174853,0.829076620825147,4581,0.75471063257066,0.245289367429341,2972,0.187850944359367,0.812149055640633,3918,0.776965669988926,0.223034330011074,4515,0.491525423728814,0.508474576271186,4425,0.346128680479826,0.653871319520175,4585,0.706277056277056,0.293722943722944,4620,0.594057142857143,0.405942857142857,4375,0.597142198663287,0.402857801336714,4339,0.448694029850746,0.551305970149254,4288
30103,0.485516115871073,0.514483884128927,2451,0.102597402597403,0.897402597402597,2310,0.26812585499316,0.73187414500684,731,0.710382513661202,0.289617486338798,366,0.329247675401522,0.670752324598479,2366,0.147251845775226,0.852748154224775,2438,0.695945945945946,0.304054054054054,1776,0.250359712230216,0.749640287769784,2085,0.768368617683686,0.231631382316314,2409,0.387083157450401,0.612916842549599,2369,0.35392798690671,0.64607201309329,2444,0.650142218610321,0.349857781389679,2461,0.553996598639456,0.446003401360544,2352,0.677109440267335,0.322890559732665,2394,0.440991180176396,0.559008819823604,2381
30104,0.182741116751269,0.817258883248731,394,0.0181818181818182,0.981818181818182,385,0.205298013245033,0.794701986754967,151,0.8,0.2,20,0.376590330788804,0.623409669211196,393,0.156010230179028,0.843989769820972,391,0.814946619217082,0.185053380782918,281,0.113573407202216,0.886426592797784,361,0.784415584415585,0.215584415584416,385,0.51937984496124,0.48062015503876,387,0.346153846153846,0.653846153846154,390,0.746835443037975,0.253164556962025,395,0.526737967914439,0.473262032085562,374,0.53099730458221,0.46900269541779,371,0.411111111111111,0.588888888888889,360
30105,0.434301521438451,0.565698478561549,723,0.106169296987088,0.893830703012912,697,0.246794871794872,0.753205128205128,312,0.604938271604938,0.395061728395062,81,0.254261363636364,0.745738636363636,704,0.181560283687943,0.818439716312057,705,0.651162790697675,0.348837209302326,516,0.226600985221675,0.773399014778325,609,0.729050279329609,0.270949720670391,716,0.38880706921944,0.61119293078056,679,0.270233196159122,0.729766803840878,729,0.673913043478261,0.326086956521739,736,0.647845468053492,0.352154531946508,673,0.648571428571429,0.351428571428571,700,0.47093023255814,0.529069767441861,688
30106,0.680851063829787,0.319148936170213,47,0.177777777777778,0.822222222222222,45,0.368421052631579,0.631578947368421,19,0.888888888888889,0.111111111111111,18,0.260869565217391,0.739130434782609,46,0.0638297872340426,0.936170212765957,47,0.722222222222222,0.277777777777778,36,0.466666666666667,0.533333333333333,45,0.808510638297872,0.191489361702128,47,0.297872340425532,0.702127659574468,47,0.191489361702128,0.808510638297872,47,0.617021276595745,0.382978723404255,47,0.695652173913044,0.304347826086957,46,0.851063829787234,0.148936170212766,47,0.382978723404255,0.617021276595745,47
30107,0.283149734802122,0.716850265197878,2451,0.0514767932489452,0.948523206751055,2370,0.193087008343266,0.806912991656734,839,0.669603524229075,0.330396475770925,227,0.342940685045948,0.657059314954052,2394,0.172158154859967,0.827841845140033,2428,0.743087557603687,0.256912442396313,1736,0.143942992874109,0.856057007125891,2105,0.725498338870432,0.274501661129568,2408,0.474533106960951,0.525466893039049,2356,0.324391250515889,0.675608749484111,2423,0.737250101999184,0.262749898000816,2451,0.562800875273523,0.437199124726477,2285,0.561410964725882,0.438589035274118,2353,0.415094339622642,0.584905660377359,2332
30108,0.641828428303068,0.358171571696932,1597,0.123905723905724,0.876094276094276,1485,0.347368421052632,0.652631578947369,475,0.519354838709678,0.480645161290323,310,0.276455026455026,0.723544973544974,1512,0.175283732660782,0.824716267339218,1586,0.526097763048882,0.473902236951119,1207,0.275396825396825,0.724603174603175,1260,0.77228992944195,0.22771007055805,1559,0.325462667517549,0.674537332482451,1567,0.289855072463768,0.710144927536232,1587,0.654305468258957,0.345694531741043,1591,0.528580603725112,0.471419396274888,1557,0.806896551724138,0.193103448275862,1595,0.443533123028391,0.556466876971609,1585
30109,0.464342948717949,0.535657051282051,2496,0.0735603194619588,0.926439680538041,2379,0.255189255189255,0.744810744810745,819,0.570532915360502,0.429467084639498,319,0.36761668731929,0.632383312680711,2421,0.177983125753315,0.822016874246686,2489,0.626385809312639,0.373614190687361,1804,0.202953787517866,0.797046212482134,2099,0.77719369187222,0.22280630812778,2473,0.392724266225713,0.607275733774287,2419,0.367338709677419,0.632661290322581,2480,0.654596100278552,0.345403899721449,2513,0.495253817581511,0.50474618241849,2423,0.685550082101806,0.314449917898194,2436,0.464713165497317,0.535286834502683,2423
30110,0.310975609756098,0.689024390243902,820,0.0741206030150754,0.925879396984925,796,0.206185567010309,0.793814432989691,291,0.625,0.375,64,0.363861386138614,0.636138613861386,808,0.172794117647059,0.827205882352941,816,0.716171617161716,0.283828382838284,606,0.162853297442799,0.837146702557201,743,0.780669144981413,0.219330855018587,807,0.409774436090226,0.590225563909774,798,0.304773561811506,0.695226438188495,817,0.712530712530713,0.287469287469287,814,0.594110115236876,0.405889884763124,781,0.614993646759848,0.385006353240152,787,0.418064516129032,0.581935483870968,775
30111,0.425679758308157,0.574320241691843,3310,0.120326735783852,0.879673264216148,3183,0.302103250478011,0.697896749521989,1046,0.713347921225383,0.286652078774617,457,0.299570288520565,0.700429711479435,3258,0.187443130118289,0.812556869881711,3297,0.731623931623932,0.268376068376068,2340,0.229508196721311,0.770491803278689,2806,0.771157959058967,0.228842040941033,3273,0.417808219178082,0.582191780821918,3212,0.269114990969296,0.730885009030704,3322,0.680972388955582,0.319027611044418,3332,0.604826073331244,0.395173926668756,3191,0.676208064019698,0.323791935980302,3249,0.448469706433479,0.551530293566521,3202
30112,0.590514748409485,0.409485251590515,1729,0.168421052631579,0.831578947368421,1615,0.424547283702213,0.575452716297787,497,0.43006993006993,0.56993006993007,286,0.2790273556231,0.7209726443769,1645,0.210495626822157,0.789504373177843,1715,0.600312256049961,0.399687743950039,1281,0.244408945686901,0.755591054313099,1252,0.793826441467676,0.206173558532324,1717,0.357142857142857,0.642857142857143,1694,0.222158438576349,0.777841561423651,1742,0.633754305396097,0.366245694603904,1742,0.543859649122807,0.456140350877193,1710,0.813218390804598,0.186781609195402,1740,0.504084014002334,0.495915985997666,1714
30113,0.395833333333333,0.604166666666667,288,0.0392857142857143,0.960714285714286,280,0.174418604651163,0.825581395348837,172,0.75,0.25,36,0.275985663082437,0.724014336917563,279,0.166077738515901,0.833922261484099,283,0.706806282722513,0.293193717277487,191,0.285106382978723,0.714893617021277,235,0.736462093862816,0.263537906137184,277,0.376811594202899,0.623188405797102,276,0.315412186379928,0.684587813620072,279,0.717770034843206,0.282229965156794,287,0.5859375,0.4140625,256,0.564748201438849,0.435251798561151,278,0.425454545454546,0.574545454545455,275
30114,0.45356738391846,0.54643261608154,1766,0.110320284697509,0.889679715302491,1686,0.27886323268206,0.72113676731794,563,0.803921568627451,0.196078431372549,255,0.314285714285714,0.685714285714286,1750,0.171186440677966,0.828813559322034,1770,0.734758511480602,0.265241488519398,1263,0.266623207301173,0.733376792698827,1534,0.775579423403053,0.224420576596947,1769,0.39871944121071,0.60128055878929,1718,0.337072349971957,0.662927650028043,1783,0.659741718135879,0.340258281864121,1781,0.576449912126538,0.423550087873462,1707,0.685697808535179,0.314302191464821,1734,0.433995327102804,0.566004672897196,1712
30115,0.525974025974026,0.474025974025974,1078,0.0731244064577398,0.92687559354226,1053,0.263888888888889,0.736111111111111,432,0.455026455026455,0.544973544973545,189,0.24612202688728,0.75387797311272,967,0.152830188679245,0.847169811320755,1060,0.644607843137255,0.355392156862745,816,0.347578347578348,0.652421652421652,702,0.771980676328503,0.228019323671498,1035,0.305962854349951,0.694037145650049,1023,0.344521224086871,0.655478775913129,1013,0.686219739292365,0.313780260707635,1074,0.5435847208619,0.4564152791381,1021,0.832386363636364,0.167613636363636,1056,0.565217391304348,0.434782608695652,1035
30116,0.629519194931047,0.370480805068953,2683,0.0861187573731813,0.913881242626819,2543,0.325174825174825,0.674825174825175,858,0.563451776649746,0.436548223350254,591,0.257349979863069,0.742650020136931,2483,0.140718562874252,0.859281437125748,2672,0.627540650406504,0.372459349593496,1968,0.327726809378186,0.672273190621815,1962,0.770498084291188,0.229501915708812,2610,0.325019186492709,0.674980813507291,2606,0.314415437003405,0.685584562996595,2643,0.674287856071964,0.325712143928036,2668,0.53299884214589,0.46700115785411,2591,0.814842862552064,0.185157137447936,2641,0.512232415902141,0.487767584097859,2616
30117,0.330673944992652,0.669326055007348,4763,0.0390974084003575,0.960902591599643,4476,0.142955326460481,0.857044673539519,1455,0.826,0.174,500,0.36784622105723,0.63215377894277,4578,0.14313263338333,0.85686736661667,4667,0.725598526703499,0.274401473296501,2715,0.283200439923013,0.716799560076987,3637,0.743022756547875,0.256977243452125,4658,0.457649966299708,0.542350033700292,4451,0.367631957280756,0.632368042719244,4869,0.721897073662967,0.278102926337033,4955,0.579854809437387,0.420145190562613,4408,0.605269134680899,0.394730865319101,4403,0.461132767713827,0.538867232286173,4361
30118,0.428310918623205,0.571689081376795,4387,0.0704573547589617,0.929542645241038,4045,0.208733624454149,0.791266375545852,1145,0.720767888307155,0.279232111692845,573,0.329370629370629,0.670629370629371,4290,0.139004149377593,0.860995850622407,4338,0.702069504099961,0.297930495900039,2561,0.311834499543657,0.688165500456343,3287,0.752629172382259,0.247370827617741,4374,0.403275575599335,0.596724424400665,4213,0.335312225153914,0.664687774846086,4548,0.694948186528498,0.305051813471503,4632,0.575355450236967,0.424644549763033,4220,0.731880625296068,0.268119374703932,4222,0.514120202751629,0.485879797248371,4143
30119,0.569096844396083,0.430903155603917,1838,0.10062893081761,0.89937106918239,1749,0.389544688026981,0.610455311973019,593,0.6,0.4,360,0.267197271176805,0.732802728823195,1759,0.169113648722132,0.830886351277868,1839,0.658920539730135,0.341079460269865,1334,0.297428769979152,0.702571230020848,1439,0.768677365799668,0.231322634200332,1807,0.370329057445622,0.629670942554378,1793,0.229427792915531,0.770572207084469,1835,0.685682940208448,0.314317059791552,1823,0.583333333333333,0.416666666666667,1776,0.76940133037694,0.23059866962306,1804,0.462443946188341,0.537556053811659,1784
30120,0.563659628918746,0.436340371081254,1563,0.149863760217984,0.850136239782016,1468,0.276946107784431,0.723053892215569,668,0.564516129032258,0.435483870967742,310,0.225763612217795,0.774236387782205,1506,0.147909967845659,0.852090032154341,1555,0.607719928186715,0.392280071813285,1114,0.366479550922213,0.633520449077787,1247,0.766902768834514,0.233097231165486,1553,0.35690897184021,0.643091028159791,1527,0.311868686868687,0.688131313131313,1584,0.657472738935215,0.342527261064785,1559,0.613377926421405,0.386622073578595,1495,0.747442455242967,0.252557544757033,1564,0.477011494252874,0.522988505747127,1566
30121,0.541946308724832,0.458053691275168,596,0.102752293577982,0.897247706422018,545,0.25748502994012,0.74251497005988,167,0.545454545454545,0.454545454545455,99,0.361702127659575,0.638297872340426,564,0.106598984771574,0.893401015228426,591,0.599537037037037,0.400462962962963,432,0.221115537848606,0.778884462151394,502,0.736394557823129,0.263605442176871,588,0.418563922942207,0.581436077057793,571,0.376271186440678,0.623728813559322,590,0.659395973154362,0.340604026845638,596,0.51063829787234,0.48936170212766,564,0.690311418685121,0.309688581314879,578,0.396193771626298,0.603806228373703,578
30122,0.266187050359712,0.733812949640288,278,0.0912408759124088,0.908759124087591,274,0.234567901234568,0.765432098765432,162,0.741935483870968,0.258064516129032,31,0.307971014492754,0.692028985507246,276,0.269784172661871,0.73021582733813,278,0.729508196721312,0.270491803278689,244,0.135658914728682,0.864341085271318,258,0.701438848920863,0.298561151079137,278,0.364620938628159,0.635379061371841,277,0.237410071942446,0.762589928057554,278,0.767857142857143,0.232142857142857,280,0.61596958174905,0.384030418250951,263,0.634057971014493,0.365942028985507,276,0.418181818181818,0.581818181818182,275
30123,0.406645569620253,0.593354430379747,1264,0.138044371405095,0.861955628594906,1217,0.311030741410488,0.688969258589512,553,0.677595628415301,0.3224043715847,183,0.273684210526316,0.726315789473684,1235,0.208133971291866,0.791866028708134,1254,0.696303696303696,0.303696303696304,1001,0.212365591397849,0.787634408602151,1116,0.757768924302789,0.242231075697211,1255,0.405207485760781,0.594792514239219,1229,0.228867623604466,0.771132376395534,1254,0.695411392405063,0.304588607594937,1264,0.622641509433962,0.377358490566038,1219,0.6768,0.3232,1250,0.461102106969206,0.538897893030794,1234
30124,0.282222222222222,0.717777777777778,1800,0.052,0.948,1750,0.228228228228228,0.771771771771772,666,0.623376623376623,0.376623376623377,154,0.355203619909502,0.644796380090498,1768,0.174735670562048,0.825264329437952,1797,0.710780669144981,0.289219330855019,1345,0.129722921914358,0.870277078085642,1588,0.753114382785957,0.246885617214043,1766,0.448059360730594,0.551940639269406,1752,0.31714126186488,0.68285873813512,1791,0.739323349972269,0.260676650027732,1803,0.550319953461315,0.449680046538685,1719,0.596894767107533,0.403105232892467,1739,0.44,0.56,1725
30125,0.380585516178737,0.619414483821264,1947,0.105403959336544,0.894596040663456,1869,0.32409972299169,0.67590027700831,722,0.600917431192661,0.399082568807339,218,0.323052796654469,0.676947203345531,1913,0.192604006163328,0.807395993836672,1947,0.675381263616558,0.324618736383442,1377,0.182156133828996,0.817843866171004,1614,0.758887171561051,0.241112828438949,1941,0.45864262990456,0.54135737009544,1886,0.242908715832904,0.757091284167097,1939,0.722421754746024,0.277578245253976,1949,0.581993569131833,0.418006430868167,1866,0.652931854199683,0.347068145800317,1893,0.444147514698022,0.555852485301978,1871
30126,0.279634390174236,0.720365609825764,3501,0.0474646226415094,0.952535377358491,3392,0.233333333333333,0.766666666666667,1050,0.76453488372093,0.23546511627907,344,0.345290172061826,0.654709827938174,3429,0.16982214572576,0.83017785427424,3486,0.746706332341692,0.253293667658309,2353,0.162882527147088,0.837117472852912,3039,0.759883720930233,0.240116279069767,3440,0.493622070602195,0.506377929397805,3371,0.322053340980786,0.677946659019214,3487,0.729208061311382,0.270791938688618,3523,0.581219806763285,0.418780193236715,3312,0.580683863227355,0.419316136772645,3334,0.434278743519366,0.565721256480634,3279
30127,0.351177730192719,0.648822269807281,467,0.0502183406113537,0.949781659388646,458,0.262886597938144,0.737113402061856,194,0.760869565217391,0.239130434782609,46,0.3058568329718,0.6941431670282,461,0.148706896551724,0.851293103448276,464,0.648876404494382,0.351123595505618,356,0.213592233009709,0.786407766990291,412,0.722943722943723,0.277056277056277,462,0.445205479452055,0.554794520547945,438,0.397435897435897,0.602564102564103,468,0.686440677966102,0.313559322033898,472,0.604651162790698,0.395348837209302,430,0.561946902654867,0.438053097345133,452,0.47085201793722,0.52914798206278,446
30128,0.24835886214442,0.75164113785558,914,0.0485875706214689,0.951412429378531,885,0.305483028720627,0.694516971279373,383,0.610169491525424,0.389830508474576,59,0.335183129855716,0.664816870144284,901,0.246724890829694,0.753275109170306,916,0.707964601769912,0.292035398230089,678,0.132124352331606,0.867875647668394,772,0.788482834994463,0.211517165005537,903,0.447811447811448,0.552188552188552,891,0.256607929515419,0.743392070484581,908,0.695414847161572,0.304585152838428,916,0.590293453724605,0.409706546275395,886,0.612975391498882,0.387024608501119,894,0.461016949152542,0.538983050847458,885
30129,0.279661016949153,0.720338983050847,236,0.0603448275862069,0.939655172413793,232,0.255102040816327,0.744897959183674,98,0.857142857142857,0.142857142857143,28,0.341772151898734,0.658227848101266,237,0.14468085106383,0.85531914893617,235,0.759615384615385,0.240384615384615,208,0.209606986899563,0.790393013100437,229,0.785407725321888,0.214592274678112,233,0.463829787234043,0.536170212765958,235,0.347826086956522,0.652173913043478,230,0.74468085106383,0.25531914893617,235,0.567567567567568,0.432432432432432,222,0.573913043478261,0.426086956521739,230,0.414847161572052,0.585152838427948,229
30130,0.36048965808358,0.63951034191642,2369,0.0930944055944056,0.906905594405594,2288,0.261997405966278,0.738002594033723,771,0.781569965870307,0.218430034129693,293,0.31504500642949,0.68495499357051,2333,0.174872665534805,0.825127334465195,2356,0.753913587977458,0.246086412022542,1597,0.229810568295115,0.770189431704885,2006,0.770310506167588,0.229689493832412,2351,0.445319335083115,0.554680664916885,2286,0.287942664418213,0.712057335581788,2372,0.708648194794291,0.291351805205709,2382,0.603181617322139,0.396818382677861,2263,0.629340277777778,0.370659722222222,2304,0.433920704845815,0.566079295154185,2270
30201,0.824362606232295,0.175637393767705,353,0.36,0.64,325,0.508928571428571,0.491071428571429,112,0.292929292929293,0.707070707070707,99,0.229357798165138,0.770642201834862,327,0.209039548022599,0.790960451977401,354,0.593639575971731,0.406360424028269,283,0.278625954198473,0.721374045801527,262,0.771428571428571,0.228571428571429,350,0.338983050847458,0.661016949152542,354,0.180555555555556,0.819444444444445,360,0.678062678062678,0.321937321937322,351,0.596541786743516,0.403458213256484,347,0.910112359550562,0.0898876404494382,356,0.551136363636364,0.448863636363636,352
30202,0.3086014445174,0.6913985554826,3046,0.0707692307692308,0.929230769230769,2925,0.259927797833935,0.740072202166065,831,0.726530612244898,0.273469387755102,245,0.328234120385767,0.671765879614234,3007,0.176016123614377,0.823983876385623,2977,0.708405797101449,0.291594202898551,1725,0.189768255356362,0.810231744643638,2287,0.734446627373936,0.265553372626064,3054,0.492913930176288,0.507086069823712,2893,0.251746031746032,0.748253968253968,3150,0.731095073737057,0.268904926262943,3187,0.604464597139867,0.395535402860133,2867,0.68250087320992,0.31749912679008,2863,0.503881700554529,0.496118299445471,2705
30203,0.714285714285714,0.285714285714286,7,0.285714285714286,0.714285714285714,7,0,1,1,0.5,0.5,2,0.142857142857143,0.857142857142857,7,0.285714285714286,0.714285714285714,7,1,0,5,0.6,0.4,5,0.857142857142857,0.142857142857143,7,0.285714285714286,0.714285714285714,7,0,1,7,0.428571428571429,0.571428571428571,7,1,0,6,1,0,7,0.571428571428571,0.428571428571429,7
30701,0.487309644670051,0.512690355329949,591,0.0551601423487545,0.944839857651246,562,0.453416149068323,0.546583850931677,161,0.609375,0.390625,64,0.281144781144781,0.718855218855219,594,0.25354609929078,0.74645390070922,564,0.758782201405152,0.241217798594848,427,0.244444444444444,0.755555555555556,450,0.865671641791045,0.134328358208955,603,0.293220338983051,0.706779661016949,590,0.261011419249592,0.738988580750408,613,0.512355848434926,0.487644151565074,607,0.592281879194631,0.407718120805369,596,0.789036544850498,0.210963455149502,602,0.549319727891156,0.450680272108844,588
30702,0.625250501002004,0.374749498997996,499,0.285714285714286,0.714285714285714,462,0.587786259541985,0.412213740458015,131,0.573529411764706,0.426470588235294,68,0.235294117647059,0.764705882352941,476,0.221544715447155,0.778455284552846,492,0.661016949152542,0.338983050847458,354,0.330749354005168,0.669250645994832,387,0.781632653061225,0.218367346938776,490,0.351626016260163,0.648373983739837,492,0.186878727634195,0.813121272365805,503,0.616632860040568,0.383367139959432,493,0.618661257606491,0.381338742393509,493,0.839034205231388,0.160965794768612,497,0.447638603696099,0.552361396303902,487
30703,0.928571428571429,0.0714285714285714,14,0.461538461538462,0.538461538461538,13,0.5,0.5,2,1,0,4,0.0714285714285714,0.928571428571429,14,0.0714285714285714,0.928571428571429,14,0.833333333333333,0.166666666666667,6,0.846153846153846,0.153846153846154,13,0.714285714285714,0.285714285714286,14,0.142857142857143,0.857142857142857,14,0,1,14,0.461538461538462,0.538461538461538,13,1,0,12,1,0,14,0.142857142857143,0.857142857142857,14
30704,0.674678591391839,0.325321408608161,5367,0.189585846401287,0.810414153598713,4974,0.397478991596639,0.602521008403361,1190,0.66722972972973,0.33277027027027,1184,0.283662133690864,0.716337866309136,5221,0.194007490636704,0.805992509363296,5340,0.692670157068063,0.307329842931937,3820,0.319188622056423,0.680811377943577,4289,0.821917808219178,0.178082191780822,5329,0.300666032350143,0.699333967649857,5255,0.307007786429366,0.692992213570634,5394,0.57315486149842,0.42684513850158,5379,0.57614021862043,0.42385978137957,5306,0.84160447761194,0.15839552238806,5360,0.522320587681296,0.477679412318704,5309
30705,0.643192488262911,0.356807511737089,1491,0.276934201012292,0.723065798987708,1383,0.45346062052506,0.54653937947494,419,0.697508896797153,0.302491103202847,281,0.21438263229308,0.78561736770692,1474,0.230088495575221,0.769911504424779,1469,0.702502316960148,0.297497683039852,1079,0.337559429477021,0.662440570522979,1262,0.801495581237254,0.198504418762746,1471,0.305177111716621,0.694822888283379,1468,0.183211192538308,0.816788807461692,1501,0.577312626603646,0.422687373396354,1481,0.685135135135135,0.314864864864865,1480,0.820975283901136,0.179024716098864,1497,0.463994565217391,0.536005434782609,1472
30706,0.428799149840595,0.571200850159405,1882,0.125343595382078,0.874656404617922,1819,0.351351351351351,0.648648648648649,666,0.530927835051546,0.469072164948454,194,0.331364124597207,0.668635875402793,1862,0.209216101694915,0.790783898305085,1888,0.688548504741065,0.311451495258935,1371,0.197674418604651,0.802325581395349,1634,0.767838125665602,0.232161874334398,1878,0.399350649350649,0.600649350649351,1848,0.294960212201592,0.705039787798409,1885,0.643197458973002,0.356802541026998,1889,0.556041552761072,0.443958447238928,1829,0.68989735278228,0.31010264721772,1851,0.45972602739726,0.54027397260274,1825
30707,0.520466251016536,0.479533748983464,3689,0.180299539170507,0.819700460829493,3472,0.332446808510638,0.667553191489362,1128,0.718649517684888,0.281350482315113,622,0.271850013785498,0.728149986214502,3627,0.200545702592087,0.799454297407913,3665,0.722565687789799,0.277434312210201,2588,0.276908023483366,0.723091976516634,3066,0.784581738655003,0.215418261344997,3658,0.375139043381535,0.624860956618465,3596,0.221922973336924,0.778077026663076,3713,0.653055705786912,0.346944294213088,3698,0.620228475898579,0.379771524101421,3589,0.739308090438573,0.260691909561427,3671,0.459407037960654,0.540592962039346,3609
30708,0.472222222222222,0.527777777777778,36,0.166666666666667,0.833333333333333,36,0.6,0.4,15,0.2,0.8,5,0.277777777777778,0.722222222222222,36,0.222222222222222,0.777777777777778,36,0.653846153846154,0.346153846153846,26,0.125,0.875,32,0.675675675675676,0.324324324324324,37,0.378378378378378,0.621621621621622,37,0.216216216216216,0.783783783783784,37,0.756756756756757,0.243243243243243,37,0.516129032258065,0.483870967741936,31,0.756756756756757,0.243243243243243,37,0.583333333333333,0.416666666666667,36
30709,0.666157372039725,0.333842627960275,1309,0.187144019528072,0.812855980471928,1229,0.551724137931035,0.448275862068966,319,0.448275862068966,0.551724137931035,261,0.255284552845529,0.744715447154472,1230,0.181957186544343,0.818042813455658,1308,0.626752966558792,0.373247033441208,927,0.315680166147456,0.684319833852544,963,0.809561128526646,0.190438871473354,1276,0.359253499222395,0.640746500777605,1286,0.207001522070015,0.792998477929985,1314,0.645929339477727,0.354070660522273,1302,0.558823529411765,0.441176470588235,1292,0.840926640926641,0.159073359073359,1295,0.498048399687744,0.501951600312256,1281
30710,0.602777777777778,0.397222222222222,360,0.324324324324324,0.675675675675676,333,0.463414634146342,0.536585365853659,123,0.565217391304348,0.434782608695652,46,0.24207492795389,0.75792507204611,347,0.235127478753541,0.764872521246459,353,0.616788321167883,0.383211678832117,274,0.249190938511327,0.750809061488673,309,0.772988505747127,0.227011494252874,348,0.31638418079096,0.68361581920904,354,0.239554317548747,0.760445682451254,359,0.615168539325843,0.384831460674157,356,0.643454038997215,0.356545961002786,359,0.816666666666667,0.183333333333333,360,0.415254237288136,0.584745762711864,354
30711,0.541884816753927,0.458115183246073,1910,0.132476243711571,0.867523756288429,1789,0.371048252911814,0.628951747088186,601,0.519886363636364,0.480113636363636,352,0.278582930756844,0.721417069243156,1863,0.198445595854922,0.801554404145078,1930,0.608602150537634,0.391397849462366,1395,0.252427184466019,0.747572815533981,1442,0.789363920750782,0.210636079249218,1918,0.39493136219641,0.60506863780359,1894,0.207859358841779,0.792140641158221,1934,0.674599068804966,0.325400931195034,1933,0.560923242082662,0.439076757917338,1863,0.785119667013528,0.214880332986472,1922,0.51271186440678,0.48728813559322,1888
30712,0.51918631530282,0.48081368469718,2163,0.164230019493177,0.835769980506823,2052,0.353211009174312,0.646788990825688,654,0.689349112426036,0.310650887573964,338,0.300331596399811,0.69966840360019,2111,0.179962894248609,0.820037105751391,2156,0.698352344740178,0.301647655259823,1578,0.255687973997833,0.744312026002167,1846,0.789350770667912,0.210649229332088,2141,0.363336475023563,0.636663524976437,2122,0.277141548327989,0.722858451672011,2183,0.645948434622468,0.354051565377532,2172,0.588925387142187,0.411074612857813,2131,0.738705170004658,0.261294829995342,2147,0.437677053824363,0.562322946175637,2118
30713,0.727858293075684,0.272141706924316,1242,0.365704286964129,0.634295713035871,1143,0.544025157232704,0.455974842767296,318,0.653543307086614,0.346456692913386,254,0.203305785123967,0.796694214876033,1210,0.20650406504065,0.79349593495935,1230,0.721293199554069,0.278706800445931,897,0.390609390609391,0.609390609390609,1001,0.805510534846029,0.194489465153971,1234,0.33605220228385,0.66394779771615,1226,0.137490007993605,0.862509992006395,1251,0.596734693877551,0.403265306122449,1225,0.690746753246753,0.309253246753247,1232,0.8864,0.1136,1250,0.482534524776605,0.517465475223396,1231
30714,0.561128526645768,0.438871473354232,319,0.135135135135135,0.864864864864865,296,0.346153846153846,0.653846153846154,104,0.45,0.55,40,0.272435897435897,0.727564102564103,312,0.205696202531646,0.794303797468355,316,0.604444444444444,0.395555555555556,225,0.3,0.7,270,0.765822784810127,0.234177215189873,316,0.29903536977492,0.70096463022508,311,0.212698412698413,0.787301587301587,315,0.588607594936709,0.411392405063291,316,0.570063694267516,0.429936305732484,314,0.821875,0.178125,320,0.44620253164557,0.55379746835443,316
30715,0.526432943795214,0.473567056204786,1797,0.131914893617021,0.868085106382979,1645,0.47012987012987,0.52987012987013,385,0.435344827586207,0.564655172413793,232,0.234030525720746,0.765969474279254,1769,0.21412680756396,0.78587319243604,1798,0.63943894389439,0.360561056105611,1212,0.236798679867987,0.763201320132013,1212,0.755737704918033,0.244262295081967,1830,0.398762654668166,0.601237345331834,1778,0.156316916488223,0.843683083511777,1868,0.66612641815235,0.33387358184765,1851,0.585875706214689,0.414124293785311,1770,0.817297297297297,0.182702702702703,1850,0.556497175141243,0.443502824858757,1770
30716,0.505845674201091,0.494154325798909,1283,0.185855263157895,0.814144736842105,1216,0.400881057268722,0.599118942731278,454,0.505376344086022,0.494623655913979,186,0.296031746031746,0.703968253968254,1260,0.22568093385214,0.77431906614786,1285,0.637420718816068,0.362579281183932,946,0.243035542747358,0.756964457252642,1041,0.785658612626656,0.214341387373344,1283,0.37007874015748,0.62992125984252,1270,0.225905936777178,0.774094063222822,1297,0.641025641025641,0.358974358974359,1287,0.578525641025641,0.421474358974359,1248,0.759592795614722,0.240407204385278,1277,0.464428457234213,0.535571542765787,1251
30717,0.60982359045313,0.39017640954687,2891,0.121685434071922,0.878314565928078,2753,0.435802469135802,0.564197530864198,810,0.494755244755245,0.505244755244755,572,0.272760781422779,0.727239218577221,2713,0.171616022099448,0.828383977900553,2896,0.618352941176471,0.381647058823529,2125,0.296046287367406,0.703953712632594,2074,0.790459363957597,0.209540636042403,2830,0.364860077931279,0.635139922068721,2823,0.252342936480389,0.747657063519611,2881,0.655732044198895,0.344267955801105,2896,0.54296875,0.45703125,2816,0.821591307395724,0.178408692604276,2853,0.508324477506199,0.491675522493801,2823
30718,0.421303656597774,0.578696343402226,629,0.106239460370995,0.893760539629005,593,0.247311827956989,0.752688172043011,186,0.7,0.3,70,0.360890302066773,0.639109697933227,629,0.18312101910828,0.81687898089172,628,0.77262180974478,0.22737819025522,431,0.244755244755245,0.755244755244755,572,0.805422647527911,0.194577352472089,627,0.360708534621578,0.639291465378422,621,0.333860759493671,0.666139240506329,632,0.631160572337043,0.368839427662957,629,0.531914893617021,0.468085106382979,611,0.679933665008292,0.320066334991708,603,0.409395973154362,0.590604026845638,596
30719,0.57100766057749,0.42899233942251,1697,0.117791411042945,0.882208588957055,1630,0.43455497382199,0.565445026178011,573,0.569288389513109,0.430711610486891,267,0.26874625074985,0.73125374925015,1667,0.202332361516035,0.797667638483965,1715,0.687793427230047,0.312206572769953,1278,0.303806228373702,0.696193771626298,1445,0.804834905660377,0.195165094339623,1696,0.313424009461857,0.686575990538143,1691,0.273579379027534,0.726420620972466,1707,0.58041958041958,0.41958041958042,1716,0.600118483412322,0.399881516587678,1688,0.78187134502924,0.21812865497076,1710,0.481591448931116,0.518408551068884,1684
30721,0.543181818181818,0.456818181818182,1760,0.130304841601913,0.869695158398087,1673,0.34406779661017,0.65593220338983,590,0.598130841121495,0.401869158878505,321,0.256126021003501,0.7438739789965,1714,0.213753581661891,0.786246418338109,1745,0.645089285714286,0.354910714285714,1344,0.246947082767978,0.753052917232022,1474,0.772202998846598,0.227797001153403,1734,0.322093023255814,0.677906976744186,1720,0.251561612720045,0.748438387279955,1761,0.628766344513928,0.371233655486072,1759,0.584829183555298,0.415170816444702,1727,0.767256132344552,0.232743867655448,1753,0.466820542412002,0.533179457587998,1733
30722,0.628761482420019,0.371238517579981,3157,0.242248722316865,0.757751277683135,2935,0.39047619047619,0.60952380952381,840,0.708860759493671,0.291139240506329,632,0.24646529562982,0.75353470437018,3112,0.198209718670077,0.801790281329923,3128,0.707349665924276,0.292650334075724,2245,0.31992337164751,0.68007662835249,2610,0.802303262955854,0.197696737044146,3126,0.343346253229974,0.656653746770026,3096,0.206324358171572,0.793675641828428,3194,0.627011675607447,0.372988324392553,3169,0.638113570741097,0.361886429258903,3117,0.800125904941769,0.199874095058231,3177,0.465384615384615,0.534615384615385,3120
30723,0.326591760299625,0.673408239700375,2670,0.0728476821192053,0.927152317880795,2567,0.234335839598998,0.765664160401003,798,0.686666666666667,0.313333333333333,300,0.330401529636711,0.669598470363289,2615,0.197437829691032,0.802562170308968,2654,0.749169435215947,0.250830564784053,1806,0.176675369886858,0.823324630113142,2298,0.780769230769231,0.219230769230769,2600,0.451786400307338,0.548213599692662,2603,0.288396545249718,0.711603454750282,2663,0.706806282722513,0.293193717277487,2674,0.604524180967239,0.395475819032761,2564,0.627843137254902,0.372156862745098,2550,0.436978131212724,0.563021868787276,2515
30724,0.6,0.4,5,0.4,0.6,5,0.5,0.5,2,,,0,0.2,0.8,5,0.6,0.4,5,0.75,0.25,4,0,1,4,1,0,5,0.2,0.8,5,0.2,0.8,5,0.2,0.8,5,1,0,5,1,0,5,0.8,0.2,5
30725,0.608997500694252,0.391002499305748,3601,0.128994082840237,0.871005917159763,3380,0.435897435897436,0.564102564102564,1053,0.545994065281899,0.454005934718101,674,0.272513243084167,0.727486756915833,3398,0.186208821887214,0.813791178112786,3582,0.638452700114899,0.361547299885102,2611,0.300149700598802,0.699850299401198,2672,0.781622234826999,0.218377765173001,3526,0.353495007132668,0.646504992867333,3505,0.25020967291026,0.74979032708974,3577,0.638156067758956,0.361843932241044,3601,0.554158330951701,0.4458416690483,3499,0.81942889137738,0.18057110862262,3572,0.509060022650057,0.490939977349943,3532
30726,0.550413223140496,0.449586776859504,605,0.181019332161687,0.818980667838313,569,0.555023923444976,0.444976076555024,209,0.584269662921348,0.415730337078652,89,0.305084745762712,0.694915254237288,590,0.205298013245033,0.794701986754967,604,0.676274944567628,0.323725055432373,451,0.281496062992126,0.718503937007874,508,0.796979865771812,0.203020134228188,596,0.368686868686869,0.631313131313131,594,0.202635914332784,0.797364085667216,607,0.642857142857143,0.357142857142857,602,0.627551020408163,0.372448979591837,588,0.766169154228856,0.233830845771144,603,0.451013513513514,0.548986486486487,592
30801,0.631067961165049,0.368932038834951,103,0.193548387096774,0.806451612903226,93,0.423076923076923,0.576923076923077,26,0.315789473684211,0.68421052631579,19,0.273684210526316,0.726315789473684,95,0.153846153846154,0.846153846153846,104,0.647058823529412,0.352941176470588,68,0.225352112676056,0.774647887323944,71,0.803921568627451,0.196078431372549,102,0.386138613861386,0.613861386138614,101,0.142857142857143,0.857142857142857,105,0.701923076923077,0.298076923076923,104,0.54368932038835,0.456310679611651,103,0.838383838383838,0.161616161616162,99,0.5,0.5,98
30802,1,0,12,0,1,7,,,0,1,0,3,0,1,7,0.166666666666667,0.833333333333333,12,0,1,2,0.9,0.1,10,0.8,0.2,10,0.0909090909090909,0.909090909090909,11,0.166666666666667,0.833333333333333,12,0.666666666666667,0.333333333333333,12,0.833333333333333,0.166666666666667,12,1,0,12,0.333333333333333,0.666666666666667,12
30803,0.942857142857143,0.0571428571428571,35,0.0357142857142857,0.964285714285714,28,0.285714285714286,0.714285714285714,7,1,0,8,0.09375,0.90625,32,0.0588235294117647,0.941176470588235,34,0.75,0.25,8,0.814814814814815,0.185185185185185,27,0.735294117647059,0.264705882352941,34,0.142857142857143,0.857142857142857,35,0.212121212121212,0.787878787878788,33,0.757575757575758,0.242424242424242,33,0.828571428571429,0.171428571428571,35,0.914285714285714,0.0857142857142857,35,0.142857142857143,0.857142857142857,35
30902,0.538461538461538,0.461538461538462,78,0.205479452054795,0.794520547945206,73,0.533333333333333,0.466666666666667,30,0.6,0.4,5,0.246753246753247,0.753246753246753,77,0.168831168831169,0.831168831168831,77,0.680851063829787,0.319148936170213,47,0.470588235294118,0.529411764705882,68,0.84,0.16,75,0.184210526315789,0.81578947368421,76,0.12987012987013,0.87012987012987,77,0.51948051948052,0.480519480519481,77,0.714285714285714,0.285714285714286,77,0.846153846153846,0.153846153846154,78,0.289473684210526,0.710526315789474,76
30903,0.653061224489796,0.346938775510204,49,0.222222222222222,0.777777777777778,45,0.642857142857143,0.357142857142857,14,0.714285714285714,0.285714285714286,7,0.183673469387755,0.816326530612245,49,0.244897959183673,0.755102040816326,49,0.84375,0.15625,32,0.547619047619048,0.452380952380952,42,0.775510204081633,0.224489795918367,49,0.122448979591837,0.877551020408163,49,0.163265306122449,0.836734693877551,49,0.604166666666667,0.395833333333333,48,0.73469387755102,0.26530612244898,49,0.916666666666667,0.0833333333333333,48,0.270833333333333,0.729166666666667,48
30904,0.617647058823529,0.382352941176471,68,0.131147540983607,0.868852459016394,61,0.481481481481482,0.518518518518519,27,1,0,14,0.164179104477612,0.835820895522388,67,0.235294117647059,0.764705882352941,68,0.8125,0.1875,48,0.467741935483871,0.532258064516129,62,0.779411764705882,0.220588235294118,68,0.235294117647059,0.764705882352941,68,0.0588235294117647,0.941176470588235,68,0.656716417910448,0.343283582089552,67,0.761194029850746,0.238805970149254,67,0.882352941176471,0.117647058823529,68,0.363636363636364,0.636363636363636,66
30905,0.827586206896552,0.172413793103448,29,0.384615384615385,0.615384615384615,26,0.25,0.75,8,0.428571428571429,0.571428571428571,7,0.3,0.7,30,0.2,0.8,30,0.72,0.28,25,0.296296296296296,0.703703703703704,27,0.827586206896552,0.172413793103448,29,0.379310344827586,0.620689655172414,29,0.166666666666667,0.833333333333333,30,0.758620689655172,0.241379310344828,29,0.666666666666667,0.333333333333333,30,0.8,0.2,30,0.533333333333333,0.466666666666667,30
30906,0.666666666666667,0.333333333333333,3,0,1,2,1,0,1,,,0,0,1,5,0.6,0.4,5,1,0,4,0.5,0.5,4,1,0,5,0.25,0.75,4,0,1,5,0,1,4,1,0,5,1,0,5,0.6,0.4,5
30907,0.663451232583065,0.336548767416935,933,0.216435185185185,0.783564814814815,864,0.496240601503759,0.503759398496241,266,0.806306306306306,0.193693693693694,222,0.243688254665203,0.756311745334797,911,0.164870689655172,0.835129310344828,928,0.704160246533128,0.295839753466872,649,0.405,0.595,800,0.804560260586319,0.195439739413681,921,0.319078947368421,0.680921052631579,912,0.204935622317597,0.795064377682404,932,0.652173913043478,0.347826086956522,920,0.651416122004357,0.348583877995643,918,0.822198275862069,0.177801724137931,928,0.401308615049073,0.598691384950927,917
30908,0.460674157303371,0.539325842696629,89,0.0952380952380952,0.904761904761905,84,0.655172413793103,0.344827586206897,29,0.4,0.6,10,0.206896551724138,0.793103448275862,87,0.229885057471264,0.770114942528736,87,0.571428571428571,0.428571428571429,63,0.263888888888889,0.736111111111111,72,0.8,0.2,85,0.395348837209302,0.604651162790698,86,0.172413793103448,0.827586206896552,87,0.752808988764045,0.247191011235955,89,0.632183908045977,0.367816091954023,87,0.781609195402299,0.218390804597701,87,0.376470588235294,0.623529411764706,85
31001,0.611510791366906,0.388489208633094,139,0.0833333333333333,0.916666666666667,132,0.310344827586207,0.689655172413793,29,0.6,0.4,10,0.34965034965035,0.65034965034965,143,0.183673469387755,0.816326530612245,147,0.702970297029703,0.297029702970297,101,0.23,0.77,100,0.927152317880795,0.0728476821192053,151,0.319727891156463,0.680272108843537,147,0.38562091503268,0.61437908496732,153,0.487179487179487,0.512820512820513,156,0.464052287581699,0.535947712418301,153,0.89261744966443,0.10738255033557,149,0.48993288590604,0.51006711409396,149
31002,0.241935483870968,0.758064516129032,62,0.0333333333333333,0.966666666666667,60,0.428571428571429,0.571428571428571,28,1,0,3,0.19672131147541,0.80327868852459,61,0.419354838709677,0.580645161290323,62,0.651162790697675,0.348837209302326,43,0.191489361702128,0.808510638297872,47,0.770491803278689,0.229508196721311,61,0.426229508196721,0.573770491803279,61,0.0819672131147541,0.918032786885246,61,0.682539682539683,0.317460317460317,63,0.694915254237288,0.305084745762712,59,0.737704918032787,0.262295081967213,61,0.55,0.45,60
31003,0.811833171677982,0.188166828322017,1031,0.0575461454940282,0.942453854505972,921,0.502890173410405,0.497109826589595,173,0.39051094890511,0.609489051094891,274,0.199538638985006,0.800461361014994,867,0.0848126232741617,0.915187376725838,1014,0.669064748201439,0.330935251798561,695,0.542813455657492,0.457186544342508,654,0.781762295081967,0.218237704918033,976,0.201,0.799,1000,0.424424424424424,0.575575575575576,999,0.629556650246306,0.370443349753695,1015,0.47029702970297,0.52970297029703,1010,0.951097804391218,0.0489021956087824,1002,0.512487512487513,0.487512487512488,1001
31004,0.655431336559319,0.344568663440681,5993,0.0778056651129437,0.922194334887056,5578,0.426523297491039,0.573476702508961,1395,0.452523524379812,0.547476475620188,1169,0.258847891566265,0.741152108433735,5312,0.139723253459332,0.860276746540668,5926,0.617149758454106,0.382850241545894,4140,0.347642875954701,0.652357124045299,3797,0.79182476716109,0.20817523283891,5798,0.310606060606061,0.689393939393939,5808,0.33850303438975,0.66149696561025,5932,0.635679652232068,0.364320347767932,5981,0.484610123119015,0.515389876880985,5848,0.869027448322603,0.130972551677398,5902,0.537147736976943,0.462852263023057,5855
31005,0.713872832369942,0.286127167630058,346,0.0709876543209877,0.929012345679012,324,0.294871794871795,0.705128205128205,78,0.315068493150685,0.684931506849315,73,0.287974683544304,0.712025316455696,316,0.127906976744186,0.872093023255814,344,0.481617647058824,0.518382352941177,272,0.290322580645161,0.709677419354839,248,0.803625377643505,0.196374622356495,331,0.279411764705882,0.720588235294118,340,0.366366366366366,0.633633633633634,333,0.632947976878613,0.367052023121387,346,0.426512968299712,0.573487031700288,347,0.872463768115942,0.127536231884058,345,0.476878612716763,0.523121387283237,346
31006,0.522842639593909,0.477157360406091,591,0.0642361111111111,0.935763888888889,576,0.288461538461538,0.711538461538462,208,0.430379746835443,0.569620253164557,79,0.292894280762565,0.707105719237435,577,0.156928213689483,0.843071786310517,599,0.67436974789916,0.32563025210084,476,0.266129032258065,0.733870967741936,496,0.824027072758037,0.175972927241963,591,0.332191780821918,0.667808219178082,584,0.323728813559322,0.676271186440678,590,0.628140703517588,0.371859296482412,597,0.547457627118644,0.452542372881356,590,0.72681281618887,0.27318718381113,593,0.440134907251265,0.559865092748735,593
31007,0.702742409402547,0.297257590597454,2042,0.17965367965368,0.820346320346321,1848,0.428015564202335,0.571984435797665,514,0.497826086956522,0.502173913043478,460,0.266167824692678,0.733832175307322,1871,0.187250996015936,0.812749003984064,2008,0.545263157894737,0.454736842105263,1425,0.304318488529015,0.695681511470985,1482,0.794629537543511,0.205370462456489,2011,0.296670030272452,0.703329969727548,1982,0.289357528200098,0.710642471799902,2039,0.634266077565047,0.365733922434953,2037,0.545544554455446,0.454455445544555,2020,0.851126346718903,0.148873653281097,2042,0.481646825396825,0.518353174603175,2016
31008,0.837092731829574,0.162907268170426,399,0.157894736842105,0.842105263157895,342,0.486486486486487,0.513513513513514,74,0.396039603960396,0.603960396039604,101,0.289085545722714,0.710914454277286,339,0.165816326530612,0.834183673469388,392,0.451048951048951,0.548951048951049,286,0.321428571428571,0.678571428571429,252,0.808184143222506,0.191815856777494,391,0.26509186351706,0.73490813648294,381,0.303571428571429,0.696428571428571,392,0.636363636363636,0.363636363636364,396,0.5,0.5,392,0.921717171717172,0.0782828282828283,396,0.484771573604061,0.515228426395939,394
31009,0.713951675759938,0.286048324240062,2566,0.121149042464613,0.878850957535387,2402,0.506849315068493,0.493150684931507,657,0.449922958397535,0.550077041602465,649,0.242068665797479,0.757931334202521,2301,0.149236192714454,0.850763807285546,2553,0.609769792251544,0.390230207748456,1781,0.373665480427046,0.626334519572954,1686,0.796856106408706,0.203143893591294,2481,0.302437075509389,0.697562924490611,2503,0.293452844894778,0.706547155105222,2566,0.649626425481715,0.350373574518286,2543,0.525748502994012,0.474251497005988,2505,0.869616752271829,0.130383247728171,2531,0.502188619180263,0.497811380819737,2513
31010,0.576923076923077,0.423076923076923,52,0.183673469387755,0.816326530612245,49,0.476190476190476,0.523809523809524,21,0.777777777777778,0.222222222222222,9,0.270833333333333,0.729166666666667,48,0.192307692307692,0.807692307692308,52,0.743589743589744,0.256410256410256,39,0.428571428571429,0.571428571428571,49,0.826923076923077,0.173076923076923,52,0.32,0.68,50,0.26530612244898,0.73469387755102,49,0.470588235294118,0.529411764705882,51,0.730769230769231,0.269230769230769,52,0.75,0.25,52,0.5,0.5,52
31011,0.516574585635359,0.483425414364641,362,0.0529801324503311,0.947019867549669,302,0.13953488372093,0.86046511627907,86,0.425925925925926,0.574074074074074,54,0.357541899441341,0.642458100558659,358,0.0710382513661202,0.92896174863388,366,0.639024390243903,0.360975609756098,205,0.309236947791165,0.690763052208835,249,0.727762803234501,0.272237196765499,371,0.337950138504155,0.662049861495845,361,0.421052631578947,0.578947368421053,399,0.721951219512195,0.278048780487805,410,0.467532467532468,0.532467532467532,385,0.760309278350515,0.239690721649485,388,0.420365535248042,0.579634464751958,383
31012,0.613827993254637,0.386172006745363,1779,0.0741399762752076,0.925860023724792,1686,0.333333333333333,0.666666666666667,564,0.505263157894737,0.494736842105263,380,0.279827798277983,0.720172201722017,1626,0.153716216216216,0.846283783783784,1776,0.611985018726592,0.388014981273408,1335,0.306058221872541,0.693941778127459,1271,0.781933256616801,0.218066743383199,1738,0.327774583093732,0.672225416906268,1739,0.311643835616438,0.688356164383562,1752,0.668169014084507,0.331830985915493,1775,0.50462962962963,0.49537037037037,1728,0.815578465063001,0.184421534936999,1746,0.509837962962963,0.490162037037037,1728
31013,0.737254901960784,0.262745098039216,255,0.0995850622406639,0.900414937759336,241,0.409090909090909,0.590909090909091,66,0.351851851851852,0.648148148148148,54,0.305676855895197,0.694323144104803,229,0.152941176470588,0.847058823529412,255,0.45,0.55,200,0.257731958762887,0.742268041237113,194,0.775100401606426,0.224899598393574,249,0.293650793650794,0.706349206349206,252,0.346774193548387,0.653225806451613,248,0.704280155642023,0.295719844357977,257,0.496062992125984,0.503937007874016,254,0.88671875,0.11328125,256,0.4453125,0.5546875,256
31014,0.56015037593985,0.43984962406015,532,0.080078125,0.919921875,512,0.443349753694581,0.556650246305419,203,0.622448979591837,0.377551020408163,98,0.285436893203884,0.714563106796117,515,0.179584120982987,0.820415879017013,529,0.657657657657658,0.342342342342342,444,0.330357142857143,0.669642857142857,448,0.826923076923077,0.173076923076923,520,0.312859884836852,0.687140115163148,521,0.434697855750487,0.565302144249513,513,0.514071294559099,0.485928705440901,533,0.542471042471043,0.457528957528958,518,0.797373358348968,0.202626641651032,533,0.564638783269962,0.435361216730038,526
31015,0.657442748091603,0.342557251908397,2096,0.104891578416541,0.895108421583459,1983,0.398886827458256,0.601113172541744,539,0.595185995623632,0.404814004376368,457,0.287555775904809,0.712444224095191,2017,0.174038461538462,0.825961538461538,2080,0.653211009174312,0.346788990825688,1635,0.309739524348811,0.690260475651189,1766,0.809547004383829,0.190452995616171,2053,0.301509985387238,0.698490014612762,2053,0.393387637757547,0.606612362242453,2087,0.58421052631579,0.415789473684211,2090,0.522265246853824,0.477734753146176,2066,0.820267686424474,0.179732313575526,2092,0.507692307692308,0.492307692307692,2080
31201,0.4934660858743,0.5065339141257,1607,0.0609364977549711,0.939063502245029,1559,0.31198347107438,0.68801652892562,484,0.528776978417266,0.471223021582734,278,0.28734756097561,0.71265243902439,1312,0.121630094043887,0.878369905956113,1595,0.659320477502296,0.340679522497704,1089,0.335294117647059,0.664705882352941,850,0.809647979139505,0.190352020860495,1534,0.374355670103093,0.625644329896907,1552,0.317602040816327,0.682397959183674,1568,0.66832298136646,0.33167701863354,1610,0.4889896373057,0.511010362694301,1544,0.871049304677623,0.128950695322377,1582,0.613504823151125,0.386495176848875,1555
31202,0.532215357458076,0.467784642541924,5665,0.0899187592319055,0.910081240768094,5416,0.315758293838863,0.684241706161138,1688,0.491060786650775,0.508939213349225,839,0.240948549650646,0.759051450349354,4723,0.140538546661748,0.859461453338252,5422,0.679278746674549,0.320721253325451,3383,0.452891960712987,0.547108039287013,2749,0.810847067842085,0.189152932157915,5218,0.27122464312547,0.728775356874531,5324,0.36295871559633,0.63704128440367,5232,0.647882332092858,0.352117667907142,5643,0.506390977443609,0.493609022556391,5320,0.916802906448683,0.083197093551317,5505,0.614288465241672,0.385711534758329,5193
31203,0.505807418508805,0.494192581491195,8007,0.0712610734757686,0.928738926524231,7676,0.255079006772009,0.744920993227991,2215,0.528985507246377,0.471014492753623,966,0.249377722464219,0.750622277535781,6428,0.132566745968808,0.867433254031192,7566,0.693024312656215,0.306975687343786,4401,0.47951176983435,0.52048823016565,3441,0.816580455752831,0.183419544247169,7153,0.257947198275862,0.742052801724138,7424,0.381785114717403,0.618214885282597,7148,0.661735205616851,0.338264794383149,7976,0.473297730307076,0.526702269692924,7490,0.936627982787847,0.0633720172121528,7669,0.630771376761055,0.369228623238945,7169
31301,0.4,0.6,10,0,1,8,,,0,0,1,1,0.4,0.6,10,0,1,10,0.428571428571429,0.571428571428571,7,0.285714285714286,0.714285714285714,7,0.7,0.3,10,0.222222222222222,0.777777777777778,9,0.3,0.7,10,0.8,0.2,10,0.4,0.6,10,0.555555555555556,0.444444444444444,9,0.333333333333333,0.666666666666667,9
31302,0.595015576323988,0.404984423676012,642,0.194630872483221,0.805369127516778,596,0.45578231292517,0.54421768707483,147,0.48936170212766,0.51063829787234,94,0.2416,0.7584,625,0.164670658682635,0.835329341317365,668,0.693512304250559,0.306487695749441,447,0.30718954248366,0.69281045751634,459,0.790030211480363,0.209969788519637,662,0.386706948640483,0.613293051359517,662,0.151824817518248,0.848175182481752,685,0.658788774002954,0.341211225997046,677,0.551515151515152,0.448484848484848,660,0.874432677760968,0.125567322239032,661,0.511700468018721,0.488299531981279,641
31303,0.87,0.13,100,0.221052631578947,0.778947368421053,95,0.722222222222222,0.277777777777778,18,0.176470588235294,0.823529411764706,17,0.285714285714286,0.714285714285714,91,0.13265306122449,0.86734693877551,98,0.703125,0.296875,64,0.5625,0.4375,64,0.739583333333333,0.260416666666667,96,0.210526315789474,0.789473684210526,95,0.31,0.69,100,0.505050505050505,0.494949494949495,99,0.554455445544555,0.445544554455446,101,0.97979797979798,0.0202020202020202,99,0.316326530612245,0.683673469387755,98
31304,0.333333333333333,0.666666666666667,6,0,1,6,1,0,2,1,0,1,0,1,6,0.666666666666667,0.333333333333333,6,1,0,2,0.5,0.5,4,1,0,6,0,1,6,0,1,6,0.5,0.5,6,1,0,6,1,0,6,0.4,0.6,5
31305,0.581967213114754,0.418032786885246,244,0.217391304347826,0.782608695652174,230,0.457627118644068,0.542372881355932,59,0.342857142857143,0.657142857142857,35,0.233766233766234,0.766233766233766,231,0.2125,0.7875,240,0.64804469273743,0.35195530726257,179,0.25609756097561,0.74390243902439,164,0.801652892561983,0.198347107438017,242,0.371900826446281,0.628099173553719,242,0.124497991967871,0.875502008032129,249,0.693877551020408,0.306122448979592,245,0.601659751037344,0.398340248962656,241,0.857723577235772,0.142276422764228,246,0.519148936170213,0.480851063829787,235
31306,0.654109589041096,0.345890410958904,292,0.263940520446097,0.736059479553903,269,0.477777777777778,0.522222222222222,90,0.358490566037736,0.641509433962264,53,0.283582089552239,0.716417910447761,268,0.206896551724138,0.793103448275862,290,0.6875,0.3125,224,0.235897435897436,0.764102564102564,195,0.822916666666667,0.177083333333333,288,0.378006872852234,0.621993127147766,291,0.187290969899666,0.812709030100334,299,0.674496644295302,0.325503355704698,298,0.597938144329897,0.402061855670103,291,0.89419795221843,0.10580204778157,293,0.536842105263158,0.463157894736842,285
31307,0.586206896551724,0.413793103448276,145,0.106060606060606,0.893939393939394,132,0.444444444444444,0.555555555555556,18,0.65,0.35,20,0.231292517006803,0.768707482993197,147,0.179310344827586,0.820689655172414,145,0.658227848101266,0.341772151898734,79,0.314814814814815,0.685185185185185,108,0.763157894736842,0.236842105263158,152,0.479452054794521,0.520547945205479,146,0.163398692810458,0.836601307189543,153,0.633986928104575,0.366013071895425,153,0.578231292517007,0.421768707482993,147,0.868421052631579,0.131578947368421,152,0.604166666666667,0.395833333333333,144
31308,0.631578947368421,0.368421052631579,19,0.35,0.65,20,0.333333333333333,0.666666666666667,9,0.333333333333333,0.666666666666667,3,0.333333333333333,0.666666666666667,18,0,1,20,0.8125,0.1875,16,0.25,0.75,16,0.75,0.25,20,0.529411764705882,0.470588235294118,17,0.2,0.8,20,0.8,0.2,20,0.722222222222222,0.277777777777778,18,0.85,0.15,20,0.5,0.5,20
31309,0.654804270462634,0.345195729537367,1405,0.202316602316602,0.797683397683398,1295,0.593639575971731,0.406360424028269,283,0.436482084690554,0.563517915309446,307,0.223987291501191,0.776012708498809,1259,0.16955266955267,0.830447330447331,1386,0.613924050632912,0.386075949367089,948,0.342592592592593,0.657407407407407,864,0.806356245380636,0.193643754619364,1353,0.358936484490399,0.641063515509601,1354,0.233473980309423,0.766526019690577,1422,0.655913978494624,0.344086021505376,1395,0.536567704561912,0.463432295438088,1381,0.87384176764077,0.12615823235923,1403,0.502545454545455,0.497454545454546,1375
31310,0.622950819672131,0.377049180327869,122,0.214285714285714,0.785714285714286,112,0.4,0.6,20,0.529411764705882,0.470588235294118,17,0.232758620689655,0.767241379310345,116,0.231404958677686,0.768595041322314,121,0.740740740740741,0.259259259259259,81,0.35,0.65,80,0.75,0.25,124,0.395161290322581,0.604838709677419,124,0.192307692307692,0.807692307692308,130,0.677165354330709,0.322834645669291,127,0.59504132231405,0.40495867768595,121,0.868217054263566,0.131782945736434,129,0.508196721311475,0.491803278688525,122
31311,0.308457711442786,0.691542288557214,1206,0.0702054794520548,0.929794520547945,1168,0.349358974358974,0.650641025641026,312,0.530120481927711,0.469879518072289,83,0.311688311688312,0.688311688311688,1232,0.180613090306545,0.819386909693455,1207,0.694560669456067,0.305439330543933,717,0.167259786476868,0.832740213523132,843,0.730184147317854,0.269815852682146,1249,0.453865336658354,0.546134663341646,1203,0.178710178710179,0.821289821289821,1287,0.720823798627002,0.279176201372998,1311,0.581512605042017,0.418487394957983,1190,0.768662838392125,0.231337161607875,1219,0.559245960502693,0.440754039497307,1114
31312,0.353747714808044,0.646252285191956,1094,0.0936902485659656,0.906309751434035,1046,0.358885017421603,0.641114982578397,287,0.642105263157895,0.357894736842105,95,0.277777777777778,0.722222222222222,1080,0.200184501845018,0.799815498154982,1084,0.702746365105008,0.297253634894992,619,0.220149253731343,0.779850746268657,804,0.739169675090253,0.260830324909747,1108,0.424953095684803,0.575046904315197,1066,0.197158081705151,0.802841918294849,1126,0.716783216783217,0.283216783216783,1144,0.62298195631529,0.37701804368471,1053,0.769158878504673,0.230841121495327,1070,0.518367346938776,0.481632653061225,980
31313,0.338983050847458,0.661016949152542,59,0.0689655172413793,0.931034482758621,58,0.642857142857143,0.357142857142857,14,0.5,0.5,4,0.298245614035088,0.701754385964912,57,0.333333333333333,0.666666666666667,57,0.560975609756098,0.439024390243902,41,0.121212121212121,0.878787878787879,33,0.701754385964912,0.298245614035088,57,0.403508771929825,0.596491228070175,57,0.155172413793103,0.844827586206897,58,0.711864406779661,0.288135593220339,59,0.538461538461538,0.461538461538462,52,0.793103448275862,0.206896551724138,58,0.673076923076923,0.326923076923077,52
31314,0.596337579617834,0.403662420382166,2512,0.136440677966102,0.863559322033898,2360,0.491071428571429,0.508928571428571,560,0.49165120593692,0.50834879406308,539,0.272727272727273,0.727272727272727,1980,0.137395459976105,0.862604540023895,2511,0.617517328292376,0.382482671707624,1587,0.341250989707047,0.658749010292953,1263,0.797132011809363,0.202867988190637,2371,0.401302401302401,0.598697598697599,2457,0.30608291359938,0.69391708640062,2581,0.701140385371608,0.298859614628392,2543,0.49453662484824,0.505463375151761,2471,0.904912836767036,0.0950871632329635,2524,0.567404426559356,0.432595573440644,2485
31315,0.577197149643706,0.422802850356295,421,0.217054263565891,0.782945736434109,387,0.623529411764706,0.376470588235294,85,0.464788732394366,0.535211267605634,71,0.251366120218579,0.748633879781421,366,0.180722891566265,0.819277108433735,415,0.621993127147766,0.378006872852234,291,0.282527881040892,0.717472118959108,269,0.766009852216749,0.233990147783251,406,0.403846153846154,0.596153846153846,416,0.253488372093023,0.746511627906977,430,0.711943793911007,0.288056206088993,427,0.503562945368171,0.496437054631829,421,0.870892018779343,0.129107981220657,426,0.462469733656174,0.537530266343826,413
31316,0.586046511627907,0.413953488372093,1075,0.210313447927199,0.789686552072801,989,0.589861751152074,0.410138248847926,217,0.475609756097561,0.524390243902439,164,0.251282051282051,0.748717948717949,975,0.186440677966102,0.813559322033898,1062,0.646900269541779,0.353099730458221,742,0.268571428571429,0.731428571428571,700,0.774783445620789,0.225216554379211,1039,0.408960915157293,0.591039084842707,1049,0.227106227106227,0.772893772893773,1092,0.677449168207024,0.322550831792976,1082,0.510396975425331,0.489603024574669,1058,0.841565703634669,0.158434296365331,1073,0.497603068072867,0.502396931927133,1043
31318,0.536111111111111,0.463888888888889,360,0.133738601823708,0.866261398176292,329,0.315068493150685,0.684931506849315,73,0.394736842105263,0.605263157894737,38,0.333333333333333,0.666666666666667,354,0.154666666666667,0.845333333333333,375,0.762931034482759,0.237068965517241,232,0.196652719665272,0.803347280334728,239,0.774798927613941,0.225201072386059,373,0.438502673796791,0.561497326203209,374,0.207823960880196,0.792176039119804,409,0.67487684729064,0.32512315270936,406,0.489528795811518,0.510471204188482,382,0.850129198966408,0.149870801033592,387,0.56986301369863,0.43013698630137,365
31319,0.416974169741697,0.583025830258303,271,0.0277777777777778,0.972222222222222,252,0.482758620689655,0.517241379310345,29,0.315789473684211,0.68421052631579,19,0.257462686567164,0.742537313432836,268,0.15358361774744,0.84641638225256,293,0.60431654676259,0.39568345323741,139,0.141025641025641,0.858974358974359,156,0.739864864864865,0.260135135135135,296,0.385665529010239,0.614334470989761,293,0.211726384364821,0.788273615635179,307,0.709150326797386,0.290849673202614,306,0.402877697841727,0.597122302158273,278,0.89527027027027,0.10472972972973,296,0.562277580071174,0.437722419928826,281
31320,0.536256323777403,0.463743676222597,593,0.143103448275862,0.856896551724138,580,0.423841059602649,0.576158940397351,151,0.304347826086957,0.695652173913044,92,0.289617486338798,0.710382513661202,549,0.147435897435897,0.852564102564103,624,0.638888888888889,0.361111111111111,432,0.192682926829268,0.807317073170732,410,0.76948051948052,0.230519480519481,616,0.406148867313916,0.593851132686084,618,0.218354430379747,0.781645569620253,632,0.708006279434851,0.291993720565149,637,0.467532467532468,0.532467532467532,616,0.861958266452649,0.138041733547352,623,0.504159733777038,0.495840266222962,601
31321,0.694214876033058,0.305785123966942,121,0.145454545454545,0.854545454545455,110,0.689655172413793,0.310344827586207,29,0.272727272727273,0.727272727272727,22,0.314285714285714,0.685714285714286,105,0.127118644067797,0.872881355932204,118,0.590361445783133,0.409638554216867,83,0.323529411764706,0.676470588235294,68,0.747899159663866,0.252100840336134,119,0.241666666666667,0.758333333333333,120,0.319672131147541,0.680327868852459,122,0.60655737704918,0.39344262295082,122,0.363636363636364,0.636363636363636,121,0.909090909090909,0.0909090909090909,121,0.358974358974359,0.641025641025641,117
31322,0.565836298932384,0.434163701067616,4215,0.113920881321983,0.886079118678017,3994,0.461839530332681,0.538160469667319,1022,0.554635761589404,0.445364238410596,604,0.289113428943937,0.710886571056063,3068,0.123417721518987,0.876582278481013,4108,0.666370501999112,0.333629498000889,2251,0.416808631459398,0.583191368540602,1761,0.819772064670024,0.180227935329976,3773,0.409225456339418,0.590774543660582,4054,0.360733857517274,0.639266142482726,4197,0.684136640149743,0.315863359850257,4274,0.463361016121153,0.536638983878847,4094,0.914671723157146,0.0853282768428538,4219,0.662280701754386,0.337719298245614,4104
31401,0.352849336455894,0.647150663544106,1281,0.0808646917534027,0.919135308246597,1249,0.213709677419355,0.786290322580645,496,0.773809523809524,0.226190476190476,168,0.327503974562798,0.672496025437202,1258,0.19435736677116,0.80564263322884,1276,0.767687434002112,0.232312565997888,947,0.209964412811388,0.790035587188612,1124,0.769721115537849,0.230278884462151,1255,0.421348314606742,0.578651685393258,1246,0.282352941176471,0.717647058823529,1275,0.716848673946958,0.283151326053042,1282,0.605132450331126,0.394867549668874,1208,0.620048504446241,0.379951495553759,1237,0.425653594771242,0.574346405228758,1224
31402,0.374613003095975,0.625386996904025,323,0.106796116504854,0.893203883495146,309,0.28,0.72,150,0.723404255319149,0.276595744680851,47,0.293375394321767,0.706624605678234,317,0.238244514106583,0.761755485893417,319,0.732217573221757,0.267782426778243,239,0.191011235955056,0.808988764044944,267,0.745341614906832,0.254658385093168,322,0.427215189873418,0.572784810126582,316,0.227129337539432,0.772870662460568,317,0.702194357366771,0.297805642633229,319,0.611842105263158,0.388157894736842,304,0.631746031746032,0.368253968253968,315,0.433656957928803,0.566343042071198,309
31403,0.459051724137931,0.540948275862069,464,0.1834451901566,0.816554809843401,447,0.280898876404494,0.719101123595506,178,0.808988764044944,0.191011235955056,89,0.29247311827957,0.70752688172043,465,0.219354838709677,0.780645161290323,465,0.80225988700565,0.19774011299435,354,0.276995305164319,0.723004694835681,426,0.796573875802998,0.203426124197002,467,0.397379912663755,0.602620087336245,458,0.183368869936034,0.816631130063966,469,0.704989154013015,0.295010845986985,461,0.648230088495575,0.351769911504425,452,0.704347826086957,0.295652173913044,460,0.423841059602649,0.576158940397351,453
31404,0.158415841584158,0.841584158415842,101,0.0412371134020619,0.958762886597938,97,0.230769230769231,0.769230769230769,39,0.8,0.2,5,0.285714285714286,0.714285714285714,91,0.239583333333333,0.760416666666667,96,0.808510638297872,0.191489361702128,47,0.225352112676056,0.774647887323944,71,0.709677419354839,0.290322580645161,93,0.54945054945055,0.450549450549451,91,0.186813186813187,0.813186813186813,91,0.74,0.26,100,0.6125,0.3875,80,0.614457831325301,0.385542168674699,83,0.423076923076923,0.576923076923077,78
31405,0.493865030674847,0.506134969325153,652,0.0769230769230769,0.923076923076923,637,0.323432343234323,0.676567656765677,303,0.593103448275862,0.406896551724138,145,0.252764612954186,0.747235387045814,633,0.191717791411043,0.808282208588957,652,0.603481624758221,0.39651837524178,517,0.273062730627306,0.726937269372694,542,0.727554179566563,0.272445820433437,646,0.352755905511811,0.647244094488189,635,0.236476043276662,0.763523956723339,647,0.709035222052067,0.290964777947933,653,0.568218298555377,0.431781701444623,623,0.69969040247678,0.30030959752322,646,0.420062695924765,0.579937304075235,638
40101,0.247422680412371,0.752577319587629,97,0,1,92,0.34375,0.65625,64,0.615384615384615,0.384615384615385,13,0.247422680412371,0.752577319587629,97,0.278350515463918,0.721649484536083,97,0.8,0.2,75,0.2375,0.7625,80,0.76530612244898,0.23469387755102,98,0.41304347826087,0.586956521739131,92,0.322916666666667,0.677083333333333,96,0.690721649484536,0.309278350515464,97,0.670212765957447,0.329787234042553,94,0.556701030927835,0.443298969072165,97,0.473684210526316,0.526315789473684,95
40102,0.234324614833393,0.765675385166607,5582,0.0145725964101653,0.985427403589835,5627,0.0697674418604651,0.930232558139535,2709,0.889230769230769,0.110769230769231,325,0.275469653179191,0.724530346820809,5536,0.125608061153579,0.874391938846421,5756,0.829503546099291,0.170496453900709,3525,0.224923346473938,0.775076653526062,4566,0.685588752196837,0.314411247803163,5690,0.450995553837232,0.549004446162768,5173,0.331826401446655,0.668173598553345,5530,0.75415512465374,0.24584487534626,5776,0.625954198473283,0.374045801526718,5109,0.516663597864113,0.483336402135887,5431,0.367265087853323,0.632734912146677,5236
40103,0.300054555373704,0.699945444626296,1833,0.00378787878787879,0.996212121212121,1848,0.0642523364485981,0.935747663551402,856,0.886524822695036,0.113475177304965,141,0.282560706401766,0.717439293598234,1812,0.1156852527358,0.8843147472642,1919,0.802943581357318,0.197056418642682,1223,0.298477829252151,0.701522170747849,1511,0.688029661016949,0.311970338983051,1888,0.38675340035482,0.61324659964518,1691,0.443338861249309,0.556661138750691,1809,0.680584551148225,0.319415448851775,1916,0.601759530791789,0.398240469208211,1705,0.542696629213483,0.457303370786517,1780,0.453241537578887,0.546758462421113,1743
40104,0.152173913043478,0.847826086956522,828,0.0097442143727162,0.990255785627284,821,0.0605427974947808,0.939457202505219,479,0.763157894736842,0.236842105263158,38,0.259212198221093,0.740787801778907,787,0.134545454545455,0.865454545454545,825,0.830985915492958,0.169014084507042,497,0.151285930408472,0.848714069591528,661,0.600244498777506,0.399755501222494,818,0.477961432506887,0.522038567493113,726,0.269135802469136,0.730864197530864,810,0.827014218009479,0.172985781990521,844,0.619777158774373,0.380222841225627,718,0.513618677042802,0.486381322957198,771,0.359459459459459,0.640540540540541,740
40105,0.473451327433628,0.526548672566372,226,0.20627802690583,0.79372197309417,223,0.345323741007194,0.654676258992806,139,0.558823529411765,0.441176470588235,34,0.312217194570136,0.687782805429864,221,0.180616740088106,0.819383259911894,227,0.625668449197861,0.374331550802139,187,0.202072538860104,0.797927461139896,193,0.74235807860262,0.25764192139738,229,0.378995433789954,0.621004566210046,219,0.248908296943231,0.751091703056769,229,0.65929203539823,0.34070796460177,226,0.572727272727273,0.427272727272727,220,0.710526315789474,0.289473684210526,228,0.462555066079295,0.537444933920705,227
40106,0.412962962962963,0.587037037037037,540,0.0752895752895753,0.924710424710425,518,0.151020408163265,0.848979591836735,245,0.756756756756757,0.243243243243243,74,0.293785310734463,0.706214689265537,531,0.13394495412844,0.86605504587156,545,0.785123966942149,0.214876033057851,363,0.302107728337237,0.697892271662763,427,0.70985401459854,0.29014598540146,548,0.374031007751938,0.625968992248062,516,0.333955223880597,0.666044776119403,536,0.664835164835165,0.335164835164835,546,0.577299412915851,0.422700587084149,511,0.627777777777778,0.372222222222222,540,0.48,0.52,525
40107,0.470254957507082,0.529745042492918,353,0.182890855457227,0.817109144542773,339,0.353932584269663,0.646067415730337,178,0.666666666666667,0.333333333333333,60,0.282051282051282,0.717948717948718,351,0.202279202279202,0.797720797720798,351,0.650375939849624,0.349624060150376,266,0.173758865248227,0.826241134751773,282,0.728813559322034,0.271186440677966,354,0.410557184750733,0.589442815249267,341,0.180281690140845,0.819718309859155,355,0.67887323943662,0.32112676056338,355,0.57396449704142,0.42603550295858,338,0.670422535211268,0.329577464788732,355,0.47093023255814,0.529069767441861,344
40108,0.429971988795518,0.570028011204482,714,0.0927835051546392,0.907216494845361,679,0.297734627831715,0.702265372168285,309,0.731707317073171,0.268292682926829,82,0.280979827089337,0.719020172910663,694,0.196861626248217,0.803138373751783,701,0.700201207243461,0.299798792756539,497,0.231985940246046,0.768014059753954,569,0.710084033613445,0.289915966386555,714,0.415929203539823,0.584070796460177,678,0.248945147679325,0.751054852320675,711,0.636237897648686,0.363762102351314,723,0.588235294117647,0.411764705882353,680,0.643661971830986,0.356338028169014,710,0.462882096069869,0.537117903930131,687
40109,0.308641975308642,0.691358024691358,81,0.012987012987013,0.987012987012987,77,0.352941176470588,0.647058823529412,34,0.818181818181818,0.181818181818182,11,0.219178082191781,0.780821917808219,73,0.153846153846154,0.846153846153846,78,0.515625,0.484375,64,0.225806451612903,0.774193548387097,62,0.716049382716049,0.283950617283951,81,0.319444444444444,0.680555555555556,72,0.3875,0.6125,80,0.674698795180723,0.325301204819277,83,0.580246913580247,0.419753086419753,81,0.560975609756098,0.439024390243902,82,0.4375,0.5625,80
40111,0.527186761229314,0.472813238770686,423,0.24330900243309,0.75669099756691,411,0.40174672489083,0.59825327510917,229,0.533333333333333,0.466666666666667,75,0.285714285714286,0.714285714285714,413,0.20952380952381,0.79047619047619,420,0.613569321533923,0.386430678466077,339,0.202985074626866,0.797014925373134,335,0.769596199524941,0.230403800475059,421,0.407766990291262,0.592233009708738,412,0.225118483412322,0.774881516587678,422,0.648192771084337,0.351807228915663,415,0.557177615571776,0.442822384428224,411,0.757142857142857,0.242857142857143,420,0.537170263788969,0.462829736211031,417
40112,0.573333333333333,0.426666666666667,300,0.136986301369863,0.863013698630137,292,0.208860759493671,0.791139240506329,158,0.655172413793103,0.344827586206897,58,0.300341296928328,0.699658703071672,293,0.148514851485149,0.851485148514852,303,0.580246913580247,0.419753086419753,243,0.240506329113924,0.759493670886076,237,0.687707641196013,0.312292358803987,301,0.418118466898955,0.581881533101045,287,0.369491525423729,0.630508474576271,295,0.654605263157895,0.345394736842105,304,0.524822695035461,0.475177304964539,282,0.677852348993289,0.322147651006711,298,0.437086092715232,0.562913907284768,302
40113,0.476056338028169,0.523943661971831,355,0.177325581395349,0.822674418604651,344,0.218009478672986,0.781990521327014,211,0.578947368421053,0.421052631578947,57,0.278592375366569,0.721407624633431,341,0.206896551724138,0.793103448275862,348,0.630824372759857,0.369175627240143,279,0.169611307420495,0.830388692579505,283,0.702005730659026,0.297994269340974,349,0.438235294117647,0.561764705882353,340,0.25,0.75,348,0.708215297450425,0.291784702549575,353,0.572307692307692,0.427692307692308,325,0.654285714285714,0.345714285714286,350,0.448275862068966,0.551724137931035,348
40114,0.345707656612529,0.654292343387471,431,0.0707547169811321,0.929245283018868,424,0.203463203463203,0.796536796536797,231,0.627906976744186,0.372093023255814,43,0.33096926713948,0.66903073286052,423,0.106575963718821,0.893424036281179,441,0.678899082568807,0.321100917431193,327,0.2,0.8,365,0.65158371040724,0.34841628959276,442,0.430730478589421,0.569269521410579,397,0.341013824884793,0.658986175115207,434,0.721348314606742,0.278651685393258,445,0.520304568527919,0.479695431472081,394,0.545243619489559,0.454756380510441,431,0.430232558139535,0.569767441860465,430
40115,0.682291666666667,0.317708333333333,384,0.214673913043478,0.785326086956522,368,0.463576158940397,0.536423841059603,151,0.517543859649123,0.482456140350877,114,0.314917127071823,0.685082872928177,362,0.177248677248677,0.822751322751323,378,0.538461538461538,0.461538461538462,299,0.290441176470588,0.709558823529412,272,0.781818181818182,0.218181818181818,385,0.382113821138211,0.617886178861789,369,0.259842519685039,0.740157480314961,381,0.630606860158311,0.369393139841689,379,0.570666666666667,0.429333333333333,375,0.856020942408377,0.143979057591623,382,0.488188976377953,0.511811023622047,381
40116,1,0,3,0,1,2,,,0,,,0,0,1,3,0.333333333333333,0.666666666666667,3,1,0,1,1,0,2,1,0,3,0,1,3,0,1,3,0.333333333333333,0.666666666666667,3,0.666666666666667,0.333333333333333,3,1,0,3,0.333333333333333,0.666666666666667,3
40117,0.65625,0.34375,32,0.148148148148148,0.851851851851852,27,0.454545454545455,0.545454545454545,11,0.714285714285714,0.285714285714286,7,0.305555555555556,0.694444444444445,36,0.243243243243243,0.756756756756757,37,0.730769230769231,0.269230769230769,26,0.233333333333333,0.766666666666667,30,0.918918918918919,0.0810810810810811,37,0.46875,0.53125,32,0.176470588235294,0.823529411764706,34,0.361111111111111,0.638888888888889,36,0.45945945945946,0.540540540540541,37,0.771428571428571,0.228571428571429,35,0.685714285714286,0.314285714285714,35
40118,0.462156633547633,0.537843366452367,6844,0.0961625282167043,0.903837471783296,6645,0.430134417005314,0.569865582994686,3199,0.659785301403799,0.340214698596201,1211,0.285956528441498,0.714043471558502,6487,0.142899233942251,0.857100766057749,6788,0.486111111111111,0.513888888888889,4896,0.182436370701379,0.817563629298621,5147,0.715182481751825,0.284817518248175,6850,0.396050214329455,0.603949785670545,6532,0.278332092330603,0.721667907669397,6715,0.712739505631125,0.287260494368875,6837,0.585106382978723,0.414893617021277,6580,0.688022284122563,0.311977715877437,6821,0.431794567314829,0.568205432685172,6737
40119,0.498324958123953,0.501675041876047,2388,0.0988913525498891,0.901108647450111,2255,0.314020857473928,0.685979142526072,863,0.751428571428571,0.248571428571429,350,0.28307560137457,0.71692439862543,2328,0.15244161358811,0.84755838641189,2355,0.65348980852378,0.34651019147622,1619,0.287337662337662,0.712662337662338,1848,0.726669431771049,0.273330568228951,2411,0.353045013239188,0.646954986760812,2266,0.345766974015088,0.654233025984912,2386,0.580499795165916,0.419500204834084,2441,0.568122270742358,0.431877729257642,2290,0.705906996229577,0.294093003770423,2387,0.488500851788756,0.511499148211244,2348
40120,0.515075376884422,0.484924623115578,398,0.236363636363636,0.763636363636364,385,0.359832635983264,0.640167364016736,239,0.461538461538462,0.538461538461538,78,0.275590551181102,0.724409448818898,381,0.229219143576826,0.770780856423174,397,0.608024691358025,0.391975308641975,324,0.183279742765273,0.816720257234727,311,0.759493670886076,0.240506329113924,395,0.419270833333333,0.580729166666667,384,0.229219143576826,0.770780856423174,397,0.66412213740458,0.33587786259542,393,0.541666666666667,0.458333333333333,384,0.690954773869347,0.309045226130653,398,0.508860759493671,0.491139240506329,395
40121,0.56386292834891,0.43613707165109,642,0.0947546531302877,0.905245346869712,591,0.257281553398058,0.742718446601942,206,0.838461538461539,0.161538461538462,130,0.2336,0.7664,625,0.11993769470405,0.88006230529595,642,0.655778894472362,0.344221105527638,398,0.386178861788618,0.613821138211382,492,0.716049382716049,0.283950617283951,648,0.307060755336617,0.692939244663383,609,0.34984520123839,0.65015479876161,646,0.58868501529052,0.41131498470948,654,0.597110754414125,0.402889245585875,623,0.728527607361963,0.271472392638037,652,0.489731437598736,0.510268562401264,633
40122,0.305882352941177,0.694117647058824,85,0,1,78,0.131578947368421,0.868421052631579,38,0.666666666666667,0.333333333333333,3,0.341772151898734,0.658227848101266,79,0.0609756097560976,0.939024390243902,82,0.627118644067797,0.372881355932203,59,0.288135593220339,0.711864406779661,59,0.732558139534884,0.267441860465116,86,0.545454545454545,0.454545454545455,77,0.476744186046512,0.523255813953488,86,0.678571428571429,0.321428571428571,84,0.6,0.4,80,0.536585365853659,0.463414634146342,82,0.426829268292683,0.573170731707317,82
40123,0.295947901591896,0.704052098408104,1382,0.0579494799405646,0.942050520059435,1346,0.176991150442478,0.823008849557522,678,0.7,0.3,110,0.329428989751098,0.670571010248902,1366,0.141327623126338,0.858672376873662,1401,0.680873180873181,0.319126819126819,962,0.185283687943262,0.814716312056738,1128,0.660980810234542,0.339019189765458,1407,0.452253628724217,0.547746371275783,1309,0.324441240086518,0.675558759913482,1387,0.722417427969079,0.277582572030921,1423,0.559618441971383,0.440381558028617,1258,0.560672514619883,0.439327485380117,1368,0.422764227642276,0.577235772357724,1353
40124,0.47846012832264,0.52153987167736,1091,0.176470588235294,0.823529411764706,1037,0.349532710280374,0.650467289719626,535,0.651898734177215,0.348101265822785,158,0.300561797752809,0.699438202247191,1068,0.167592592592593,0.832407407407407,1080,0.647412755716005,0.352587244283995,831,0.182897862232779,0.817102137767221,842,0.762340036563071,0.237659963436929,1094,0.434905660377359,0.565094339622642,1060,0.24543795620438,0.75456204379562,1096,0.664527956003666,0.335472043996334,1091,0.537944284341979,0.462055715658021,1041,0.698630136986301,0.301369863013699,1095,0.534080298786181,0.465919701213819,1071
40125,0.616666666666667,0.383333333333333,60,0.309090909090909,0.690909090909091,55,0.212121212121212,0.787878787878788,33,0.5,0.5,10,0.370967741935484,0.629032258064516,62,0.129032258064516,0.870967741935484,62,0.617021276595745,0.382978723404255,47,0.153846153846154,0.846153846153846,52,0.761904761904762,0.238095238095238,63,0.435483870967742,0.564516129032258,62,0.317460317460317,0.682539682539683,63,0.774193548387097,0.225806451612903,62,0.5,0.5,62,0.746031746031746,0.253968253968254,63,0.419354838709677,0.580645161290323,62
40126,0.402777777777778,0.597222222222222,144,0.0921985815602837,0.907801418439716,141,0.337662337662338,0.662337662337662,77,0.909090909090909,0.0909090909090909,22,0.227586206896552,0.772413793103448,145,0.135714285714286,0.864285714285714,140,0.608333333333333,0.391666666666667,120,0.239316239316239,0.760683760683761,117,0.76551724137931,0.23448275862069,145,0.330985915492958,0.669014084507042,142,0.27891156462585,0.72108843537415,147,0.613793103448276,0.386206896551724,145,0.560283687943262,0.439716312056738,141,0.631944444444445,0.368055555555556,144,0.503496503496504,0.496503496503497,143
40127,0.833333333333333,0.166666666666667,6,0,1,6,,,0,,,0,0,1,6,0,1,6,0.75,0.25,4,0.8,0.2,5,0.666666666666667,0.333333333333333,6,0.25,0.75,4,0.833333333333333,0.166666666666667,6,0.333333333333333,0.666666666666667,6,0.333333333333333,0.666666666666667,6,1,0,6,1,0,6
40128,0.335640138408305,0.664359861591696,289,0.024822695035461,0.975177304964539,282,0.157894736842105,0.842105263157895,114,0.866666666666667,0.133333333333333,15,0.326086956521739,0.673913043478261,276,0.0707070707070707,0.929292929292929,297,0.579710144927536,0.420289855072464,207,0.26046511627907,0.73953488372093,215,0.687074829931973,0.312925170068027,294,0.44015444015444,0.55984555984556,259,0.503496503496504,0.496503496503497,286,0.691803278688525,0.308196721311475,305,0.537313432835821,0.462686567164179,268,0.517361111111111,0.482638888888889,288,0.411149825783972,0.588850174216028,287
40129,0.327944572748268,0.672055427251732,866,0.0672169811320755,0.932783018867925,848,0.149779735682819,0.850220264317181,454,0.650602409638554,0.349397590361446,83,0.293103448275862,0.706896551724138,870,0.110102156640182,0.889897843359819,881,0.703525641025641,0.296474358974359,624,0.216833095577746,0.783166904422254,701,0.657954545454546,0.342045454545455,880,0.460591133004926,0.539408866995074,812,0.329493087557604,0.670506912442396,868,0.733258928571429,0.266741071428571,896,0.558227848101266,0.441772151898734,790,0.574418604651163,0.425581395348837,860,0.440898345153664,0.559101654846336,846
40130,0.154185022026432,0.845814977973568,227,0.0087719298245614,0.991228070175439,228,0.130841121495327,0.869158878504673,107,1,0,7,0.344660194174757,0.655339805825243,206,0.129310344827586,0.870689655172414,232,0.673758865248227,0.326241134751773,141,0.129032258064516,0.870967741935484,186,0.608695652173913,0.391304347826087,230,0.49537037037037,0.50462962962963,216,0.291479820627803,0.708520179372197,223,0.776371308016878,0.223628691983122,237,0.540284360189574,0.459715639810427,211,0.459821428571429,0.540178571428571,224,0.359090909090909,0.640909090909091,220
40131,0.588957055214724,0.411042944785276,163,0.139240506329114,0.860759493670886,158,0.2875,0.7125,80,0.655172413793103,0.344827586206897,29,0.25625,0.74375,160,0.151515151515152,0.848484848484848,165,0.604477611940299,0.395522388059701,134,0.386363636363636,0.613636363636364,132,0.768292682926829,0.231707317073171,164,0.327160493827161,0.67283950617284,162,0.425,0.575,160,0.548780487804878,0.451219512195122,164,0.580645161290323,0.419354838709677,155,0.721212121212121,0.278787878787879,165,0.575757575757576,0.424242424242424,165
40132,0.555555555555556,0.444444444444444,36,0.0606060606060606,0.939393939393939,33,0.230769230769231,0.769230769230769,13,0.8,0.2,5,0.27027027027027,0.72972972972973,37,0.216216216216216,0.783783783783784,37,0.666666666666667,0.333333333333333,27,0.461538461538462,0.538461538461538,26,0.675675675675676,0.324324324324324,37,0.342857142857143,0.657142857142857,35,0.4,0.6,35,0.558823529411765,0.441176470588235,34,0.5,0.5,34,0.638888888888889,0.361111111111111,36,0.583333333333333,0.416666666666667,36
40133,0.333333333333333,0.666666666666667,6,0,1,5,0,1,1,1,0,1,0.333333333333333,0.666666666666667,6,0.285714285714286,0.714285714285714,7,1,0,2,0.2,0.8,5,0.714285714285714,0.285714285714286,7,0.5,0.5,6,0.5,0.5,6,0.714285714285714,0.285714285714286,7,0.714285714285714,0.285714285714286,7,0.8,0.2,5,0.8,0.2,5
40134,0.566350710900474,0.433649289099526,844,0.233502538071066,0.766497461928934,788,0.424148606811146,0.575851393188855,323,0.6484375,0.3515625,128,0.282208588957055,0.717791411042945,815,0.165865384615385,0.834134615384615,832,0.659863945578231,0.340136054421769,588,0.259904912836767,0.740095087163233,631,0.776470588235294,0.223529411764706,850,0.399267399267399,0.600732600732601,819,0.217543859649123,0.782456140350877,855,0.560802833530106,0.439197166469894,847,0.58029197080292,0.41970802919708,822,0.767332549941246,0.232667450058754,851,0.549819927971189,0.450180072028812,833
40135,0.469336670838548,0.530663329161452,799,0.142476697736352,0.857523302263649,751,0.330128205128205,0.669871794871795,312,0.712765957446809,0.287234042553192,94,0.336351875808538,0.663648124191462,773,0.121827411167513,0.878172588832487,788,0.725694444444445,0.274305555555556,576,0.238249594813614,0.761750405186386,617,0.774875621890547,0.225124378109453,804,0.452506596306069,0.547493403693931,758,0.280199252801993,0.719800747198008,803,0.607187112763321,0.392812887236679,807,0.542153047989624,0.457846952010376,771,0.667503136762861,0.332496863237139,797,0.506988564167726,0.493011435832274,787
40136,0.303149606299213,0.696850393700787,508,0.0161290322580645,0.983870967741936,496,0.153558052434457,0.846441947565543,267,0.944444444444444,0.0555555555555556,36,0.256,0.744,500,0.177734375,0.822265625,512,0.728291316526611,0.271708683473389,357,0.268765133171913,0.731234866828087,413,0.704854368932039,0.295145631067961,515,0.358208955223881,0.641791044776119,469,0.383534136546185,0.616465863453815,498,0.666666666666667,0.333333333333333,516,0.650826446280992,0.349173553719008,484,0.562992125984252,0.437007874015748,508,0.463709677419355,0.536290322580645,496
40137,0.411792905081496,0.588207094918504,6258,0.0651886168100596,0.93481138318994,6044,0.321533923303835,0.678466076696165,2712,0.683870967741935,0.316129032258065,775,0.284191237714476,0.715808762285524,6003,0.150809061488673,0.849190938511327,6180,0.587188612099644,0.412811387900356,4496,0.204922953772263,0.795077046227737,4997,0.724462151394422,0.275537848605578,6275,0.384693189480782,0.615306810519218,5932,0.335551948051948,0.664448051948052,6160,0.665448188175461,0.334551811824539,6292,0.582087044194253,0.417912955805747,5951,0.647907647907648,0.352092352092352,6237,0.465309446254072,0.534690553745928,6140
40138,0.232758620689655,0.767241379310345,116,0.0353982300884956,0.964601769911504,113,0.105263157894737,0.894736842105263,57,0.571428571428571,0.428571428571429,7,0.279661016949153,0.720338983050847,118,0.220338983050847,0.779661016949153,118,0.783783783783784,0.216216216216216,74,0.213483146067416,0.786516853932584,89,0.64406779661017,0.355932203389831,118,0.375,0.625,104,0.211864406779661,0.788135593220339,118,0.669421487603306,0.330578512396694,121,0.580357142857143,0.419642857142857,112,0.596491228070175,0.403508771929825,114,0.416666666666667,0.583333333333333,108
40139,0.5,0.5,162,0.087248322147651,0.912751677852349,149,0.342857142857143,0.657142857142857,70,0.769230769230769,0.230769230769231,26,0.266666666666667,0.733333333333333,150,0.220125786163522,0.779874213836478,159,0.716981132075472,0.283018867924528,106,0.2109375,0.7890625,128,0.6625,0.3375,160,0.346153846153846,0.653846153846154,156,0.245283018867925,0.754716981132076,159,0.617283950617284,0.382716049382716,162,0.613333333333333,0.386666666666667,150,0.708074534161491,0.291925465838509,161,0.557692307692308,0.442307692307692,156
40140,0.3125,0.6875,48,0.0204081632653061,0.979591836734694,49,0.0384615384615385,0.961538461538461,26,1,0,4,0.205128205128205,0.794871794871795,39,0.26,0.74,50,0.368421052631579,0.631578947368421,19,0.323529411764706,0.676470588235294,34,0.647058823529412,0.352941176470588,51,0.270833333333333,0.729166666666667,48,0.488372093023256,0.511627906976744,43,0.725490196078431,0.274509803921569,51,0.488888888888889,0.511111111111111,45,0.36734693877551,0.63265306122449,49,0.285714285714286,0.714285714285714,49
40141,0.320872274143302,0.679127725856698,321,0.0487012987012987,0.951298701298701,308,0.189873417721519,0.810126582278481,158,0.769230769230769,0.230769230769231,26,0.280757097791798,0.719242902208202,317,0.180124223602484,0.819875776397516,322,0.672489082969432,0.327510917030568,229,0.1640625,0.8359375,256,0.616352201257862,0.383647798742138,318,0.378640776699029,0.621359223300971,309,0.270700636942675,0.729299363057325,314,0.783950617283951,0.216049382716049,324,0.560553633217993,0.439446366782007,289,0.547169811320755,0.452830188679245,318,0.465408805031447,0.534591194968554,318
40142,0.376623376623377,0.623376623376623,154,0.165562913907285,0.834437086092715,151,0.378640776699029,0.621359223300971,103,0.523809523809524,0.476190476190476,21,0.326797385620915,0.673202614379085,153,0.261437908496732,0.738562091503268,153,0.643410852713178,0.356589147286822,129,0.120300751879699,0.879699248120301,133,0.736842105263158,0.263157894736842,152,0.42,0.58,150,0.168831168831169,0.831168831168831,154,0.720779220779221,0.279220779220779,154,0.557046979865772,0.442953020134228,149,0.679738562091503,0.320261437908497,153,0.490196078431373,0.509803921568627,153
40143,0.151277013752456,0.848722986247544,509,0,1,501,0.105839416058394,0.894160583941606,274,0.894736842105263,0.105263157894737,19,0.322,0.678,500,0.189189189189189,0.810810810810811,518,0.73186119873817,0.26813880126183,317,0.138107416879795,0.861892583120205,391,0.600790513833992,0.399209486166008,506,0.547770700636943,0.452229299363057,471,0.274900398406375,0.725099601593626,502,0.756238003838772,0.243761996161228,521,0.602708803611738,0.397291196388262,443,0.44311377245509,0.55688622754491,501,0.365503080082136,0.634496919917865,487
40144,0.332084893882647,0.667915106117353,801,0.0233766233766234,0.976623376623377,770,0.0991735537190083,0.900826446280992,363,0.852459016393443,0.147540983606557,61,0.296954314720812,0.703045685279188,788,0.102595797280593,0.897404202719407,809,0.748582230623819,0.251417769376182,529,0.25652841781874,0.74347158218126,651,0.680693069306931,0.319306930693069,808,0.398591549295775,0.601408450704225,710,0.378768020969856,0.621231979030144,763,0.673291925465839,0.326708074534162,805,0.579310344827586,0.420689655172414,725,0.52156862745098,0.47843137254902,765,0.437994722955145,0.562005277044855,758
40145,0.0833333333333333,0.916666666666667,12,0,1,11,0.142857142857143,0.857142857142857,7,1,0,1,0.272727272727273,0.727272727272727,11,0.25,0.75,12,0.857142857142857,0.142857142857143,7,0.25,0.75,8,0.545454545454545,0.454545454545455,11,0.5,0.5,10,0.333333333333333,0.666666666666667,12,0.833333333333333,0.166666666666667,12,0.7,0.3,10,0.272727272727273,0.727272727272727,11,0.272727272727273,0.727272727272727,11
40146,0.259149357072206,0.740850642927794,3033,0.0457181849198226,0.954281815080177,2931,0.0975,0.9025,1600,0.790393013100437,0.209606986899563,229,0.275710419485792,0.724289580514208,2956,0.159683272847245,0.840316727152755,3031,0.750258531540848,0.249741468459152,1934,0.183402489626556,0.816597510373444,2410,0.66622691292876,0.33377308707124,3032,0.430780294857965,0.569219705142035,2781,0.25034435261708,0.74965564738292,2904,0.770443349753695,0.229556650246305,3045,0.617316341829086,0.382683658170915,2668,0.533930416810196,0.466069583189804,2903,0.377445748843828,0.622554251156172,2811
40147,0.545454545454545,0.454545454545455,22,0.0476190476190476,0.952380952380952,21,0.3,0.7,10,1,0,2,0.217391304347826,0.782608695652174,23,0.136363636363636,0.863636363636364,22,0.444444444444444,0.555555555555556,9,0.235294117647059,0.764705882352941,17,0.681818181818182,0.318181818181818,22,0.428571428571429,0.571428571428571,21,0.260869565217391,0.739130434782609,23,0.772727272727273,0.227272727272727,22,0.4,0.6,20,0.478260869565217,0.521739130434783,23,0.260869565217391,0.739130434782609,23
40149,0.391193237664635,0.608806762335365,5087,0.079626244160065,0.920373755839935,4923,0.301535974130962,0.698464025869038,2474,0.641319942611191,0.358680057388809,697,0.281793979111202,0.718206020888798,4883,0.14891499104121,0.85108500895879,5023,0.591553209224785,0.408446790775215,3599,0.18351324828263,0.81648675171737,4076,0.703253626029008,0.296746373970992,5102,0.405785123966942,0.594214876033058,4840,0.298088410991637,0.701911589008363,5022,0.710748673609747,0.289251326390253,5089,0.591760299625468,0.408239700374532,4806,0.636579572446556,0.363420427553444,5052,0.433594534860358,0.566405465139642,4977
40150,0.353096179183136,0.646903820816864,759,0.09366391184573,0.90633608815427,726,0.286516853932584,0.713483146067416,356,0.621951219512195,0.378048780487805,82,0.317631224764468,0.682368775235532,743,0.166887417218543,0.833112582781457,755,0.655109489051095,0.344890510948905,548,0.109028960817717,0.890971039182283,587,0.747700394218134,0.252299605781866,761,0.477088948787062,0.522911051212938,742,0.259640102827764,0.740359897172237,778,0.710967741935484,0.289032258064516,775,0.526737967914439,0.473262032085562,748,0.603112840466926,0.396887159533074,771,0.434782608695652,0.565217391304348,759
40151,0.367256637168142,0.632743362831858,1356,0.0789265982636148,0.921073401736385,1267,0.261617900172117,0.738382099827883,581,0.657534246575342,0.342465753424658,146,0.319327731092437,0.680672268907563,1309,0.141474311243485,0.858525688756515,1343,0.687436159346272,0.312563840653728,979,0.150997150997151,0.849002849002849,1053,0.751104565537555,0.248895434462445,1358,0.441988950276243,0.558011049723757,1267,0.277452415812592,0.722547584187409,1366,0.707547169811321,0.292452830188679,1378,0.544891640866873,0.455108359133127,1292,0.561946902654867,0.438053097345133,1356,0.453055141579732,0.546944858420268,1342
40152,0.424844720496894,0.575155279503106,805,0.0325520833333333,0.967447916666667,768,0.185714285714286,0.814285714285714,350,0.815533980582524,0.184466019417476,103,0.245524296675192,0.754475703324808,782,0.148962148962149,0.851037851037851,819,0.685009487666034,0.314990512333966,527,0.353796445880452,0.646203554119548,619,0.707768187422935,0.292231812577065,811,0.328418230563003,0.671581769436997,746,0.47787610619469,0.52212389380531,791,0.648845686512758,0.351154313487242,823,0.587301587301587,0.412698412698413,756,0.603703703703704,0.396296296296296,810,0.495024875621891,0.50497512437811,804
40153,0.154639175257732,0.845360824742268,97,0.0106382978723404,0.98936170212766,94,0.0350877192982456,0.964912280701754,57,1,0,7,0.383838383838384,0.616161616161616,99,0.128712871287129,0.871287128712871,101,0.882352941176471,0.117647058823529,51,0.136986301369863,0.863013698630137,73,0.705882352941177,0.294117647058824,102,0.438202247191011,0.561797752808989,89,0.333333333333333,0.666666666666667,99,0.764705882352941,0.235294117647059,102,0.630434782608696,0.369565217391304,92,0.521739130434783,0.478260869565217,92,0.402298850574713,0.597701149425287,87
40154,0.369158878504673,0.630841121495327,642,0.0888529886914378,0.911147011308562,619,0.118243243243243,0.881756756756757,296,0.723684210526316,0.276315789473684,76,0.335987261146497,0.664012738853503,628,0.125,0.875,648,0.708154506437768,0.291845493562232,466,0.174242424242424,0.825757575757576,528,0.775541795665635,0.224458204334365,646,0.45514950166113,0.54485049833887,602,0.294303797468354,0.705696202531646,632,0.727134146341463,0.272865853658537,656,0.572881355932203,0.427118644067797,590,0.588996763754045,0.411003236245955,618,0.437908496732026,0.562091503267974,612
40155,0.548104956268222,0.451895043731778,343,0.0791139240506329,0.920886075949367,316,0.141509433962264,0.858490566037736,106,0.788461538461538,0.211538461538462,52,0.356940509915014,0.643059490084986,353,0.0626702997275204,0.93732970027248,367,0.688796680497925,0.311203319502075,241,0.319148936170213,0.680851063829787,282,0.8,0.2,365,0.384615384615385,0.615384615384615,325,0.374647887323944,0.625352112676056,355,0.6,0.4,365,0.529069767441861,0.47093023255814,344,0.677053824362606,0.322946175637394,353,0.502824858757062,0.497175141242938,354
40156,0,1,2,0,1,3,0,1,1,,,0,0.75,0.25,4,0,1,4,1,0,1,0,1,4,1,0,3,0.75,0.25,4,0.75,0.25,4,1,0,4,0,1,3,0,1,2,0,1,2
40157,0.7,0.3,10,0.111111111111111,0.888888888888889,9,0.666666666666667,0.333333333333333,3,1,0,3,0.1,0.9,10,0.4,0.6,10,1,0,5,0.428571428571429,0.571428571428571,7,0.857142857142857,0.142857142857143,7,0.1,0.9,10,0.3,0.7,10,0.7,0.3,10,0.8,0.2,10,0.7,0.3,10,0.3,0.7,10
40158,0.249258160237389,0.750741839762611,1685,0.0391566265060241,0.960843373493976,1660,0.102477477477477,0.897522522522523,888,0.780701754385965,0.219298245614035,114,0.244622003687769,0.755377996312231,1627,0.172068355922216,0.827931644077784,1697,0.731046931407942,0.268953068592058,1108,0.166666666666667,0.833333333333333,1302,0.61511005353956,0.38488994646044,1681,0.413261888814468,0.586738111185533,1493,0.271186440677966,0.728813559322034,1652,0.751472320376914,0.248527679623086,1698,0.641176470588235,0.358823529411765,1530,0.554606467358145,0.445393532641855,1639,0.417808219178082,0.582191780821918,1606
40159,0.36976506639428,0.63023493360572,979,0.0411946446961895,0.95880535530381,971,0.106728538283063,0.893271461716937,431,0.788888888888889,0.211111111111111,90,0.269269269269269,0.730730730730731,999,0.140350877192982,0.859649122807018,1026,0.653566229985444,0.346433770014556,687,0.221204188481675,0.778795811518325,764,0.683743842364532,0.316256157635468,1015,0.391705069124424,0.608294930875576,868,0.38241308793456,0.61758691206544,978,0.656007751937985,0.343992248062016,1032,0.605561277033986,0.394438722966014,971,0.602040816326531,0.397959183673469,980,0.475103734439834,0.524896265560166,964
40160,0.323076923076923,0.676923076923077,65,0.078125,0.921875,64,0.032258064516129,0.967741935483871,31,1,0,4,0.25,0.75,64,0.0923076923076923,0.907692307692308,65,0.84,0.16,50,0.30188679245283,0.69811320754717,53,0.707692307692308,0.292307692307692,65,0.526315789473684,0.473684210526316,57,0.19047619047619,0.80952380952381,63,0.769230769230769,0.230769230769231,65,0.711864406779661,0.288135593220339,59,0.546875,0.453125,64,0.4375,0.5625,64
40161,0.119791666666667,0.880208333333333,768,0.0105960264900662,0.989403973509934,755,0.0564516129032258,0.943548387096774,496,0.888888888888889,0.111111111111111,27,0.193150684931507,0.806849315068493,730,0.191798941798942,0.808201058201058,756,0.811203319502075,0.188796680497925,482,0.106960950764007,0.893039049235993,589,0.596,0.404,750,0.453488372093023,0.546511627906977,688,0.195250659630607,0.804749340369393,758,0.812743823146944,0.187256176853056,769,0.658892128279883,0.341107871720117,686,0.542699724517906,0.457300275482094,726,0.397677793904209,0.602322206095791,689
40162,0.4375,0.5625,176,0.175438596491228,0.824561403508772,171,0.30327868852459,0.69672131147541,122,0.59375,0.40625,32,0.314285714285714,0.685714285714286,175,0.232954545454545,0.767045454545455,176,0.610738255033557,0.389261744966443,149,0.163265306122449,0.836734693877551,147,0.731428571428571,0.268571428571429,175,0.441860465116279,0.558139534883721,172,0.188571428571429,0.811428571428571,175,0.715909090909091,0.284090909090909,176,0.512048192771084,0.487951807228916,166,0.651428571428571,0.348571428571429,175,0.497142857142857,0.502857142857143,175
40163,0.334313725490196,0.665686274509804,2040,0.0523045054375971,0.947695494562403,1931,0.140407288317256,0.859592711682744,933,0.767326732673267,0.232673267326733,202,0.327291037260826,0.672708962739174,1986,0.153392330383481,0.846607669616519,2034,0.727609178386381,0.27239082161362,1351,0.228448275862069,0.771551724137931,1624,0.679587831207066,0.320412168792934,2038,0.440337909186906,0.559662090813094,1894,0.296859169199595,0.703140830800405,1974,0.704191033138402,0.295808966861598,2052,0.576190476190476,0.423809523809524,1890,0.571644042232277,0.428355957767722,1989,0.418461538461538,0.581538461538462,1950
40164,0.419354838709677,0.580645161290323,31,0.1,0.9,30,0.1,0.9,20,0.666666666666667,0.333333333333333,3,0.193548387096774,0.806451612903226,31,0.354838709677419,0.645161290322581,31,0.68,0.32,25,0.208333333333333,0.791666666666667,24,0.580645161290323,0.419354838709677,31,0.32258064516129,0.67741935483871,31,0.2,0.8,30,0.774193548387097,0.225806451612903,31,0.620689655172414,0.379310344827586,29,0.483870967741936,0.516129032258065,31,0.32258064516129,0.67741935483871,31
40165,0.642857142857143,0.357142857142857,14,0.166666666666667,0.833333333333333,12,0.2,0.8,5,1,0,2,0.307692307692308,0.692307692307692,13,0.0714285714285714,0.928571428571429,14,0.888888888888889,0.111111111111111,9,0.153846153846154,0.846153846153846,13,0.928571428571429,0.0714285714285714,14,0.428571428571429,0.571428571428571,14,0.166666666666667,0.833333333333333,12,0.642857142857143,0.357142857142857,14,0.571428571428571,0.428571428571429,14,0.846153846153846,0.153846153846154,13,0.538461538461538,0.461538461538462,13
40166,0.529774127310062,0.470225872689938,487,0.261146496815287,0.738853503184713,471,0.469465648854962,0.530534351145038,262,0.409090909090909,0.590909090909091,110,0.274468085106383,0.725531914893617,470,0.20997920997921,0.79002079002079,481,0.555837563451777,0.444162436548223,394,0.152777777777778,0.847222222222222,360,0.764462809917355,0.235537190082645,484,0.412393162393162,0.587606837606838,468,0.181818181818182,0.818181818181818,484,0.67287784679089,0.32712215320911,483,0.540598290598291,0.459401709401709,468,0.74020618556701,0.25979381443299,485,0.492693110647182,0.507306889352818,479
40167,0.576815642458101,0.423184357541899,716,0.123348017621145,0.876651982378855,681,0.222551928783383,0.777448071216617,337,0.712418300653595,0.287581699346405,153,0.264663805436338,0.735336194563662,699,0.159722222222222,0.840277777777778,720,0.648451730418944,0.351548269581056,549,0.315217391304348,0.684782608695652,552,0.700842696629214,0.299157303370787,712,0.362951807228916,0.637048192771084,664,0.387955182072829,0.612044817927171,714,0.630705394190871,0.369294605809129,723,0.605067064083458,0.394932935916543,671,0.683029453015428,0.316970546984572,713,0.459915611814346,0.540084388185654,711
40168,0.425320056899004,0.574679943100996,703,0.129032258064516,0.870967741935484,682,0.14320987654321,0.85679012345679,405,0.642105263157895,0.357894736842105,95,0.227405247813411,0.772594752186589,686,0.186513629842181,0.813486370157819,697,0.669793621013133,0.330206378986867,533,0.225,0.775,560,0.663338088445078,0.336661911554922,701,0.39453717754173,0.60546282245827,659,0.216642754662841,0.783357245337159,697,0.694602272727273,0.305397727272727,704,0.645962732919255,0.354037267080745,644,0.657971014492754,0.342028985507246,690,0.430249632892805,0.569750367107195,681
40169,0.287202380952381,0.712797619047619,672,0.0552147239263804,0.94478527607362,652,0.186170212765957,0.813829787234043,376,0.780821917808219,0.219178082191781,73,0.296296296296296,0.703703703703704,648,0.142857142857143,0.857142857142857,665,0.644295302013423,0.355704697986577,447,0.190721649484536,0.809278350515464,582,0.669139465875371,0.330860534124629,674,0.428571428571429,0.571428571428571,637,0.273952095808383,0.726047904191617,668,0.726047904191617,0.273952095808383,668,0.640253565768621,0.359746434231379,631,0.571644042232277,0.428355957767722,663,0.363496932515337,0.636503067484663,652
40170,0.598666666666667,0.401333333333333,1500,0.157342657342657,0.842657342657343,1430,0.361764705882353,0.638235294117647,680,0.677966101694915,0.322033898305085,354,0.261516654854713,0.738483345145287,1411,0.138368983957219,0.861631016042781,1496,0.540174249757986,0.459825750242014,1033,0.321973094170404,0.678026905829596,1115,0.71314209472982,0.28685790527018,1499,0.370833333333333,0.629166666666667,1440,0.284563758389262,0.715436241610738,1490,0.696151249155976,0.303848750844024,1481,0.614685314685315,0.385314685314685,1430,0.734584450402145,0.265415549597855,1492,0.41644204851752,0.58355795148248,1484
40171,0.504892367906067,0.495107632093933,1533,0.126951799049559,0.873048200950441,1473,0.283354510800508,0.716645489199492,787,0.660516605166052,0.339483394833948,271,0.273584905660377,0.726415094339623,1484,0.156311314584696,0.843688685415304,1529,0.589380530973451,0.410619469026549,1130,0.228758169934641,0.77124183006536,1224,0.70873786407767,0.29126213592233,1545,0.388888888888889,0.611111111111111,1476,0.268403908794788,0.731596091205212,1535,0.700325732899023,0.299674267100977,1535,0.610309278350516,0.389690721649485,1455,0.678408349641226,0.321591650358774,1533,0.417880794701987,0.582119205298013,1510
40172,0.629638383360908,0.370361616639092,4231,0.149569495694957,0.850430504305043,4065,0.422324510932106,0.577675489067894,1738,0.654648956356736,0.345351043643264,1054,0.258161727774987,0.741838272225013,3982,0.14363722697056,0.85636277302944,4212,0.541653054557334,0.458346945442666,3061,0.305041480536056,0.694958519463944,3134,0.739990579368818,0.260009420631182,4246,0.34718826405868,0.65281173594132,4090,0.323182247403211,0.67681775259679,4236,0.661305581835383,0.338694418164617,4228,0.614363010329562,0.385636989670438,4066,0.745742667928098,0.254257332071902,4228,0.446275071633238,0.553724928366762,4188
40201,0.496336996336996,0.503663003663004,546,0.245283018867925,0.754716981132076,530,0.389285714285714,0.610714285714286,280,0.511904761904762,0.488095238095238,84,0.282527881040892,0.717472118959108,538,0.245318352059925,0.754681647940075,534,0.618266978922717,0.381733021077283,427,0.133333333333333,0.866666666666667,420,0.770220588235294,0.229779411764706,544,0.446728971962617,0.553271028037383,535,0.182481751824818,0.817518248175183,548,0.63436928702011,0.36563071297989,547,0.57685009487666,0.42314990512334,527,0.741284403669725,0.258715596330275,545,0.541044776119403,0.458955223880597,536
40202,0.470894874022589,0.529105125977411,2302,0.120603015075377,0.879396984924623,2189,0.293515358361775,0.706484641638225,879,0.768996960486322,0.231003039513678,329,0.275375110326567,0.724624889673433,2266,0.173245614035088,0.826754385964912,2280,0.686390532544379,0.313609467455621,1521,0.286348501664817,0.713651498335183,1802,0.746545768566494,0.253454231433506,2316,0.361098604232328,0.638901395767672,2221,0.26308957161402,0.73691042838598,2311,0.60187154402382,0.39812845597618,2351,0.596483318304779,0.403516681695221,2218,0.697167755991285,0.302832244008715,2295,0.477100933748333,0.522899066251667,2249
40203,0.55,0.45,220,0.259433962264151,0.740566037735849,212,0.434108527131783,0.565891472868217,129,0.511111111111111,0.488888888888889,45,0.302325581395349,0.697674418604651,215,0.228310502283105,0.771689497716895,219,0.581005586592179,0.418994413407821,179,0.15819209039548,0.84180790960452,177,0.770642201834862,0.229357798165138,218,0.411214953271028,0.588785046728972,214,0.217592592592593,0.782407407407407,216,0.625570776255708,0.374429223744292,219,0.528571428571429,0.471428571428571,210,0.783410138248848,0.216589861751152,217,0.571428571428571,0.428571428571429,217
40204,0.461028192371476,0.538971807628524,603,0.213913043478261,0.786086956521739,575,0.336538461538462,0.663461538461538,312,0.531914893617021,0.468085106382979,94,0.294416243654822,0.705583756345178,591,0.210884353741497,0.789115646258503,588,0.65121412803532,0.34878587196468,453,0.168085106382979,0.831914893617021,470,0.774086378737542,0.225913621262459,602,0.45945945945946,0.540540540540541,592,0.169154228855721,0.830845771144279,603,0.691151919866444,0.308848080133556,599,0.59552495697074,0.40447504302926,581,0.694352159468439,0.305647840531561,602,0.484745762711864,0.515254237288136,590
40205,0.6,0.4,20,0.142857142857143,0.857142857142857,21,0.666666666666667,0.333333333333333,9,0.75,0.25,4,0.142857142857143,0.857142857142857,21,0.333333333333333,0.666666666666667,21,0.692307692307692,0.307692307692308,13,0.421052631578947,0.578947368421053,19,0.761904761904762,0.238095238095238,21,0.25,0.75,20,0.380952380952381,0.619047619047619,21,0.380952380952381,0.619047619047619,21,0.631578947368421,0.368421052631579,19,0.761904761904762,0.238095238095238,21,0.6,0.4,20
40206,0.596230158730159,0.403769841269841,1008,0.295670538542767,0.704329461457233,947,0.447247706422018,0.552752293577982,436,0.563157894736842,0.436842105263158,190,0.296714579055441,0.703285420944559,974,0.172924901185771,0.827075098814229,1012,0.601360544217687,0.398639455782313,735,0.25065274151436,0.74934725848564,766,0.79009900990099,0.20990099009901,1010,0.464358452138493,0.535641547861507,982,0.155688622754491,0.844311377245509,1002,0.657057654075547,0.342942345924453,1006,0.568527918781726,0.431472081218274,985,0.788690476190476,0.211309523809524,1008,0.531124497991968,0.468875502008032,996
40207,0.545307443365696,0.454692556634304,618,0.242424242424242,0.757575757575758,594,0.436619718309859,0.563380281690141,284,0.614678899082569,0.385321100917431,109,0.279187817258883,0.720812182741117,591,0.186385737439222,0.813614262560778,617,0.608333333333333,0.391666666666667,480,0.211618257261411,0.788381742738589,482,0.783870967741935,0.216129032258065,620,0.460526315789474,0.539473684210526,608,0.183574879227053,0.816425120772947,621,0.631067961165049,0.368932038834951,618,0.509966777408638,0.490033222591362,602,0.740740740740741,0.259259259259259,621,0.539967373572594,0.460032626427406,613
40208,0.494949494949495,0.505050505050505,99,0.21875,0.78125,96,0.424242424242424,0.575757575757576,66,0.470588235294118,0.529411764705882,17,0.268041237113402,0.731958762886598,97,0.282828282828283,0.717171717171717,99,0.511904761904762,0.488095238095238,84,0.1125,0.8875,80,0.686868686868687,0.313131313131313,99,0.378947368421053,0.621052631578947,95,0.191919191919192,0.808080808080808,99,0.707070707070707,0.292929292929293,99,0.621052631578947,0.378947368421053,95,0.666666666666667,0.333333333333333,99,0.464646464646465,0.535353535353535,99
40209,0.405092592592593,0.594907407407407,864,0.166073546856465,0.833926453143535,843,0.377528089887641,0.62247191011236,445,0.52212389380531,0.47787610619469,113,0.293697978596908,0.706302021403092,841,0.232476635514019,0.767523364485981,856,0.650602409638554,0.349397590361446,664,0.123123123123123,0.876876876876877,666,0.773041474654378,0.226958525345622,868,0.438908659549229,0.561091340450771,843,0.206896551724138,0.793103448275862,870,0.702298850574713,0.297701149425287,870,0.543062200956938,0.456937799043062,836,0.67816091954023,0.32183908045977,870,0.507638072855464,0.492361927144536,851
40210,0.347208121827411,0.652791878172589,985,0.0777310924369748,0.922268907563025,952,0.20479302832244,0.79520697167756,459,0.79047619047619,0.20952380952381,105,0.292355371900826,0.707644628099174,968,0.157142857142857,0.842857142857143,980,0.739644970414201,0.260355029585799,676,0.228004956629492,0.771995043370508,807,0.727547931382442,0.272452068617558,991,0.424731182795699,0.575268817204301,930,0.285418821096174,0.714581178903826,967,0.695477386934673,0.304522613065327,995,0.589382448537378,0.410617551462622,923,0.602238046795524,0.397761953204476,983,0.455394190871369,0.544605809128631,964
40211,0.336134453781513,0.663865546218487,357,0.0991253644314869,0.900874635568513,343,0.217877094972067,0.782122905027933,179,0.65,0.35,40,0.287790697674419,0.712209302325582,344,0.25214899713467,0.74785100286533,349,0.64406779661017,0.355932203389831,236,0.18978102189781,0.81021897810219,274,0.646892655367232,0.353107344632768,354,0.406432748538012,0.593567251461988,342,0.213450292397661,0.786549707602339,342,0.731843575418994,0.268156424581006,358,0.638629283489097,0.361370716510903,321,0.588571428571429,0.411428571428571,350,0.431884057971014,0.568115942028986,345
40212,0.43859649122807,0.56140350877193,399,0.154046997389034,0.845953002610966,383,0.292817679558011,0.707182320441989,181,0.758620689655172,0.241379310344828,58,0.287878787878788,0.712121212121212,396,0.161616161616162,0.838383838383838,396,0.653979238754325,0.346020761245675,289,0.217391304347826,0.782608695652174,345,0.753768844221106,0.246231155778895,398,0.426735218508997,0.573264781491003,389,0.2025,0.7975,400,0.695979899497487,0.304020100502513,398,0.63421052631579,0.365789473684211,380,0.664987405541562,0.335012594458438,397,0.459390862944162,0.540609137055838,394
40301,0.72193074501574,0.27806925498426,953,0.21509009009009,0.78490990990991,888,0.5,0.5,336,0.452554744525548,0.547445255474453,274,0.302083333333333,0.697916666666667,864,0.152197213290461,0.847802786709539,933,0.545454545454545,0.454545454545455,726,0.330275229357798,0.669724770642202,654,0.813807531380753,0.186192468619247,956,0.303974221267454,0.696025778732546,931,0.352502662406816,0.647497337593184,939,0.549102428722281,0.450897571277719,947,0.582359192348565,0.417640807651435,941,0.847916666666667,0.152083333333333,960,0.54869109947644,0.45130890052356,955
40302,0.316176470588235,0.683823529411765,272,0.03515625,0.96484375,256,0.21875,0.78125,128,0.8,0.2,15,0.353846153846154,0.646153846153846,260,0.104868913857678,0.895131086142322,267,0.51685393258427,0.48314606741573,178,0.231578947368421,0.768421052631579,190,0.739463601532567,0.260536398467433,261,0.42578125,0.57421875,256,0.401459854014599,0.598540145985402,274,0.75531914893617,0.24468085106383,282,0.545112781954887,0.454887218045113,266,0.525925925925926,0.474074074074074,270,0.355072463768116,0.644927536231884,276
40303,0.416666666666667,0.583333333333333,12,0.0909090909090909,0.909090909090909,11,0.5,0.5,8,0.666666666666667,0.333333333333333,3,0.272727272727273,0.727272727272727,11,0.181818181818182,0.818181818181818,11,0.666666666666667,0.333333333333333,12,0.125,0.875,8,0.916666666666667,0.0833333333333333,12,0.3,0.7,10,0.333333333333333,0.666666666666667,12,0.666666666666667,0.333333333333333,12,0.583333333333333,0.416666666666667,12,0.666666666666667,0.333333333333333,12,0.583333333333333,0.416666666666667,12
40304,0.941176470588235,0.0588235294117647,17,0,1,16,0.333333333333333,0.666666666666667,3,1,0,5,0.0588235294117647,0.941176470588235,17,0,1,17,1,0,16,1,0,16,1,0,17,0.0625,0.9375,16,1,0,17,0.0588235294117647,0.941176470588235,17,1,0,17,0.882352941176471,0.117647058823529,17,0.882352941176471,0.117647058823529,17
40401,0.615476190476191,0.38452380952381,840,0.135862913096695,0.864137086903305,817,0.405714285714286,0.594285714285714,350,0.555555555555556,0.444444444444444,198,0.292620865139949,0.707379134860051,786,0.13895486935867,0.86104513064133,842,0.510606060606061,0.489393939393939,660,0.286173633440515,0.713826366559486,622,0.802107728337237,0.197892271662763,854,0.335411471321696,0.664588528678304,802,0.335731414868106,0.664268585131894,834,0.5978898007034,0.4021101992966,853,0.536374845869297,0.463625154130703,811,0.764775413711584,0.235224586288416,846,0.547079856972586,0.452920143027414,839
40402,0.225806451612903,0.774193548387097,31,0.032258064516129,0.967741935483871,31,0.222222222222222,0.777777777777778,18,0,1,1,0.115384615384615,0.884615384615385,26,0.1,0.9,30,0.4,0.6,25,0.0909090909090909,0.909090909090909,22,0.612903225806452,0.387096774193548,31,0.259259259259259,0.740740740740741,27,0.5,0.5,30,0.709677419354839,0.290322580645161,31,0.407407407407407,0.592592592592593,27,0.266666666666667,0.733333333333333,30,0.3,0.7,30
40403,0.766929133858268,0.233070866141732,635,0.248333333333333,0.751666666666667,600,0.641350210970464,0.358649789029536,237,0.330543933054393,0.669456066945607,239,0.299115044247788,0.700884955752212,565,0.196428571428571,0.803571428571429,616,0.413934426229508,0.586065573770492,488,0.229946524064171,0.770053475935829,374,0.800316957210777,0.199683042789223,631,0.308970099667774,0.691029900332226,602,0.269291338582677,0.730708661417323,635,0.652866242038217,0.347133757961783,628,0.53518821603928,0.46481178396072,611,0.851437699680511,0.148562300319489,626,0.4592,0.5408,625
40501,0.694029850746269,0.305970149253731,536,0.0772277227722772,0.922772277227723,505,0.623529411764706,0.376470588235294,170,0.628205128205128,0.371794871794872,156,0.255555555555556,0.744444444444445,450,0.161904761904762,0.838095238095238,525,0.472295514511873,0.527704485488127,379,0.253164556962025,0.746835443037975,316,0.826247689463956,0.173752310536044,541,0.322834645669291,0.677165354330709,508,0.263757115749526,0.736242884250474,527,0.679245283018868,0.320754716981132,530,0.530651340996169,0.469348659003831,522,0.828358208955224,0.171641791044776,536,0.58601134215501,0.413988657844991,529
40502,0.799528301886793,0.200471698113208,424,0.279187817258883,0.720812182741117,394,0.62962962962963,0.37037037037037,135,0.352517985611511,0.647482014388489,139,0.317073170731707,0.682926829268293,369,0.223277909738717,0.776722090261283,421,0.416938110749186,0.583061889250814,307,0.218253968253968,0.781746031746032,252,0.810304449648712,0.189695550351288,427,0.30317848410758,0.696821515892421,409,0.233100233100233,0.766899766899767,429,0.66193853427896,0.33806146572104,423,0.564593301435407,0.435406698564593,418,0.873831775700935,0.126168224299065,428,0.487058823529412,0.512941176470588,425
40701,0.60377358490566,0.39622641509434,265,0.285714285714286,0.714285714285714,259,0.420689655172414,0.579310344827586,145,0.473684210526316,0.526315789473684,57,0.287937743190661,0.712062256809339,257,0.218045112781955,0.781954887218045,266,0.528571428571429,0.471428571428571,210,0.225352112676056,0.774647887323944,213,0.808270676691729,0.191729323308271,266,0.391304347826087,0.608695652173913,253,0.180451127819549,0.819548872180451,266,0.622641509433962,0.377358490566038,265,0.544401544401544,0.455598455598456,259,0.800751879699248,0.199248120300752,266,0.465909090909091,0.534090909090909,264
40901,0.4,0.6,5,0,1,4,0,1,1,,,0,0.4,0.6,5,0.2,0.8,5,1,0,4,0.5,0.5,2,0.8,0.2,5,0.2,0.8,5,0,1,5,0.6,0.4,5,0.4,0.6,5,0.6,0.4,5,0.4,0.6,5
41001,0.293441514536849,0.706558485463151,1479,0.00949152542372881,0.990508474576271,1475,0.115328467153285,0.884671532846715,685,0.886363636363636,0.113636363636364,132,0.286986301369863,0.713013698630137,1460,0.0941176470588235,0.905882352941176,1530,0.725330620549339,0.274669379450661,983,0.272879932829555,0.727120067170445,1191,0.68452380952381,0.31547619047619,1512,0.408856088560886,0.591143911439114,1355,0.405369127516779,0.594630872483221,1490,0.716601815823606,0.283398184176394,1542,0.584011843079201,0.415988156920799,1351,0.534599728629579,0.465400271370421,1474,0.406164383561644,0.593835616438356,1460
41301,0.533432392273403,0.466567607726597,673,0.248447204968944,0.751552795031056,644,0.403076923076923,0.596923076923077,325,0.5,0.5,114,0.298461538461538,0.701538461538462,650,0.208395802098951,0.79160419790105,667,0.625708884688091,0.374291115311909,529,0.150390625,0.849609375,512,0.786666666666667,0.213333333333333,675,0.465151515151515,0.534848484848485,660,0.188512518409426,0.811487481590574,679,0.665676077265973,0.334323922734027,673,0.536474164133739,0.463525835866261,658,0.747058823529412,0.252941176470588,680,0.554559043348281,0.445440956651719,669
41302,1,0,5,1,0,3,0.5,0.5,2,0,1,2,0,1,5,0.4,0.6,5,0.333333333333333,0.666666666666667,3,0.666666666666667,0.333333333333333,3,0.6,0.4,5,0,1,3,0,1,5,0.2,0.8,5,1,0,5,1,0,5,0.6,0.4,5
41303,0.593558282208589,0.406441717791411,652,0.325806451612903,0.674193548387097,620,0.508361204013378,0.491638795986622,299,0.298611111111111,0.701388888888889,144,0.246753246753247,0.753246753246753,616,0.19236641221374,0.80763358778626,655,0.575815738963532,0.424184261036468,521,0.178423236514523,0.821576763485477,482,0.801857585139319,0.198142414860681,646,0.437888198757764,0.562111801242236,644,0.157012195121951,0.842987804878049,656,0.689127105666156,0.310872894333844,653,0.582417582417583,0.417582417582418,637,0.825954198473282,0.174045801526718,655,0.547987616099071,0.452012383900929,646
41304,0.635416666666667,0.364583333333333,96,0.284090909090909,0.715909090909091,88,0.595238095238095,0.404761904761905,42,0.235294117647059,0.764705882352941,17,0.344086021505376,0.655913978494624,93,0.197916666666667,0.802083333333333,96,0.626506024096386,0.373493975903614,83,0.140845070422535,0.859154929577465,71,0.783505154639175,0.216494845360825,97,0.494623655913979,0.505376344086022,93,0.175257731958763,0.824742268041237,97,0.677083333333333,0.322916666666667,96,0.595744680851064,0.404255319148936,94,0.835051546391753,0.164948453608247,97,0.542553191489362,0.457446808510638,94
41401,0.4375,0.5625,48,0.0930232558139535,0.906976744186047,43,0.16,0.84,25,0.666666666666667,0.333333333333333,6,0.361702127659575,0.638297872340426,47,0.217391304347826,0.782608695652174,46,0.65,0.35,40,0.131578947368421,0.868421052631579,38,0.833333333333333,0.166666666666667,48,0.553191489361702,0.446808510638298,47,0.125,0.875,48,0.6875,0.3125,48,0.541666666666667,0.458333333333333,48,0.75,0.25,48,0.51063829787234,0.48936170212766,47
41402,0.510460251046025,0.489539748953975,239,0.177777777777778,0.822222222222222,225,0.173228346456693,0.826771653543307,127,0.675,0.325,40,0.326086956521739,0.673913043478261,230,0.237068965517241,0.762931034482759,232,0.662921348314607,0.337078651685393,178,0.211640211640212,0.788359788359788,189,0.728813559322034,0.271186440677966,236,0.379464285714286,0.620535714285714,224,0.211206896551724,0.788793103448276,232,0.679324894514768,0.320675105485232,237,0.63963963963964,0.36036036036036,222,0.710638297872341,0.28936170212766,235,0.424892703862661,0.575107296137339,233
41403,0.387096774193548,0.612903225806452,124,0.198347107438017,0.801652892561983,121,0.364864864864865,0.635135135135135,74,0.608695652173913,0.391304347826087,23,0.223140495867769,0.776859504132231,121,0.266129032258065,0.733870967741936,124,0.584158415841584,0.415841584158416,101,0.186915887850467,0.813084112149533,107,0.735537190082645,0.264462809917355,121,0.358333333333333,0.641666666666667,120,0.137096774193548,0.862903225806452,124,0.715447154471545,0.284552845528455,123,0.694214876033058,0.305785123966942,121,0.701612903225807,0.298387096774194,124,0.455284552845528,0.544715447154472,123
41404,0.440476190476191,0.55952380952381,84,0.158536585365854,0.841463414634146,82,0.170731707317073,0.829268292682927,41,0.826086956521739,0.173913043478261,23,0.3625,0.6375,80,0.130952380952381,0.869047619047619,84,0.7,0.3,60,0.333333333333333,0.666666666666667,69,0.738095238095238,0.261904761904762,84,0.419753086419753,0.580246913580247,81,0.24390243902439,0.75609756097561,82,0.771084337349398,0.228915662650602,83,0.674698795180723,0.325301204819277,83,0.662650602409639,0.337349397590361,83,0.409638554216867,0.590361445783133,83
41405,0.10246679316888,0.89753320683112,1054,0.0124401913875598,0.98755980861244,1045,0.0579494799405646,0.942050520059435,673,0.833333333333333,0.166666666666667,48,0.234543670264966,0.765456329735034,1019,0.170272812793979,0.829727187206021,1063,0.825513196480939,0.174486803519062,682,0.130381303813038,0.869618696186962,813,0.650047938638543,0.349952061361457,1043,0.487153134635149,0.512846865364851,973,0.224903474903475,0.775096525096525,1036,0.830855018587361,0.169144981412639,1076,0.688297872340426,0.311702127659574,940,0.503510531594784,0.496489468405216,997,0.335805084745763,0.664194915254237,944
41406,0.24390243902439,0.75609756097561,41,0.1,0.9,40,0.172413793103448,0.827586206896552,29,0.5,0.5,4,0.268292682926829,0.731707317073171,41,0.341463414634146,0.658536585365854,41,0.764705882352941,0.235294117647059,34,0.125,0.875,32,0.75609756097561,0.24390243902439,41,0.552631578947369,0.447368421052632,38,0.1,0.9,40,0.804878048780488,0.195121951219512,41,0.625,0.375,40,0.634146341463415,0.365853658536585,41,0.439024390243902,0.560975609756098,41
50201,0.548289738430584,0.451710261569417,994,0.257478632478632,0.742521367521368,936,0.512658227848101,0.487341772151899,316,0.448275862068966,0.551724137931035,203,0.26120218579235,0.73879781420765,915,0.173553719008264,0.826446280991736,968,0.537931034482759,0.462068965517241,580,0.218914185639229,0.781085814360771,571,0.74010152284264,0.25989847715736,985,0.41901776384535,0.58098223615465,957,0.256206554121152,0.743793445878848,1007,0.721,0.279,1000,0.505241090146751,0.49475890985325,954,0.815494393476045,0.184505606523955,981,0.501664816870144,0.498335183129856,901
50301,0,1,1,0,1,1,0,1,1,,,0,1,0,1,0,1,1,,,0,,,0,1,0,1,0,1,1,0,1,1,1,0,1,0,1,1,0,1,1,0,1,1
50302,0.690335305719921,0.309664694280079,5070,0.16458960034379,0.83541039965621,4654,0.538338658146965,0.461661341853035,1252,0.477064220183486,0.522935779816514,1199,0.271399223921479,0.728600776078521,4381,0.138193470859203,0.861806529140797,4993,0.548858105578435,0.451141894421565,2671,0.342963970088375,0.657036029911625,2942,0.751518714481677,0.248481285518323,5103,0.293499801823226,0.706500198176774,5046,0.367238095238095,0.632761904761905,5250,0.672140649149923,0.327859350850077,5176,0.509320505111245,0.490679494888755,4989,0.873277702309334,0.126722297690666,5153,0.446153846153846,0.553846153846154,5005
50303,0.624875423559896,0.375124576440104,5017,0.123349924258818,0.876650075741182,4621,0.489841986455982,0.510158013544018,1329,0.471624266144814,0.528375733855186,1022,0.27266530334015,0.72733469665985,4401,0.116859768278066,0.883140231721934,5006,0.538749532010483,0.461250467989517,2671,0.291652470187394,0.708347529812607,2935,0.761199921057825,0.238800078942175,5067,0.346291866028708,0.653708133971292,5016,0.37956064947469,0.62043935052531,5235,0.717868948084775,0.282131051915225,5143,0.480640583823231,0.519359416176769,4933,0.833659491193738,0.166340508806262,5110,0.43747470659652,0.56252529340348,4942
50401,0.788833609729132,0.211166390270868,1809,0.140616246498599,0.859383753501401,1785,0.767790262172285,0.232209737827715,801,0.549693251533742,0.450306748466258,815,0.254452926208651,0.745547073791349,1572,0.169444444444444,0.830555555555556,1800,0.379176379176379,0.620823620823621,1287,0.396768402154399,0.603231597845602,1114,0.735587583148559,0.264412416851441,1804,0.298016997167139,0.701983002832861,1765,0.288013318534961,0.711986681465039,1802,0.73314606741573,0.26685393258427,1780,0.644038790644609,0.355961209355391,1753,0.842222222222222,0.157777777777778,1800,0.401334074485825,0.598665925514175,1799
50402,0.786838340486409,0.213161659513591,2796,0.173532628508932,0.826467371491068,2743,0.734806629834254,0.265193370165746,1086,0.562613430127042,0.437386569872958,1102,0.264873675631622,0.735126324368378,2454,0.149141630901288,0.850858369098713,2796,0.399589111453518,0.600410888546482,1947,0.364406779661017,0.635593220338983,1770,0.746794871794872,0.253205128205128,2808,0.316538882803943,0.683461117196057,2739,0.29002484913028,0.70997515086972,2817,0.724375226367258,0.275624773632742,2761,0.61337743476663,0.38662256523337,2721,0.850805008944544,0.149194991055456,2795,0.422031473533619,0.577968526466381,2796
50403,0.787181846059491,0.212818153940509,3261,0.169757937755423,0.830242062244577,3181,0.721350078492936,0.278649921507064,1274,0.555049354593774,0.444950645406226,1317,0.262098198516425,0.737901801483575,2831,0.142156862745098,0.857843137254902,3264,0.405668733392383,0.594331266607617,2258,0.370983446932814,0.629016553067186,2054,0.752836553204539,0.247163446795462,3261,0.310096905282901,0.689903094717099,3199,0.288888888888889,0.711111111111111,3285,0.733602735467827,0.266397264532173,3217,0.609840175493576,0.390159824506424,3191,0.853157572041692,0.146842427958308,3262,0.413010125805462,0.586989874194538,3259
50404,0.822096717260854,0.177903282739146,2833,0.213483146067416,0.786516853932584,2759,0.750524109014675,0.249475890985325,954,0.580388692579505,0.419611307420495,1132,0.254846526655897,0.745153473344104,2476,0.151313485113835,0.848686514886165,2855,0.422187171398528,0.577812828601472,1902,0.398254228041462,0.601745771958538,1833,0.747021723896286,0.252978276103714,2854,0.315107913669065,0.684892086330935,2780,0.276425591098748,0.723574408901252,2876,0.727272727272727,0.272727272727273,2794,0.61640878013674,0.38359121986326,2779,0.875043998592045,0.124956001407955,2841,0.414934836209933,0.585065163790067,2839
50405,0.805510534846029,0.194489465153971,1851,0.287485907553551,0.712514092446449,1774,0.646408839779006,0.353591160220994,543,0.509984639016897,0.490015360983103,651,0.238442822384428,0.761557177615572,1644,0.151055766107201,0.848944233892799,1847,0.491379310344828,0.508620689655172,1160,0.410517387616624,0.589482612383376,1179,0.746883468834688,0.253116531165312,1845,0.309866962305987,0.690133037694013,1804,0.264201500535906,0.735798499464094,1866,0.701965065502183,0.298034934497817,1832,0.586381541924592,0.413618458075408,1777,0.889192139737991,0.110807860262009,1832,0.428017718715393,0.571982281284607,1806
50406,0.82288037166086,0.177119628339141,1722,0.147492625368732,0.852507374631269,1695,0.741379310344828,0.258620689655172,754,0.587134502923977,0.412865497076023,855,0.222593582887701,0.7774064171123,1496,0.143023255813953,0.856976744186047,1720,0.406779661016949,0.593220338983051,1180,0.455615942028986,0.544384057971015,1104,0.72695652173913,0.27304347826087,1725,0.269916765755054,0.730083234244947,1682,0.275882012724118,0.724117987275882,1729,0.72094395280236,0.27905604719764,1695,0.657910447761194,0.342089552238806,1675,0.86558516801854,0.13441483198146,1726,0.401044689495067,0.598955310504933,1723
50407,0.808298755186722,0.191701244813278,2410,0.180584993641373,0.819415006358627,2359,0.765352887259395,0.234647112740605,1091,0.532272325375774,0.467727674624226,1131,0.225743539736714,0.774256460263286,2051,0.146788990825688,0.853211009174312,2398,0.394988066825776,0.605011933174224,1676,0.414650098103336,0.585349901896664,1529,0.733167082294264,0.266832917705736,2406,0.284376330353342,0.715623669646658,2349,0.273893256102607,0.726106743897394,2417,0.740177439797212,0.259822560202788,2367,0.652378911273039,0.347621088726961,2333,0.85945945945946,0.140540540540541,2405,0.395581492288454,0.604418507711547,2399
50408,0.812652068126521,0.187347931873479,1233,0.169950738916256,0.830049261083744,1218,0.726169844020797,0.273830155979203,577,0.547021943573668,0.452978056426332,638,0.210280373831776,0.789719626168224,1070,0.148117839607201,0.851882160392799,1222,0.409144196951934,0.590855803048066,853,0.454314720812183,0.545685279187817,788,0.724249797242498,0.275750202757502,1233,0.258091286307054,0.741908713692946,1205,0.276561232765612,0.723438767234388,1233,0.730484798685292,0.269515201314708,1217,0.672834314550042,0.327165685449958,1189,0.857258718572587,0.142741281427413,1233,0.376116978066613,0.623883021933388,1231
50409,0.814122533748702,0.185877466251298,1926,0.265491452991453,0.734508547008547,1872,0.673652694610779,0.326347305389222,668,0.59375,0.40625,736,0.245063879210221,0.754936120789779,1722,0.141752577319588,0.858247422680412,1940,0.460093896713615,0.539906103286385,1278,0.425384615384615,0.574615384615385,1300,0.728395061728395,0.271604938271605,1944,0.302215189873418,0.697784810126582,1896,0.28,0.72,1950,0.721406086044071,0.278593913955929,1906,0.60042735042735,0.39957264957265,1872,0.886704604242111,0.113295395757889,1933,0.411490683229814,0.588509316770186,1932
50410,0.79831223628692,0.20168776371308,2370,0.154177433247201,0.845822566752799,2322,0.742667928098392,0.257332071901608,1057,0.551912568306011,0.448087431693989,1098,0.228260869565217,0.771739130434783,2024,0.146570089475927,0.853429910524073,2347,0.400854179377669,0.599145820622331,1639,0.420212765957447,0.579787234042553,1504,0.733925549915398,0.266074450084602,2364,0.283051582141309,0.716948417858691,2307,0.265116279069767,0.734883720930233,2365,0.736188436830835,0.263811563169165,2335,0.650980392156863,0.349019607843137,2295,0.855513307984791,0.144486692015209,2367,0.396282213772708,0.603717786227292,2367
50411,0.761524822695035,0.238475177304965,3384,0.186152444579411,0.813847555420589,3293,0.727822580645161,0.272177419354839,1488,0.51353328456474,0.48646671543526,1367,0.242978003384095,0.757021996615905,2955,0.151973879489463,0.848026120510537,3369,0.411068863540346,0.588931136459654,2367,0.375698324022346,0.624301675977654,2148,0.750073768073178,0.249926231926822,3389,0.31478102189781,0.68521897810219,3288,0.269729093050648,0.730270906949352,3396,0.730077890952666,0.269922109047334,3338,0.633751146438398,0.366248853561602,3271,0.847517730496454,0.152482269503546,3384,0.42386464826358,0.57613535173642,3369
50412,0.823931623931624,0.176068376068376,1755,0.234030197444832,0.765969802555168,1722,0.74113475177305,0.25886524822695,564,0.577712609970675,0.422287390029326,682,0.255634256278171,0.744365743721829,1553,0.149321266968326,0.850678733031674,1768,0.438250428816467,0.561749571183533,1166,0.394205443371378,0.605794556628622,1139,0.735625704622323,0.264374295377678,1774,0.298723897911833,0.701276102088167,1724,0.298136645962733,0.701863354037267,1771,0.718155619596542,0.281844380403458,1735,0.593023255813954,0.406976744186047,1720,0.891922639362912,0.108077360637088,1758,0.426453819840365,0.573546180159635,1754
50413,0.766115090145715,0.233884909854285,4049,0.184968152866242,0.815031847133758,3925,0.690666666666667,0.309333333333333,1500,0.582312925170068,0.417687074829932,1470,0.255962285080422,0.744037714919578,3606,0.138143314454568,0.861856685545432,4061,0.445906432748538,0.554093567251462,2736,0.370666666666667,0.629333333333333,2625,0.751842751842752,0.248157248157248,4070,0.314285714285714,0.685714285714286,3955,0.284666177549523,0.715333822450477,4089,0.722918756268807,0.277081243731194,3988,0.597094801223242,0.402905198776758,3924,0.854711396151949,0.145288603848051,4054,0.423314398616942,0.576685601383058,4049
50414,0.7891689373297,0.2108310626703,2936,0.180132913606156,0.819867086393844,2859,0.759653270291568,0.240346729708432,1269,0.532283464566929,0.467716535433071,1270,0.242150706436421,0.757849293563579,2548,0.149488054607509,0.850511945392491,2930,0.382685686178062,0.617314313821938,2033,0.395121951219512,0.604878048780488,1845,0.749659400544959,0.250340599455041,2936,0.302562302562303,0.697437697437698,2849,0.280826558265583,0.719173441734417,2952,0.733402850191171,0.266597149808829,2877,0.646603308694122,0.353396691305878,2841,0.852117486338798,0.147882513661202,2928,0.404248030147311,0.595751969852689,2919
50415,0.83028083028083,0.16971916971917,2457,0.185123276222315,0.814876723777685,2393,0.762525050100201,0.2374749498998,998,0.529463500439754,0.470536499560246,1137,0.233901515151515,0.766098484848485,2112,0.146890343698854,0.853109656301146,2444,0.403361344537815,0.596638655462185,1666,0.425865447419987,0.574134552580013,1531,0.744922826969943,0.255077173030057,2462,0.288093255620316,0.711906744379684,2402,0.269339813689753,0.730660186310247,2469,0.722612649855312,0.277387350144688,2419,0.6441743503772,0.3558256496228,2386,0.864081632653061,0.135918367346939,2450,0.393556280587276,0.606443719412724,2452
50416,0.831378299120235,0.168621700879765,2046,0.1565,0.8435,2000,0.744047619047619,0.255952380952381,840,0.57429718875502,0.42570281124498,996,0.218660560961649,0.781339439038352,1747,0.146078431372549,0.853921568627451,2040,0.41304347826087,0.586956521739131,1380,0.453064391000776,0.546935608999224,1289,0.729360039081583,0.270639960918417,2047,0.2655,0.7345,2000,0.271310277642474,0.728689722357526,2053,0.73469387755102,0.26530612244898,2009,0.653153153153153,0.346846846846847,1998,0.863636363636364,0.136363636363636,2046,0.378787878787879,0.621212121212121,2046
50417,0.811320754716981,0.188679245283019,1484,0.262542955326461,0.73745704467354,1455,0.701700154559505,0.298299845440495,647,0.36697247706422,0.63302752293578,654,0.217607973421927,0.782392026578073,1204,0.17983651226158,0.82016348773842,1468,0.387029288702929,0.612970711297071,956,0.364060676779463,0.635939323220537,857,0.794455713319811,0.205544286680189,1479,0.286418015482055,0.713581984517945,1421,0.261285909712722,0.738714090287278,1462,0.703296703296703,0.296703296703297,1456,0.640083217753121,0.359916782246879,1442,0.871341048332199,0.128658951667801,1469,0.465481886534518,0.534518113465482,1463
50501,0.860776439089692,0.139223560910308,747,0.0610583446404342,0.938941655359566,737,0.720149253731343,0.279850746268657,268,0.525568181818182,0.474431818181818,352,0.139261744966443,0.860738255033557,596,0.160642570281125,0.839357429718876,747,0.458077709611452,0.541922290388548,489,0.414798206278027,0.585201793721973,446,0.714093959731544,0.285906040268456,745,0.218281036834925,0.781718963165075,733,0.275342465753425,0.724657534246575,730,0.686909581646424,0.313090418353576,741,0.663421418636996,0.336578581363004,719,0.932705248990579,0.0672947510094213,743,0.465771812080537,0.534228187919463,745
50502,0.835334476843911,0.164665523156089,583,0.0829015544041451,0.917098445595855,579,0.711934156378601,0.288065843621399,243,0.590405904059041,0.409594095940959,271,0.15546218487395,0.84453781512605,476,0.181034482758621,0.818965517241379,580,0.410579345088161,0.589420654911839,397,0.39067055393586,0.60932944606414,343,0.711571675302245,0.288428324697755,579,0.242105263157895,0.757894736842105,570,0.286713286713287,0.713286713286713,572,0.690846286701209,0.309153713298791,579,0.652252252252252,0.347747747747748,555,0.888695652173913,0.111304347826087,575,0.445407279029463,0.554592720970537,577
50503,0.804297520661157,0.195702479338843,3025,0.229711141678129,0.770288858321871,2908,0.653260869565217,0.346739130434783,920,0.359464627151052,0.640535372848948,1046,0.214401294498382,0.785598705501618,2472,0.143095954530257,0.856904045469743,2991,0.480703745743473,0.519296254256527,1762,0.377804730139478,0.622195269860522,1649,0.768772742308965,0.231227257691035,3023,0.307666328942925,0.692333671057075,2961,0.29865441417788,0.70134558582212,3047,0.702891326021934,0.297108673978066,3009,0.552901023890785,0.447098976109215,2930,0.917835671342685,0.0821643286573146,2994,0.442444821731749,0.557555178268251,2945
50504,0.75226586102719,0.24773413897281,1324,0.184698608964451,0.815301391035549,1294,0.751277683134583,0.248722316865417,587,0.533453887884268,0.466546112115732,553,0.259882253994954,0.740117746005046,1189,0.144786196549137,0.855213803450863,1333,0.446073298429319,0.553926701570681,955,0.38631090487239,0.61368909512761,862,0.737039819684448,0.262960180315552,1331,0.279230769230769,0.720769230769231,1300,0.289887640449438,0.710112359550562,1335,0.729501915708812,0.270498084291188,1305,0.605919003115265,0.394080996884735,1284,0.85960960960961,0.14039039039039,1332,0.406510219530659,0.593489780469341,1321
50505,0.867440439828955,0.132559560171045,1637,0.174513496547395,0.825486503452605,1593,0.7,0.3,470,0.375552282768778,0.624447717231222,679,0.187761944677284,0.812238055322716,1193,0.170776818742293,0.829223181257707,1622,0.4648033126294,0.5351966873706,966,0.387096774193548,0.612903225806452,837,0.772283272283272,0.227716727716728,1638,0.263522012578616,0.736477987421384,1590,0.276780185758514,0.723219814241486,1615,0.699753390875462,0.300246609124538,1622,0.604218362282878,0.395781637717122,1612,0.935242839352428,0.0647571606475716,1606,0.494189602446483,0.505810397553517,1635
50506,0.839137645107794,0.160862354892206,1206,0.124579124579125,0.875420875420875,1188,0.639484978540773,0.360515021459227,466,0.505415162454874,0.494584837545126,554,0.194444444444444,0.805555555555556,936,0.162907268170426,0.837092731829574,1197,0.420915032679739,0.579084967320262,765,0.425438596491228,0.574561403508772,684,0.770382695507488,0.229617304492512,1202,0.267750213857998,0.732249786142002,1169,0.262393162393162,0.737606837606838,1170,0.725210084033613,0.274789915966387,1190,0.663273960983885,0.336726039016115,1179,0.888609715242881,0.111390284757119,1194,0.482470784641069,0.517529215358932,1198
50507,0.849056603773585,0.150943396226415,1325,0.124615384615385,0.875384615384616,1300,0.707207207207207,0.292792792792793,444,0.458404074702886,0.541595925297114,589,0.180261832829809,0.819738167170191,993,0.158694001518603,0.841305998481397,1317,0.44472049689441,0.55527950310559,805,0.387314439946019,0.612685560053981,741,0.764215314632297,0.235784685367703,1319,0.254447022428461,0.745552977571539,1293,0.281951975213013,0.718048024786987,1291,0.728376327769348,0.271623672230652,1318,0.642802155504234,0.357197844495766,1299,0.909785932721712,0.0902140672782875,1308,0.470855412566238,0.529144587433762,1321
50508,0.849529780564263,0.150470219435737,1595,0.14829142488717,0.85170857511283,1551,0.663306451612903,0.336693548387097,496,0.480421686746988,0.519578313253012,664,0.216150081566069,0.783849918433932,1226,0.15047619047619,0.84952380952381,1575,0.432522123893805,0.567477876106195,904,0.412529550827423,0.587470449172577,846,0.794952681388013,0.205047318611987,1585,0.26970684039088,0.730293159609121,1535,0.279666452854394,0.720333547145606,1559,0.697718631178707,0.302281368821293,1578,0.612452350698856,0.387547649301144,1574,0.897452229299363,0.102547770700637,1570,0.479772439949431,0.520227560050569,1582
50509,0.790865384615385,0.209134615384615,416,0.0388349514563107,0.961165048543689,412,0.67816091954023,0.32183908045977,174,0.549382716049383,0.450617283950617,162,0.147492625368732,0.852507374631269,339,0.170673076923077,0.829326923076923,416,0.390151515151515,0.609848484848485,264,0.380952380952381,0.619047619047619,252,0.737349397590362,0.262650602409639,415,0.265206812652068,0.734793187347932,411,0.245,0.755,400,0.67710843373494,0.32289156626506,415,0.705128205128205,0.294871794871795,390,0.886473429951691,0.113526570048309,414,0.47710843373494,0.52289156626506,415
50510,0.850333162480779,0.149666837519221,1951,0.197465681098205,0.802534318901795,1894,0.621768707482993,0.378231292517007,735,0.456876456876457,0.543123543123543,858,0.214426229508197,0.785573770491803,1525,0.155958549222798,0.844041450777202,1930,0.436772046589018,0.563227953410982,1202,0.42633517495396,0.573664825046041,1086,0.78475798146241,0.21524201853759,1942,0.275695931477516,0.724304068522484,1868,0.260800842992624,0.739199157007376,1898,0.718913270637409,0.281086729362591,1914,0.644479661912309,0.355520338087692,1893,0.892004153686397,0.107995846313603,1926,0.480478917230609,0.519521082769391,1921
50511,0.868604651162791,0.131395348837209,2580,0.142799839550742,0.857200160449258,2493,0.729665071770335,0.270334928229665,836,0.397111913357401,0.602888086642599,1108,0.178267401101653,0.821732598898348,1997,0.159844054580897,0.840155945419103,2565,0.495929868503444,0.504070131496556,1597,0.397797660013765,0.602202339986235,1453,0.743808049535604,0.256191950464396,2584,0.275699094131548,0.724300905868452,2539,0.293503480278422,0.706496519721578,2586,0.700858034321373,0.299141965678627,2564,0.592209856915739,0.407790143084261,2516,0.934689088775909,0.0653109112240907,2557,0.450676982591876,0.549323017408124,2585
50512,0.866485013623978,0.133514986376022,1835,0.219362059317292,0.780637940682708,1787,0.68978102189781,0.31021897810219,548,0.388283378746594,0.611716621253406,734,0.223372781065089,0.776627218934911,1352,0.155937846836848,0.844062153163152,1802,0.472061657032755,0.527938342967245,1038,0.383947939262473,0.616052060737527,922,0.797054009819967,0.202945990180033,1833,0.271646859083192,0.728353140916808,1767,0.276642738818332,0.723357261181668,1811,0.697419000549149,0.302580999450851,1821,0.581998895637769,0.418001104362231,1811,0.917268184342032,0.0827318156579678,1801,0.483041575492341,0.516958424507659,1828
50513,0.707142857142857,0.292857142857143,1120,0.179775280898876,0.820224719101124,1068,0.369304556354916,0.630695443645084,417,0.684357541899441,0.315642458100559,358,0.253258845437616,0.746741154562384,1074,0.134275618374558,0.865724381625442,1132,0.650955414012739,0.349044585987261,785,0.399262899262899,0.600737100737101,814,0.759325044404973,0.240674955595027,1126,0.311876699909338,0.688123300090662,1103,0.262135922330097,0.737864077669903,1133,0.713255184851217,0.286744815148783,1109,0.601295097132285,0.398704902867715,1081,0.827127659574468,0.172872340425532,1128,0.443447037701975,0.556552962298025,1114
50514,0.848557692307692,0.151442307692308,832,0.112332112332112,0.887667887667888,819,0.712990936555891,0.287009063444109,331,0.553571428571429,0.446428571428571,392,0.15922619047619,0.84077380952381,672,0.148859543817527,0.851140456182473,833,0.433206106870229,0.566793893129771,524,0.464627151051625,0.535372848948375,523,0.729016786570743,0.270983213429257,834,0.25,0.75,816,0.239024390243902,0.760975609756098,820,0.675970873786408,0.324029126213592,824,0.704488778054863,0.295511221945137,802,0.907451923076923,0.0925480769230769,832,0.41656662665066,0.58343337334934,833
50515,0.853409090909091,0.146590909090909,880,0.0839160839160839,0.916083916083916,858,0.653061224489796,0.346938775510204,245,0.37463976945245,0.62536023054755,347,0.195652173913043,0.804347826086957,644,0.1625,0.8375,880,0.549718574108818,0.450281425891182,533,0.363834422657952,0.636165577342048,459,0.782359679266896,0.217640320733104,873,0.276422764227642,0.723577235772358,861,0.285388127853881,0.714611872146119,876,0.730068337129841,0.269931662870159,878,0.583715596330275,0.416284403669725,872,0.953917050691244,0.0460829493087558,868,0.482485875706215,0.517514124293785,885
50516,0.850381066987565,0.149618933012435,2493,0.226594863297432,0.773405136702568,2414,0.620588235294118,0.379411764705882,680,0.407288317256163,0.592711682743837,933,0.23371028540657,0.76628971459343,1857,0.146986970684039,0.853013029315961,2456,0.477978339350181,0.52202166064982,1385,0.384255650818394,0.615744349181606,1283,0.804435483870968,0.195564516129032,2480,0.268669169795578,0.731330830204422,2397,0.278321108394458,0.721678891605542,2454,0.703568532035685,0.296431467964315,2466,0.601957585644372,0.398042414355628,2452,0.913344182262002,0.0866558177379984,2458,0.504653986240388,0.495346013759612,2471
50517,0.801838610827375,0.198161389172625,2937,0.21106775452288,0.78893224547712,2819,0.641304347826087,0.358695652173913,1012,0.611013986013986,0.388986013986014,1144,0.244668911335578,0.755331088664422,2673,0.135536075522589,0.864463924477411,2966,0.507800704579768,0.492199295420232,1987,0.4269889224572,0.5730110775428,1986,0.753123944613306,0.246876055386694,2961,0.29045643153527,0.70954356846473,2892,0.269708151626971,0.730291848373029,2981,0.720110573600553,0.279889426399447,2894,0.611400764685436,0.388599235314564,2877,0.883720930232558,0.116279069767442,2967,0.420963364993216,0.579036635006784,2948
50518,0.87141615986099,0.12858384013901,2302,0.14890771288453,0.85109228711547,2243,0.700507614213198,0.299492385786802,788,0.458058435438266,0.541941564561734,1061,0.187889077532541,0.812110922467459,1767,0.157136621562636,0.842863378437364,2291,0.459497206703911,0.540502793296089,1432,0.440902021772939,0.559097978227061,1286,0.758785249457701,0.241214750542299,2305,0.260850111856823,0.739149888143177,2235,0.261138067931187,0.738861932068813,2267,0.712087912087912,0.287912087912088,2275,0.64504664593514,0.35495335406486,2251,0.921052631578947,0.0789473684210526,2280,0.462745098039216,0.537254901960784,2295
50519,0.812154696132597,0.187845303867403,1810,0.293033966609096,0.706966033390904,1737,0.536912751677852,0.463087248322148,596,0.362654320987654,0.637345679012346,648,0.210418094585332,0.789581905414668,1459,0.155968468468468,0.844031531531532,1776,0.46421845574388,0.535781544256121,1062,0.356466876971609,0.643533123028391,951,0.812985571587125,0.187014428412875,1802,0.27768115942029,0.72231884057971,1725,0.275126333520494,0.724873666479506,1781,0.678970917225951,0.321029082774049,1788,0.596801827527127,0.403198172472873,1751,0.887213847012842,0.112786152987158,1791,0.488424618859401,0.511575381140599,1771
50520,0.844771241830065,0.155228758169935,612,0.0629139072847682,0.937086092715232,604,0.611872146118721,0.388127853881279,219,0.558718861209964,0.441281138790036,281,0.199152542372881,0.800847457627119,472,0.144736842105263,0.855263157894737,608,0.432569974554707,0.567430025445293,393,0.453296703296703,0.546703296703297,364,0.781758957654723,0.218241042345277,614,0.276559865092749,0.723440134907251,593,0.25546218487395,0.74453781512605,595,0.71169686985173,0.28830313014827,607,0.66499162479062,0.33500837520938,597,0.90327868852459,0.0967213114754098,610,0.495081967213115,0.504918032786885,610
50521,0.809128630705394,0.190871369294606,241,0.0252100840336134,0.974789915966386,238,0.613636363636364,0.386363636363636,88,0.538461538461538,0.461538461538462,78,0.204545454545455,0.795454545454545,176,0.15,0.85,240,0.397435897435897,0.602564102564103,156,0.26984126984127,0.73015873015873,126,0.7875,0.2125,240,0.347457627118644,0.652542372881356,236,0.293333333333333,0.706666666666667,225,0.8,0.2,240,0.694915254237288,0.305084745762712,236,0.879668049792531,0.120331950207469,241,0.516666666666667,0.483333333333333,240
50522,0.84525447042641,0.15474552957359,1454,0.211188811188811,0.788811188811189,1430,0.743718592964824,0.256281407035176,597,0.426705370101597,0.573294629898404,689,0.208695652173913,0.791304347826087,1150,0.151452282157676,0.848547717842324,1446,0.440871369294606,0.559128630705394,964,0.401416765053129,0.598583234946871,847,0.767010309278351,0.23298969072165,1455,0.259574468085106,0.740425531914894,1410,0.263522884882108,0.736477115117892,1442,0.718162839248434,0.281837160751566,1437,0.630943931866572,0.369056068133428,1409,0.889042039972433,0.110957960027567,1451,0.438620689655172,0.561379310344828,1450
50523,0.827467811158798,0.172532188841202,2330,0.243170622480967,0.756829377519033,2233,0.697406340057637,0.302593659942363,694,0.600901916572717,0.399098083427283,887,0.242165242165242,0.757834757834758,2106,0.13387165320867,0.86612834679133,2353,0.500330469266358,0.499669530733642,1513,0.434336963484946,0.565663036515054,1561,0.747028862478778,0.252971137521222,2356,0.295375218150087,0.704624781849913,2292,0.279915433403805,0.720084566596194,2365,0.711120764552563,0.288879235447437,2302,0.59622144112478,0.40377855887522,2276,0.900170648464164,0.0998293515358362,2344,0.428571428571429,0.571428571428571,2338
50524,0.77817993795243,0.22182006204757,1934,0.227801268498943,0.772198731501057,1892,0.669189189189189,0.330810810810811,925,0.394859813084112,0.605140186915888,856,0.220512820512821,0.77948717948718,1560,0.164484023048717,0.835515976951283,1909,0.429227237949503,0.570772762050497,1307,0.362190812720848,0.637809187279152,1132,0.785158277114686,0.214841722885314,1927,0.300813008130081,0.699186991869919,1845,0.256572029442692,0.743427970557308,1902,0.736454497632825,0.263545502367175,1901,0.661686232657417,0.338313767342583,1874,0.844989561586639,0.155010438413361,1916,0.459884635553225,0.540115364446775,1907
50525,0.835365853658537,0.164634146341463,328,0.0950920245398773,0.904907975460123,326,0.519607843137255,0.480392156862745,102,0.529411764705882,0.470588235294118,136,0.189922480620155,0.810077519379845,258,0.126543209876543,0.873456790123457,324,0.445026178010471,0.554973821989529,191,0.515,0.485,200,0.81039755351682,0.18960244648318,327,0.241379310344828,0.758620689655172,319,0.236593059936909,0.763406940063092,317,0.665634674922601,0.334365325077399,323,0.687306501547988,0.312693498452012,323,0.890243902439024,0.109756097560976,328,0.455927051671733,0.544072948328267,329
50526,0.756563245823389,0.243436754176611,838,0.27020202020202,0.72979797979798,792,0.526119402985075,0.473880597014925,268,0.307392996108949,0.692607003891051,257,0.204301075268817,0.795698924731183,651,0.113831089351285,0.886168910648715,817,0.528384279475983,0.471615720524017,458,0.35952380952381,0.64047619047619,420,0.779376498800959,0.220623501199041,834,0.314814814814815,0.685185185185185,810,0.297619047619048,0.702380952380952,840,0.705882352941177,0.294117647058824,833,0.516646115906289,0.483353884093712,811,0.910843373493976,0.0891566265060241,830,0.426086956521739,0.573913043478261,805
50527,0.861158724717175,0.138841275282825,2917,0.256318974724101,0.743681025275899,2809,0.625675675675676,0.374324324324324,740,0.378450578806768,0.621549421193232,1123,0.231536021748981,0.76846397825102,2207,0.140516039051604,0.859483960948396,2868,0.509433962264151,0.490566037735849,1590,0.392536281962681,0.607463718037319,1447,0.798759476223294,0.201240523776706,2902,0.288770053475936,0.711229946524064,2805,0.26512270998963,0.73487729001037,2893,0.707485339772335,0.292514660227665,2899,0.582490408092082,0.417509591907918,2867,0.938775510204082,0.0612244897959184,2891,0.485192837465565,0.514807162534435,2904
50528,0.87962202136401,0.12037797863599,2434,0.134233853946813,0.865766146053187,2369,0.716502115655853,0.283497884344147,709,0.435754189944134,0.564245810055866,1074,0.169315068493151,0.830684931506849,1825,0.157438016528926,0.842561983471074,2420,0.488151658767773,0.511848341232227,1477,0.427169811320755,0.572830188679245,1325,0.746005735354363,0.253994264645637,2441,0.253148614609572,0.746851385390428,2382,0.27837613918807,0.72162386081193,2414,0.708918249380677,0.291081750619323,2422,0.617536534446764,0.382463465553236,2395,0.942762339278308,0.0572376607216923,2411,0.468328565590519,0.531671434409481,2447
50529,0.7370121799652,0.2629878200348,4023,0.175798493897689,0.824201506102311,3851,0.492146596858639,0.507853403141361,1337,0.66769468003084,0.33230531996916,1297,0.250664540138224,0.749335459861776,3762,0.136240453313624,0.863759546686376,4059,0.577480490523969,0.422519509476031,2691,0.410274705672494,0.589725294327506,2803,0.763488543976349,0.236511456023651,4059,0.308043643745242,0.691956356254758,3941,0.262512266928361,0.737487733071639,4076,0.698789101917255,0.301210898082745,3964,0.587512794268168,0.412487205731832,3908,0.845414201183432,0.154585798816568,4056,0.441513190642111,0.55848680935789,4018
50530,0.855591748099891,0.144408251900109,1842,0.131403118040089,0.868596881959911,1796,0.70957095709571,0.29042904290429,606,0.372034956304619,0.627965043695381,801,0.168953068592058,0.831046931407942,1385,0.172394980905619,0.827605019094381,1833,0.487993138936535,0.512006861063465,1166,0.372139303482587,0.627860696517413,1005,0.742826204656199,0.257173795343801,1847,0.271727172717272,0.728272827282728,1818,0.295995670995671,0.704004329004329,1848,0.719155844155844,0.280844155844156,1848,0.583563154991726,0.416436845008274,1813,0.938495332235036,0.0615046677649643,1821,0.479289940828402,0.520710059171598,1859
50601,0.882618510158014,0.117381489841986,443,0.0481651376146789,0.951834862385321,436,0.566666666666667,0.433333333333333,150,0.555,0.445,200,0.147692307692308,0.852307692307692,325,0.125570776255708,0.874429223744292,438,0.436781609195402,0.563218390804598,261,0.485185185185185,0.514814814814815,270,0.773755656108597,0.226244343891403,442,0.273781902552204,0.726218097447796,431,0.200471698113208,0.799528301886793,424,0.722727272727273,0.277272727272727,440,0.713615023474178,0.286384976525822,426,0.934090909090909,0.0659090909090909,440,0.511363636363636,0.488636363636364,440
50602,0.835850956696878,0.164149043303122,993,0.103869653767821,0.896130346232179,982,0.690866510538642,0.309133489461358,427,0.634615384615385,0.365384615384615,520,0.188457008244994,0.811542991755006,849,0.131790744466801,0.868209255533199,994,0.423600605143722,0.576399394856278,661,0.493975903614458,0.506024096385542,664,0.688688688688689,0.311311311311311,999,0.244126659856997,0.755873340143003,979,0.272727272727273,0.727272727272727,990,0.711498973305955,0.288501026694045,974,0.695287958115183,0.304712041884817,955,0.886317907444668,0.113682092555332,994,0.398791540785499,0.601208459214502,993
50603,0.815450643776824,0.184549356223176,466,0.0871459694989107,0.912854030501089,459,0.673076923076923,0.326923076923077,208,0.585152838427948,0.414847161572052,229,0.159383033419023,0.840616966580977,389,0.1792656587473,0.8207343412527,463,0.407284768211921,0.59271523178808,302,0.476351351351351,0.523648648648649,296,0.731759656652361,0.268240343347639,466,0.233995584988962,0.766004415011038,453,0.213362068965517,0.786637931034483,464,0.709327548806941,0.290672451193059,461,0.742152466367713,0.257847533632287,446,0.872570194384449,0.127429805615551,463,0.430735930735931,0.569264069264069,462
50604,0.708860759493671,0.291139240506329,79,0.0632911392405063,0.936708860759494,79,0.707317073170732,0.292682926829268,41,0.6,0.4,35,0.140845070422535,0.859154929577465,71,0.240506329113924,0.759493670886076,79,0.433333333333333,0.566666666666667,60,0.339285714285714,0.660714285714286,56,0.602564102564103,0.397435897435897,78,0.215189873417722,0.784810126582278,79,0.230769230769231,0.769230769230769,78,0.602564102564103,0.397435897435897,78,0.720588235294118,0.279411764705882,68,0.846153846153846,0.153846153846154,78,0.474358974358974,0.525641025641026,78
50605,0.831178707224335,0.168821292775665,1315,0.112055641421947,0.887944358578053,1294,0.689839572192513,0.310160427807487,561,0.562138728323699,0.437861271676301,692,0.188419117647059,0.811580882352941,1088,0.130634071810542,0.869365928189458,1309,0.427765237020316,0.572234762979684,886,0.468187274909964,0.531812725090036,833,0.707410236822002,0.292589763177998,1309,0.245341614906832,0.754658385093168,1288,0.269585253456221,0.730414746543779,1302,0.722480620155039,0.277519379844961,1290,0.678571428571429,0.321428571428571,1260,0.884146341463415,0.115853658536585,1312,0.408085430968726,0.591914569031274,1311
50606,0.839255499153976,0.160744500846024,591,0.055363321799308,0.944636678200692,578,0.584,0.416,250,0.661073825503356,0.338926174496644,298,0.12262156448203,0.877378435517971,473,0.0988074957410562,0.901192504258944,587,0.478632478632479,0.521367521367521,351,0.530266343825666,0.469733656174334,413,0.656565656565657,0.343434343434343,594,0.246551724137931,0.753448275862069,580,0.185121107266436,0.814878892733564,578,0.722996515679443,0.277003484320558,574,0.758007117437722,0.241992882562278,562,0.910472972972973,0.089527027027027,592,0.405772495755518,0.594227504244482,589
50607,0.86328125,0.13671875,768,0.0888594164456233,0.911140583554377,754,0.673913043478261,0.326086956521739,276,0.544987146529563,0.455012853470437,389,0.133884297520661,0.866115702479339,605,0.170827858081472,0.829172141918528,761,0.471774193548387,0.528225806451613,496,0.456521739130435,0.543478260869565,460,0.707732634338139,0.292267365661861,763,0.253671562082777,0.746328437917223,749,0.194666666666667,0.805333333333333,750,0.728590250329381,0.271409749670619,759,0.720708446866485,0.279291553133515,734,0.932894736842105,0.0671052631578947,760,0.463157894736842,0.536842105263158,760
50608,0.849108367626886,0.150891632373114,729,0.119444444444444,0.880555555555556,720,0.728155339805825,0.271844660194175,309,0.630727762803235,0.369272237196765,371,0.181372549019608,0.818627450980392,612,0.160493827160494,0.839506172839506,729,0.430861723446894,0.569138276553106,499,0.465957446808511,0.534042553191489,470,0.688098495212038,0.311901504787962,731,0.23422159887798,0.76577840112202,713,0.272352132049519,0.727647867950481,727,0.701949860724234,0.298050139275766,718,0.672910662824208,0.327089337175793,694,0.888429752066116,0.111570247933884,726,0.400826446280992,0.599173553719008,726
50609,0.812154696132597,0.187845303867403,543,0.0875232774674116,0.912476722532588,537,0.722222222222222,0.277777777777778,234,0.705454545454546,0.294545454545455,275,0.174097664543524,0.825902335456476,471,0.148897058823529,0.851102941176471,544,0.421487603305785,0.578512396694215,363,0.494736842105263,0.505263157894737,380,0.672760511882998,0.327239488117002,547,0.232514177693762,0.767485822306238,529,0.250460405156538,0.749539594843462,543,0.708955223880597,0.291044776119403,536,0.732038834951456,0.267961165048544,515,0.867158671586716,0.132841328413284,542,0.390018484288355,0.609981515711645,541
50610,0.814317673378076,0.185682326621924,447,0.108352144469526,0.891647855530474,443,0.713592233009709,0.286407766990291,206,0.585253456221198,0.414746543778802,217,0.137837837837838,0.862162162162162,370,0.163677130044843,0.836322869955157,446,0.414965986394558,0.585034013605442,294,0.458333333333333,0.541666666666667,288,0.698660714285714,0.301339285714286,448,0.193181818181818,0.806818181818182,440,0.229213483146067,0.770786516853933,445,0.647982062780269,0.352017937219731,446,0.711217183770883,0.288782816229117,419,0.896162528216704,0.103837471783296,443,0.434684684684685,0.565315315315315,444
50611,0.697247706422018,0.302752293577982,109,0.00943396226415094,0.990566037735849,106,0.59016393442623,0.409836065573771,61,0.6875,0.3125,48,0.193548387096774,0.806451612903226,93,0.128440366972477,0.871559633027523,109,0.432098765432099,0.567901234567901,81,0.342465753424658,0.657534246575342,73,0.672727272727273,0.327272727272727,110,0.342857142857143,0.657142857142857,105,0.324074074074074,0.675925925925926,108,0.752293577981651,0.247706422018349,109,0.657407407407407,0.342592592592593,108,0.790909090909091,0.209090909090909,110,0.422018348623853,0.577981651376147,109
50612,0.805714285714286,0.194285714285714,350,0.0956521739130435,0.904347826086956,345,0.623456790123457,0.376543209876543,162,0.631284916201117,0.368715083798883,179,0.126712328767123,0.873287671232877,292,0.14,0.86,350,0.461864406779661,0.538135593220339,236,0.487179487179487,0.512820512820513,234,0.668571428571429,0.331428571428571,350,0.193083573487032,0.806916426512968,347,0.187319884726225,0.812680115273775,347,0.71919770773639,0.28080229226361,349,0.726443768996961,0.27355623100304,329,0.905444126074499,0.0945558739255014,349,0.42816091954023,0.57183908045977,348
50613,0.862268518518519,0.137731481481482,864,0.0636792452830189,0.936320754716981,848,0.656862745098039,0.343137254901961,306,0.562653562653563,0.437346437346437,407,0.128508124076809,0.871491875923191,677,0.165308498253783,0.834691501746217,859,0.460227272727273,0.539772727272727,528,0.456647398843931,0.543352601156069,519,0.72969837587007,0.27030162412993,862,0.25177304964539,0.74822695035461,846,0.202140309155767,0.797859690844233,841,0.710618436406068,0.289381563593932,857,0.725301204819277,0.274698795180723,830,0.930232558139535,0.0697674418604651,860,0.464576074332172,0.535423925667828,861
50614,0.798429319371728,0.201570680628272,382,0.0714285714285714,0.928571428571429,378,0.686390532544379,0.313609467455621,169,0.64406779661017,0.355932203389831,177,0.128930817610063,0.871069182389937,318,0.141732283464567,0.858267716535433,381,0.452755905511811,0.547244094488189,254,0.424603174603175,0.575396825396825,252,0.671052631578947,0.328947368421053,380,0.2,0.8,375,0.214854111405836,0.785145888594165,377,0.683377308707124,0.316622691292876,379,0.715909090909091,0.284090909090909,352,0.910526315789474,0.0894736842105263,380,0.465608465608466,0.534391534391534,378
50615,0.7,0.3,40,0.05,0.95,40,0.409090909090909,0.590909090909091,22,0.368421052631579,0.631578947368421,19,0.314285714285714,0.685714285714286,35,0.225,0.775,40,0.575757575757576,0.424242424242424,33,0.208333333333333,0.791666666666667,24,0.794871794871795,0.205128205128205,39,0.405405405405405,0.594594594594595,37,0.342105263157895,0.657894736842105,38,0.743589743589744,0.256410256410256,39,0.564102564102564,0.435897435897436,39,0.769230769230769,0.230769230769231,39,0.487179487179487,0.512820512820513,39
50616,0.84423305588585,0.15576694411415,841,0.087378640776699,0.912621359223301,824,0.657492354740061,0.342507645259939,327,0.690997566909976,0.309002433090024,411,0.170731707317073,0.829268292682927,697,0.118421052631579,0.881578947368421,836,0.444234404536862,0.555765595463138,529,0.511304347826087,0.488695652173913,575,0.683333333333333,0.316666666666667,840,0.22490931076179,0.775090689238211,827,0.229843561973526,0.770156438026474,831,0.678007290400972,0.321992709599028,823,0.706918238993711,0.293081761006289,795,0.909090909090909,0.0909090909090909,836,0.401913875598086,0.598086124401914,836
50617,0.850746268656716,0.149253731343284,536,0.0820610687022901,0.91793893129771,524,0.676923076923077,0.323076923076923,195,0.54863813229572,0.45136186770428,257,0.15668202764977,0.84331797235023,434,0.188785046728972,0.811214953271028,535,0.460490463215259,0.539509536784741,367,0.424242424242424,0.575757575757576,330,0.714018691588785,0.285981308411215,535,0.234404536862004,0.765595463137996,529,0.202651515151515,0.797348484848485,528,0.709737827715356,0.290262172284644,534,0.700389105058366,0.299610894941634,514,0.930581613508443,0.0694183864915572,533,0.470037453183521,0.529962546816479,534
50701,0.780891134588884,0.219108865411116,2177,0.264805007221955,0.735194992778045,2077,0.586989409984871,0.413010590015129,661,0.563002680965148,0.436997319034853,746,0.235323886639676,0.764676113360324,1976,0.142660550458716,0.857339449541284,2180,0.517167381974249,0.482832618025751,1398,0.411279229711142,0.588720770288858,1454,0.745080091533181,0.254919908466819,2185,0.308740601503759,0.691259398496241,2128,0.26031746031746,0.73968253968254,2205,0.709722222222222,0.290277777777778,2160,0.587482219061166,0.412517780938834,2109,0.882001836547291,0.117998163452709,2178,0.421787709497207,0.578212290502793,2148
50801,0.811062163485071,0.188937836514929,2043,0.427332993370729,0.572667006629271,1961,0.615844544095665,0.384155455904335,669,0.324549237170596,0.675450762829404,721,0.235878336436996,0.764121663563004,1611,0.129177057356608,0.870822942643392,2005,0.477124183006536,0.522875816993464,1224,0.365610859728507,0.634389140271493,1105,0.773109243697479,0.226890756302521,2023,0.290224032586558,0.709775967413442,1964,0.252216748768473,0.747783251231527,2030,0.708973723351512,0.291026276648488,2017,0.569886947584789,0.430113052415211,1946,0.908956692913386,0.0910433070866142,2032,0.435604177026355,0.564395822973645,2011
50802,0.846955128205128,0.153044871794872,1248,0.157119476268412,0.842880523731588,1222,0.776470588235294,0.223529411764706,510,0.5152,0.4848,625,0.177480916030534,0.822519083969466,1048,0.166265060240964,0.833734939759036,1245,0.430409356725146,0.569590643274854,855,0.440366972477064,0.559633027522936,763,0.728949478748998,0.271050521251002,1247,0.241975308641975,0.758024691358025,1215,0.263367916999202,0.736632083000798,1253,0.683698296836983,0.316301703163017,1233,0.6525,0.3475,1200,0.89951768488746,0.10048231511254,1244,0.398230088495575,0.601769911504425,1243
50803,0.824649859943978,0.175350140056022,1785,0.286376811594203,0.713623188405797,1725,0.741379310344828,0.258620689655172,580,0.410818713450292,0.589181286549708,684,0.215522771007056,0.784477228992944,1559,0.157215047725997,0.842784952274004,1781,0.445026178010471,0.554973821989529,1146,0.390740740740741,0.609259259259259,1080,0.746201463140124,0.253798536859876,1777,0.290598290598291,0.70940170940171,1755,0.272475027746948,0.727524972253052,1802,0.701240135287486,0.298759864712514,1774,0.576360444704506,0.423639555295495,1709,0.897406989853439,0.102593010146561,1774,0.418617932609937,0.581382067390063,1751
50804,0.789989939637827,0.210010060362173,3976,0.220664589823468,0.779335410176532,3852,0.727077363896848,0.272922636103152,1396,0.511470985155196,0.488529014844804,1482,0.238463743192892,0.761536256807108,3489,0.156847935548842,0.843152064451158,3972,0.434715821812596,0.565284178187404,2604,0.38423645320197,0.61576354679803,2436,0.742405222194326,0.257594777805674,3983,0.304953560371517,0.695046439628483,3876,0.279133466135458,0.720866533864542,4016,0.718158567774936,0.281841432225064,3910,0.614880796436992,0.385119203563008,3817,0.867321248741188,0.132678751258812,3972,0.428752857505715,0.571247142494285,3937
50805,0.764067127344521,0.235932872655479,2026,0.189637826961771,0.810362173038229,1988,0.67595818815331,0.32404181184669,861,0.5115712545676,0.4884287454324,821,0.225879682179342,0.774120317820658,1762,0.204354280059377,0.795645719940624,2021,0.426339285714286,0.573660714285714,1344,0.41304347826087,0.586956521739131,1288,0.71505905511811,0.28494094488189,2032,0.275303643724696,0.724696356275304,1976,0.254473161033797,0.745526838966203,2012,0.720419370943585,0.279580629056415,2003,0.637493526670119,0.362506473329881,1931,0.838438735177866,0.161561264822134,2024,0.380009896091044,0.619990103908956,2021
50806,0.775871610403985,0.224128389596016,1807,0.278481012658228,0.721518987341772,1738,0.640980735551664,0.359019264448336,571,0.41740674955595,0.58259325044405,563,0.259609325771897,0.740390674228103,1587,0.146205357142857,0.853794642857143,1792,0.460192475940507,0.539807524059493,1143,0.349820143884892,0.650179856115108,1112,0.759002770083102,0.240997229916898,1805,0.336740488358887,0.663259511641113,1761,0.268279274326553,0.731720725673447,1819,0.700389105058366,0.299610894941634,1799,0.551244933410539,0.448755066589461,1727,0.878212290502793,0.121787709497207,1790,0.462805224304373,0.537194775695627,1761
50807,0.857808857808858,0.142191142191142,858,0.304399524375743,0.695600475624257,841,0.821192052980132,0.178807947019868,302,0.391812865497076,0.608187134502924,342,0.241699867197875,0.758300132802125,753,0.157589803012746,0.842410196987254,863,0.40353982300885,0.59646017699115,565,0.397412199630314,0.602587800369686,541,0.738067520372526,0.261932479627474,859,0.269276393831554,0.730723606168446,843,0.266821345707657,0.733178654292343,862,0.681978798586572,0.318021201413428,849,0.605103280680437,0.394896719319563,823,0.907385697538101,0.0926143024618992,853,0.406542056074766,0.593457943925234,856
50808,0.864304812834225,0.135695187165775,1496,0.172602739726027,0.827397260273973,1460,0.748161764705882,0.251838235294118,544,0.403682719546742,0.596317280453258,706,0.178387650085763,0.821612349914237,1166,0.170698924731183,0.829301075268817,1488,0.462159434914228,0.537840565085772,991,0.405307599517491,0.594692400482509,829,0.762700534759358,0.237299465240642,1496,0.24591280653951,0.754087193460491,1468,0.282930107526882,0.717069892473118,1488,0.700538358008075,0.299461641991925,1486,0.604810996563574,0.395189003436426,1455,0.916216216216216,0.0837837837837838,1480,0.440643863179074,0.559356136820926,1491
50809,0.898954703832753,0.101045296167247,574,0.224820143884892,0.775179856115108,556,0.772946859903382,0.227053140096618,207,0.483870967741936,0.516129032258065,279,0.190380761523046,0.809619238476954,499,0.153846153846154,0.846153846153846,572,0.456284153005465,0.543715846994536,366,0.482857142857143,0.517142857142857,350,0.73951048951049,0.26048951048951,572,0.239285714285714,0.760714285714286,560,0.240901213171577,0.759098786828423,577,0.673179396092362,0.326820603907638,563,0.598165137614679,0.401834862385321,545,0.919720767888307,0.0802792321116928,573,0.333919156414763,0.666080843585237,569
50810,0.84488107549121,0.15511892450879,967,0.189673340358272,0.810326659641728,949,0.819796954314721,0.180203045685279,394,0.41648590021692,0.58351409978308,461,0.20074812967581,0.79925187032419,802,0.188992731048806,0.811007268951194,963,0.424023154848046,0.575976845151954,691,0.375862068965517,0.624137931034483,580,0.74922600619195,0.25077399380805,969,0.242584745762712,0.757415254237288,944,0.261633919338159,0.738366080661841,967,0.684375,0.315625,960,0.630387931034483,0.369612068965517,928,0.899168399168399,0.100831600831601,962,0.399583766909469,0.600416233090531,961
50811,0.854558610709117,0.145441389290883,1382,0.215022091310751,0.784977908689249,1358,0.782273603082852,0.217726396917148,519,0.386435331230284,0.613564668769716,634,0.180690876882197,0.819309123117803,1129,0.173285198555957,0.826714801444043,1385,0.477054429028815,0.522945570971185,937,0.402241594022416,0.597758405977584,803,0.744420446364291,0.255579553635709,1389,0.247800586510264,0.752199413489736,1364,0.270521056388294,0.729478943611706,1401,0.693478260869565,0.306521739130435,1380,0.616530156366344,0.383469843633656,1343,0.920806335493161,0.0791936645068395,1389,0.392651296829971,0.607348703170029,1388
50812,0.859495060373216,0.140504939626784,911,0.184770436730123,0.815229563269877,893,0.828496042216359,0.171503957783641,379,0.512471655328798,0.487528344671202,441,0.18297331639136,0.81702668360864,787,0.161007667031763,0.838992332968237,913,0.413461538461538,0.586538461538462,624,0.432432432432432,0.567567567567568,592,0.72082878953108,0.27917121046892,917,0.249162011173184,0.750837988826816,895,0.266304347826087,0.733695652173913,920,0.694630872483222,0.305369127516779,894,0.63193657984145,0.36806342015855,883,0.899233296823658,0.100766703176342,913,0.359255202628697,0.640744797371303,913
50813,0.8389662027833,0.1610337972167,1509,0.238352464550979,0.761647535449021,1481,0.766071428571429,0.233928571428571,560,0.343419062027232,0.656580937972769,661,0.202411714039621,0.797588285960379,1161,0.180666666666667,0.819333333333333,1500,0.427385892116183,0.572614107883817,964,0.378212974296206,0.621787025703794,817,0.782694848084544,0.217305151915456,1514,0.278498293515358,0.721501706484642,1465,0.264214046822743,0.735785953177258,1495,0.707300736771601,0.292699263228399,1493,0.619946091644205,0.380053908355795,1484,0.893888515782404,0.106111484217596,1489,0.464854111405836,0.535145888594165,1508
50814,0.799901429275505,0.200098570724495,2029,0.300255754475703,0.699744245524297,1955,0.657853810264386,0.342146189735614,643,0.412268188302425,0.587731811697575,701,0.247058823529412,0.752941176470588,1785,0.163376110562685,0.836623889437315,2026,0.444943820224719,0.555056179775281,1335,0.363783346806791,0.636216653193209,1237,0.761928184948352,0.238071815051648,2033,0.315736551030669,0.684263448969331,1989,0.270680372001958,0.729319627998042,2043,0.688118811881188,0.311881188118812,2020,0.558521560574949,0.441478439425051,1948,0.891315136476427,0.108684863523573,2015,0.458416833667335,0.541583166332665,1996
50815,0.823993358239934,0.176006641760066,2409,0.243755383290267,0.756244616709733,2322,0.744239631336406,0.255760368663595,868,0.329842931937173,0.670157068062827,955,0.204193709435846,0.795806290564154,2003,0.152980408503543,0.847019591496457,2399,0.469191270860077,0.530808729139923,1558,0.367571533382245,0.632428466617755,1363,0.749792874896437,0.250207125103563,2414,0.308277027027027,0.691722972972973,2368,0.288697788697789,0.711302211302211,2442,0.711426188490409,0.288573811509591,2398,0.564224137931034,0.435775862068966,2320,0.909015371832156,0.0909846281678438,2407,0.423963133640553,0.576036866359447,2387
51101,0.861185983827493,0.138814016172507,742,0.0397805212620027,0.960219478737997,729,0.608510638297872,0.391489361702128,235,0.534435261707989,0.465564738292011,363,0.13986013986014,0.86013986013986,572,0.152173913043478,0.847826086956522,736,0.497816593886463,0.502183406113537,458,0.427601809954751,0.572398190045249,442,0.72554347826087,0.27445652173913,736,0.270344827586207,0.729655172413793,725,0.199158485273492,0.800841514726508,713,0.74898236092266,0.251017639077341,737,0.714086471408647,0.285913528591353,717,0.932249322493225,0.0677506775067751,738,0.514208389715832,0.485791610284168,739
51102,0.898373983739837,0.101626016260163,246,0.0334728033472803,0.96652719665272,239,0.514285714285714,0.485714285714286,70,0.584905660377359,0.415094339622642,106,0.194285714285714,0.805714285714286,175,0.12448132780083,0.87551867219917,241,0.427631578947368,0.572368421052632,152,0.481751824817518,0.518248175182482,137,0.787755102040816,0.212244897959184,245,0.3125,0.6875,240,0.267782426778243,0.732217573221757,239,0.681818181818182,0.318181818181818,242,0.654166666666667,0.345833333333333,240,0.950819672131147,0.0491803278688525,244,0.524590163934426,0.475409836065574,244
51103,0.876923076923077,0.123076923076923,390,0.0263852242744063,0.973614775725594,379,0.626086956521739,0.373913043478261,115,0.450867052023121,0.549132947976879,173,0.100334448160535,0.899665551839465,299,0.147286821705426,0.852713178294574,387,0.515555555555556,0.484444444444445,225,0.460176991150443,0.539823008849558,226,0.74025974025974,0.25974025974026,385,0.287206266318538,0.712793733681462,383,0.152815013404826,0.847184986595174,373,0.715025906735751,0.284974093264249,386,0.72192513368984,0.27807486631016,374,0.968992248062015,0.0310077519379845,387,0.475324675324675,0.524675324675325,385
51104,0.892857142857143,0.107142857142857,504,0.026694045174538,0.973305954825462,487,0.608391608391608,0.391608391608392,143,0.512931034482759,0.487068965517241,232,0.112,0.888,375,0.160642570281125,0.839357429718876,498,0.51006711409396,0.48993288590604,298,0.464163822525597,0.535836177474403,293,0.736,0.264,500,0.290322580645161,0.709677419354839,496,0.180293501048218,0.819706498951782,477,0.728194726166329,0.271805273833671,493,0.709016393442623,0.290983606557377,488,0.962075848303393,0.0379241516966068,501,0.488977955911824,0.511022044088176,499
51105,0.954545454545455,0.0454545454545455,22,0,1,22,0.666666666666667,0.333333333333333,9,0.666666666666667,0.333333333333333,12,0,1,15,0,1,22,0.75,0.25,8,0.666666666666667,0.333333333333333,18,0.681818181818182,0.318181818181818,22,0.227272727272727,0.772727272727273,22,0,1,20,0.772727272727273,0.227272727272727,22,1,0,21,1,0,22,0.409090909090909,0.590909090909091,22
51106,0.847184986595174,0.152815013404826,373,0.0465753424657534,0.953424657534246,365,0.580882352941177,0.419117647058824,136,0.55688622754491,0.44311377245509,167,0.157894736842105,0.842105263157895,285,0.151351351351351,0.848648648648649,370,0.426086956521739,0.573913043478261,230,0.452380952380952,0.547619047619048,210,0.733153638814016,0.266846361185984,371,0.279452054794521,0.72054794520548,365,0.18941504178273,0.81058495821727,359,0.740540540540541,0.259459459459459,370,0.69187675070028,0.30812324929972,357,0.932614555256065,0.0673854447439353,371,0.508108108108108,0.491891891891892,370
51107,0.884030418250951,0.115969581749049,526,0.0409356725146199,0.95906432748538,513,0.584905660377359,0.415094339622642,159,0.519148936170213,0.480851063829787,235,0.127604166666667,0.872395833333333,384,0.153550863723608,0.846449136276392,521,0.45625,0.54375,320,0.436860068259386,0.563139931740614,293,0.769083969465649,0.230916030534351,524,0.296875,0.703125,512,0.189134808853119,0.810865191146881,497,0.738372093023256,0.261627906976744,516,0.708414872798434,0.291585127201566,511,0.955854126679463,0.0441458733205374,521,0.522157996146436,0.477842003853565,519
51108,0.878048780487805,0.121951219512195,533,0.0153846153846154,0.984615384615385,520,0.602564102564103,0.397435897435897,156,0.510121457489879,0.489878542510122,247,0.108040201005025,0.891959798994975,398,0.163809523809524,0.836190476190476,525,0.525993883792049,0.474006116207951,327,0.437299035369775,0.562700964630225,311,0.741509433962264,0.258490566037736,530,0.30019120458891,0.69980879541109,523,0.186878727634195,0.813121272365805,503,0.736641221374046,0.263358778625954,524,0.735408560311284,0.264591439688716,514,0.960302457466919,0.0396975425330813,529,0.501893939393939,0.498106060606061,528
51109,0.857142857142857,0.142857142857143,91,0.021978021978022,0.978021978021978,91,0.439024390243902,0.560975609756098,41,0.411764705882353,0.588235294117647,51,0.119402985074627,0.880597014925373,67,0.0222222222222222,0.977777777777778,90,0.627450980392157,0.372549019607843,51,0.589285714285714,0.410714285714286,56,0.714285714285714,0.285714285714286,91,0.32967032967033,0.67032967032967,91,0.0941176470588235,0.905882352941176,85,0.769230769230769,0.230769230769231,91,0.813953488372093,0.186046511627907,86,0.967032967032967,0.032967032967033,91,0.483516483516484,0.516483516483517,91
51110,0.951456310679612,0.0485436893203884,206,0.015,0.985,200,0.474576271186441,0.525423728813559,59,0.359223300970874,0.640776699029126,103,0.0733333333333333,0.926666666666667,150,0.107317073170732,0.892682926829268,205,0.560747663551402,0.439252336448598,107,0.540983606557377,0.459016393442623,122,0.804878048780488,0.195121951219512,205,0.311881188118812,0.688118811881188,202,0.104166666666667,0.895833333333333,192,0.733990147783251,0.266009852216749,203,0.832512315270936,0.167487684729064,203,0.990291262135922,0.00970873786407767,206,0.475728155339806,0.524271844660194,206
51111,0.877777777777778,0.122222222222222,810,0.071156289707751,0.928843710292249,787,0.641509433962264,0.358490566037736,265,0.518610421836228,0.481389578163772,403,0.124595469255663,0.875404530744337,618,0.170610211706102,0.829389788293898,803,0.48443579766537,0.51556420233463,514,0.419148936170213,0.580851063829787,470,0.729426433915212,0.270573566084788,802,0.271122320302648,0.728877679697352,793,0.190231362467866,0.809768637532134,778,0.74625,0.25375,800,0.714652956298201,0.2853470437018,778,0.943890274314214,0.0561097256857855,802,0.503740648379052,0.496259351620948,802
51112,0.924418604651163,0.0755813953488372,172,0.0116959064327485,0.988304093567251,171,0.462962962962963,0.537037037037037,54,0.364583333333333,0.635416666666667,96,0.0888888888888889,0.911111111111111,135,0.0584795321637427,0.941520467836257,171,0.593023255813954,0.406976744186047,86,0.570093457943925,0.429906542056075,107,0.748538011695906,0.251461988304094,171,0.30952380952381,0.690476190476191,168,0.107594936708861,0.892405063291139,158,0.789473684210526,0.210526315789474,171,0.834319526627219,0.165680473372781,169,0.982558139534884,0.0174418604651163,172,0.459302325581395,0.540697674418605,172
51113,0.910810810810811,0.0891891891891892,370,0.0833333333333333,0.916666666666667,360,0.483443708609272,0.516556291390729,151,0.469387755102041,0.530612244897959,196,0.133333333333333,0.866666666666667,285,0.103542234332425,0.896457765667575,367,0.545023696682464,0.454976303317536,211,0.564655172413793,0.435344827586207,232,0.749318801089918,0.250681198910082,367,0.282913165266106,0.717086834733894,357,0.172804532577904,0.827195467422096,353,0.752066115702479,0.247933884297521,363,0.750684931506849,0.249315068493151,365,0.959128065395095,0.0408719346049046,367,0.465940054495913,0.534059945504087,367
51114,0.881889763779528,0.118110236220472,381,0.02710027100271,0.97289972899729,369,0.541984732824428,0.458015267175573,131,0.5,0.5,180,0.103448275862069,0.896551724137931,290,0.132978723404255,0.867021276595745,376,0.554054054054054,0.445945945945946,222,0.495652173913044,0.504347826086957,230,0.736,0.264,375,0.285333333333333,0.714666666666667,375,0.142465753424658,0.857534246575342,365,0.718832891246684,0.281167108753316,377,0.746556473829201,0.253443526170799,363,0.962962962962963,0.037037037037037,378,0.482758620689655,0.517241379310345,377
51115,0.906779661016949,0.0932203389830508,354,0.0265486725663717,0.973451327433628,339,0.546296296296296,0.453703703703704,108,0.427745664739884,0.572254335260116,173,0.0895522388059701,0.91044776119403,268,0.140401146131805,0.859598853868195,349,0.571428571428571,0.428571428571429,196,0.509615384615385,0.490384615384615,208,0.771428571428571,0.228571428571429,350,0.293948126801153,0.706051873198847,347,0.124629080118694,0.875370919881306,337,0.706552706552707,0.293447293447293,351,0.782352941176471,0.217647058823529,340,0.977272727272727,0.0227272727272727,352,0.485714285714286,0.514285714285714,350
51116,0.863551401869159,0.136448598130841,535,0.0342857142857143,0.965714285714286,525,0.60233918128655,0.39766081871345,171,0.523622047244094,0.476377952755906,254,0.122850122850123,0.877149877149877,407,0.145833333333333,0.854166666666667,528,0.492625368731564,0.507374631268437,339,0.407523510971787,0.592476489028213,319,0.738721804511278,0.261278195488722,532,0.294455066921606,0.705544933078394,523,0.203125,0.796875,512,0.750943396226415,0.249056603773585,530,0.715953307392996,0.284046692607004,514,0.941509433962264,0.0584905660377359,530,0.511320754716981,0.488679245283019,530
51117,0.844736842105263,0.155263157894737,760,0.0654205607476636,0.934579439252336,749,0.617647058823529,0.382352941176471,272,0.542613636363636,0.457386363636364,352,0.15979381443299,0.84020618556701,582,0.156706507304117,0.843293492695883,753,0.438669438669439,0.561330561330561,481,0.434210526315789,0.565789473684211,456,0.768421052631579,0.231578947368421,760,0.264507422402159,0.735492577597841,741,0.222826086956522,0.777173913043478,736,0.73474801061008,0.26525198938992,754,0.707482993197279,0.292517006802721,735,0.904635761589404,0.095364238410596,755,0.488095238095238,0.511904761904762,756
51118,0.781609195402299,0.218390804597701,87,0.0238095238095238,0.976190476190476,84,0.479166666666667,0.520833333333333,48,0.340909090909091,0.659090909090909,44,0.121212121212121,0.878787878787879,66,0.0697674418604651,0.930232558139535,86,0.524590163934426,0.475409836065574,61,0.431372549019608,0.568627450980392,51,0.701149425287356,0.298850574712644,87,0.352941176470588,0.647058823529412,85,0.130952380952381,0.869047619047619,84,0.72093023255814,0.27906976744186,86,0.734177215189873,0.265822784810127,79,0.942528735632184,0.0574712643678161,87,0.563218390804598,0.436781609195402,87
51201,0.698626373626374,0.301373626373626,3640,0.316565481352992,0.683434518647008,3459,0.468277945619335,0.531722054380665,1324,0.294466403162055,0.705533596837945,1012,0.226036709721278,0.773963290278722,2942,0.132080762759394,0.867919237240606,3566,0.518367346938776,0.481632653061225,2205,0.306016597510373,0.693983402489627,1928,0.785315466219989,0.214684533780011,3582,0.325849165227404,0.674150834772596,3474,0.285753575357536,0.714246424642464,3636,0.709955506117909,0.290044493882091,3596,0.538174512055109,0.461825487944891,3484,0.878787878787879,0.121212121212121,3597,0.451862464183381,0.548137535816619,3490
51202,0.794696555494806,0.205303444505194,3658,0.347937411095306,0.652062588904694,3515,0.518115942028986,0.481884057971015,1104,0.33005733005733,0.66994266994267,1221,0.225524475524476,0.774475524475525,2860,0.1264689423615,0.8735310576385,3574,0.491211401425178,0.508788598574822,2105,0.3455525606469,0.6544474393531,1855,0.800110741971207,0.199889258028793,3612,0.29228998849252,0.70771001150748,3476,0.281318681318681,0.718681318681319,3640,0.711117271971167,0.288882728028833,3607,0.542325056433409,0.457674943566591,3544,0.900689655172414,0.0993103448275862,3625,0.463897407304154,0.536102592695846,3587
51203,0.78802313712147,0.21197686287853,2939,0.338526912181303,0.661473087818697,2824,0.54292343387471,0.45707656612529,862,0.287628865979381,0.712371134020619,970,0.229783473265577,0.770216526734423,2263,0.134447927551376,0.865552072448624,2871,0.498830409356725,0.501169590643275,1710,0.325997248968363,0.674002751031637,1454,0.790649707803369,0.209350292196631,2909,0.312966252220249,0.687033747779751,2815,0.289428669175505,0.710571330824496,2923,0.713007570543703,0.286992429456297,2906,0.540091840339103,0.459908159660897,2831,0.913193248363762,0.0868067516362384,2903,0.464422075668171,0.535577924331829,2881
51301,0.657784743991641,0.342215256008359,1914,0.318079096045198,0.681920903954802,1770,0.453405017921147,0.546594982078853,558,0.295503211991435,0.704496788008565,467,0.247944339025933,0.752055660974067,1581,0.137066666666667,0.862933333333333,1875,0.542168674698795,0.457831325301205,1079,0.260692464358452,0.739307535641548,982,0.759131815775543,0.240868184224457,1889,0.364667747163695,0.635332252836305,1851,0.289974293059126,0.710025706940874,1945,0.728638011393061,0.271361988606939,1931,0.478660183684495,0.521339816315505,1851,0.881302521008403,0.118697478991597,1904,0.460255697609783,0.539744302390217,1799
51302,0.675946908384591,0.32405309161541,3089,0.173056994818653,0.826943005181347,2895,0.537190082644628,0.462809917355372,847,0.437762237762238,0.562237762237762,715,0.256741780568895,0.743258219431105,2707,0.127035830618893,0.872964169381108,3070,0.535390199637024,0.464609800362976,1653,0.346044393853159,0.653955606146841,1757,0.767136450992953,0.232863549007047,3122,0.346016260162602,0.653983739837398,3075,0.342393002186817,0.657606997813183,3201,0.720457433290978,0.279542566709022,3148,0.498844503136349,0.501155496863651,3029,0.84500792393027,0.154992076069731,3155,0.442199403776085,0.557800596223915,3019
51303,0.695121951219512,0.304878048780488,3854,0.222682119205298,0.777317880794702,3624,0.559849198868992,0.440150801131009,1061,0.344957587181904,0.655042412818096,1061,0.249170437405732,0.750829562594269,3315,0.126863719591944,0.873136280408057,3823,0.510175106483673,0.489824893516328,2113,0.305876685934489,0.694123314065511,2076,0.759173126614987,0.240826873385013,3870,0.354830287206266,0.645169712793734,3830,0.336455696202532,0.663544303797468,3950,0.721992772328343,0.278007227671657,3874,0.490743225114033,0.509256774885967,3727,0.881259679917398,0.118740320082602,3874,0.452850580924075,0.547149419075925,3701
51304,0.80633305060786,0.19366694939214,3537,0.212077012835473,0.787922987164528,3428,0.663177925784967,0.336822074215033,1051,0.280240420736289,0.719759579263712,1331,0.188290567401518,0.811709432598482,2767,0.15861284820921,0.84138715179079,3518,0.538248847926267,0.461751152073733,2170,0.329011345218801,0.670988654781199,1851,0.768927666760484,0.231072333239516,3553,0.320647543311559,0.679352456688441,3521,0.306263858093126,0.693736141906874,3608,0.710585585585586,0.289414414414414,3552,0.537015615962984,0.462984384037016,3458,0.932654216185625,0.0673457838143747,3534,0.464660800454158,0.535339199545842,3523
51305,0.837724550898204,0.162275449101796,3340,0.24093023255814,0.759069767441861,3225,0.68114406779661,0.31885593220339,944,0.301075268817204,0.698924731182796,1302,0.190456934896886,0.809543065103114,2473,0.155324992371071,0.844675007628929,3277,0.531341821743389,0.468658178256611,2042,0.337419731465266,0.662580268534734,1713,0.781675234351376,0.218324765648624,3307,0.311680390362916,0.688319609637085,3279,0.283328362660304,0.716671637339696,3353,0.730063195907313,0.269936804092687,3323,0.550800492610837,0.449199507389163,3248,0.941871026339691,0.0581289736603088,3303,0.475833083158211,0.524166916841789,3331
51306,0.579777365491651,0.420222634508349,1078,0.268717948717949,0.731282051282051,975,0.420711974110032,0.579288025889968,309,0.316582914572864,0.683417085427136,199,0.252688172043011,0.747311827956989,930,0.148496240601504,0.851503759398496,1064,0.591150442477876,0.408849557522124,565,0.236577181208054,0.763422818791946,596,0.725821596244131,0.274178403755869,1065,0.410984848484849,0.589015151515152,1056,0.286744815148783,0.713255184851217,1109,0.732110091743119,0.267889908256881,1090,0.486486486486487,0.513513513513514,1036,0.842990654205608,0.157009345794393,1070,0.461693548387097,0.538306451612903,992
51307,0.598482235253536,0.401517764746464,2899,0.138274336283186,0.861725663716814,2712,0.480745341614907,0.519254658385093,805,0.480438184663537,0.519561815336463,639,0.247274143302181,0.752725856697819,2568,0.113423517169615,0.886576482830385,2883,0.54810298102981,0.45189701897019,1476,0.326603325415677,0.673396674584323,1684,0.760068846815835,0.239931153184165,2905,0.363950276243094,0.636049723756906,2896,0.352431712191872,0.647568287808128,3002,0.726872246696035,0.273127753303965,2951,0.483209614704843,0.516790385295157,2829,0.816103718867281,0.183896281132719,2931,0.426093241778099,0.573906758221901,2767
51308,0.75834084761046,0.24165915238954,2218,0.351415094339623,0.648584905660377,2120,0.558139534883721,0.441860465116279,602,0.196165191740413,0.803834808259587,678,0.207164179104478,0.792835820895522,1675,0.133580705009276,0.866419294990724,2156,0.545889864325619,0.454110135674381,1253,0.288007554296506,0.711992445703494,1059,0.787351054078827,0.212648945921173,2182,0.362020579981291,0.637979420018709,2138,0.299194991055456,0.700805008944544,2236,0.730978260869565,0.269021739130435,2208,0.489920300046882,0.510079699953118,2133,0.930434782608696,0.0695652173913044,2185,0.462505822077317,0.537494177922683,2147
51309,0.855273592386994,0.144726407613006,2522,0.240408163265306,0.759591836734694,2450,0.728723404255319,0.271276595744681,752,0.323943661971831,0.676056338028169,1065,0.189507494646681,0.810492505353319,1868,0.168145161290323,0.831854838709677,2480,0.495448634590377,0.504551365409623,1538,0.363847944142746,0.636152055857254,1289,0.782677791021057,0.217322208978943,2517,0.279334145351198,0.720665854648802,2463,0.260454002389486,0.739545997610514,2511,0.709780439121757,0.290219560878244,2505,0.585395537525355,0.414604462474645,2465,0.932291666666667,0.0677083333333333,2496,0.487159225602529,0.512840774397471,2531
51310,0.651948051948052,0.348051948051948,2695,0.307692307692308,0.692307692307692,2548,0.502831257078143,0.497168742921857,883,0.268326417704011,0.731673582295989,723,0.23349579087284,0.76650420912716,2257,0.146656534954407,0.853343465045593,2632,0.519715578539108,0.480284421460892,1547,0.280254777070064,0.719745222929936,1413,0.752724539646749,0.247275460353251,2661,0.370072713356295,0.629927286643705,2613,0.292126563649742,0.707873436350258,2718,0.730754927482335,0.269245072517665,2689,0.515210608424337,0.484789391575663,2564,0.873498498498499,0.126501501501502,2664,0.472365805168986,0.527634194831014,2515
51311,0.576795580110497,0.423204419889503,905,0.1795166858458,0.8204833141542,869,0.456310679611651,0.54368932038835,309,0.412060301507538,0.587939698492462,199,0.274117647058824,0.725882352941176,850,0.152222222222222,0.847777777777778,900,0.493457943925234,0.506542056074766,535,0.244165170556553,0.755834829443447,557,0.739178690344062,0.260821309655938,901,0.395973154362416,0.604026845637584,894,0.278138528138528,0.721861471861472,924,0.70704845814978,0.29295154185022,908,0.479214780600462,0.520785219399538,866,0.807349665924276,0.192650334075724,898,0.457943925233645,0.542056074766355,856
51312,0.67448275862069,0.32551724137931,1450,0.235801581595974,0.764198418404026,1391,0.487804878048781,0.51219512195122,451,0.392764857881137,0.607235142118863,387,0.259593679458239,0.740406320541761,1329,0.150865051903114,0.849134948096886,1445,0.490649064906491,0.509350935093509,909,0.302721088435374,0.697278911564626,882,0.752066115702479,0.247933884297521,1452,0.356643356643357,0.643356643356643,1430,0.264227642276423,0.735772357723577,1476,0.717331499312242,0.282668500687758,1454,0.530979827089337,0.469020172910663,1388,0.856650585802895,0.143349414197105,1451,0.472063037249284,0.527936962750716,1396
51313,0.865533230293663,0.134466769706337,1294,0.166930379746835,0.833069620253165,1264,0.717948717948718,0.282051282051282,390,0.318264014466546,0.681735985533454,553,0.145435244161359,0.854564755838641,942,0.18381775333857,0.81618224666143,1273,0.534939759036145,0.465060240963855,830,0.359398496240602,0.640601503759399,665,0.757153905645785,0.242846094354215,1293,0.244689221085759,0.755310778914241,1271,0.31129900076864,0.688700999231361,1301,0.710100231303007,0.289899768696993,1297,0.565354330708661,0.434645669291339,1270,0.953725490196078,0.0462745098039216,1275,0.481139337952271,0.518860662047729,1299
60101,0.550411522633745,0.449588477366255,4860,0.0766367418436611,0.923363258156339,4567,0.253644314868805,0.746355685131195,1372,0.574884792626728,0.425115207373272,868,0.303644646924829,0.696355353075171,4390,0.13459538173497,0.86540461826503,4807,0.644297416509137,0.355702583490863,3174,0.344460431654676,0.655539568345324,3475,0.779732881068476,0.220267118931524,4717,0.328268778086882,0.671731221913118,4673,0.382245642480746,0.617754357519254,4934,0.66307003257329,0.33692996742671,4912,0.560763520678685,0.439236479321315,4715,0.782261454392602,0.217738545607398,4758,0.45019321597252,0.54980678402748,4658
60102,0.47503671071953,0.52496328928047,1362,0.093167701863354,0.906832298136646,1288,0.20042194092827,0.79957805907173,474,0.719298245614035,0.280701754385965,228,0.27491961414791,0.72508038585209,1244,0.179985063480209,0.820014936519791,1339,0.742718446601942,0.257281553398058,824,0.278058645096057,0.721941354903943,989,0.790076335877863,0.209923664122137,1310,0.367903103709311,0.632096896290689,1321,0.267647058823529,0.732352941176471,1360,0.694706308919507,0.305293691080493,1379,0.624233128834356,0.375766871165644,1304,0.710403726708075,0.289596273291925,1288,0.436084142394822,0.563915857605178,1236
60103,0.416277712952159,0.583722287047841,6856,0.0407413080104151,0.959258691989585,6529,0.17799043062201,0.82200956937799,2090,0.742198100407056,0.257801899592944,737,0.293742216687422,0.706257783312578,6424,0.146592244418331,0.853407755581669,6808,0.747250280583614,0.252749719416386,4455,0.326394194041253,0.673605805958747,5236,0.779373567608862,0.220626432391138,6545,0.359743040685225,0.640256959314775,6538,0.365666124500961,0.634333875499039,6763,0.65473441108545,0.34526558891455,6928,0.634338747099768,0.365661252900232,6465,0.645093268450933,0.354906731549067,6165,0.431528932631936,0.568471067368064,5893
60104,0.440074906367041,0.559925093632959,6942,0.0473455448618442,0.952654455138156,6442,0.244341563786008,0.755658436213992,1944,0.690782953419227,0.309217046580773,1009,0.320394527521476,0.679605472478524,6286,0.153474054529464,0.846525945470537,6822,0.703526734926052,0.296473265073948,4395,0.316282861218667,0.683717138781333,4907,0.769696053228489,0.230303946771511,6613,0.35328798185941,0.64671201814059,6615,0.340023101357205,0.659976898642795,6926,0.667954773150136,0.332045226849864,6987,0.589363952258649,0.410636047741351,6619,0.7377458632532,0.2622541367468,6406,0.481402936378467,0.518597063621534,6130
60105,0.399561141033313,0.600438858966687,5013,0.0439326082320324,0.956067391767968,4689,0.221071863580999,0.778928136419001,1642,0.620603015075377,0.379396984924623,398,0.313070585615676,0.686929414384324,4491,0.137181874612042,0.862818125387958,4833,0.710016420361248,0.289983579638752,3045,0.258960573476702,0.741039426523297,3348,0.754389632107023,0.245610367892977,4784,0.33790628957366,0.66209371042634,4738,0.370085123631942,0.629914876368058,4934,0.6861328125,0.3138671875,5120,0.546055437100213,0.453944562899787,4690,0.641863406408095,0.358136593591906,4744,0.396312364425163,0.603687635574837,4610
60106,0.332665330661323,0.667334669338677,499,0.0563674321503132,0.943632567849687,479,0.183673469387755,0.816326530612245,196,0.523809523809524,0.476190476190476,42,0.341991341991342,0.658008658008658,462,0.207818930041152,0.792181069958848,486,0.678571428571429,0.321428571428571,308,0.147727272727273,0.852272727272727,352,0.772727272727273,0.227272727272727,484,0.428274428274428,0.571725571725572,481,0.332661290322581,0.667338709677419,496,0.707171314741036,0.292828685258964,502,0.563714902807775,0.436285097192225,463,0.606521739130435,0.393478260869565,460,0.435665914221219,0.564334085778781,443
60107,0.242770439128883,0.757229560871117,2801,0.0230055658627087,0.976994434137291,2695,0.111478117258464,0.888521882741536,1211,0.724719101123596,0.275280898876405,178,0.336059190031153,0.663940809968847,2568,0.184268833087149,0.815731166912851,2708,0.828063241106719,0.171936758893281,1518,0.192893401015228,0.807106598984772,1970,0.73772363913209,0.26227636086791,2627,0.356589147286822,0.643410852713178,2580,0.280045784051889,0.719954215948111,2621,0.722835767723548,0.277164232276452,2807,0.591149005278116,0.408850994721884,2463,0.54759011745646,0.45240988254354,2469,0.379177377892031,0.620822622107969,2334
60108,0.286407766990291,0.713592233009709,206,0.0343137254901961,0.965686274509804,204,0.125,0.875,104,0.833333333333333,0.166666666666667,12,0.313432835820896,0.686567164179104,201,0.116751269035533,0.883248730964467,197,0.803571428571429,0.196428571428571,112,0.17687074829932,0.82312925170068,147,0.703349282296651,0.296650717703349,209,0.360824742268041,0.639175257731959,194,0.304347826086957,0.695652173913044,207,0.712918660287081,0.287081339712919,209,0.61849710982659,0.38150289017341,173,0.468421052631579,0.531578947368421,190,0.281767955801105,0.718232044198895,181
60109,0.43808504947847,0.56191495052153,3739,0.0484419263456091,0.951558073654391,3530,0.214939024390244,0.785060975609756,1312,0.591216216216216,0.408783783783784,296,0.309600233440327,0.690399766559673,3427,0.106294864715627,0.893705135284373,3622,0.720394736842105,0.279605263157895,2432,0.288915094339623,0.711084905660377,2544,0.75296388199614,0.24703611800386,3627,0.306451612903226,0.693548387096774,3472,0.426193724420191,0.573806275579809,3665,0.651383399209486,0.348616600790514,3795,0.550901687027341,0.449098312972659,3438,0.587096774193548,0.412903225806452,3565,0.402726498153934,0.597273501846066,3521
60110,0.17948717948718,0.82051282051282,117,0.0434782608695652,0.956521739130435,115,0.204819277108434,0.795180722891566,83,0.8,0.2,10,0.345454545454545,0.654545454545455,110,0.219298245614035,0.780701754385965,114,0.731707317073171,0.268292682926829,82,0.0967741935483871,0.903225806451613,93,0.696428571428571,0.303571428571429,112,0.469565217391304,0.530434782608696,115,0.21551724137931,0.78448275862069,116,0.811965811965812,0.188034188034188,117,0.586538461538462,0.413461538461538,104,0.552380952380952,0.447619047619048,105,0.368932038834951,0.631067961165049,103
60111,0.435610302351624,0.564389697648376,2679,0.0747553816046967,0.925244618395303,2555,0.184234647112741,0.815765352887259,1091,0.733606557377049,0.266393442622951,244,0.310663983903421,0.68933601609658,2485,0.142310635042081,0.857689364957919,2614,0.755664421310472,0.244335578689529,1633,0.282527881040892,0.717472118959108,1883,0.754022988505747,0.245977011494253,2610,0.327907899960302,0.672092100039698,2519,0.337138508371385,0.662861491628615,2628,0.66260162601626,0.33739837398374,2706,0.578008298755187,0.421991701244813,2410,0.645709766706208,0.354290233293792,2529,0.42477514309076,0.57522485690924,2446
60112,0.504965622612681,0.495034377387319,2618,0.0718010429201765,0.928198957079823,2493,0.29125,0.70875,800,0.647435897435897,0.352564102564103,312,0.3072696534235,0.692730346576501,2366,0.108395743003548,0.891604256996452,2537,0.682988072818581,0.317011927181419,1593,0.302403577417552,0.697596422582448,1789,0.770703125,0.229296875,2560,0.323058446757406,0.676941553242594,2498,0.386123680241327,0.613876319758673,2652,0.659486016628874,0.340513983371126,2646,0.541414141414141,0.458585858585859,2475,0.718058252427185,0.281941747572816,2575,0.428911834789515,0.571088165210485,2518
60113,0.492517891997398,0.507482108002603,1537,0.0677048070412999,0.9322951929587,1477,0.275665399239544,0.724334600760456,526,0.569767441860465,0.430232558139535,172,0.30431654676259,0.69568345323741,1390,0.119111709286676,0.880888290713324,1486,0.643013100436681,0.356986899563319,916,0.305243445692884,0.694756554307116,1068,0.756648936170213,0.243351063829787,1504,0.295841854124063,0.704158145875937,1467,0.399871216999356,0.600128783000644,1553,0.663892445582586,0.336107554417414,1562,0.55044612216884,0.44955387783116,1457,0.71031746031746,0.28968253968254,1512,0.419571045576408,0.580428954423593,1492
60114,0.488919667590028,0.511080332409972,722,0.074235807860262,0.925764192139738,687,0.231884057971015,0.768115942028986,207,0.529411764705882,0.470588235294118,68,0.33175355450237,0.66824644549763,633,0.142857142857143,0.857142857142857,679,0.679245283018868,0.320754716981132,424,0.280163599182004,0.719836400817996,489,0.790462427745665,0.209537572254335,692,0.277533039647577,0.722466960352423,681,0.461012311901505,0.538987688098495,731,0.658002735978112,0.341997264021888,731,0.498591549295775,0.501408450704225,710,0.767932489451477,0.232067510548523,711,0.440233236151603,0.559766763848397,686
60115,0.368782632591371,0.631217367408629,3639,0.0329861111111111,0.967013888888889,3456,0.12271186440678,0.877288135593221,1475,0.760869565217391,0.239130434782609,184,0.33175214942188,0.66824785057812,3373,0.127147766323024,0.872852233676976,3492,0.82576112412178,0.17423887587822,2135,0.22734375,0.77265625,2560,0.708757062146893,0.291242937853107,3540,0.332940830144245,0.667059169855755,3397,0.366053169734151,0.633946830265849,3423,0.692831834287272,0.307168165712728,3669,0.552823920265781,0.447176079734219,3010,0.502001847859563,0.497998152140437,3247,0.364450127877238,0.635549872122762,3128
60116,0.490196078431373,0.509803921568627,102,0.123711340206186,0.876288659793815,97,0.244444444444444,0.755555555555556,45,1,0,10,0.414141414141414,0.585858585858586,99,0.0792079207920792,0.920792079207921,101,0.724137931034483,0.275862068965517,58,0.402985074626866,0.597014925373134,67,0.715686274509804,0.284313725490196,102,0.329896907216495,0.670103092783505,97,0.378640776699029,0.621359223300971,103,0.776699029126214,0.223300970873786,103,0.715789473684211,0.284210526315789,95,0.62,0.38,100,0.291666666666667,0.708333333333333,96
60117,0.408435072142064,0.591564927857936,901,0.0648899188876014,0.935110081112399,863,0.173020527859238,0.826979472140762,341,0.769230769230769,0.230769230769231,78,0.363423212192263,0.636576787807737,853,0.0947012401352875,0.905298759864712,887,0.723658051689861,0.276341948310139,503,0.255961844197138,0.744038155802862,629,0.755580357142857,0.244419642857143,896,0.327313769751693,0.672686230248307,886,0.354473386183465,0.645526613816535,883,0.719616204690832,0.280383795309168,938,0.474327628361858,0.525672371638142,818,0.5437125748503,0.456287425149701,835,0.300613496932515,0.699386503067485,815
60118,0.367759730309531,0.632240269690469,3263,0.0275080906148867,0.972491909385113,3090,0.172442244224422,0.827557755775578,1212,0.723981900452489,0.276018099547511,221,0.35142378559464,0.64857621440536,2985,0.12952380952381,0.870476190476191,3150,0.73640600725013,0.263593992749871,1931,0.272768878718535,0.727231121281465,2185,0.746778350515464,0.253221649484536,3104,0.299774847217755,0.700225152782245,3109,0.404221802142407,0.595778197857593,3174,0.700872705386699,0.299127294613301,3323,0.532476096274316,0.467523903725684,3033,0.599143610013175,0.400856389986825,3036,0.382343068143672,0.617656931856328,2979
60119,0.469243860928763,0.530756139071238,4113,0.0831202046035806,0.916879795396419,3910,0.243720298710115,0.756279701289885,1473,0.635321100917431,0.364678899082569,436,0.286902286902287,0.713097713097713,3848,0.142608262817322,0.857391737182678,4018,0.706181533646323,0.293818466353678,2556,0.289239204934887,0.710760795065113,2918,0.772242874845105,0.227757125154895,4035,0.353699407063676,0.646300592936324,3879,0.328190056331129,0.671809943668871,4083,0.656839052682455,0.343160947317545,4138,0.55890052356021,0.441099476439791,3820,0.678254250190307,0.321745749809693,3941,0.452362307491517,0.547637692508483,3831
60120,0.27373935821873,0.726260641781271,1527,0.0351114112086428,0.964888588791357,1481,0.202643171806167,0.797356828193833,681,0.745901639344262,0.254098360655738,122,0.412508316699934,0.587491683300067,1503,0.118741976893453,0.881258023106547,1558,0.784615384615385,0.215384615384615,975,0.172472387425658,0.827527612574342,1177,0.754024468770122,0.245975531229878,1553,0.42503259452412,0.57496740547588,1534,0.387920298879203,0.612079701120797,1606,0.742470805162876,0.257529194837124,1627,0.538208168642951,0.461791831357049,1518,0.60857908847185,0.39142091152815,1492,0.42560553633218,0.57439446366782,1445
60121,0.511620732208968,0.488379267791033,9724,0.037659200702679,0.962340799297321,9108,0.203508771929825,0.796491228070176,2565,0.662665066026411,0.337334933973589,833,0.294559730790802,0.705440269209198,8915,0.084547181760608,0.915452818239392,9474,0.781625553447185,0.218374446552815,6324,0.425531914893617,0.574468085106383,6956,0.80746140651801,0.19253859348199,9328,0.27868314557585,0.72131685442415,9143,0.476914949815108,0.523085050184892,9465,0.590511986997156,0.409488013002844,9844,0.586606849764745,0.413393150235256,9139,0.664887824003485,0.335112175996515,9182,0.466356279791597,0.533643720208403,9021
60122,0.418367346938776,0.581632653061225,686,0.00928792569659443,0.990712074303406,646,0.0371747211895911,0.962825278810409,269,0.947368421052632,0.0526315789473684,19,0.391803278688525,0.608196721311475,610,0.0791476407914764,0.920852359208524,657,0.856060606060606,0.143939393939394,396,0.277777777777778,0.722222222222222,468,0.7442218798151,0.2557781201849,649,0.285932721712538,0.714067278287462,654,0.499189627228525,0.500810372771475,617,0.722302158273381,0.277697841726619,695,0.45580589254766,0.54419410745234,577,0.386986301369863,0.613013698630137,584,0.271157167530225,0.728842832469776,579
60123,0.516129032258065,0.483870967741936,31,0.166666666666667,0.833333333333333,30,0.214285714285714,0.785714285714286,14,0.166666666666667,0.833333333333333,6,0.344827586206897,0.655172413793103,29,0.28125,0.71875,32,0.739130434782609,0.260869565217391,23,0.1,0.9,20,0.8125,0.1875,32,0.413793103448276,0.586206896551724,29,0.21875,0.78125,32,0.741935483870968,0.258064516129032,31,0.533333333333333,0.466666666666667,30,0.766666666666667,0.233333333333333,30,0.46875,0.53125,32
60124,0.332869565217391,0.667130434782609,2875,0.0292126825792661,0.970787317420734,2807,0.113519091847265,0.886480908152735,969,0.795366795366795,0.204633204633205,259,0.374858008330178,0.625141991669822,2641,0.114905727499111,0.885094272500889,2811,0.827351485148515,0.172648514851485,1616,0.268847795163585,0.731152204836415,2109,0.768528660094925,0.231471339905075,2739,0.326596896427283,0.673403103572717,2771,0.343224883804076,0.656775116195924,2797,0.717583163611677,0.282416836388323,2946,0.595428571428571,0.404571428571429,2625,0.566832631175795,0.433167368824205,2611,0.38449240607514,0.61550759392486,2502
60125,0.345695618754804,0.654304381245196,5204,0.0471360381861575,0.952863961813842,5028,0.136787564766839,0.863212435233161,1930,0.772340425531915,0.227659574468085,470,0.323021293692246,0.676978706307754,4978,0.16796267496112,0.83203732503888,5144,0.797163588390501,0.202836411609499,3032,0.240216271884655,0.759783728115345,3884,0.77295065854138,0.22704934145862,5087,0.370214471838044,0.629785528161956,4989,0.299570647931304,0.700429352068696,5124,0.66885800150263,0.33114199849737,5324,0.610222314564721,0.389777685435279,4813,0.610621326616289,0.389378673383711,4764,0.418988188098953,0.581011811901047,4487
60126,0.166666666666667,0.833333333333333,12,0,1,12,0,1,6,1,0,1,0.363636363636364,0.636363636363636,11,0.333333333333333,0.666666666666667,12,1,0,5,0.25,0.75,8,0.818181818181818,0.181818181818182,11,0.583333333333333,0.416666666666667,12,0.1,0.9,10,0.833333333333333,0.166666666666667,12,0.3,0.7,10,0.416666666666667,0.583333333333333,12,0.416666666666667,0.583333333333333,12
60127,0.399554813578186,0.600445186421814,1797,0.0831889081455806,0.916811091854419,1731,0.220316622691293,0.779683377308707,758,0.691176470588235,0.308823529411765,204,0.358294930875576,0.641705069124424,1736,0.154742096505824,0.845257903494176,1803,0.70534223706177,0.29465776293823,1198,0.213333333333333,0.786666666666667,1350,0.769656699889258,0.230343300110742,1806,0.370913190529876,0.629086809470124,1774,0.314004376367615,0.685995623632385,1828,0.697749196141479,0.302250803858521,1866,0.550665894614939,0.449334105385061,1727,0.656716417910448,0.343283582089552,1742,0.42018779342723,0.57981220657277,1704
60128,0.222689075630252,0.777310924369748,2856,0.0287377228082939,0.971262277191706,2749,0.142526964560863,0.857473035439137,1298,0.632,0.368,125,0.317311303041682,0.682688696958318,2663,0.19438444924406,0.80561555075594,2778,0.771047849788007,0.228952150211993,1651,0.128192288432649,0.871807711567351,1997,0.688888888888889,0.311111111111111,2745,0.40477092010602,0.59522907989398,2641,0.275222551928783,0.724777448071217,2696,0.730142212972598,0.269857787027402,2883,0.556992724333064,0.443007275666936,2474,0.49862583431488,0.50137416568512,2547,0.360212853049529,0.639787146950471,2443
60129,0.409836065573771,0.59016393442623,6161,0.0442962202839063,0.955703779716094,5847,0.155967255493322,0.844032744506678,2321,0.787330316742081,0.212669683257919,442,0.308486830779824,0.691513169220176,5809,0.131112216144538,0.868887783855462,6033,0.788888888888889,0.211111111111111,3780,0.283969804618117,0.716030195381883,4504,0.757671255597943,0.242328744402057,6029,0.336724137931035,0.663275862068966,5800,0.362005365526492,0.637994634473508,5964,0.647787610619469,0.352212389380531,6215,0.572482478790114,0.427517521209886,5422,0.568606701940035,0.431393298059965,5670,0.393502463953276,0.606497536046724,5479
60130,0.418666162856603,0.581333837143397,5293,0.0513126491646778,0.948687350835322,5028,0.165914786967419,0.834085213032581,1995,0.724675324675325,0.275324675324675,385,0.309811017289908,0.690188982710092,4974,0.127882193373377,0.872117806626623,5161,0.760783114102172,0.239216885897828,3269,0.273394495412844,0.726605504587156,3815,0.754399535873139,0.245600464126861,5171,0.338806567881458,0.661193432118542,4994,0.357573400738868,0.642426599261132,5143,0.666102968808719,0.333897031191281,5322,0.560271646859083,0.439728353140917,4712,0.584013050570963,0.415986949429038,4904,0.394047369524209,0.605952630475791,4771
60131,0.342891278375149,0.657108721624851,837,0.0278833967046895,0.972116603295311,789,0.182254196642686,0.817745803357314,417,0.6875,0.3125,48,0.428934010152284,0.571065989847716,788,0.0863905325443787,0.913609467455621,845,0.753320683111955,0.246679316888046,527,0.192248062015504,0.807751937984496,645,0.731617647058824,0.268382352941176,816,0.400247831474597,0.599752168525403,807,0.399518652226233,0.600481347773767,831,0.734411085450346,0.265588914549654,866,0.537084398976982,0.462915601023018,782,0.573264781491003,0.426735218508997,778,0.403100775193798,0.596899224806202,774
60132,0.228339350180505,0.771660649819495,2216,0.0320781032078103,0.96792189679219,2151,0.110515021459227,0.889484978540773,932,0.715189873417722,0.284810126582279,158,0.325513196480938,0.674486803519062,2046,0.209865053513262,0.790134946486738,2149,0.822875297855441,0.177124702144559,1259,0.174603174603175,0.825396825396825,1575,0.758949880668258,0.241050119331742,2095,0.356525911708253,0.643474088291747,2084,0.26467803030303,0.73532196969697,2112,0.695691202872531,0.304308797127469,2228,0.644342973110096,0.355657026889904,1971,0.564435564435564,0.435564435564436,2002,0.389694041867955,0.610305958132045,1863
60133,0.187311178247734,0.812688821752266,331,0.0188087774294671,0.981191222570533,319,0.0952380952380952,0.904761904761905,168,0.5,0.5,8,0.336538461538462,0.663461538461538,312,0.255384615384615,0.744615384615385,325,0.783333333333333,0.216666666666667,180,0.0787037037037037,0.921296296296296,216,0.755485893416928,0.244514106583072,319,0.323432343234323,0.676567656765677,303,0.300970873786408,0.699029126213592,309,0.705705705705706,0.294294294294294,333,0.619217081850534,0.380782918149466,281,0.503289473684211,0.49671052631579,304,0.35958904109589,0.64041095890411,292
60134,0.493865030674847,0.506134969325153,652,0.0924764890282132,0.907523510971787,638,0.196374622356495,0.803625377643505,331,0.752475247524752,0.247524752475248,101,0.284810126582279,0.715189873417722,632,0.140432098765432,0.859567901234568,648,0.732394366197183,0.267605633802817,497,0.330769230769231,0.669230769230769,520,0.782270606531882,0.217729393468118,643,0.36984126984127,0.63015873015873,630,0.3890625,0.6109375,640,0.623100303951368,0.376899696048632,658,0.621035058430718,0.378964941569282,599,0.672496025437202,0.327503974562798,629,0.510534846029174,0.489465153970827,617
60135,0.249312052834342,0.750687947165658,3634,0.0379674564658864,0.962032543534114,3503,0.154362416107383,0.845637583892617,1490,0.696498054474708,0.303501945525292,257,0.312647754137116,0.687352245862884,3384,0.230617423174514,0.769382576825486,3547,0.768631271310278,0.231368728689722,2053,0.179477020602219,0.820522979397781,2524,0.746370623398804,0.253629376601196,3513,0.369424882629108,0.630575117370892,3408,0.247877758913413,0.752122241086588,3534,0.681147540983607,0.318852459016393,3660,0.618544246451223,0.381455753548777,3311,0.613337320574163,0.386662679425837,3344,0.429624879769157,0.570375120230843,3119
60136,0.446555146016445,0.553444853983556,7054,0.0466274332277048,0.953372566772295,6627,0.204936095196122,0.795063904803878,2269,0.605263157894737,0.394736842105263,684,0.323552123552124,0.676447876447876,6475,0.108756029820202,0.891243970179798,6841,0.736692844677138,0.263307155322862,4584,0.312913907284768,0.687086092715232,4832,0.770925110132159,0.229074889867841,6810,0.303664921465969,0.696335078534031,6685,0.433328507311423,0.566671492688577,6907,0.650153075424437,0.349846924575564,7186,0.565845498783455,0.434154501216545,6576,0.633783783783784,0.366216216216216,6660,0.428964673497477,0.571035326502523,6539
60137,0.2595,0.7405,2000,0.0534509600415153,0.946549039958485,1927,0.203610832497492,0.796389167502508,997,0.708860759493671,0.291139240506329,158,0.293868921775899,0.706131078224102,1892,0.22715539494063,0.77284460505937,1937,0.743231441048035,0.256768558951965,1145,0.146558105107328,0.853441894892672,1351,0.732206861239119,0.267793138760881,1953,0.371028540656974,0.628971459343026,1857,0.217955371043072,0.782044628956928,1927,0.697906281156531,0.30209371884347,2006,0.575138121546961,0.424861878453039,1810,0.613574165298303,0.386425834701697,1827,0.409930715935335,0.590069284064665,1732
60138,0.215601300108342,0.784398699891658,923,0.0289210233592881,0.971078976640712,899,0.120331950207469,0.879668049792531,482,0.753846153846154,0.246153846153846,65,0.305263157894737,0.694736842105263,855,0.274356103023516,0.725643896976484,893,0.798828125,0.201171875,512,0.132686084142395,0.867313915857605,618,0.793650793650794,0.206349206349206,882,0.3558352402746,0.6441647597254,874,0.209354120267261,0.79064587973274,898,0.657696447793326,0.342303552206674,929,0.673444976076555,0.326555023923445,836,0.633136094674556,0.366863905325444,845,0.418781725888325,0.581218274111675,788
60139,0.364139020537125,0.635860979462875,1266,0.0984284532671629,0.901571546732837,1209,0.238866396761134,0.761133603238866,494,0.71830985915493,0.28169014084507,142,0.303361344537815,0.696638655462185,1190,0.271324126726239,0.728675873273761,1231,0.680440771349862,0.319559228650138,726,0.18955732122588,0.81044267877412,881,0.805691056910569,0.194308943089431,1230,0.389983579638752,0.610016420361248,1218,0.193190815518606,0.806809184481394,1263,0.653364632237872,0.346635367762128,1278,0.623770491803279,0.376229508196721,1220,0.731707317073171,0.268292682926829,1189,0.464737793851718,0.535262206148282,1106
60140,0.337367624810893,0.662632375189108,3305,0.0572519083969466,0.942748091603053,3144,0.2072,0.7928,1250,0.65527950310559,0.34472049689441,322,0.325309043591412,0.674690956408588,3074,0.199938669119902,0.800061330880098,3261,0.742902208201893,0.257097791798107,1902,0.216771488469602,0.783228511530398,2385,0.744489289040671,0.255510710959329,3221,0.372816767227691,0.627183232772309,3149,0.262415695892091,0.737584304107909,3262,0.673542600896861,0.326457399103139,3345,0.596922069417158,0.403077930582842,3054,0.682704811443433,0.317295188556567,3076,0.463953087271473,0.536046912728527,2899
60141,0.124767225325885,0.875232774674115,537,0.0133587786259542,0.986641221374046,524,0.0746753246753247,0.925324675324675,308,0.652173913043478,0.347826086956522,23,0.3,0.7,500,0.261450381679389,0.738549618320611,524,0.859375,0.140625,320,0.0991735537190083,0.900826446280992,363,0.778656126482213,0.221343873517787,506,0.36127744510978,0.63872255489022,501,0.241312741312741,0.758687258687259,518,0.693877551020408,0.306122448979592,539,0.715463917525773,0.284536082474227,485,0.55578093306288,0.44421906693712,493,0.400871459694989,0.599128540305011,459
60142,0.284874290348743,0.715125709651257,4932,0.0263657456232862,0.973634254376714,4741,0.145374449339207,0.854625550660793,2043,0.67479674796748,0.32520325203252,246,0.331301697866783,0.668698302133217,4594,0.167665908621046,0.832334091378954,4837,0.790705800139762,0.209294199860238,2862,0.190017016449234,0.809982983550766,3526,0.713804004214963,0.286195995785037,4745,0.371198957428323,0.628801042571677,4604,0.336520076481836,0.663479923518164,4707,0.700540108021604,0.299459891978396,4999,0.556812933025404,0.443187066974596,4330,0.510079275198188,0.489920724801812,4415,0.355381697486961,0.644618302513039,4218
60143,0.24896265560166,0.75103734439834,2410,0.0274324903557651,0.972567509644235,2333,0.11480686695279,0.88519313304721,932,0.769230769230769,0.230769230769231,195,0.338181818181818,0.661818181818182,2200,0.173781802501078,0.826218197498922,2319,0.842824601366743,0.157175398633257,1317,0.199302730970366,0.800697269029634,1721,0.755300353356891,0.24469964664311,2264,0.363352652697281,0.63664734730272,2243,0.284471509351892,0.715528490648108,2299,0.7156902908644,0.2843097091356,2441,0.624941397093296,0.375058602906704,2133,0.577243293246994,0.422756706753006,2162,0.39692001987084,0.60307998012916,2013
60144,0.5,0.5,176,0.109090909090909,0.890909090909091,165,0.171875,0.828125,64,0.8,0.2,25,0.27710843373494,0.72289156626506,166,0.238372093023256,0.761627906976744,172,0.835051546391753,0.164948453608247,97,0.261538461538462,0.738461538461539,130,0.848837209302326,0.151162790697674,172,0.365714285714286,0.634285714285714,175,0.222857142857143,0.777142857142857,175,0.651685393258427,0.348314606741573,178,0.666666666666667,0.333333333333333,171,0.725146198830409,0.274853801169591,171,0.465408805031447,0.534591194968554,159
60145,0.535975763696036,0.464024236303964,7922,0.0469152542372881,0.953084745762712,7375,0.196236559139785,0.803763440860215,2232,0.64635761589404,0.35364238410596,755,0.293374079733296,0.706625920266704,7199,0.0781168492436098,0.92188315075639,7668,0.768379446640316,0.231620553359684,5060,0.386471728025366,0.613528271974634,5677,0.770134447200104,0.229865552799896,7661,0.270371359871761,0.729628640128239,7486,0.471430447918035,0.528569552081965,7613,0.602891686401596,0.397108313598405,8023,0.569572506286672,0.430427493713328,7158,0.620550705171256,0.379449294828744,7445,0.419665897052832,0.580334102947168,7363
60146,0.55359820089955,0.44640179910045,2668,0.0884462151394422,0.911553784860558,2510,0.316725978647687,0.683274021352313,843,0.597333333333333,0.402666666666667,375,0.290886392009988,0.709113607990012,2403,0.0988461538461539,0.901153846153846,2600,0.61145703611457,0.38854296388543,1606,0.313522355507088,0.686477644492912,1834,0.763761467889908,0.236238532110092,2616,0.305737389295341,0.694262610704659,2597,0.395879323031641,0.604120676968359,2718,0.669613259668508,0.330386740331492,2715,0.518706157443492,0.481293842556508,2566,0.73502653525398,0.26497346474602,2638,0.400535577658761,0.59946442234124,2614
60147,0.371212121212121,0.628787878787879,132,0.04,0.96,125,0.115942028985507,0.884057971014493,69,0.846153846153846,0.153846153846154,13,0.368,0.632,125,0.259842519685039,0.740157480314961,127,0.7625,0.2375,80,0.235955056179775,0.764044943820225,89,0.803030303030303,0.196969696969697,132,0.306451612903226,0.693548387096774,124,0.294573643410853,0.705426356589147,129,0.610687022900763,0.389312977099237,131,0.642276422764228,0.357723577235772,123,0.782258064516129,0.217741935483871,124,0.504273504273504,0.495726495726496,117
60148,0.537162162162162,0.462837837837838,1184,0.138325991189427,0.861674008810573,1135,0.255670103092784,0.744329896907217,485,0.735576923076923,0.264423076923077,208,0.267195767195767,0.732804232804233,1134,0.199654278305964,0.800345721694036,1157,0.673553719008265,0.326446280991736,726,0.306508875739645,0.693491124260355,845,0.76530612244898,0.23469387755102,1176,0.365961199294533,0.634038800705467,1134,0.209772535804549,0.790227464195451,1187,0.644238856181665,0.355761143818335,1189,0.587091069849691,0.412908930150309,1131,0.765625,0.234375,1152,0.469901168014376,0.530098831985625,1113
60149,0.602040816326531,0.397959183673469,98,0.212765957446809,0.787234042553192,94,0.153846153846154,0.846153846153846,39,0.818181818181818,0.181818181818182,11,0.287234042553192,0.712765957446809,94,0.11340206185567,0.88659793814433,97,0.625,0.375,56,0.38961038961039,0.61038961038961,77,0.68421052631579,0.315789473684211,95,0.373626373626374,0.626373626373626,91,0.202127659574468,0.797872340425532,94,0.670103092783505,0.329896907216495,97,0.54320987654321,0.45679012345679,81,0.641304347826087,0.358695652173913,92,0.322222222222222,0.677777777777778,90
60150,0.462383488681758,0.537616511318242,6008,0.0721777777777778,0.927822222222222,5625,0.275138121546961,0.724861878453039,1810,0.55421686746988,0.445783132530121,830,0.325538911216661,0.674461088783339,5474,0.166581849024597,0.833418150975403,5895,0.651766595289079,0.348233404710921,3736,0.252955082742317,0.747044917257683,4230,0.776839565741858,0.223160434258142,5803,0.36547433903577,0.63452566096423,5787,0.32056151940545,0.67943848059455,6055,0.668147416913458,0.331852583086542,6078,0.553939393939394,0.446060606060606,5775,0.747609942638623,0.252390057361377,5753,0.460294646065397,0.539705353934603,5566
60151,0.464777947932619,0.535222052067381,1306,0.094896331738437,0.905103668261563,1254,0.181818181818182,0.818181818181818,495,0.730769230769231,0.269230769230769,182,0.287581699346405,0.712418300653595,1224,0.169767441860465,0.830232558139535,1290,0.71841155234657,0.28158844765343,831,0.267151767151767,0.732848232848233,962,0.778830963665087,0.221169036334913,1266,0.405384006334125,0.594615993665875,1263,0.300623052959502,0.699376947040499,1284,0.716124148372445,0.283875851627555,1321,0.588524590163934,0.411475409836066,1220,0.650701899256813,0.349298100743187,1211,0.441201716738197,0.558798283261803,1165
60152,0.452173913043478,0.547826086956522,1955,0.0867924528301887,0.913207547169811,1855,0.203413940256046,0.796586059743954,703,0.706896551724138,0.293103448275862,290,0.291118421052632,0.708881578947369,1824,0.184974093264249,0.815025906735751,1930,0.713258785942492,0.286741214057508,1252,0.258681785967399,0.741318214032601,1411,0.787380699893955,0.212619300106045,1886,0.387894736842105,0.612105263157895,1900,0.283513097072419,0.716486902927581,1947,0.690524193548387,0.309475806451613,1984,0.596903363587827,0.403096636412173,1873,0.684439608269859,0.315560391730141,1838,0.450084602368866,0.549915397631134,1773
60153,0.459378920953576,0.540621079046424,6376,0.042119799758329,0.957880200241671,5793,0.236614853195164,0.763385146804836,1737,0.481481481481482,0.518518518518519,486,0.340725096796903,0.659274903203098,5682,0.102585078534031,0.897414921465969,6112,0.705852156057495,0.294147843942505,3896,0.293366093366093,0.706633906633907,4070,0.788121727748691,0.211878272251309,6112,0.343054619015509,0.656945380984491,5932,0.434956105347167,0.565043894652833,6265,0.665998766954377,0.334001233045623,6488,0.516505173263262,0.483494826736738,6089,0.650894308943089,0.349105691056911,6150,0.424634794156707,0.575365205843294,6024
60154,0.461429582448691,0.538570417551309,5652,0.0774818401937046,0.922518159806295,5369,0.23526396719631,0.76473603280369,1951,0.731023102310231,0.268976897689769,606,0.294016768292683,0.705983231707317,5248,0.152166064981949,0.847833935018051,5540,0.739608076009501,0.260391923990499,3368,0.298678633757168,0.701321366242832,4011,0.757940068185896,0.242059931814104,5573,0.344028189910979,0.655971810089021,5392,0.320328901329601,0.679671098670399,5716,0.656978767838496,0.343021232161504,5746,0.574938574938575,0.425061425061425,5291,0.702850877192982,0.297149122807018,5472,0.45359452263218,0.54640547736782,5258
60155,0.454810495626822,0.545189504373178,1715,0.105358217940999,0.894641782059001,1661,0.218905472636816,0.781094527363184,804,0.693227091633466,0.306772908366534,251,0.310067943174799,0.689932056825201,1619,0.138806851742469,0.861193148257531,1693,0.688607594936709,0.311392405063291,1185,0.258461538461539,0.741538461538462,1300,0.776986951364176,0.223013048635824,1686,0.373243738546121,0.626756261453879,1637,0.30224321133412,0.69775678866588,1694,0.694186046511628,0.305813953488372,1720,0.564485981308411,0.435514018691589,1605,0.65565749235474,0.34434250764526,1635,0.4182156133829,0.5817843866171,1614
60156,0.176756517896597,0.823243482103403,2263,0.0159235668789809,0.984076433121019,2198,0.101774042950514,0.898225957049487,1071,0.639175257731959,0.360824742268041,97,0.333333333333333,0.666666666666667,2088,0.213833634719711,0.786166365280289,2212,0.827091633466135,0.172908366533865,1255,0.137341772151899,0.862658227848101,1580,0.716728280961183,0.283271719038817,2164,0.370123691722169,0.629876308277831,2102,0.285983066792098,0.714016933207902,2126,0.725919439579685,0.274080560420315,2284,0.610659898477157,0.389340101522843,1970,0.492581602373887,0.507418397626113,2022,0.344626786659608,0.655373213340392,1889
60157,0.21324354657688,0.78675645342312,891,0.0299194476409666,0.970080552359033,869,0.112359550561798,0.887640449438202,445,0.62,0.38,50,0.308343409915357,0.691656590084643,827,0.227790432801822,0.772209567198178,878,0.804123711340206,0.195876288659794,485,0.178282009724473,0.821717990275527,617,0.74822695035461,0.25177304964539,846,0.332121212121212,0.667878787878788,825,0.266119577960141,0.733880422039859,853,0.670772676371781,0.32922732362822,893,0.670854271356784,0.329145728643216,796,0.568627450980392,0.431372549019608,816,0.373711340206186,0.626288659793814,776
60158,0.235576923076923,0.764423076923077,832,0.0233128834355828,0.976687116564417,815,0.0876623376623377,0.912337662337662,308,0.772277227722772,0.227722772277228,101,0.382978723404255,0.617021276595745,752,0.18249075215783,0.81750924784217,811,0.887912087912088,0.112087912087912,455,0.214642262895175,0.785357737104825,601,0.774484536082474,0.225515463917526,776,0.340966921119593,0.659033078880407,786,0.262233375156838,0.737766624843162,797,0.715827338129496,0.284172661870504,834,0.659310344827586,0.340689655172414,725,0.587131367292225,0.412868632707775,746,0.426950354609929,0.573049645390071,705
60159,0.332460732984293,0.667539267015707,382,0.0219178082191781,0.978082191780822,365,0.222222222222222,0.777777777777778,135,0.9,0.1,10,0.393939393939394,0.606060606060606,363,0.0891891891891892,0.910810810810811,370,0.65929203539823,0.34070796460177,226,0.207317073170732,0.792682926829268,246,0.789757412398922,0.210242587601078,371,0.35,0.65,360,0.403314917127072,0.596685082872928,362,0.718670076726343,0.281329923273657,391,0.458333333333333,0.541666666666667,360,0.511560693641619,0.488439306358382,346,0.370689655172414,0.629310344827586,348
60160,0.451639456715599,0.548360543284401,7289,0.0547886108714409,0.945211389128559,6954,0.191202090592335,0.808797909407666,2296,0.66702470461869,0.33297529538131,931,0.308849821215733,0.691150178784267,6712,0.129740241700236,0.870259758299764,7199,0.705037426663969,0.294962573336031,4943,0.309188588366062,0.690811411633939,5398,0.778311890287007,0.221688109712993,7073,0.33967663471169,0.66032336528831,6989,0.395243332416827,0.604756667583173,7274,0.663779101245263,0.336220898754737,7388,0.602358765288294,0.397641234711706,6868,0.679550758459743,0.320449241540257,6856,0.431989166415889,0.568010833584111,6646
60161,0.421475875118259,0.578524124881741,2114,0.0778325123152709,0.922167487684729,2030,0.198850574712644,0.801149425287356,870,0.665094339622642,0.334905660377359,212,0.287817258883249,0.712182741116751,1970,0.16448326055313,0.835516739446871,2061,0.727198027937551,0.272801972062449,1217,0.259036144578313,0.740963855421687,1494,0.747817652764307,0.252182347235694,2062,0.351659237246162,0.648340762753839,2019,0.319849482596425,0.680150517403575,2126,0.67614165890028,0.32385834109972,2146,0.555889724310777,0.444110275689223,1995,0.679625984251969,0.320374015748032,2032,0.416793893129771,0.583206106870229,1965
60162,0.487455197132617,0.512544802867383,2232,0.0756655768332555,0.924334423166744,2141,0.246684350132626,0.753315649867374,754,0.649350649350649,0.350649350649351,231,0.304453049370765,0.695546950629235,2066,0.124483233807993,0.875516766192007,2177,0.682072829131653,0.317927170868347,1428,0.26984126984127,0.73015873015873,1575,0.753629764065336,0.246370235934664,2204,0.331150608044902,0.668849391955098,2138,0.380530973451327,0.619469026548673,2260,0.653508771929825,0.346491228070175,2280,0.531011450381679,0.468988549618321,2096,0.69557279780922,0.304427202190781,2191,0.451236584227718,0.548763415772282,2143
60163,0.19013128112268,0.80986871887732,2209,0.0121894045944679,0.987810595405532,2133,0.121414913957935,0.878585086042065,1046,0.64367816091954,0.35632183908046,87,0.316019417475728,0.683980582524272,2060,0.199630314232902,0.800369685767098,2164,0.82089552238806,0.17910447761194,1206,0.129736673089274,0.870263326910726,1557,0.685781990521327,0.314218009478673,2110,0.394477317554241,0.605522682445759,2028,0.27422480620155,0.72577519379845,2064,0.750560789591745,0.249439210408255,2229,0.559741657696448,0.440258342303552,1858,0.461894953656025,0.538105046343975,1942,0.323928377645144,0.676071622354856,1843
60164,0.587725631768953,0.412274368231047,1385,0.160299625468165,0.839700374531835,1335,0.298507462686567,0.701492537313433,603,0.652631578947369,0.347368421052632,285,0.280211480362538,0.719788519637462,1324,0.179115300942712,0.820884699057288,1379,0.631689401888772,0.368310598111228,953,0.298262548262548,0.701737451737452,1036,0.743664011585807,0.256335988414193,1381,0.354336545589325,0.645663454410675,1349,0.230101302460203,0.769898697539797,1382,0.695113056163384,0.304886943836616,1371,0.564578499613302,0.435421500386698,1293,0.749817117776152,0.250182882223848,1367,0.430711610486891,0.569288389513109,1335
60165,0.531526222746022,0.468473777253978,1697,0.0981633945535149,0.901836605446485,1579,0.412371134020619,0.587628865979382,485,0.46875,0.53125,224,0.285145888594164,0.714854111405836,1508,0.146053449347421,0.853946550652579,1609,0.551941238195173,0.448058761804827,953,0.283479960899316,0.716520039100684,1023,0.771446078431373,0.228553921568627,1632,0.388686131386861,0.611313868613139,1644,0.333916083916084,0.666083916083916,1716,0.699941961694719,0.300058038305282,1723,0.466586393738712,0.533413606261289,1661,0.777440873256519,0.222559126743481,1649,0.447770700636943,0.552229299363057,1570
60166,0.272665534804754,0.727334465195246,5890,0.0329709499198004,0.9670290500802,5611,0.166310389055152,0.833689610944848,2339,0.640127388535032,0.359872611464968,314,0.32306289881495,0.67693710118505,5485,0.196133077861,0.803866922139,5741,0.758802816901409,0.241197183098592,3408,0.166382044401073,0.833617955598927,4099,0.711811023622047,0.288188976377953,5715,0.373803071364047,0.626196928635953,5535,0.291432584269663,0.708567415730337,5696,0.695274670228753,0.304725329771247,5989,0.545071770334928,0.454928229665072,5225,0.561743341404358,0.438256658595642,5369,0.379653089066459,0.620346910933541,5131
60167,0.507202786132658,0.492797213867342,6317,0.0339838492597577,0.966016150740242,5944,0.167958656330749,0.832041343669251,1935,0.72865275142315,0.27134724857685,527,0.294630642954856,0.705369357045144,5848,0.0865912762520194,0.913408723747981,6190,0.778228694199093,0.221771305800907,4189,0.374681933842239,0.625318066157761,4716,0.778244028405423,0.221755971594577,6196,0.302918483730292,0.697081516269708,5962,0.448002587740579,0.551997412259421,6183,0.614791502753737,0.385208497246263,6355,0.583951926475787,0.416048073524214,5658,0.619007850342409,0.380992149657591,5987,0.434915254237288,0.565084745762712,5900
60168,0.19983207388749,0.800167926112511,1191,0.0382941688424717,0.961705831157528,1149,0.12214983713355,0.87785016286645,614,0.584615384615385,0.415384615384615,65,0.318100358422939,0.681899641577061,1116,0.26539462272333,0.73460537727667,1153,0.76030534351145,0.23969465648855,655,0.106958762886598,0.893041237113402,776,0.770175438596491,0.229824561403509,1140,0.372972972972973,0.627027027027027,1110,0.247181266261925,0.752818733738075,1153,0.681171548117155,0.318828451882845,1195,0.646728971962617,0.353271028037383,1070,0.549860205032619,0.450139794967381,1073,0.371227364185111,0.628772635814889,994
60169,0.381003201707577,0.618996798292423,1874,0.0192616372391653,0.980738362760835,1869,0.097609561752988,0.902390438247012,502,0.9,0.1,200,0.394282310899345,0.605717689100655,1679,0.0585659551176793,0.941434044882321,1827,0.85646836638338,0.143531633616619,1059,0.357092448835568,0.642907551164432,1417,0.796455117209834,0.203544882790166,1749,0.279443254817987,0.720556745182013,1868,0.396791443850267,0.603208556149733,1870,0.742914979757085,0.257085020242915,1976,0.592206366630077,0.407793633369923,1822,0.60801393728223,0.39198606271777,1722,0.402597402597403,0.597402597402597,1694
60170,0.318076477404403,0.681923522595597,1726,0.0579710144927536,0.942028985507246,1656,0.138576779026217,0.861423220973783,801,0.760479041916168,0.239520958083832,167,0.27633209417596,0.72366790582404,1614,0.232957913455839,0.767042086544161,1687,0.745934959349594,0.254065040650407,984,0.216597510373444,0.783402489626556,1205,0.764350453172205,0.235649546827795,1655,0.364140480591497,0.635859519408503,1623,0.223086124401914,0.776913875598086,1672,0.67032967032967,0.32967032967033,1729,0.629961587708067,0.370038412291933,1562,0.63687853996224,0.36312146003776,1589,0.398932621747832,0.601067378252168,1499
60171,0.557163531114327,0.442836468885673,691,0.123880597014925,0.876119402985075,670,0.21875,0.78125,320,0.707547169811321,0.292452830188679,106,0.296407185628743,0.703592814371258,668,0.0875179340028694,0.912482065997131,697,0.720164609053498,0.279835390946502,486,0.390158172231986,0.609841827768014,569,0.793859649122807,0.206140350877193,684,0.333333333333333,0.666666666666667,672,0.307017543859649,0.692982456140351,684,0.628075253256151,0.37192474674385,691,0.637329286798179,0.362670713201821,659,0.70516717325228,0.29483282674772,658,0.429230769230769,0.570769230769231,650
60173,0.226489028213166,0.773510971786834,3828,0.0314789687924016,0.968521031207598,3685,0.120296113510179,0.879703886489821,1621,0.706349206349206,0.293650793650794,252,0.320056100981767,0.679943899018233,3565,0.204387372926699,0.795612627073301,3738,0.828203950390446,0.171796049609554,2177,0.160927872417543,0.839072127582458,2759,0.77087325485902,0.22912674514098,3653,0.381560677589559,0.618439322410442,3601,0.257119828049436,0.742880171950564,3722,0.693243593062387,0.306756406937613,3863,0.644770959377701,0.355229040622299,3471,0.574143391880219,0.425856608119781,3473,0.388271604938272,0.611728395061728,3240
60174,0.284775465498357,0.715224534501643,3652,0.0220377790497997,0.9779622209502,3494,0.141568355308813,0.858431644691187,1441,0.676691729323308,0.323308270676692,133,0.374304945858941,0.625695054141059,3417,0.14702581369248,0.85297418630752,3564,0.787353629976581,0.212646370023419,2135,0.181782334384858,0.818217665615142,2536,0.730145175064048,0.269854824935952,3513,0.357394366197183,0.642605633802817,3408,0.371805914441573,0.628194085558427,3483,0.718294657312466,0.281705342687534,3706,0.5234878722751,0.4765121277249,3257,0.493609251369446,0.506390748630554,3286,0.364120225422667,0.635879774577333,3194
60175,0.416,0.584,1500,0.0476519337016575,0.952348066298343,1448,0.182730923694779,0.817269076305221,498,0.681159420289855,0.318840579710145,138,0.370702541106129,0.629297458893872,1338,0.0817174515235457,0.918282548476454,1444,0.704059829059829,0.295940170940171,936,0.223425196850394,0.776574803149606,1016,0.748614958448754,0.251385041551247,1444,0.296395193591455,0.703604806408545,1498,0.430847673677502,0.569152326322499,1569,0.737746658179503,0.262253341820496,1571,0.491758241758242,0.508241758241758,1456,0.624500665778961,0.375499334221039,1502,0.330623306233062,0.669376693766938,1476
60176,0.537055837563452,0.462944162436548,3940,0.119924710943802,0.880075289056198,3719,0.3444360333081,0.6555639666919,1321,0.600337268128162,0.399662731871838,593,0.268787712561712,0.731212287438289,3646,0.14940752189593,0.85059247810407,3882,0.631233595800525,0.368766404199475,2286,0.303189493433396,0.696810506566604,2665,0.753329918032787,0.246670081967213,3904,0.359947299077734,0.640052700922266,3795,0.296305541687469,0.703694458312531,4006,0.671428571428571,0.328571428571429,3990,0.556146886641831,0.443853113358169,3758,0.772645161290323,0.227354838709677,3875,0.465563267485318,0.534436732514682,3746
60177,0.52366175329713,0.476338246702871,1289,0.103811841038118,0.896188158961882,1233,0.334851936218679,0.665148063781321,439,0.55,0.45,180,0.295068027210884,0.704931972789116,1176,0.107086614173228,0.892913385826772,1270,0.58808618504436,0.41191381495564,789,0.240274599542334,0.759725400457666,874,0.740046838407494,0.259953161592506,1281,0.321371610845295,0.678628389154705,1254,0.373111782477341,0.626888217522659,1324,0.707668944570995,0.292331055429005,1317,0.502047502047502,0.497952497952498,1221,0.717592592592593,0.282407407407407,1296,0.38671875,0.61328125,1280
60178,0.43236409608091,0.56763590391909,2373,0.0646455639768168,0.935354436023183,2243,0.186623516720604,0.813376483279396,927,0.710659898477157,0.289340101522843,197,0.294196428571429,0.705803571428571,2240,0.142919389978214,0.857080610021787,2295,0.746817538896747,0.253182461103253,1414,0.24327485380117,0.75672514619883,1710,0.718388341191599,0.281611658808401,2333,0.328082808280828,0.671917191719172,2222,0.315882874889086,0.684117125110914,2254,0.664166666666667,0.335833333333333,2400,0.534997552618698,0.465002447381302,2043,0.571625978811608,0.428374021188392,2171,0.381428571428571,0.618571428571429,2100
60179,0.426587301587302,0.573412698412698,504,0.0814663951120163,0.918533604887984,491,0.194029850746269,0.805970149253731,268,0.6875,0.3125,48,0.360416666666667,0.639583333333333,480,0.115537848605578,0.884462151394422,502,0.691689008042896,0.308310991957105,373,0.202597402597403,0.797402597402598,385,0.745967741935484,0.254032258064516,496,0.378323108384458,0.621676891615542,489,0.35959595959596,0.64040404040404,495,0.708171206225681,0.291828793774319,514,0.552462526766595,0.447537473233405,467,0.586278586278586,0.413721413721414,481,0.435146443514644,0.564853556485356,478
60180,0.340570719602978,0.659429280397022,1612,0.0659268929503916,0.934073107049608,1532,0.147590361445783,0.852409638554217,664,0.808988764044944,0.191011235955056,178,0.281540504648074,0.718459495351926,1506,0.232720355104629,0.767279644895371,1577,0.753757225433526,0.246242774566474,865,0.253825382538254,0.746174617461746,1111,0.767096774193548,0.232903225806452,1550,0.345549738219895,0.654450261780105,1528,0.209331651954603,0.790668348045397,1586,0.661557326793378,0.338442673206622,1631,0.654079568442347,0.345920431557653,1483,0.680907877169559,0.319092122830441,1498,0.430813124108417,0.569186875891584,1402
60181,0.46048632218845,0.53951367781155,1974,0.109768907563025,0.890231092436975,1904,0.274584929757344,0.725415070242657,783,0.6996336996337,0.3003663003663,273,0.279411764705882,0.720588235294118,1904,0.192485846628924,0.807514153371076,1943,0.689941812136326,0.310058187863674,1203,0.264164305949008,0.735835694050992,1412,0.748849104859335,0.251150895140665,1955,0.392577104025091,0.607422895974909,1913,0.233300099700897,0.766699900299103,2006,0.680258577821979,0.319741422178021,2011,0.575471698113208,0.424528301886792,1908,0.736649214659686,0.263350785340314,1910,0.460907599781301,0.539092400218699,1829
60182,0.307130434782609,0.692869565217391,2875,0.0340868317186939,0.965913168281306,2787,0.128282828282828,0.871717171717172,990,0.757462686567164,0.242537313432836,268,0.346853677028052,0.653146322971948,2638,0.156015708675473,0.843984291324527,2801,0.812738853503185,0.187261146496815,1570,0.230658337337818,0.769341662662182,2081,0.765198398252639,0.234801601747361,2747,0.35832414553473,0.64167585446527,2721,0.276671408250356,0.723328591749644,2812,0.703729045501197,0.296270954498803,2923,0.61453154875717,0.38546845124283,2615,0.619984567901235,0.380015432098765,2592,0.421995926680244,0.578004073319756,2455
60201,0.366545454545455,0.633454545454546,1375,0.0638138138138138,0.936186186186186,1332,0.185840707964602,0.814159292035398,678,0.769230769230769,0.230769230769231,130,0.301158301158301,0.698841698841699,1295,0.202833706189411,0.797166293810589,1341,0.745215311004785,0.254784688995215,836,0.249469214437367,0.750530785562633,942,0.740990990990991,0.259009009009009,1332,0.330482115085537,0.669517884914463,1286,0.279819954988747,0.720180045011253,1333,0.667880553532411,0.332119446467589,1373,0.598070739549839,0.401929260450161,1244,0.631455399061033,0.368544600938967,1278,0.424567188788129,0.575432811211871,1213
60202,0.390367932994316,0.609632067005684,3343,0.0627009646302251,0.937299035369775,3110,0.277840269966254,0.722159730033746,889,0.644539614561028,0.355460385438972,467,0.33355070101076,0.66644929898924,3067,0.209387381895764,0.790612618104237,3281,0.694194194194194,0.305805805805806,1998,0.231824417009602,0.768175582990398,2187,0.781705426356589,0.218294573643411,3225,0.38375350140056,0.61624649859944,3213,0.273101824602708,0.726898175397293,3398,0.661574618096357,0.338425381903643,3404,0.575987841945289,0.424012158054711,3290,0.794620253164557,0.205379746835443,3160,0.517579445571332,0.482420554428668,2958
60204,0.672509225092251,0.327490774907749,2168,0.202862783810464,0.797137216189536,2026,0.525396825396825,0.474603174603175,630,0.516966067864272,0.483033932135729,501,0.260574412532637,0.739425587467363,1915,0.132581100141044,0.867418899858956,2127,0.537520391517129,0.462479608482871,1226,0.330459770114943,0.669540229885057,1392,0.734872979214781,0.265127020785219,2165,0.324043457723193,0.675956542276807,2117,0.31998199819982,0.68001800180018,2222,0.708485401459854,0.291514598540146,2192,0.502380952380952,0.497619047619048,2100,0.845308924485126,0.154691075514874,2185,0.434329065908013,0.565670934091987,2109
60205,0.529377375036539,0.470622624963461,3421,0.143565891472868,0.856434108527132,3225,0.503604531410917,0.496395468589083,971,0.548148148148148,0.451851851851852,540,0.282009724473258,0.717990275526742,3085,0.185408501658125,0.814591498341875,3317,0.598665925514175,0.401334074485825,1799,0.26353617632966,0.73646382367034,2087,0.741635146930463,0.258364853069537,3437,0.342924948086621,0.657075051913379,3371,0.29214748100197,0.70785251899803,3553,0.67995476392423,0.32004523607577,3537,0.522308149910767,0.477691850089233,3362,0.824475725366274,0.175524274633726,3481,0.501413760603205,0.498586239396795,3183
60206,0.431667891256429,0.568332108743571,2722,0.0770142180094787,0.922985781990521,2532,0.344951923076923,0.655048076923077,832,0.435483870967742,0.564516129032258,310,0.292275574112735,0.707724425887265,2395,0.14870606411742,0.85129393588258,2589,0.61489898989899,0.38510101010101,1584,0.225046497210167,0.774953502789833,1613,0.780160857908847,0.219839142091153,2611,0.393159108378171,0.606840891621829,2602,0.323239693542503,0.676760306457497,2741,0.72703988291255,0.27296011708745,2733,0.476389946686976,0.523610053313024,2626,0.705681818181818,0.294318181818182,2640,0.433185304804199,0.566814695195801,2477
60207,0.320792079207921,0.679207920792079,1010,0.0610997963340122,0.938900203665988,982,0.243445692883895,0.756554307116105,534,0.645569620253165,0.354430379746835,79,0.252885624344176,0.747114375655824,953,0.210688591983556,0.789311408016444,973,0.738794435857805,0.261205564142195,647,0.191011235955056,0.808988764044944,712,0.704984740590031,0.29501525940997,983,0.345263157894737,0.654736842105263,950,0.234468937875752,0.765531062124249,998,0.674509803921569,0.325490196078431,1020,0.588691796008869,0.411308203991131,902,0.626694473409802,0.373305526590198,959,0.424642464246425,0.575357535753575,909
60209,0.495957711442786,0.504042288557214,3216,0.12729057591623,0.87270942408377,3056,0.292479108635098,0.707520891364903,1077,0.688118811881188,0.311881188118812,404,0.276079734219269,0.723920265780731,3010,0.168923275306254,0.831076724693746,3102,0.699678800856531,0.300321199143469,1868,0.300272975432211,0.699727024567789,2198,0.775284450063211,0.224715549936789,3164,0.360392798690671,0.639607201309329,3055,0.266460587326121,0.73353941267388,3235,0.642614862781375,0.357385137218625,3243,0.574516868653783,0.425483131346217,3053,0.760820775889708,0.239179224110292,3119,0.467976956963741,0.532023043036259,2951
60210,0.552445193929174,0.447554806070826,2965,0.131751824817518,0.868248175182482,2740,0.47323600973236,0.52676399026764,822,0.414163090128755,0.585836909871245,466,0.254745634016705,0.745254365983295,2634,0.17158081705151,0.82841918294849,2815,0.558699578567128,0.441300421432872,1661,0.306326304106548,0.693673695893452,1802,0.773989455184534,0.226010544815466,2845,0.380141843971631,0.619858156028369,2820,0.264529058116232,0.735470941883768,2994,0.676056338028169,0.323943661971831,2982,0.524140326502258,0.475859673497742,2879,0.813342550985137,0.186657449014863,2893,0.468495181616012,0.531504818383988,2698
60211,0.461464354527938,0.538535645472062,2076,0.115129903209373,0.884870096790627,1963,0.330612244897959,0.669387755102041,735,0.606177606177606,0.393822393822394,259,0.286320254506893,0.713679745493107,1886,0.17098703888335,0.82901296111665,2006,0.658736669401149,0.341263330598852,1219,0.260686755430974,0.739313244569026,1427,0.743223262690981,0.256776737309019,2029,0.361181864493123,0.638818135506877,1963,0.280877443967573,0.719122556032427,2097,0.66857962697274,0.33142037302726,2091,0.552525252525253,0.447474747474748,1980,0.763301839880656,0.236698160119344,2011,0.464079706345045,0.535920293654955,1907
60212,0.41664400326353,0.58335599673647,3677,0.07912214842622,0.92087785157378,3463,0.28471615720524,0.71528384279476,1145,0.617777777777778,0.382222222222222,450,0.303603071470762,0.696396928529238,3386,0.206627680311891,0.793372319688109,3591,0.67813383600377,0.32186616399623,2122,0.244181459566075,0.755818540433925,2535,0.755067567567568,0.244932432432432,3552,0.372688477951636,0.627311522048364,3515,0.237384698860553,0.762615301139447,3686,0.658883521202362,0.341116478797638,3726,0.590402742073693,0.409597257926307,3501,0.76,0.24,3475,0.467658669905861,0.532341330094139,3293
60213,0.395890410958904,0.604109589041096,730,0.0803443328550933,0.919655667144907,697,0.237536656891496,0.762463343108504,341,0.75,0.25,96,0.322314049586777,0.677685950413223,726,0.153324287652646,0.846675712347354,737,0.701298701298701,0.298701298701299,462,0.248263888888889,0.751736111111111,576,0.721845318860244,0.278154681139756,737,0.433988764044944,0.566011235955056,712,0.271370420624152,0.728629579375848,737,0.710280373831776,0.289719626168224,749,0.557774607703281,0.442225392296719,701,0.692415730337079,0.307584269662921,712,0.449275362318841,0.550724637681159,690
60214,0.477827050997783,0.522172949002217,902,0.140142517814727,0.859857482185273,842,0.283185840707965,0.716814159292035,339,0.553191489361702,0.446808510638298,94,0.252051582649472,0.747948417350528,853,0.175339366515837,0.824660633484163,884,0.654343807763401,0.345656192236599,541,0.23950233281493,0.76049766718507,643,0.753393665158371,0.246606334841629,884,0.369668246445498,0.630331753554502,844,0.214611872146119,0.785388127853881,876,0.678375411635565,0.321624588364435,911,0.54916067146283,0.45083932853717,834,0.697478991596639,0.302521008403361,833,0.434405940594059,0.565594059405941,808
60215,0.31359649122807,0.68640350877193,912,0.0640732265446224,0.935926773455378,874,0.239690721649485,0.760309278350515,388,0.578313253012048,0.421686746987952,83,0.361363636363636,0.638636363636364,880,0.167763157894737,0.832236842105263,912,0.673434856175973,0.326565143824027,591,0.158920539730135,0.841079460269865,667,0.76216814159292,0.23783185840708,904,0.44180790960452,0.55819209039548,885,0.281081081081081,0.718918918918919,925,0.739316239316239,0.260683760683761,936,0.548240635641317,0.451759364358683,881,0.635334088335221,0.364665911664779,883,0.458628841607565,0.541371158392435,846
60216,0.591836734693878,0.408163265306122,147,0.183098591549296,0.816901408450704,142,0.377777777777778,0.622222222222222,45,0.407407407407407,0.592592592592593,27,0.293706293706294,0.706293706293706,143,0.151315789473684,0.848684210526316,152,0.6,0.4,95,0.271929824561404,0.728070175438597,114,0.746753246753247,0.253246753246753,154,0.390728476821192,0.609271523178808,151,0.256410256410256,0.743589743589744,156,0.636363636363636,0.363636363636364,154,0.54421768707483,0.45578231292517,147,0.798701298701299,0.201298701298701,154,0.418300653594771,0.581699346405229,153
60217,0.499063319595354,0.500936680404646,2669,0.137208382759984,0.862791617240016,2529,0.402612826603325,0.597387173396675,842,0.596977329974811,0.403022670025189,397,0.261809447558046,0.738190552441954,2498,0.179938744257274,0.820061255742726,2612,0.626075446724024,0.373924553275976,1511,0.264559068219634,0.735440931780366,1803,0.739633918565558,0.260366081434442,2677,0.360185902401239,0.639814097598761,2582,0.268310369833213,0.731689630166788,2758,0.680727272727273,0.319272727272727,2750,0.548700038804812,0.451299961195188,2577,0.794602698650675,0.205397301349325,2668,0.479791916766707,0.520208083233293,2499
60218,0.314432989690722,0.685567010309278,194,0.0687830687830688,0.931216931216931,189,0.1875,0.8125,112,0.5,0.5,26,0.338624338624339,0.661375661375661,189,0.196969696969697,0.803030303030303,198,0.639344262295082,0.360655737704918,122,0.125,0.875,144,0.737113402061856,0.262886597938144,194,0.5,0.5,194,0.253807106598985,0.746192893401015,197,0.761194029850746,0.238805970149254,201,0.487046632124352,0.512953367875648,193,0.611702127659575,0.388297872340426,188,0.474860335195531,0.525139664804469,179
60219,0.320754716981132,0.679245283018868,106,0.0373831775700935,0.962616822429906,107,0.233333333333333,0.766666666666667,30,0.818181818181818,0.181818181818182,11,0.20952380952381,0.79047619047619,105,0.188118811881188,0.811881188118812,101,0.622950819672131,0.377049180327869,61,0.232876712328767,0.767123287671233,73,0.588785046728972,0.411214953271028,107,0.310679611650485,0.689320388349515,103,0.192982456140351,0.807017543859649,114,0.720720720720721,0.279279279279279,111,0.572916666666667,0.427083333333333,96,0.598130841121495,0.401869158878505,107,0.411764705882353,0.588235294117647,102
60220,0.434447300771208,0.565552699228792,389,0.119363395225464,0.880636604774536,377,0.20627802690583,0.79372197309417,223,0.553571428571429,0.446428571428571,56,0.302872062663185,0.697127937336815,383,0.165816326530612,0.834183673469388,392,0.615916955017301,0.384083044982699,289,0.167741935483871,0.832258064516129,310,0.763496143958869,0.236503856041131,389,0.413612565445026,0.586387434554974,382,0.248717948717949,0.751282051282051,390,0.734015345268542,0.265984654731458,391,0.528767123287671,0.471232876712329,365,0.673684210526316,0.326315789473684,380,0.457446808510638,0.542553191489362,376
60221,0.301418439716312,0.698581560283688,846,0.0714285714285714,0.928571428571429,812,0.245478036175711,0.754521963824289,387,0.552631578947369,0.447368421052632,76,0.299498746867168,0.700501253132832,798,0.248774509803922,0.751225490196078,816,0.702495201535509,0.297504798464491,521,0.148861646234676,0.851138353765324,571,0.748473748473749,0.251526251526252,819,0.372208436724566,0.627791563275434,806,0.208830548926014,0.791169451073986,838,0.668229777256741,0.331770222743259,853,0.563843236409608,0.436156763590392,791,0.67632241813602,0.32367758186398,794,0.463806970509383,0.536193029490617,746
60222,0.32183908045977,0.67816091954023,261,0.0392156862745098,0.96078431372549,255,0.181818181818182,0.818181818181818,132,0.636363636363636,0.363636363636364,22,0.270386266094421,0.729613733905579,233,0.144,0.856,250,0.720779220779221,0.279220779220779,154,0.204301075268817,0.795698924731183,186,0.731225296442688,0.268774703557312,253,0.273092369477912,0.726907630522088,249,0.270992366412214,0.729007633587786,262,0.703007518796993,0.296992481203008,266,0.537777777777778,0.462222222222222,225,0.616666666666667,0.383333333333333,240,0.368200836820084,0.631799163179916,239
60223,0.394059405940594,0.605940594059406,505,0.0612691466083151,0.938730853391685,457,0.302158273381295,0.697841726618705,139,0.272727272727273,0.727272727272727,33,0.295010845986985,0.704989154013015,461,0.157349896480331,0.842650103519669,483,0.648936170212766,0.351063829787234,282,0.161616161616162,0.838383838383838,297,0.77319587628866,0.22680412371134,485,0.399150743099788,0.600849256900212,471,0.341897233201581,0.658102766798419,506,0.69980879541109,0.30019120458891,523,0.461377870563674,0.538622129436326,479,0.641237113402062,0.358762886597938,485,0.41978021978022,0.58021978021978,455
60224,0.432545201668985,0.567454798331015,719,0.107558139534884,0.892441860465116,688,0.196022727272727,0.803977272727273,352,0.644736842105263,0.355263157894737,76,0.335787923416789,0.664212076583211,679,0.13314447592068,0.86685552407932,706,0.670912951167728,0.329087048832272,471,0.151515151515152,0.848484848484848,561,0.695652173913044,0.304347826086957,713,0.357348703170029,0.642651296829971,694,0.252454417952314,0.747545582047686,713,0.731301939058172,0.268698060941828,722,0.505785123966942,0.494214876033058,605,0.634643377001456,0.365356622998544,687,0.458083832335329,0.541916167664671,668
60225,0.385714285714286,0.614285714285714,70,0.176470588235294,0.823529411764706,68,0.428571428571429,0.571428571428571,28,0.2,0.8,10,0.333333333333333,0.666666666666667,63,0.191176470588235,0.808823529411765,68,0.543478260869565,0.456521739130435,46,0.0465116279069768,0.953488372093023,43,0.695652173913044,0.304347826086957,69,0.446153846153846,0.553846153846154,65,0.154929577464789,0.845070422535211,71,0.742857142857143,0.257142857142857,70,0.59375,0.40625,64,0.716417910447761,0.283582089552239,67,0.53030303030303,0.46969696969697,66
60226,0.403654485049834,0.596345514950166,602,0.123924268502582,0.876075731497418,581,0.229452054794521,0.770547945205479,292,0.558139534883721,0.441860465116279,86,0.302047781569966,0.697952218430034,586,0.185430463576159,0.814569536423841,604,0.645687645687646,0.354312354312354,429,0.184035476718404,0.815964523281597,451,0.763727121464226,0.236272878535774,601,0.471986417657046,0.528013582342954,589,0.201986754966887,0.798013245033113,604,0.753719008264463,0.246280991735537,605,0.56140350877193,0.43859649122807,570,0.708904109589041,0.291095890410959,584,0.50261780104712,0.49738219895288,573
60227,0.568275862068966,0.431724137931035,725,0.242612752721617,0.757387247278383,643,0.49009900990099,0.50990099009901,202,0.444444444444444,0.555555555555556,117,0.262368815592204,0.737631184407796,667,0.178025034770515,0.821974965229486,719,0.574123989218329,0.425876010781671,371,0.252796420581656,0.747203579418344,447,0.737637362637363,0.262362637362637,728,0.407988587731812,0.592011412268188,701,0.256032171581769,0.743967828418231,746,0.697135061391542,0.302864938608458,733,0.510668563300142,0.489331436699858,703,0.837078651685393,0.162921348314607,712,0.498493975903615,0.501506024096386,664
60228,0.552380952380952,0.447619047619048,2940,0.177090909090909,0.822909090909091,2750,0.442153493699886,0.557846506300115,873,0.550403225806452,0.449596774193548,496,0.266519010705057,0.733480989294943,2709,0.175322411990241,0.82467758800976,2869,0.589870290302656,0.410129709697344,1619,0.264397905759162,0.735602094240838,1910,0.73509485094851,0.264905149051491,2952,0.346938775510204,0.653061224489796,2891,0.28830313014827,0.71169686985173,3035,0.67682119205298,0.32317880794702,3020,0.529576478823941,0.470423521176059,2857,0.834293459844121,0.165706540155879,2951,0.487300435413643,0.512699564586357,2756
60229,0.237717908082409,0.762282091917591,631,0.0364238410596027,0.963576158940397,604,0.265243902439024,0.734756097560976,328,0.515151515151515,0.484848484848485,33,0.278991596638655,0.721008403361345,595,0.267213114754098,0.732786885245902,610,0.723118279569893,0.276881720430108,372,0.147420147420147,0.852579852579853,407,0.722222222222222,0.277777777777778,612,0.357627118644068,0.642372881355932,590,0.20259319286872,0.79740680713128,617,0.688188976377953,0.311811023622047,635,0.576329331046312,0.423670668953688,583,0.663778162911612,0.336221837088388,577,0.434380776340111,0.565619223659889,541
60230,0.470359281437126,0.529640718562874,3340,0.123227229751024,0.876772770248976,3173,0.384023099133783,0.615976900866218,1039,0.581344902386117,0.418655097613883,461,0.280298120544394,0.719701879455606,3086,0.197454206768084,0.802545793231916,3221,0.646677471636953,0.353322528363047,1851,0.238051044083527,0.761948955916473,2155,0.745772946859903,0.254227053140097,3312,0.365974589401921,0.634025410598079,3227,0.271047227926078,0.728952772073922,3409,0.688121708601521,0.311878291398479,3418,0.534711508793582,0.465288491206418,3241,0.785171680340322,0.214828319659678,3291,0.489291598023064,0.510708401976936,3035
60232,0.537473233404711,0.462526766595289,467,0.150812064965197,0.849187935034803,431,0.337142857142857,0.662857142857143,175,0.421875,0.578125,64,0.245939675174014,0.754060324825986,431,0.180434782608696,0.819565217391304,460,0.572784810126582,0.427215189873418,316,0.19496855345912,0.805031446540881,318,0.788671023965142,0.211328976034858,459,0.439189189189189,0.560810810810811,444,0.24203821656051,0.757961783439491,471,0.731501057082452,0.268498942917548,473,0.486666666666667,0.513333333333333,450,0.75219298245614,0.24780701754386,456,0.488317757009346,0.511682242990654,428
60233,0.507453416149068,0.492546583850932,1610,0.152317880794702,0.847682119205298,1510,0.332749562171629,0.667250437828371,571,0.640167364016736,0.359832635983264,239,0.285329744279946,0.714670255720054,1486,0.177848101265823,0.822151898734177,1580,0.619631901840491,0.380368098159509,978,0.240072202166065,0.759927797833935,1108,0.737207833228048,0.262792166771952,1583,0.389686684073107,0.610313315926893,1532,0.234499693063229,0.765500306936771,1629,0.706354102405922,0.293645897594078,1621,0.548804137039431,0.451195862960569,1547,0.781507283090564,0.218492716909436,1579,0.466711051930759,0.533288948069241,1502
60235,0.500285551113649,0.499714448886351,1751,0.148345153664303,0.851654846335697,1692,0.329896907216495,0.670103092783505,679,0.602996254681648,0.397003745318352,267,0.277546158427636,0.722453841572365,1679,0.194219653179191,0.805780346820809,1730,0.631040892193309,0.368959107806691,1076,0.250822368421053,0.749177631578947,1216,0.747711670480549,0.252288329519451,1748,0.405737704918033,0.594262295081967,1708,0.203899721448468,0.796100278551532,1795,0.692393736017897,0.307606263982103,1788,0.544437904649794,0.455562095350206,1699,0.764294049008168,0.235705950991832,1714,0.489296636085627,0.510703363914373,1635
60301,0.391129032258065,0.608870967741936,496,0.112244897959184,0.887755102040816,490,0.210970464135021,0.789029535864979,237,0.597560975609756,0.402439024390244,82,0.338114754098361,0.661885245901639,488,0.152777777777778,0.847222222222222,504,0.684507042253521,0.315492957746479,355,0.188630490956072,0.811369509043928,387,0.740518962075848,0.259481037924152,501,0.463855421686747,0.536144578313253,498,0.262230919765166,0.737769080234834,511,0.76078431372549,0.23921568627451,510,0.522821576763486,0.477178423236515,482,0.682926829268293,0.317073170731707,492,0.463312368972746,0.536687631027254,477
60302,0.471491228070175,0.528508771929825,456,0.0969976905311778,0.903002309468822,433,0.197916666666667,0.802083333333333,192,0.819672131147541,0.180327868852459,61,0.313769751693002,0.686230248306998,443,0.161147902869757,0.838852097130243,453,0.738636363636364,0.261363636363636,264,0.275757575757576,0.724242424242424,330,0.771812080536913,0.228187919463087,447,0.377272727272727,0.622727272727273,440,0.252212389380531,0.747787610619469,452,0.727668845315904,0.272331154684096,459,0.598607888631091,0.40139211136891,431,0.689887640449438,0.310112359550562,445,0.442622950819672,0.557377049180328,427
60303,0.541580537446335,0.458419462553665,6289,0.090924285475514,0.909075714524486,5983,0.317535545023697,0.682464454976303,1899,0.652272727272727,0.347727272727273,880,0.280365617859026,0.719634382140974,5689,0.131203931203931,0.868796068796069,6105,0.689408016989647,0.310591983010353,3767,0.338735818476499,0.661264181523501,4319,0.7721170952612,0.2278829047388,6183,0.307181953889534,0.692818046110466,6029,0.352086263478669,0.647913736521331,6399,0.650485436893204,0.349514563106796,6386,0.565455450472872,0.434544549527128,6027,0.760533933740753,0.239466066259247,6218,0.451227604512276,0.548772395487724,6028
60304,0.324324324324324,0.675675675675676,444,0.036144578313253,0.963855421686747,415,0.155688622754491,0.844311377245509,167,0.857142857142857,0.142857142857143,56,0.424036281179138,0.575963718820862,441,0.0948275862068965,0.905172413793103,464,0.852112676056338,0.147887323943662,284,0.215116279069767,0.784883720930233,344,0.730512249443207,0.269487750556793,449,0.412280701754386,0.587719298245614,456,0.351464435146444,0.648535564853557,478,0.771134020618557,0.228865979381443,485,0.554809843400448,0.445190156599553,447,0.62870159453303,0.37129840546697,439,0.408352668213457,0.591647331786543,431
60305,0.476147614761476,0.523852385238524,1111,0.0653218059558117,0.934678194044188,1041,0.254716981132076,0.745283018867925,424,0.675,0.325,160,0.391013384321224,0.608986615678776,1046,0.106951871657754,0.893048128342246,1122,0.677069199457259,0.322930800542741,737,0.261239368165249,0.738760631834751,823,0.76014427412083,0.23985572587917,1109,0.308957952468007,0.691042047531993,1094,0.387772925764192,0.612227074235808,1145,0.698453608247423,0.301546391752577,1164,0.561243144424132,0.438756855575868,1094,0.672727272727273,0.327272727272727,1100,0.393548387096774,0.606451612903226,1085
60306,0.608433734939759,0.391566265060241,498,0.122055674518201,0.877944325481799,467,0.144508670520231,0.855491329479769,173,0.923076923076923,0.0769230769230769,104,0.296610169491525,0.703389830508475,472,0.10082304526749,0.89917695473251,486,0.765124555160142,0.234875444839858,281,0.419354838709677,0.580645161290323,372,0.841004184100419,0.158995815899582,478,0.266384778012685,0.733615221987315,473,0.292433537832311,0.707566462167689,489,0.7,0.3,490,0.670212765957447,0.329787234042553,470,0.738947368421053,0.261052631578947,475,0.355748373101952,0.644251626898048,461
60307,0.666083916083916,0.333916083916084,572,0.217307692307692,0.782692307692308,520,0.51948051948052,0.480519480519481,154,0.551724137931035,0.448275862068966,116,0.243809523809524,0.756190476190476,525,0.159369527145359,0.840630472854641,571,0.593959731543624,0.406040268456376,298,0.378082191780822,0.621917808219178,365,0.755632582322357,0.244367417677643,577,0.359430604982206,0.640569395017794,562,0.271331058020478,0.728668941979522,586,0.67595818815331,0.32404181184669,574,0.549728752260398,0.450271247739602,553,0.864674868189807,0.135325131810193,569,0.481751824817518,0.518248175182482,548
60308,0.531418312387792,0.468581687612208,2228,0.0825515947467167,0.917448405253283,2132,0.381791483113069,0.618208516886931,681,0.531531531531532,0.468468468468469,333,0.295023088763468,0.704976911236532,1949,0.143520668834185,0.856479331165815,2153,0.604556550040684,0.395443449959317,1229,0.28877400295421,0.71122599704579,1354,0.760387811634349,0.239612188365651,2166,0.312356453835554,0.687643546164447,2177,0.399209486166008,0.600790513833992,2277,0.696969696969697,0.303030303030303,2277,0.485171455050973,0.514828544949027,2158,0.768232662192394,0.231767337807606,2235,0.440315838365072,0.559684161634928,2153
60309,0.577279927585427,0.422720072414573,4419,0.0994688556253018,0.900531144374698,4142,0.416007036059806,0.583992963940194,1137,0.571225071225071,0.428774928774929,702,0.294704528012279,0.705295471987721,3909,0.15162704823448,0.84837295176552,4333,0.619538334707337,0.380461665292663,2426,0.311866859623734,0.688133140376266,2764,0.771171171171171,0.228828828828829,4440,0.300045495905369,0.699954504094631,4396,0.391839378238342,0.608160621761658,4632,0.664060803474484,0.335939196525516,4605,0.504531037607612,0.495468962392388,4414,0.824518698827174,0.175481301172826,4519,0.47136563876652,0.52863436123348,4313
60310,0.65304829770388,0.34695170229612,6315,0.124008278716799,0.875991721283201,5798,0.468451242829828,0.531548757170172,1569,0.56873977086743,0.43126022913257,1222,0.267850735557948,0.732149264442052,5574,0.130497592295345,0.869502407704655,6230,0.608100399315459,0.391899600684541,3506,0.371565414671036,0.628434585328964,3967,0.767820773930754,0.232179226069246,6383,0.294173829990449,0.705826170009551,6282,0.381570996978852,0.618429003021148,6620,0.669017323317492,0.330982676682508,6523,0.525442654330834,0.474557345669166,6269,0.846390168970814,0.153609831029186,6510,0.463906076471521,0.536093923528479,6303
60401,0.623188405797102,0.376811594202899,69,0.0357142857142857,0.964285714285714,56,0.2,0.8,10,0.277777777777778,0.722222222222222,18,0.176470588235294,0.823529411764706,51,0.078125,0.921875,64,0.361111111111111,0.638888888888889,36,0.28125,0.71875,32,0.765625,0.234375,64,0.261538461538462,0.738461538461539,65,0.541666666666667,0.458333333333333,72,0.676470588235294,0.323529411764706,68,0.419354838709677,0.580645161290323,62,0.828571428571429,0.171428571428571,70,0.352112676056338,0.647887323943662,71
60402,0.814988290398127,0.185011709601874,427,0.0930232558139535,0.906976744186047,387,0.201834862385321,0.798165137614679,109,0.429906542056075,0.570093457943925,107,0.13986013986014,0.86013986013986,286,0.140921409214092,0.859078590785908,369,0.416216216216216,0.583783783783784,185,0.504347826086957,0.495652173913044,230,0.742547425474255,0.257452574525745,369,0.198492462311558,0.801507537688442,398,0.403553299492386,0.596446700507614,394,0.733333333333333,0.266666666666667,420,0.623762376237624,0.376237623762376,404,0.936061381074169,0.0639386189258312,391,0.417525773195876,0.582474226804124,388
60404,0.731160896130346,0.268839103869654,1964,0.190011481056257,0.809988518943743,1742,0.366425992779783,0.633574007220217,554,0.348235294117647,0.651764705882353,425,0.195592286501377,0.804407713498623,1452,0.111872146118721,0.888127853881279,1752,0.417364016736402,0.582635983263598,956,0.351137487636004,0.648862512363996,1011,0.763943661971831,0.236056338028169,1775,0.284313725490196,0.715686274509804,1836,0.405186385737439,0.594813614262561,1851,0.688111168296449,0.311888831703551,1943,0.532674354750137,0.467325645249863,1821,0.896777717094484,0.103222282905516,1831,0.418098510882016,0.581901489117984,1746
60702,0.33843537414966,0.66156462585034,588,0.079646017699115,0.920353982300885,565,0.258064516129032,0.741935483870968,279,0.660714285714286,0.339285714285714,56,0.28494623655914,0.71505376344086,558,0.201401050788091,0.798598949211909,571,0.645070422535211,0.354929577464789,355,0.18854415274463,0.81145584725537,419,0.72887323943662,0.27112676056338,568,0.40608228980322,0.59391771019678,559,0.223570190641248,0.776429809358752,577,0.718166383701188,0.281833616298812,589,0.563432835820896,0.436567164179104,536,0.601436265709156,0.398563734290844,557,0.375,0.625,536
60703,0.440217391304348,0.559782608695652,4416,0.0371555118110236,0.962844488188976,4064,0.21889616463985,0.78110383536015,1069,0.694520547945206,0.305479452054795,730,0.360183533010451,0.639816466989549,3923,0.126325495620101,0.873674504379899,4338,0.716423227645173,0.283576772354827,2807,0.323806321452589,0.676193678547411,2974,0.771087216248507,0.228912783751493,4185,0.337255824899976,0.662744175100024,4249,0.405375388716126,0.594624611283874,4502,0.677289948740807,0.322710051259193,4487,0.542123687281214,0.457876312718787,4285,0.77409200968523,0.22590799031477,4130,0.494921971761209,0.505078028238791,4037
60704,0.467814817972547,0.532185182027453,11729,0.0618874264911789,0.938112573508821,10713,0.281586021505376,0.718413978494624,2976,0.623909697280657,0.376090302719343,1949,0.33111027616006,0.66888972383994,10646,0.1728523228653,0.8271476771347,11559,0.695851873116119,0.304148126883881,6967,0.302009234993136,0.697990765006864,8013,0.777253295333096,0.222746704666904,11228,0.337626819585355,0.662373180414645,11335,0.320090520492834,0.679909479507166,11931,0.652133891213389,0.347866108786611,11950,0.56680940312855,0.43319059687145,11443,0.787587801191429,0.212412198808571,11247,0.500925069380204,0.499074930619797,10810
60707,0.402020202020202,0.597979797979798,1980,0.071656050955414,0.928343949044586,1884,0.165912518853695,0.834087481146305,663,0.748062015503876,0.251937984496124,258,0.33205898416166,0.66794101583834,1831,0.161688980432544,0.838311019567456,1942,0.785013380909902,0.214986619090098,1121,0.260452364633311,0.73954763536669,1459,0.800627943485086,0.199372056514914,1911,0.361313868613139,0.638686131386861,1918,0.269035532994924,0.730964467005076,1970,0.686284289276808,0.313715710723192,2005,0.611764705882353,0.388235294117647,1870,0.682821755519655,0.317178244480345,1857,0.448818897637795,0.551181102362205,1778
60708,0.553525913338998,0.446474086661003,2354,0.106568672485071,0.893431327514929,2177,0.388455538221529,0.611544461778471,641,0.55607476635514,0.44392523364486,428,0.282027217268888,0.717972782731112,2131,0.175675675675676,0.824324324324324,2294,0.593005952380952,0.406994047619048,1344,0.282447466007417,0.717552533992584,1618,0.752414398595259,0.247585601404741,2278,0.368537339814406,0.631462660185594,2263,0.267676767676768,0.732323232323232,2376,0.691331923890063,0.308668076109937,2365,0.531263664188894,0.468736335811106,2287,0.822037603847836,0.177962396152164,2287,0.471843778383288,0.528156221616712,2202
60709,0.358859255347241,0.641140744652759,3787,0.0678433535576393,0.932156646442361,3626,0.17638588912887,0.82361411087113,1389,0.693150684931507,0.306849315068493,365,0.333617990321662,0.666382009678338,3513,0.189189189189189,0.810810810810811,3700,0.774283071230342,0.225716928769658,2162,0.220326128175958,0.779673871824043,2637,0.77180664326222,0.22819335673778,3703,0.361173184357542,0.638826815642458,3580,0.249061662198391,0.750938337801609,3730,0.680962343096234,0.319037656903766,3824,0.599770642201835,0.400229357798165,3488,0.671213412901393,0.328786587098608,3519,0.448110377924415,0.551889622075585,3334
60710,0.642216152945767,0.357783847054233,2563,0.125788809423643,0.874211190576357,2377,0.37997256515775,0.62002743484225,729,0.488888888888889,0.511111111111111,585,0.247585601404741,0.752414398595259,2278,0.144962166467543,0.855037833532457,2511,0.579227696404794,0.420772303595206,1502,0.370028818443804,0.629971181556196,1735,0.77791311408851,0.22208688591149,2463,0.337368845843422,0.662631154156578,2478,0.338846153846154,0.661153846153846,2600,0.692036092585328,0.307963907414672,2549,0.519429024583664,0.480570975416336,2522,0.844033083891296,0.155966916108704,2539,0.458708094848733,0.541291905151267,2446
60801,0.663113006396588,0.336886993603412,1407,0.197869101978691,0.802130898021309,1314,0.491596638655462,0.508403361344538,476,0.326018808777429,0.673981191222571,319,0.239903069466882,0.760096930533118,1238,0.148668639053254,0.851331360946746,1352,0.497062279670975,0.502937720329025,851,0.327526132404181,0.672473867595819,861,0.754578754578755,0.245421245421245,1365,0.344150943396226,0.655849056603774,1325,0.270555165144062,0.729444834855938,1423,0.678520625889047,0.321479374110953,1406,0.51620029455081,0.48379970544919,1358,0.851664254703329,0.148335745296671,1382,0.435508345978756,0.564491654021244,1318
60802,0.599613152804642,0.400386847195358,517,0.200873362445415,0.799126637554585,458,0.528735632183908,0.471264367816092,174,0.170940170940171,0.829059829059829,117,0.213636363636364,0.786363636363636,440,0.16,0.84,450,0.507299270072993,0.492700729927007,274,0.273076923076923,0.726923076923077,260,0.811320754716981,0.188679245283019,477,0.329192546583851,0.670807453416149,483,0.302681992337165,0.697318007662835,522,0.643835616438356,0.356164383561644,511,0.436,0.564,500,0.83265306122449,0.16734693877551,490,0.386727688787185,0.613272311212815,437
60803,0.686009538950715,0.313990461049285,1258,0.210833333333333,0.789166666666667,1200,0.525458248472505,0.474541751527495,491,0.278089887640449,0.721910112359551,356,0.247697974217311,0.752302025782689,1086,0.156301145662848,0.843698854337152,1222,0.468940316686967,0.531059683313033,821,0.333333333333333,0.666666666666667,765,0.76916735366859,0.23083264633141,1213,0.337199668599834,0.662800331400166,1207,0.321484992101106,0.678515007898894,1266,0.689243027888446,0.310756972111554,1255,0.504489795918367,0.495510204081633,1225,0.82995951417004,0.17004048582996,1235,0.445193929173693,0.554806070826307,1186
60805,0.701268742791234,0.298731257208766,867,0.146788990825688,0.853211009174312,763,0.345132743362832,0.654867256637168,226,0.251396648044693,0.748603351955307,179,0.171653543307087,0.828346456692913,635,0.146306818181818,0.853693181818182,704,0.42972972972973,0.57027027027027,370,0.37696335078534,0.62303664921466,382,0.813245033112583,0.186754966887417,755,0.287484510532838,0.712515489467162,807,0.351383874849579,0.648616125150421,831,0.665492957746479,0.334507042253521,852,0.533492822966507,0.466507177033493,836,0.901390644753477,0.0986093552465234,791,0.414209115281501,0.585790884718499,746
60902,0.466666666666667,0.533333333333333,45,0.025,0.975,40,0.0740740740740741,0.925925925925926,27,0.8,0.2,5,0.365853658536585,0.634146341463415,41,0.113636363636364,0.886363636363636,44,0.689655172413793,0.310344827586207,29,0.282051282051282,0.717948717948718,39,0.790697674418605,0.209302325581395,43,0.340909090909091,0.659090909090909,44,0.409090909090909,0.590909090909091,44,0.755555555555556,0.244444444444444,45,0.534883720930233,0.465116279069768,43,0.690476190476191,0.30952380952381,42,0.428571428571429,0.571428571428571,42
60903,0.166666666666667,0.833333333333333,24,0.08,0.92,25,0.181818181818182,0.818181818181818,11,0.4,0.6,5,0.181818181818182,0.818181818181818,22,0.0833333333333333,0.916666666666667,24,0.625,0.375,16,0.2,0.8,15,0.8,0.2,25,0.666666666666667,0.333333333333333,24,0.4,0.6,25,0.88,0.12,25,0.458333333333333,0.541666666666667,24,0.416666666666667,0.583333333333333,24,0.3,0.7,20
60904,0.704089219330855,0.295910780669145,1345,0.1875,0.8125,1280,0.32156862745098,0.67843137254902,510,0.725641025641026,0.274358974358974,390,0.26344505066251,0.73655494933749,1283,0.116777531411678,0.883222468588322,1353,0.644444444444445,0.355555555555556,945,0.399024390243902,0.600975609756098,1025,0.758004467609829,0.241995532390171,1343,0.336890243902439,0.663109756097561,1312,0.269088213491475,0.730911786508525,1349,0.695158850226929,0.304841149773071,1322,0.581832419733751,0.418167580266249,1277,0.809097688292319,0.190902311707681,1341,0.441842900302115,0.558157099697885,1324
60905,0.455089820359281,0.544910179640719,167,0.0974025974025974,0.902597402597403,154,0.223880597014925,0.776119402985075,67,0.689655172413793,0.310344827586207,29,0.256578947368421,0.743421052631579,152,0.147239263803681,0.852760736196319,163,0.676767676767677,0.323232323232323,99,0.23728813559322,0.76271186440678,118,0.685534591194969,0.314465408805031,159,0.438709677419355,0.561290322580645,155,0.184049079754601,0.815950920245399,163,0.716867469879518,0.283132530120482,166,0.567567567567568,0.432432432432432,148,0.694267515923567,0.305732484076433,157,0.442953020134228,0.557046979865772,149
60906,0.75,0.25,8,0.125,0.875,8,0.4,0.6,5,1,0,5,0,1,8,0.125,0.875,8,1,0,4,0.833333333333333,0.166666666666667,6,0.875,0.125,8,0.25,0.75,8,0.25,0.75,8,0.375,0.625,8,1,0,7,0.875,0.125,8,0.25,0.75,8
60907,0.515978695073236,0.484021304926764,1502,0.113700564971751,0.886299435028249,1416,0.326666666666667,0.673333333333333,450,0.76078431372549,0.23921568627451,255,0.267284390591589,0.732715609408411,1403,0.229574611748818,0.770425388251182,1481,0.665882352941177,0.334117647058824,850,0.314744801512287,0.685255198487713,1058,0.784059945504087,0.215940054495913,1468,0.36140350877193,0.63859649122807,1425,0.178145695364238,0.821854304635762,1510,0.629064366290644,0.370935633709356,1507,0.645761543762922,0.354238456237078,1451,0.81461061337009,0.18538938662991,1451,0.492330168005844,0.507669831994156,1369
60908,0.58125,0.41875,640,0.135399673735726,0.864600326264274,613,0.474308300395257,0.525691699604743,253,0.417322834645669,0.582677165354331,127,0.267581475128645,0.732418524871355,583,0.193910256410256,0.806089743589744,624,0.490783410138249,0.509216589861751,434,0.259803921568627,0.740196078431373,408,0.749601275917065,0.250398724082935,627,0.372168284789644,0.627831715210356,618,0.282170542635659,0.717829457364341,645,0.68266253869969,0.31733746130031,646,0.475279106858054,0.524720893141946,627,0.7856,0.2144,625,0.465890183028286,0.534109816971714,601
60909,0.652042360060514,0.347957639939486,661,0.113636363636364,0.886363636363636,616,0.377049180327869,0.622950819672131,183,0.446153846153846,0.553846153846154,130,0.298187808896211,0.701812191103789,607,0.164110429447853,0.835889570552147,652,0.542936288088643,0.457063711911357,361,0.373101952277657,0.626898047722343,461,0.801242236024845,0.198757763975155,644,0.363919129082426,0.636080870917574,643,0.258982035928144,0.741017964071856,668,0.645454545454546,0.354545454545455,660,0.558103975535168,0.441896024464832,654,0.852080123266564,0.147919876733436,649,0.494505494505495,0.505494505494506,637
61001,0.67379679144385,0.32620320855615,561,0.103671706263499,0.896328293736501,463,0.358974358974359,0.641025641025641,78,0.379310344827586,0.620689655172414,58,0.145695364238411,0.85430463576159,453,0.0987394957983193,0.901260504201681,476,0.447761194029851,0.552238805970149,201,0.456603773584906,0.543396226415094,265,0.778656126482213,0.221343873517787,506,0.341509433962264,0.658490566037736,530,0.373684210526316,0.626315789473684,570,0.687732342007435,0.312267657992565,538,0.46140350877193,0.53859649122807,570,0.851785714285714,0.148214285714286,560,0.292338709677419,0.707661290322581,496
61002,0.60981697171381,0.39018302828619,1202,0.116458132820019,0.883541867179981,1039,0.383259911894273,0.616740088105727,227,0.360544217687075,0.639455782312925,147,0.235470941883768,0.764529058116233,998,0.111926605504587,0.888073394495413,1090,0.523346303501946,0.476653696498055,514,0.393356643356643,0.606643356643357,572,0.830837004405286,0.169162995594714,1135,0.399486740804106,0.600513259195894,1169,0.369243421052632,0.630756578947369,1216,0.694610778443114,0.305389221556886,1169,0.456342668863262,0.543657331136738,1214,0.792294807370184,0.207705192629816,1194,0.388523047977422,0.611476952022578,1063
61003,0.618045815801777,0.381954184198223,2139,0.0846286701208981,0.915371329879102,1737,0.343181818181818,0.656818181818182,440,0.36697247706422,0.63302752293578,327,0.284675615212528,0.715324384787472,1788,0.0870870870870871,0.912912912912913,1998,0.513994910941476,0.486005089058524,1179,0.296861747243427,0.703138252756573,1179,0.793478260869565,0.206521739130435,2024,0.340551181102362,0.659448818897638,2032,0.401673640167364,0.598326359832636,2151,0.717148182665424,0.282851817334576,2146,0.470145745181006,0.529854254818994,2127,0.772811918063315,0.227188081936685,2148,0.384210526315789,0.615789473684211,2090
61004,0.581333333333333,0.418666666666667,375,0.0133779264214047,0.986622073578595,299,0.22972972972973,0.77027027027027,74,0.474576271186441,0.525423728813559,59,0.378980891719745,0.621019108280255,314,0.0594900849858357,0.940509915014164,353,0.58256880733945,0.41743119266055,218,0.415300546448087,0.584699453551913,183,0.854341736694678,0.145658263305322,357,0.372222222222222,0.627777777777778,360,0.413698630136986,0.586301369863014,365,0.670157068062827,0.329842931937173,382,0.489637305699482,0.510362694300518,386,0.819371727748691,0.180628272251309,382,0.447089947089947,0.552910052910053,378
61005,0.536585365853659,0.463414634146342,164,0.0196078431372549,0.980392156862745,153,0.194444444444444,0.805555555555556,36,0.260869565217391,0.739130434782609,23,0.277777777777778,0.722222222222222,126,0.0559440559440559,0.944055944055944,143,0.581395348837209,0.418604651162791,86,0.2625,0.7375,80,0.811188811188811,0.188811188811189,143,0.17741935483871,0.82258064516129,186,0.538461538461538,0.461538461538462,195,0.837988826815642,0.162011173184358,179,0.414507772020725,0.585492227979275,193,0.861538461538462,0.138461538461538,195,0.328205128205128,0.671794871794872,195
61006,0.552904564315353,0.447095435684647,2892,0.036978756884343,0.963021243115657,2542,0.2046875,0.7953125,640,0.525510204081633,0.474489795918367,392,0.322068403908795,0.677931596091205,2456,0.0658857979502196,0.93411420204978,2732,0.664927536231884,0.335072463768116,1725,0.397377423033067,0.602622576966933,1754,0.774360874397925,0.225639125602075,2699,0.259432267337406,0.740567732662594,2783,0.482770503101309,0.517229496898691,2902,0.691757493188011,0.308242506811989,2936,0.526224982746722,0.473775017253278,2898,0.759388038942976,0.240611961057024,2876,0.400763358778626,0.599236641221374,2882
61007,0.614285714285714,0.385714285714286,70,0,1,61,0.285714285714286,0.714285714285714,21,0.357142857142857,0.642857142857143,14,0.192307692307692,0.807692307692308,52,0.107692307692308,0.892307692307692,65,0.5,0.5,46,0.236842105263158,0.763157894736842,38,0.770491803278689,0.229508196721311,61,0.243243243243243,0.756756756756757,74,0.602739726027397,0.397260273972603,73,0.826666666666667,0.173333333333333,75,0.5,0.5,78,0.861111111111111,0.138888888888889,72,0.333333333333333,0.666666666666667,72
61008,0.730994152046784,0.269005847953216,684,0.152801358234295,0.847198641765705,589,0.330935251798561,0.669064748201439,139,0.237113402061856,0.762886597938144,97,0.198830409356725,0.801169590643275,513,0.113879003558719,0.886120996441281,562,0.40377358490566,0.59622641509434,265,0.36271186440678,0.63728813559322,295,0.789036544850498,0.210963455149502,602,0.330721003134796,0.669278996865204,638,0.400921658986175,0.599078341013825,651,0.672155688622755,0.327844311377246,668,0.461654135338346,0.538345864661654,665,0.888178913738019,0.111821086261981,626,0.377777777777778,0.622222222222222,585
61010,0.592741935483871,0.407258064516129,744,0.121765601217656,0.878234398782344,657,0.459627329192547,0.540372670807454,161,0.234567901234568,0.765432098765432,81,0.183254344391785,0.816745655608215,633,0.142633228840125,0.857366771159875,638,0.568253968253968,0.431746031746032,315,0.380813953488372,0.619186046511628,344,0.832618025751073,0.167381974248927,699,0.388167388167388,0.611832611832612,693,0.326693227091633,0.673306772908367,753,0.693877551020408,0.306122448979592,735,0.430122116689281,0.569877883310719,737,0.781337047353761,0.21866295264624,718,0.410339256865913,0.589660743134087,619
61201,0.66810577441986,0.33189422558014,1853,0.268035190615836,0.731964809384164,1705,0.404081632653061,0.595918367346939,490,0.232,0.768,375,0.185472496473907,0.814527503526093,1418,0.131689717378232,0.868310282621768,1663,0.477094972067039,0.522905027932961,895,0.265046296296296,0.734953703703704,864,0.794269340974212,0.205730659025788,1745,0.356933879461674,0.643066120538327,1709,0.380496054114994,0.619503945885006,1774,0.689693593314763,0.310306406685237,1795,0.479467900520532,0.520532099479468,1729,0.859010801591814,0.140989198408186,1759,0.467548834278513,0.532451165721487,1587
61301,0.393939393939394,0.606060606060606,99,0.0416666666666667,0.958333333333333,96,0.238095238095238,0.761904761904762,42,0.647058823529412,0.352941176470588,17,0.263157894736842,0.736842105263158,95,0.107843137254902,0.892156862745098,102,0.652173913043478,0.347826086956522,69,0.197183098591549,0.802816901408451,71,0.828282828282828,0.171717171717172,99,0.520833333333333,0.479166666666667,96,0.235294117647059,0.764705882352941,102,0.811881188118812,0.188118811881188,101,0.48421052631579,0.515789473684211,95,0.676767676767677,0.323232323232323,99,0.494623655913979,0.505376344086022,93
61303,0.534090909090909,0.465909090909091,176,0.184713375796178,0.815286624203822,157,0.424242424242424,0.575757575757576,33,0.411764705882353,0.588235294117647,17,0.125874125874126,0.874125874125874,143,0.178807947019868,0.821192052980132,151,0.478260869565217,0.521739130434783,69,0.22093023255814,0.779069767441861,86,0.804733727810651,0.195266272189349,169,0.428571428571429,0.571428571428571,154,0.294797687861272,0.705202312138728,173,0.697674418604651,0.302325581395349,172,0.391304347826087,0.608695652173913,161,0.851851851851852,0.148148148148148,162,0.381679389312977,0.618320610687023,131
61304,0.438490898414563,0.561509101585437,6812,0.0722662440570523,0.927733755942948,6310,0.263934426229508,0.736065573770492,1830,0.663589743589744,0.336410256410256,975,0.310817269396208,0.689182730603792,6277,0.183027043179441,0.816972956820559,6693,0.696947674418605,0.303052325581395,4128,0.281576144834931,0.718423855165069,4695,0.775948788294467,0.224051211705533,6561,0.384791222188357,0.615208777811643,6562,0.290420899854862,0.709579100145138,6890,0.668311801422558,0.331688198577442,6889,0.57976064232692,0.42023935767308,6601,0.765576323987539,0.234423676012461,6420,0.503383396600099,0.496616603399901,6059
61305,0.503772003352892,0.496227996647108,1193,0.133913043478261,0.866086956521739,1150,0.274223034734918,0.725776965265082,547,0.658291457286432,0.341708542713568,199,0.296006944444444,0.703993055555556,1152,0.165275459098498,0.834724540901503,1198,0.685882352941177,0.314117647058824,850,0.283991228070175,0.716008771929825,912,0.775337837837838,0.224662162162162,1184,0.400869565217391,0.599130434782609,1150,0.278151260504202,0.721848739495798,1190,0.686192468619247,0.313807531380753,1195,0.583184257602862,0.416815742397138,1118,0.723605150214592,0.276394849785408,1165,0.496910856134157,0.503089143865843,1133
61306,0.284530386740332,0.715469613259669,362,0.0714285714285714,0.928571428571429,350,0.261146496815287,0.738853503184713,157,0.485714285714286,0.514285714285714,35,0.363888888888889,0.636111111111111,360,0.182561307901907,0.817438692098093,367,0.691964285714286,0.308035714285714,224,0.0957854406130268,0.904214559386973,261,0.741847826086957,0.258152173913043,368,0.530555555555556,0.469444444444445,360,0.275401069518717,0.724598930481283,374,0.752021563342318,0.247978436657682,371,0.473537604456825,0.526462395543176,359,0.679775280898876,0.320224719101124,356,0.544910179640719,0.455089820359281,334
61307,0.640434192672999,0.359565807327001,737,0.224550898203593,0.775449101796407,668,0.367491166077739,0.632508833922262,283,0.534246575342466,0.465753424657534,146,0.238235294117647,0.761764705882353,680,0.156808803301238,0.843191196698762,727,0.569105691056911,0.430894308943089,492,0.30078125,0.69921875,512,0.773426573426573,0.226573426573427,715,0.391061452513966,0.608938547486034,716,0.240320427236315,0.759679572763685,749,0.724932249322493,0.275067750677507,738,0.561959654178674,0.438040345821326,694,0.77376171352075,0.22623828647925,747,0.440277777777778,0.559722222222222,720
61308,0.312204351939451,0.687795648060549,1057,0.076171875,0.923828125,1024,0.289795918367347,0.710204081632653,490,0.574257425742574,0.425742574257426,101,0.260098522167488,0.739901477832512,1015,0.25024154589372,0.74975845410628,1035,0.68167701863354,0.31832298136646,644,0.152974504249292,0.847025495750708,706,0.742120343839542,0.257879656160458,1047,0.416749750747757,0.583250249252243,1003,0.184336198662846,0.815663801337154,1047,0.681860465116279,0.318139534883721,1075,0.553319919517103,0.446680080482897,994,0.684584178498986,0.315415821501014,986,0.473398479913138,0.526601520086862,921
61309,0.476060191518468,0.523939808481532,731,0.0968660968660969,0.903133903133903,702,0.23728813559322,0.76271186440678,295,0.616822429906542,0.383177570093458,107,0.321022727272727,0.678977272727273,704,0.146005509641873,0.853994490358127,726,0.636986301369863,0.363013698630137,438,0.247600767754319,0.752399232245681,521,0.746612466124661,0.253387533875339,738,0.33758865248227,0.662411347517731,705,0.27359781121751,0.72640218878249,731,0.709720372836218,0.290279627163782,751,0.522760646108664,0.477239353891336,681,0.685796269727403,0.314203730272597,697,0.430906389301635,0.569093610698366,673
61312,0.442244224422442,0.557755775577558,303,0.188811188811189,0.811188811188811,286,0.412280701754386,0.587719298245614,114,0.41025641025641,0.58974358974359,39,0.261484098939929,0.738515901060071,283,0.239057239057239,0.760942760942761,297,0.645161290322581,0.354838709677419,186,0.185,0.815,200,0.761744966442953,0.238255033557047,298,0.425170068027211,0.574829931972789,294,0.211038961038961,0.788961038961039,308,0.69281045751634,0.30718954248366,306,0.556737588652482,0.443262411347518,282,0.812925170068027,0.187074829931973,294,0.551470588235294,0.448529411764706,272
61313,0.333333333333333,0.666666666666667,39,0.0857142857142857,0.914285714285714,35,0.470588235294118,0.529411764705882,17,0.5,0.5,4,0.102564102564103,0.897435897435897,39,0.153846153846154,0.846153846153846,39,0.695652173913044,0.304347826086957,23,0.181818181818182,0.818181818181818,22,0.769230769230769,0.230769230769231,39,0.615384615384615,0.384615384615385,39,0.205128205128205,0.794871794871795,39,0.783783783783784,0.216216216216216,37,0.526315789473684,0.473684210526316,38,0.648648648648649,0.351351351351351,37,0.558823529411765,0.441176470588235,34
61314,0.51963746223565,0.48036253776435,662,0.179054054054054,0.820945945945946,592,0.429951690821256,0.570048309178744,207,0.447619047619048,0.552380952380952,105,0.26158940397351,0.73841059602649,604,0.193893129770992,0.806106870229008,655,0.619834710743802,0.380165289256198,363,0.230769230769231,0.769230769230769,390,0.722306525037936,0.277693474962064,659,0.404354587869362,0.595645412130638,643,0.267647058823529,0.732352941176471,680,0.701357466063348,0.298642533936652,663,0.524256651017215,0.475743348982786,639,0.833841463414634,0.166158536585366,656,0.530578512396694,0.469421487603306,605
61315,0.680684248039914,0.319315751960086,1403,0.21152192605331,0.78847807394669,1163,0.41025641025641,0.58974358974359,312,0.28125,0.71875,224,0.225941422594142,0.774058577405858,1195,0.127825409197194,0.872174590802806,1283,0.506224066390042,0.493775933609959,723,0.281379310344828,0.718620689655173,725,0.818383988139363,0.181616011860638,1349,0.413092550790068,0.586907449209932,1329,0.314932767162067,0.685067232837934,1413,0.722060957910015,0.277939042089986,1378,0.429693076374019,0.570306923625982,1401,0.805157593123209,0.194842406876791,1396,0.429014740108611,0.570985259891389,1289
61316,0.548660084626234,0.451339915373766,1418,0.145161290322581,0.854838709677419,1364,0.505773672055427,0.494226327944573,433,0.36864406779661,0.63135593220339,236,0.268098647573588,0.731901352426412,1257,0.171326164874552,0.828673835125448,1395,0.5633608815427,0.4366391184573,726,0.270676691729323,0.729323308270677,798,0.761770906535488,0.238229093464512,1423,0.346619217081851,0.653380782918149,1405,0.306639288158795,0.693360711841205,1461,0.708104395604396,0.291895604395604,1456,0.48705035971223,0.51294964028777,1390,0.823733518390007,0.176266481609993,1441,0.461309523809524,0.538690476190476,1344
61401,0.458070770722249,0.541929229277751,2063,0.10930350788002,0.89069649211998,1967,0.223489167616876,0.776510832383124,877,0.730496453900709,0.269503546099291,282,0.278545826932924,0.721454173067076,1953,0.195254572417202,0.804745427582798,2023,0.707336523125997,0.292663476874003,1254,0.271105010295127,0.728894989704873,1457,0.782478845196615,0.217521154803385,2009,0.361885453623923,0.638114546376077,1973,0.22534516765286,0.77465483234714,2028,0.671020803096275,0.328979196903725,2067,0.596113445378151,0.403886554621849,1904,0.696189495365602,0.303810504634398,1942,0.445220193340494,0.554779806659506,1862
61402,0.411822660098522,0.588177339901478,1015,0.108941418293936,0.891058581706064,973,0.219665271966527,0.780334728033473,478,0.673076923076923,0.326923076923077,156,0.331668331668332,0.668331668331668,1001,0.167318982387476,0.832681017612524,1022,0.675675675675676,0.324324324324324,703,0.20795892169448,0.79204107830552,779,0.750245821042281,0.249754178957719,1017,0.457831325301205,0.542168674698795,996,0.239109390125847,0.760890609874153,1033,0.735521235521236,0.264478764478765,1036,0.533609100310238,0.466390899689762,967,0.689759036144578,0.310240963855422,996,0.471134020618557,0.528865979381443,970
61403,0.458575906851769,0.541424093148231,2233,0.111007462686567,0.888992537313433,2144,0.234913793103448,0.765086206896552,928,0.745980707395498,0.254019292604502,311,0.2981220657277,0.701877934272301,2130,0.174726277372263,0.825273722627737,2192,0.706605222734255,0.293394777265745,1302,0.259353202282816,0.740646797717185,1577,0.759781619654231,0.240218380345769,2198,0.373533552322853,0.626466447677147,2131,0.237303370786517,0.762696629213483,2225,0.695787139689579,0.304212860310421,2255,0.567064439140812,0.432935560859189,2095,0.715219421101774,0.284780578898226,2142,0.428922774225283,0.571077225774717,2033
61404,0.491060786650775,0.508939213349225,839,0.187104930467762,0.812895069532238,791,0.408163265306122,0.591836734693878,343,0.534722222222222,0.465277777777778,144,0.254108723135272,0.745891276864728,791,0.222357229647631,0.777642770352369,823,0.637964774951076,0.362035225048924,511,0.203155818540434,0.796844181459566,507,0.747899159663866,0.252100840336134,833,0.43050430504305,0.56949569495695,813,0.235849056603774,0.764150943396226,848,0.703218116805721,0.296781883194279,839,0.542963885429639,0.457036114570361,803,0.765567765567766,0.234432234432234,819,0.48064085447263,0.51935914552737,749
61405,0.388059701492537,0.611940298507463,603,0.0916955017301038,0.908304498269896,578,0.193548387096774,0.806451612903226,279,0.603174603174603,0.396825396825397,63,0.267379679144385,0.732620320855615,561,0.214659685863874,0.785340314136126,573,0.714285714285714,0.285714285714286,350,0.191646191646192,0.808353808353808,407,0.721649484536083,0.278350515463918,582,0.333919156414763,0.666080843585237,569,0.240143369175627,0.759856630824373,558,0.717863105175292,0.282136894824708,599,0.538759689922481,0.461240310077519,516,0.569642857142857,0.430357142857143,560,0.370642201834862,0.629357798165138,545
61406,0.420978363123236,0.579021636876764,2126,0.0790766208251474,0.920923379174853,2036,0.181818181818182,0.818181818181818,825,0.703703703703704,0.296296296296296,297,0.30722587165235,0.69277412834765,1979,0.170303605313093,0.829696394686907,2108,0.715317919075145,0.284682080924855,1384,0.244821092278719,0.755178907721281,1593,0.77001953125,0.22998046875,2048,0.382168674698795,0.617831325301205,2075,0.281929990539262,0.718070009460738,2114,0.710782045349375,0.289217954650625,2161,0.60352644836272,0.39647355163728,1985,0.643787575150301,0.356212424849699,1996,0.405096203848154,0.594903796151846,1923
61407,0.461212976022567,0.538787023977433,709,0.164948453608247,0.835051546391753,679,0.283870967741936,0.716129032258065,310,0.632183908045977,0.367816091954023,87,0.331877729257642,0.668122270742358,687,0.192753623188406,0.807246376811594,690,0.652173913043478,0.347826086956522,460,0.217391304347826,0.782608695652174,506,0.787446504992867,0.212553495007133,701,0.411589895988113,0.588410104011887,673,0.203147353361946,0.796852646638054,699,0.652112676056338,0.347887323943662,710,0.539940828402367,0.460059171597633,676,0.73919523099851,0.26080476900149,671,0.505443234836703,0.494556765163297,643
70101,0.393939393939394,0.606060606060606,198,0.0785340314136126,0.921465968586387,191,0.169491525423729,0.830508474576271,118,0.736842105263158,0.263157894736842,19,0.335078534031414,0.664921465968586,191,0.0909090909090909,0.909090909090909,198,0.654929577464789,0.345070422535211,142,0.251533742331288,0.748466257668712,163,0.691919191919192,0.308080808080808,198,0.432291666666667,0.567708333333333,192,0.321428571428571,0.678571428571429,196,0.746192893401015,0.253807106598985,197,0.591954022988506,0.408045977011494,174,0.561224489795918,0.438775510204082,196,0.38659793814433,0.61340206185567,194
70103,0.25,0.75,24,0.0416666666666667,0.958333333333333,24,0.0714285714285714,0.928571428571429,14,0.5,0.5,4,0.2,0.8,25,0.0384615384615385,0.961538461538461,26,0.75,0.25,20,0.285714285714286,0.714285714285714,21,0.807692307692308,0.192307692307692,26,0.5,0.5,24,0.269230769230769,0.730769230769231,26,0.88,0.12,25,0.5,0.5,24,0.615384615384615,0.384615384615385,26,0.153846153846154,0.846153846153846,26
70104,0.25,0.75,4,0,1,4,0.25,0.75,4,0,1,1,0,1,6,0.166666666666667,0.833333333333333,6,0.833333333333333,0.166666666666667,6,0.4,0.6,5,0.666666666666667,0.333333333333333,6,0.666666666666667,0.333333333333333,6,0.166666666666667,0.833333333333333,6,0.833333333333333,0.166666666666667,6,0.2,0.8,5,0.5,0.5,6,0.166666666666667,0.833333333333333,6
70105,0.222222222222222,0.777777777777778,396,0.0289473684210526,0.971052631578947,380,0.109195402298851,0.890804597701149,174,0.7,0.3,30,0.375328083989501,0.624671916010499,381,0.10230179028133,0.89769820971867,391,0.680769230769231,0.319230769230769,260,0.176848874598071,0.823151125401929,311,0.681347150259067,0.318652849740933,386,0.492227979274611,0.507772020725389,386,0.363874345549738,0.636125654450262,382,0.754257907542579,0.245742092457421,411,0.533950617283951,0.466049382716049,324,0.455525606469003,0.544474393530997,371,0.337874659400545,0.662125340599455,367
70106,0.521767381416504,0.478232618583496,1539,0.0980653769179453,0.901934623082055,1499,0.190705128205128,0.809294871794872,624,0.653333333333333,0.346666666666667,225,0.312409812409812,0.687590187590188,1386,0.151839464882943,0.848160535117057,1495,0.662893081761006,0.337106918238994,795,0.336734693877551,0.663265306122449,980,0.753044654939107,0.246955345060893,1478,0.357092941998602,0.642907058001398,1431,0.327924273157539,0.672075726842461,1479,0.689048239895698,0.310951760104302,1534,0.474576271186441,0.525423728813559,1416,0.704436860068259,0.295563139931741,1465,0.415654520917679,0.584345479082321,1482
70107,0.716049382716049,0.283950617283951,81,0.36,0.64,75,0.454545454545455,0.545454545454545,33,0.357142857142857,0.642857142857143,28,0.140845070422535,0.859154929577465,71,0.135802469135802,0.864197530864198,81,0.5625,0.4375,48,0.389830508474576,0.610169491525424,59,0.701298701298701,0.298701298701299,77,0.233766233766234,0.766233766233766,77,0.333333333333333,0.666666666666667,78,0.666666666666667,0.333333333333333,75,0.535211267605634,0.464788732394366,71,0.844155844155844,0.155844155844156,77,0.302631578947368,0.697368421052632,76
70108,0.368421052631579,0.631578947368421,209,0.068421052631579,0.931578947368421,190,0.175257731958763,0.824742268041237,97,0.75,0.25,28,0.423469387755102,0.576530612244898,196,0.102325581395349,0.897674418604651,215,0.638655462184874,0.361344537815126,119,0.17816091954023,0.82183908045977,174,0.723300970873786,0.276699029126214,206,0.480769230769231,0.519230769230769,208,0.393364928909953,0.606635071090047,211,0.791855203619909,0.208144796380091,221,0.47029702970297,0.52970297029703,202,0.581730769230769,0.418269230769231,208,0.274038461538462,0.725961538461538,208
70109,0.375661375661376,0.624338624338624,189,0.114754098360656,0.885245901639344,183,0.252252252252252,0.747747747747748,111,0.8,0.2,25,0.300546448087432,0.699453551912568,183,0.125,0.875,192,0.5859375,0.4140625,128,0.276315789473684,0.723684210526316,152,0.645161290322581,0.354838709677419,186,0.380681818181818,0.619318181818182,176,0.225130890052356,0.774869109947644,191,0.798941798941799,0.201058201058201,189,0.612359550561798,0.387640449438202,178,0.562162162162162,0.437837837837838,185,0.306878306878307,0.693121693121693,189
70110,0.268041237113402,0.731958762886598,97,0,1,94,0.121951219512195,0.878048780487805,41,0.636363636363636,0.363636363636364,11,0.378947368421053,0.621052631578947,95,0.0927835051546392,0.907216494845361,97,0.766666666666667,0.233333333333333,60,0.189189189189189,0.810810810810811,74,0.739583333333333,0.260416666666667,96,0.447916666666667,0.552083333333333,96,0.424242424242424,0.575757575757576,99,0.722772277227723,0.277227722772277,101,0.477777777777778,0.522222222222222,90,0.515463917525773,0.484536082474227,97,0.458333333333333,0.541666666666667,96
70111,0.68,0.32,25,0.12,0.88,25,0.466666666666667,0.533333333333333,15,0.428571428571429,0.571428571428571,7,0.166666666666667,0.833333333333333,24,0.16,0.84,25,0.764705882352941,0.235294117647059,17,0.363636363636364,0.636363636363636,22,0.8,0.2,25,0.32,0.68,25,0.08,0.92,25,0.76,0.24,25,0.666666666666667,0.333333333333333,24,0.8,0.2,25,0.52,0.48,25
70112,0.205357142857143,0.794642857142857,224,0.0130434782608696,0.98695652173913,230,0.168141592920354,0.831858407079646,113,0.818181818181818,0.181818181818182,11,0.40948275862069,0.59051724137931,232,0.164609053497942,0.835390946502058,243,0.8,0.2,140,0.162303664921466,0.837696335078534,191,0.698275862068966,0.301724137931035,232,0.484162895927602,0.515837104072398,221,0.363636363636364,0.636363636363636,231,0.781746031746032,0.218253968253968,252,0.554502369668246,0.445497630331754,211,0.464285714285714,0.535714285714286,224,0.314410480349345,0.685589519650655,229
70113,0.474040632054176,0.525959367945824,443,0.102564102564103,0.897435897435897,429,0.143497757847534,0.856502242152466,223,0.67741935483871,0.32258064516129,62,0.338672768878719,0.661327231121281,437,0.0997782705099778,0.900221729490022,451,0.635782747603834,0.364217252396166,313,0.270491803278689,0.729508196721312,366,0.734831460674157,0.265168539325843,445,0.445754716981132,0.554245283018868,424,0.322727272727273,0.677272727272727,440,0.700218818380744,0.299781181619256,457,0.550239234449761,0.449760765550239,418,0.63963963963964,0.36036036036036,444,0.397752808988764,0.602247191011236,445
70114,0.424460431654676,0.575539568345324,139,0.0984848484848485,0.901515151515152,132,0.118421052631579,0.881578947368421,76,0.941176470588235,0.0588235294117647,17,0.258992805755396,0.741007194244604,139,0.0985915492957746,0.901408450704225,142,0.727272727272727,0.272727272727273,88,0.285714285714286,0.714285714285714,119,0.725352112676056,0.274647887323944,142,0.476923076923077,0.523076923076923,130,0.314685314685315,0.685314685314685,143,0.701388888888889,0.298611111111111,144,0.6328125,0.3671875,128,0.664179104477612,0.335820895522388,134,0.396946564885496,0.603053435114504,131
70115,0.321428571428571,0.678571428571429,56,0.0384615384615385,0.961538461538461,52,0.266666666666667,0.733333333333333,30,0.571428571428571,0.428571428571429,7,0.314814814814815,0.685185185185185,54,0.0862068965517242,0.913793103448276,58,0.743589743589744,0.256410256410256,39,0.159090909090909,0.840909090909091,44,0.637931034482759,0.362068965517241,58,0.509433962264151,0.490566037735849,53,0.245614035087719,0.754385964912281,57,0.754385964912281,0.245614035087719,57,0.547169811320755,0.452830188679245,53,0.631578947368421,0.368421052631579,57,0.368421052631579,0.631578947368421,57
70116,0.393162393162393,0.606837606837607,117,0.1,0.9,100,0.205128205128205,0.794871794871795,39,0.625,0.375,8,0.34375,0.65625,96,0.0789473684210526,0.921052631578947,114,0.64406779661017,0.355932203389831,59,0.2,0.8,85,0.654867256637168,0.345132743362832,113,0.412844036697248,0.587155963302752,109,0.290598290598291,0.70940170940171,117,0.766666666666667,0.233333333333333,120,0.509259259259259,0.490740740740741,108,0.646017699115044,0.353982300884956,113,0.371681415929204,0.628318584070796,113
70117,1,0,3,0,1,3,,,0,1,0,1,0,1,3,0,1,3,1,0,1,1,0,3,1,0,3,0,1,3,0,1,3,0.333333333333333,0.666666666666667,3,1,0,3,1,0,3,0,1,3
70201,0.275862068965517,0.724137931034483,116,0.0357142857142857,0.964285714285714,112,0.142857142857143,0.857142857142857,49,0.333333333333333,0.666666666666667,6,0.339622641509434,0.660377358490566,106,0.151260504201681,0.848739495798319,119,0.793650793650794,0.206349206349206,63,0.216867469879518,0.783132530120482,83,0.666666666666667,0.333333333333333,117,0.468468468468469,0.531531531531532,111,0.391304347826087,0.608695652173913,115,0.714285714285714,0.285714285714286,119,0.598039215686275,0.401960784313726,102,0.527777777777778,0.472222222222222,108,0.416666666666667,0.583333333333333,108
70202,0.547598253275109,0.452401746724891,1145,0.155913978494624,0.844086021505376,1116,0.231517509727627,0.768482490272374,514,0.4739336492891,0.526066350710901,211,0.285986653956149,0.714013346043851,1049,0.155141843971631,0.844858156028369,1128,0.611664295874822,0.388335704125178,703,0.296954314720812,0.703045685279188,788,0.759821428571429,0.240178571428571,1120,0.371323529411765,0.628676470588235,1088,0.303460514640639,0.696539485359361,1127,0.702797202797203,0.297202797202797,1144,0.506114769520226,0.493885230479774,1063,0.721575649059982,0.278424350940018,1117,0.408719346049046,0.591280653950954,1101
70203,0.475903614457831,0.524096385542169,166,0.103896103896104,0.896103896103896,154,0.202380952380952,0.797619047619048,84,0.62962962962963,0.37037037037037,27,0.314814814814815,0.685185185185185,162,0.0958083832335329,0.904191616766467,167,0.626984126984127,0.373015873015873,126,0.237410071942446,0.762589928057554,139,0.744047619047619,0.255952380952381,168,0.509433962264151,0.490566037735849,159,0.313609467455621,0.686390532544379,169,0.732142857142857,0.267857142857143,168,0.583892617449665,0.416107382550336,149,0.621951219512195,0.378048780487805,164,0.422360248447205,0.577639751552795,161
70204,0,1,2,0,1,1,0,1,1,,,0,0.333333333333333,0.666666666666667,3,0,1,2,,,0,0,1,2,1,0,3,0,1,1,0.333333333333333,0.666666666666667,3,0.666666666666667,0.333333333333333,3,0.666666666666667,0.333333333333333,3,0.666666666666667,0.333333333333333,3,0,1,1
70701,0.60377358490566,0.39622641509434,106,0.118811881188119,0.881188118811881,101,0.142857142857143,0.857142857142857,35,0.333333333333333,0.666666666666667,33,0.173333333333333,0.826666666666667,75,0.141414141414141,0.858585858585859,99,0.5,0.5,54,0.475409836065574,0.524590163934426,61,0.789473684210526,0.210526315789474,95,0.15,0.85,100,0.361904761904762,0.638095238095238,105,0.685714285714286,0.314285714285714,105,0.564356435643564,0.435643564356436,101,0.851485148514852,0.148514851485149,101,0.35,0.65,100
70702,0.606951871657754,0.393048128342246,374,0.247863247863248,0.752136752136752,351,0.274193548387097,0.725806451612903,186,0.528735632183908,0.471264367816092,87,0.28448275862069,0.71551724137931,348,0.133689839572193,0.866310160427808,374,0.603846153846154,0.396153846153846,260,0.307692307692308,0.692307692307692,286,0.748663101604278,0.251336898395722,374,0.400552486187845,0.599447513812155,362,0.23936170212766,0.76063829787234,376,0.738544474393531,0.261455525606469,371,0.533527696793003,0.466472303206997,343,0.784,0.216,375,0.432065217391304,0.567934782608696,368
70703,0.714285714285714,0.285714285714286,7,0,1,7,0.25,0.75,4,0,1,2,0.166666666666667,0.833333333333333,6,0.142857142857143,0.857142857142857,7,0.8,0.2,5,0.25,0.75,4,1,0,7,0.714285714285714,0.285714285714286,7,0.142857142857143,0.857142857142857,7,0.714285714285714,0.285714285714286,7,0.571428571428571,0.428571428571429,7,0.857142857142857,0.142857142857143,7,0.714285714285714,0.285714285714286,7
80101,0.480008118530546,0.519991881469454,4927,0.0856548856548857,0.914345114345114,4810,0.520216756982076,0.479783243017924,2399,0.575027382256298,0.424972617743702,913,0.284407665505227,0.715592334494774,4592,0.165231652316523,0.834768347683477,4878,0.41287155713117,0.58712844286883,3667,0.151884057971014,0.848115942028986,3450,0.720129607128392,0.279870392871608,4938,0.368330833511892,0.631669166488108,4667,0.277036733018674,0.722963266981326,4873,0.733279121772718,0.266720878227282,4919,0.605977108944468,0.394022891055532,4718,0.68780487804878,0.31219512195122,4920,0.418690819267188,0.581309180732812,4858
80102,0.502413793103448,0.497586206896552,5800,0.0834368897567904,0.91656311024321,5633,0.50144210960033,0.49855789039967,2427,0.55985598559856,0.44014401440144,1111,0.292433537832311,0.707566462167689,5379,0.178571428571429,0.821428571428571,5712,0.470369509644434,0.529630490355566,4303,0.172747580044676,0.827252419955324,4029,0.743259488236304,0.256740511763696,5823,0.358514492753623,0.641485507246377,5520,0.279393833826859,0.720606166173141,5741,0.702977112373086,0.297022887626915,5811,0.589578872234119,0.410421127765882,5604,0.729627071823204,0.270372928176796,5792,0.452397619880994,0.547602380119006,5714
80401,0.877736252002136,0.122263747997864,1873,0.175487465181059,0.824512534818942,1795,0.672060409924488,0.327939590075512,927,0.238789237668161,0.761210762331839,892,0.24041095890411,0.75958904109589,1460,0.170108695652174,0.829891304347826,1840,0.458964143426295,0.541035856573705,1255,0.377435897435897,0.622564102564103,975,0.85169263836647,0.14830736163353,1861,0.304639463387367,0.695360536612633,1789,0.322944653412144,0.677055346587856,1861,0.633779264214047,0.366220735785953,1794,0.592794759825328,0.407205240174673,1832,0.924111948331539,0.0758880516684607,1858,0.501085776330076,0.498914223669924,1842
80402,0.790786948176583,0.209213051823417,6252,0.212321792260692,0.787678207739308,5892,0.70192994996426,0.29807005003574,2798,0.318958502847844,0.681041497152156,2458,0.198716702313825,0.801283297686175,5143,0.145494210437993,0.854505789562007,5959,0.421719681908549,0.578280318091451,4024,0.405801721389863,0.594198278610137,3137,0.827658544456995,0.172341455543005,6197,0.326677852348993,0.673322147651007,5960,0.308405241291147,0.691594758708853,6258,0.675698000991244,0.324301999008756,6053,0.611851851851852,0.388148148148148,6075,0.859983961507618,0.140016038492382,6235,0.447202966306626,0.552797033693374,6203
80403,0.810210876803552,0.189789123196448,901,0.356818181818182,0.643181818181818,880,0.514150943396226,0.485849056603774,424,0.317961165048544,0.682038834951456,412,0.240932642487047,0.759067357512953,772,0.151111111111111,0.848888888888889,900,0.488486842105263,0.511513157894737,608,0.423698384201077,0.576301615798923,557,0.8046875,0.1953125,896,0.296590909090909,0.703409090909091,880,0.248329621380846,0.751670378619154,898,0.67545871559633,0.32454128440367,872,0.587830080367394,0.412169919632606,871,0.891861761426979,0.108138238573021,897,0.464406779661017,0.535593220338983,885
80404,0.875536480686695,0.124463519313305,2330,0.255162918770078,0.744837081229922,2179,0.717842323651452,0.282157676348548,964,0.216783216783217,0.783216783216783,1001,0.268052516411379,0.731947483588622,1828,0.176882661996497,0.823117338003503,2284,0.464876033057851,0.535123966942149,1452,0.377524143985953,0.622475856014047,1139,0.839930404523706,0.160069595476294,2299,0.32780269058296,0.67219730941704,2230,0.288975021533161,0.711024978466839,2322,0.647319450598139,0.352680549401861,2257,0.582003546099291,0.417996453900709,2256,0.928198433420366,0.0718015665796345,2298,0.507880910683012,0.492119089316988,2284
80405,0.799831555306008,0.200168444693992,3562,0.200813716942749,0.799186283057251,3441,0.73471557682084,0.26528442317916,1881,0.276167947959787,0.723832052040213,1691,0.201424211597152,0.798575788402848,2949,0.150347624565469,0.849652375434531,3452,0.379991412623444,0.620008587376557,2329,0.367945823927765,0.632054176072235,1772,0.823828345567476,0.176171654432524,3542,0.307849430989203,0.692150569010797,3427,0.324704558244232,0.675295441755768,3554,0.661995996568487,0.338004003431513,3497,0.590790616854909,0.409209383145091,3453,0.864072194021433,0.135927805978567,3546,0.411831304840079,0.588168695159921,3533
80406,0.826130402198351,0.173869597801649,4003,0.204497354497355,0.795502645502646,3780,0.608851674641148,0.391148325358852,1672,0.303355704697987,0.696644295302014,1490,0.224028043339707,0.775971956660293,3138,0.150231124807396,0.849768875192604,3894,0.477514309076043,0.522485690923958,2446,0.411849020544673,0.588150979455327,2093,0.82943143812709,0.17056856187291,3887,0.294687254645381,0.705312745354619,3821,0.312736443883985,0.687263556116015,3965,0.654871930287827,0.345128069712173,3787,0.584837545126354,0.415162454873646,3878,0.918280110636158,0.0817198893638421,3977,0.476409079316501,0.523590920683499,3921
80407,0.752136752136752,0.247863247863248,351,0.198675496688742,0.801324503311258,302,0.734375,0.265625,128,0.221153846153846,0.778846153846154,104,0.213523131672598,0.786476868327402,281,0.258160237388724,0.741839762611276,337,0.403587443946188,0.596412556053812,223,0.325842696629214,0.674157303370787,178,0.818181818181818,0.181818181818182,352,0.288235294117647,0.711764705882353,340,0.252124645892351,0.747875354107649,353,0.624277456647399,0.375722543352601,346,0.644508670520231,0.355491329479769,346,0.892351274787535,0.107648725212465,353,0.536516853932584,0.463483146067416,356
80408,0.848097589311647,0.151902410688353,3443,0.162091503267974,0.837908496732026,3060,0.742565845369584,0.257434154630416,1177,0.302422723475355,0.697577276524645,1197,0.23036253776435,0.76963746223565,2648,0.188809096349491,0.811190903650509,3342,0.451356407857811,0.548643592142189,2138,0.360048573163327,0.639951426836673,1647,0.840503365525315,0.159496634474685,3417,0.293940307506783,0.706059692493217,3317,0.297484822202949,0.702515177797051,3459,0.664489311163896,0.335510688836105,3368,0.60117994100295,0.39882005899705,3390,0.922537269804151,0.0774627301958492,3421,0.496065287088312,0.503934712911688,3431
80409,0.772638071208298,0.227361928791702,3567,0.187878787878788,0.812121212121212,3465,0.683333333333333,0.316666666666667,1860,0.296035805626599,0.703964194373402,1564,0.181574539363484,0.818425460636516,2985,0.143808658795035,0.856191341204965,3303,0.366984402079723,0.633015597920277,2308,0.378220140515222,0.621779859484778,1708,0.847429053104805,0.152570946895195,3559,0.322093023255814,0.677906976744186,3440,0.33012729844413,0.66987270155587,3535,0.660039761431412,0.339960238568589,3521,0.59683908045977,0.40316091954023,3480,0.830985915492958,0.169014084507042,3550,0.405895691609977,0.594104308390023,3528
80410,0.761029411764706,0.238970588235294,544,0.21501014198783,0.78498985801217,493,0.784090909090909,0.215909090909091,176,0.211640211640212,0.788359788359788,189,0.228991596638655,0.771008403361345,476,0.218181818181818,0.781818181818182,550,0.483783783783784,0.516216216216216,370,0.304918032786885,0.695081967213115,305,0.888888888888889,0.111111111111111,558,0.358070500927644,0.641929499072356,539,0.240350877192982,0.759649122807018,570,0.597096188747731,0.402903811252269,551,0.603978300180832,0.396021699819168,553,0.893048128342246,0.106951871657754,561,0.526978417266187,0.473021582733813,556
80411,0.707436768591922,0.292563231408078,2649,0.152233009708738,0.847766990291262,2575,0.841793570219966,0.158206429780034,1182,0.447242206235012,0.552757793764988,834,0.267461669505963,0.732538330494038,2348,0.230916762562332,0.769083237437668,2607,0.404255319148936,0.595744680851064,2115,0.256844850065189,0.743155149934811,1534,0.775849056603774,0.224150943396226,2650,0.327450980392157,0.672549019607843,2550,0.263972809667674,0.736027190332326,2648,0.694211728865194,0.305788271134806,2626,0.638314475224347,0.361685524775654,2563,0.820697498104625,0.179302501895375,2638,0.437405159332322,0.562594840667678,2636
80412,0.80971880971881,0.19028119028119,3663,0.204356549154486,0.795643450845514,3489,0.73989898989899,0.26010101010101,1980,0.303655660377359,0.696344339622642,1696,0.221506105834464,0.778493894165536,2948,0.165680473372781,0.834319526627219,3549,0.396468699839486,0.603531300160514,2492,0.366842105263158,0.633157894736842,1900,0.80521978021978,0.19478021978022,3640,0.326988636363636,0.673011363636364,3520,0.283765347885403,0.716234652114598,3665,0.70643992194034,0.29356007805966,3587,0.632865168539326,0.367134831460674,3560,0.875822368421053,0.124177631578947,3648,0.448028673835125,0.551971326164875,3627
80413,0.767905711695376,0.232094288304624,2206,0.187323943661972,0.812676056338028,2130,0.781144781144781,0.218855218855219,891,0.535499398315283,0.464500601684717,831,0.243271221532091,0.756728778467909,1932,0.192926045016077,0.807073954983923,2177,0.396368190356919,0.603631809643081,1597,0.347089167280766,0.652910832719234,1357,0.749321266968326,0.250678733031674,2210,0.314030131826742,0.685969868173258,2124,0.272933696639419,0.727066303360581,2202,0.723866790009251,0.276133209990749,2162,0.658763365876337,0.341236634123663,2151,0.842153284671533,0.157846715328467,2192,0.425125170687301,0.574874829312699,2197
80414,0.792929292929293,0.207070707070707,792,0.0971867007672634,0.902813299232737,782,0.848214285714286,0.151785714285714,336,0.524916943521595,0.475083056478405,301,0.247800586510264,0.752199413489736,682,0.228092783505155,0.771907216494845,776,0.317589576547231,0.682410423452769,614,0.296703296703297,0.703296703296703,455,0.769620253164557,0.230379746835443,790,0.283524904214559,0.716475095785441,783,0.308564231738035,0.691435768261965,794,0.72299872935197,0.277001270648031,787,0.658823529411765,0.341176470588235,765,0.859315589353612,0.140684410646388,789,0.460759493670886,0.539240506329114,790
80415,0.564179854307963,0.435820145692037,3981,0.138394009811516,0.861605990188484,3873,0.628225381779884,0.371774618220116,1899,0.539761431411531,0.460238568588469,1006,0.281070745697897,0.718929254302103,3661,0.183782409761057,0.816217590238943,3934,0.407065037966326,0.592934962033675,3029,0.217374810318665,0.782625189681335,2636,0.740712851405623,0.259287148594378,3984,0.363421052631579,0.636578947368421,3800,0.262891809908999,0.737108190091001,3956,0.718227848101266,0.281772151898734,3950,0.613943808532778,0.386056191467222,3844,0.733383876674248,0.266616123325752,3957,0.410178117048346,0.589821882951654,3930
80416,0.861976847729297,0.138023152270703,2246,0.255097202465624,0.744902797534377,2109,0.732409381663113,0.267590618336887,938,0.265720081135903,0.734279918864097,986,0.23830985915493,0.761690140845071,1775,0.189850475758949,0.810149524241051,2207,0.464713715046605,0.535286284953395,1502,0.375868055555556,0.624131944444445,1152,0.834375,0.165625,2240,0.305644791188619,0.694355208811381,2179,0.284577993813522,0.715422006186478,2263,0.658569500674764,0.341430499325236,2223,0.612104539202201,0.387895460797799,2181,0.918834080717489,0.0811659192825112,2230,0.494144144144144,0.505855855855856,2220
80417,0.541807762438135,0.458192237561865,3839,0.10349426513737,0.89650573486263,3749,0.648959474260679,0.351040525739321,1826,0.525383707201889,0.474616292798111,847,0.288718385905087,0.711281614094913,3519,0.196989701610774,0.803010298389226,3787,0.384117246080436,0.615882753919564,2934,0.15952380952381,0.840476190476191,2520,0.733194372068786,0.266805627931214,3838,0.349493289509723,0.650506710490277,3651,0.276991614255765,0.723008385744235,3816,0.739028213166144,0.260971786833856,3828,0.627541339116292,0.372458660883708,3689,0.70897670766815,0.29102329233185,3821,0.415064524624704,0.584935475375296,3797
80418,0.872364039955605,0.127635960044395,1802,0.106812933025404,0.893187066974596,1732,0.685527747551687,0.314472252448313,919,0.272305909617613,0.727694090382387,863,0.262225372076541,0.737774627923459,1411,0.169510807736064,0.830489192263936,1758,0.465095986038394,0.534904013961606,1146,0.38962472406181,0.61037527593819,906,0.826450892857143,0.173549107142857,1792,0.313089622641509,0.686910377358491,1696,0.312570145903479,0.687429854096521,1782,0.672273781902552,0.327726218097448,1724,0.582480091012514,0.417519908987486,1758,0.919101123595506,0.0808988764044944,1780,0.526435474701535,0.473564525298465,1759
80419,0.857786116322702,0.142213883677298,2665,0.203430394894296,0.796569605105704,2507,0.77751756440281,0.22248243559719,1281,0.295543393275997,0.704456606724003,1279,0.219934487599438,0.780065512400562,2137,0.178066488345434,0.821933511654566,2617,0.418867924528302,0.581132075471698,1855,0.374216027874565,0.625783972125436,1435,0.808823529411765,0.191176470588235,2652,0.308498253783469,0.691501746216531,2577,0.268129416139829,0.731870583860171,2689,0.69517293804637,0.30482706195363,2631,0.626196859440827,0.373803140559173,2611,0.908816880180859,0.0911831198191409,2654,0.447080979284369,0.552919020715631,2655
80420,0.811827956989247,0.188172043010753,372,0.279279279279279,0.720720720720721,333,0.873563218390805,0.126436781609195,87,0.178571428571429,0.821428571428571,112,0.243421052631579,0.756578947368421,304,0.235135135135135,0.764864864864865,370,0.512820512820513,0.487179487179487,234,0.314285714285714,0.685714285714286,175,0.888,0.112,375,0.316666666666667,0.683333333333333,360,0.265625,0.734375,384,0.574468085106383,0.425531914893617,376,0.606469002695418,0.393530997304582,371,0.908136482939632,0.0918635170603675,381,0.531413612565445,0.468586387434555,382
80421,0.775137741046832,0.224862258953168,2904,0.218606296427308,0.781393703572692,2827,0.691296180338134,0.308703819661866,1597,0.277404921700224,0.722595078299776,1341,0.202233250620347,0.797766749379653,2418,0.155021834061135,0.844978165938865,2748,0.376446904881731,0.623553095118269,1987,0.37744767049291,0.62255232950709,1481,0.830123796423659,0.169876203576341,2908,0.326421165534501,0.673578834465499,2797,0.303460207612457,0.696539792387543,2890,0.686151704940849,0.313848295059151,2874,0.614594403117251,0.385405596882749,2823,0.837016574585636,0.162983425414365,2896,0.427974947807933,0.572025052192067,2874
80422,0.749230769230769,0.250769230769231,650,0.230031948881789,0.769968051118211,626,0.699421965317919,0.300578034682081,346,0.271428571428571,0.728571428571429,280,0.27689594356261,0.72310405643739,567,0.179407176287052,0.820592823712948,641,0.388308977035491,0.611691022964509,479,0.299748110831234,0.700251889168766,397,0.807751937984496,0.192248062015504,645,0.356230031948882,0.643769968051118,626,0.28416149068323,0.71583850931677,644,0.682242990654206,0.317757009345794,642,0.588141025641026,0.411858974358974,624,0.839258114374034,0.160741885625966,647,0.465732087227414,0.534267912772586,642
80423,0.793856103476152,0.206143896523848,1237,0.14214463840399,0.85785536159601,1203,0.756972111553785,0.243027888446215,502,0.561922365988909,0.438077634011091,541,0.236397748592871,0.76360225140713,1066,0.170891251022077,0.829108748977923,1223,0.369487485101311,0.630512514898689,839,0.413350449293967,0.586649550706033,779,0.748387096774194,0.251612903225806,1240,0.272350993377483,0.727649006622517,1208,0.249190938511327,0.750809061488673,1236,0.724279835390947,0.275720164609054,1215,0.695906432748538,0.304093567251462,1197,0.855166802278275,0.144833197721725,1229,0.408427876823339,0.591572123176661,1234
80424,0.667444574095683,0.332555425904317,2571,0.164997997597117,0.835002002402884,2497,0.823190789473684,0.176809210526316,1216,0.430769230769231,0.569230769230769,780,0.279029462738302,0.720970537261699,2308,0.22336227308603,0.77663772691397,2534,0.398522167487685,0.601477832512315,2030,0.237113402061856,0.762886597938144,1552,0.763516141579152,0.236483858420848,2571,0.331308221952207,0.668691778047793,2469,0.269636576787808,0.730363423212192,2559,0.704679512386945,0.295320487613055,2543,0.640032284100081,0.359967715899919,2478,0.789659224441833,0.210340775558167,2553,0.43171114599686,0.56828885400314,2548
80425,0.749688667496887,0.250311332503113,803,0.309090909090909,0.690909090909091,770,0.457865168539326,0.542134831460674,356,0.249180327868852,0.750819672131148,305,0.239705882352941,0.760294117647059,680,0.178616352201258,0.821383647798742,795,0.49113475177305,0.50886524822695,564,0.329059829059829,0.670940170940171,468,0.829299363057325,0.170700636942675,785,0.341935483870968,0.658064516129032,775,0.263420724094881,0.736579275905119,801,0.648477157360406,0.351522842639594,788,0.561290322580645,0.438709677419355,775,0.87125,0.12875,800,0.491048593350384,0.508951406649616,782
80426,0.785421412300683,0.214578587699317,2195,0.132739212007505,0.867260787992495,2132,0.80715935334873,0.19284064665127,866,0.517923362175525,0.482076637824475,809,0.243200836820084,0.756799163179916,1912,0.204651162790698,0.795348837209302,2150,0.375379017586416,0.624620982413584,1649,0.318506751389992,0.681493248610008,1259,0.763289413902772,0.236710586097229,2201,0.301780693533271,0.698219306466729,2134,0.279143897996357,0.720856102003643,2196,0.703874538745387,0.296125461254613,2168,0.639044943820225,0.360955056179775,2136,0.861213235294118,0.138786764705882,2176,0.448054919908467,0.551945080091533,2185
80427,0.72378640776699,0.27621359223301,2060,0.148580121703854,0.851419878296146,1972,0.697303921568627,0.302696078431373,816,0.622974963181149,0.377025036818851,679,0.244863964464187,0.755136035535814,1801,0.150416462518373,0.849583537481627,2041,0.383582089552239,0.616417910447761,1340,0.40377358490566,0.59622641509434,1325,0.743203883495146,0.256796116504854,2060,0.30005042864347,0.69994957135653,1983,0.268316351285784,0.731683648714216,2061,0.710891089108911,0.289108910891089,2020,0.65089641434263,0.349103585657371,2008,0.820909970958374,0.179090029041626,2066,0.38926499032882,0.61073500967118,2068
80428,0.750354107648725,0.249645892351275,2824,0.135825314581791,0.864174685418209,2702,0.734032411820782,0.265967588179218,1049,0.608826479438315,0.391173520561685,997,0.228847703464948,0.771152296535052,2482,0.15450643776824,0.84549356223176,2796,0.383137673425827,0.616862326574173,1874,0.406499429874572,0.593500570125428,1754,0.745306411618845,0.254693588381155,2823,0.287226277372263,0.712773722627737,2740,0.275387870239774,0.724612129760226,2836,0.707697893972404,0.292302106027596,2754,0.660014513788099,0.339985486211901,2756,0.844851904090268,0.155148095909732,2836,0.409171075837743,0.590828924162258,2835
80429,0.859094176851186,0.140905823148814,1391,0.161645848640705,0.838354151359295,1361,0.59697386519945,0.40302613480055,727,0.333333333333333,0.666666666666667,747,0.198779424585876,0.801220575414124,1147,0.129221732745962,0.870778267254038,1362,0.38654503990878,0.61345496009122,877,0.423658872077029,0.576341127922971,727,0.834537572254335,0.165462427745665,1384,0.273333333333333,0.726666666666667,1350,0.325991189427313,0.674008810572687,1362,0.631884057971015,0.368115942028986,1380,0.593423019431988,0.406576980568012,1338,0.902456647398844,0.0975433526011561,1384,0.427846265409717,0.572153734590283,1379
80430,0.696682464454976,0.303317535545024,1266,0.157212317666126,0.842787682333874,1234,0.823161189358373,0.176838810641628,639,0.501199040767386,0.498800959232614,417,0.254850088183422,0.745149911816579,1134,0.222760290556901,0.777239709443099,1239,0.385982230997039,0.614017769002961,1013,0.270375161707633,0.729624838292367,773,0.73449920508744,0.26550079491256,1258,0.326497128794094,0.673502871205907,1219,0.267460317460317,0.732539682539683,1260,0.706304868316042,0.293695131683959,1253,0.624172185430464,0.375827814569536,1208,0.832268370607029,0.167731629392971,1252,0.420463629096723,0.579536370903277,1251
80431,0.856967464702271,0.143032535297729,3258,0.216828478964401,0.783171521035599,3090,0.713600958657879,0.286399041342121,1669,0.278416347381865,0.721583652618135,1566,0.227237354085603,0.772762645914397,2570,0.163722397476341,0.836277602523659,3170,0.440717997165801,0.559282002834199,2117,0.403119376124775,0.596880623875225,1667,0.81587890021625,0.18412109978375,3237,0.310698270339526,0.689301729660474,3122,0.284749923289353,0.715250076710647,3259,0.685109073664243,0.314890926335757,3163,0.616304689959081,0.383695310040919,3177,0.902739304401354,0.0972606955986457,3249,0.467246196833282,0.532753803166718,3221
80432,0.851030927835052,0.148969072164948,1940,0.254777070063694,0.745222929936306,1884,0.679925994449584,0.320074005550416,1081,0.285571142284569,0.714428857715431,998,0.253196930946292,0.746803069053708,1564,0.183812010443864,0.816187989556136,1915,0.431801604668125,0.568198395331875,1371,0.393715341959335,0.606284658040666,1082,0.795430944963655,0.204569055036345,1926,0.325643776824034,0.674356223175966,1864,0.285343035343035,0.714656964656965,1924,0.681075382182393,0.318924617817607,1897,0.606627471940139,0.393372528059861,1871,0.896265560165975,0.103734439834025,1928,0.486330178759201,0.513669821240799,1902
80433,0.879690949227373,0.120309050772627,3624,0.19392523364486,0.80607476635514,3424,0.646732429099877,0.353267570900123,1622,0.286363636363636,0.713636363636364,1540,0.222616093583836,0.777383906416165,2821,0.154862282181001,0.845137717819,3558,0.46514745308311,0.53485254691689,2238,0.410284463894967,0.589715536105033,1828,0.846672283066554,0.153327716933446,3561,0.296658986175115,0.703341013824885,3472,0.30178671133445,0.69821328866555,3582,0.648759124087591,0.351240875912409,3425,0.596202890337206,0.403797109662794,3529,0.931034482758621,0.0689655172413793,3596,0.486017897091723,0.513982102908277,3576
80434,0.606070496083551,0.393929503916449,3064,0.109698996655518,0.890301003344482,2990,0.783333333333333,0.216666666666667,1380,0.518607442977191,0.481392557022809,833,0.284994602374955,0.715005397625045,2779,0.21132825438887,0.78867174561113,3019,0.39460370994941,0.60539629005059,2372,0.205789473684211,0.79421052631579,1900,0.74812642554578,0.25187357445422,3069,0.323449216087253,0.676550783912747,2934,0.270881100556829,0.729118899443171,3053,0.725928360170884,0.274071639829116,3043,0.643416127934672,0.356583872065328,2939,0.76299444262831,0.23700555737169,3059,0.433410062479448,0.566589937520552,3041
80435,0.882787750791975,0.117212249208025,947,0.125707814269536,0.874292185730464,883,0.706697459584296,0.293302540415704,433,0.251612903225806,0.748387096774194,465,0.284776902887139,0.715223097112861,762,0.159699892818864,0.840300107181136,933,0.452950558213716,0.547049441786284,627,0.412147505422993,0.587852494577007,461,0.861554845580405,0.138445154419595,939,0.338636363636364,0.661363636363636,880,0.3,0.7,940,0.628162816281628,0.371837183718372,909,0.571122994652407,0.428877005347594,935,0.942614240170032,0.0573857598299681,941,0.512903225806452,0.487096774193548,930
80436,0.816223559091791,0.183776440908209,5153,0.175468483816014,0.824531516183986,4696,0.741218319253001,0.258781680746999,2249,0.282431785543322,0.717568214456678,2089,0.185875429131927,0.814124570868073,4078,0.140788921527486,0.859211078472514,4766,0.376943881000676,0.623056118999324,2958,0.30402104472003,0.69597895527997,2661,0.839327599687256,0.160672400312744,5116,0.322755573408315,0.677244426591685,4979,0.350983064045163,0.649016935954838,5137,0.646885439182551,0.353114560817449,5089,0.584294234592445,0.415705765407555,5030,0.882387361029842,0.117612638970158,5127,0.367978077901742,0.632021922098258,5109
80437,0.5,0.5,2172,0.0771780303030303,0.92282196969697,2112,0.567039106145252,0.432960893854749,1074,0.593457943925234,0.406542056074766,428,0.27808564231738,0.72191435768262,1985,0.169855342977135,0.830144657022865,2143,0.396352583586626,0.603647416413374,1645,0.142370572207084,0.857629427792915,1468,0.716459197786999,0.283540802213001,2169,0.360233349538162,0.639766650461838,2057,0.291221551323734,0.708778448676266,2153,0.747349008759797,0.252650991240203,2169,0.600289296046287,0.399710703953713,2074,0.66991643454039,0.33008356545961,2154,0.404483886034563,0.595516113965437,2141
80438,0.733870967741936,0.266129032258065,372,0.0300546448087432,0.969945355191257,366,0.710059171597633,0.289940828402367,169,0.583892617449665,0.416107382550336,149,0.246006389776358,0.753993610223642,313,0.203804347826087,0.796195652173913,368,0.388059701492537,0.611940298507463,268,0.341991341991342,0.658008658008658,231,0.788770053475936,0.211229946524064,374,0.290858725761773,0.709141274238227,361,0.28686327077748,0.71313672922252,373,0.748633879781421,0.251366120218579,366,0.66120218579235,0.33879781420765,366,0.827868852459016,0.172131147540984,366,0.494565217391304,0.505434782608696,368
80439,0.73568281938326,0.26431718061674,1589,0.187823834196891,0.812176165803109,1544,0.713004484304933,0.286995515695067,669,0.536412078152753,0.463587921847247,563,0.247175141242938,0.752824858757062,1416,0.185161699429296,0.814838300570704,1577,0.406384814495255,0.593615185504746,1159,0.321713147410359,0.678286852589641,1004,0.739485247959824,0.260514752040176,1593,0.327676240208877,0.672323759791123,1532,0.266708701134931,0.733291298865069,1586,0.726167626359565,0.273832373640435,1563,0.654993514915694,0.345006485084306,1542,0.80669614655717,0.19330385344283,1583,0.407477820025349,0.592522179974652,1578
80440,0.732611311672684,0.267388688327317,4155,0.180080482897384,0.819919517102616,3976,0.656906429026098,0.343093570973902,1571,0.563725490196078,0.436274509803922,1428,0.236920574681486,0.763079425318515,3689,0.148848484848485,0.851151515151515,4125,0.436502177068215,0.563497822931785,2756,0.386725991842788,0.613274008157212,2697,0.746390760346487,0.253609239653513,4156,0.3125,0.6875,4016,0.270315487571702,0.729684512428298,4184,0.711901840490798,0.288098159509203,4075,0.636069651741294,0.363930348258706,4020,0.822881761608425,0.177118238391575,4178,0.417046818727491,0.582953181272509,4165
80441,0.733142037302726,0.266857962697274,2788,0.133358236832275,0.866641763167725,2677,0.72,0.28,1025,0.597236981934113,0.402763018065887,941,0.23838630806846,0.76161369193154,2454,0.155272727272727,0.844727272727273,2750,0.389694041867955,0.610305958132045,1863,0.3779437105112,0.6220562894888,1741,0.747307968413496,0.252692031586504,2786,0.297919762258544,0.702080237741456,2692,0.28923846978906,0.71076153021094,2797,0.704959883296864,0.295040116703136,2742,0.637067059690494,0.362932940309506,2714,0.828632631203142,0.171367368796858,2801,0.408068546947519,0.591931453052481,2801
80442,0.5,0.5,10,0,1,10,1,0,4,0.333333333333333,0.666666666666667,3,0.1,0.9,10,0,1,10,0.666666666666667,0.333333333333333,9,0.142857142857143,0.857142857142857,7,0.4,0.6,10,0.333333333333333,0.666666666666667,9,0.1,0.9,10,0.8,0.2,10,0.333333333333333,0.666666666666667,9,0.8,0.2,10,0.2,0.8,10
80443,0.84954280964256,0.15045719035744,1203,0.147833474936279,0.852166525063721,1177,0.838775510204082,0.161224489795918,490,0.5,0.5,548,0.2353515625,0.7646484375,1024,0.225340136054422,0.774659863945578,1176,0.361581920903955,0.638418079096045,885,0.346647646219686,0.653352353780314,701,0.760761589403974,0.239238410596027,1208,0.292268479184367,0.707731520815633,1177,0.271369294605809,0.728630705394191,1205,0.708053691275168,0.291946308724832,1192,0.659013605442177,0.340986394557823,1176,0.892887029288703,0.107112970711297,1195,0.458646616541353,0.541353383458647,1197
80444,0.896179401993356,0.103820598006645,1204,0.161512027491409,0.838487972508591,1164,0.789473684210526,0.210526315789474,627,0.38301043219076,0.61698956780924,671,0.200607902735562,0.799392097264438,987,0.193248945147679,0.806751054852321,1185,0.40139211136891,0.598607888631091,862,0.41,0.59,700,0.791354945968412,0.208645054031588,1203,0.275832621690863,0.724167378309137,1171,0.253521126760563,0.746478873239437,1207,0.698653198653199,0.301346801346801,1188,0.64535379369139,0.35464620630861,1173,0.920833333333333,0.0791666666666667,1200,0.449166666666667,0.550833333333333,1200
80445,0.800943800943801,0.199056199056199,6993,0.172737052405102,0.827262947594898,6507,0.702633269107258,0.297366730892743,3114,0.328642069227843,0.671357930772157,2629,0.199568112290804,0.800431887709196,5557,0.145570581978423,0.854429418021577,6581,0.425063116823502,0.574936883176498,4357,0.394284047827355,0.605715952172645,3429,0.827875977977398,0.172124022022602,6902,0.331085131894484,0.668914868105516,6672,0.310799197937554,0.689200802062446,6982,0.671187956476375,0.328812043523625,6709,0.614482556435063,0.385517443564937,6822,0.87476662358179,0.125233376418211,6963,0.446722494946578,0.553277505053422,6926
80446,0.760587726879862,0.239412273120138,1157,0.221084953940635,0.778915046059366,977,0.665236051502146,0.334763948497854,233,0.194139194139194,0.805860805860806,273,0.237529691211401,0.762470308788599,842,0.252319109461967,0.747680890538033,1078,0.541850220264317,0.458149779735683,681,0.330232558139535,0.669767441860465,430,0.863478260869565,0.136521739130435,1150,0.25,0.75,1092,0.284013605442177,0.715986394557823,1176,0.600877192982456,0.399122807017544,1140,0.58231173380035,0.41768826619965,1142,0.93631669535284,0.0636833046471601,1162,0.548275862068966,0.451724137931035,1160
80501,0.873041063281095,0.126958936718905,5041,0.1630615640599,0.8369384359401,4808,0.670474516695958,0.329525483304042,2276,0.303700144161461,0.696299855838539,2081,0.215325670498084,0.784674329501916,3915,0.144570963806425,0.855429036193575,4918,0.445716154349248,0.554283845650752,3058,0.395782643957826,0.604217356042174,2466,0.841285887585928,0.158714112414072,4946,0.311161920598628,0.688838079401372,4811,0.333200079952029,0.666799920047971,5003,0.649604660840616,0.350395339159384,4806,0.575622595667139,0.424377404332861,4939,0.918794892258579,0.0812051077414206,5012,0.470776621297038,0.529223378702962,4996
80502,0.874908020603385,0.125091979396615,1359,0.123361603700848,0.876638396299152,1297,0.812631578947368,0.187368421052632,475,0.342245989304813,0.657754010695187,561,0.197012138188609,0.802987861811391,1071,0.229902329075883,0.770097670924117,1331,0.435353535353535,0.564646464646465,990,0.331864904552129,0.668135095447871,681,0.821454812637766,0.178545187362234,1361,0.274774774774775,0.725225225225225,1332,0.236725663716814,0.763274336283186,1356,0.678358208955224,0.321641791044776,1340,0.629323308270677,0.370676691729323,1330,0.956360946745562,0.0436390532544379,1352,0.471196454948301,0.528803545051699,1354
80503,0.860354223433243,0.139645776566758,1468,0.156944444444444,0.843055555555556,1440,0.620734908136483,0.379265091863517,762,0.318240620957309,0.681759379042691,773,0.191029900332226,0.808970099667774,1204,0.129346314325452,0.870653685674548,1438,0.383095499451153,0.616904500548847,911,0.415881561238223,0.584118438761777,743,0.838004101161996,0.161995898838004,1463,0.27259985984583,0.72740014015417,1427,0.331947331947332,0.668052668052668,1443,0.629043358568479,0.370956641431521,1453,0.58545197740113,0.41454802259887,1416,0.908904109589041,0.0910958904109589,1460,0.426510989010989,0.573489010989011,1456
80504,0.880082987551867,0.119917012448133,2410,0.160899653979239,0.839100346020761,2312,0.69438202247191,0.30561797752809,1335,0.30188679245283,0.69811320754717,1219,0.226868792472556,0.773131207527444,1913,0.163334751169715,0.836665248830285,2351,0.405996252342286,0.594003747657714,1601,0.377036462373933,0.622963537626067,1289,0.818864774624374,0.181135225375626,2396,0.310121107266436,0.689878892733564,2312,0.29163179916318,0.70836820083682,2390,0.679139784946237,0.320860215053763,2325,0.613597972972973,0.386402027027027,2368,0.916701374427322,0.083298625572678,2401,0.464599916212819,0.535400083787181,2387
80505,0.846975088967972,0.153024911032029,562,0.0875912408759124,0.912408759124088,548,0.856521739130435,0.143478260869565,230,0.504065040650406,0.495934959349594,246,0.19620253164557,0.80379746835443,474,0.245931283905967,0.754068716094033,553,0.353221957040573,0.646778042959427,419,0.34375,0.65625,320,0.781138790035587,0.218861209964413,562,0.283636363636364,0.716363636363636,550,0.264758497316637,0.735241502683363,559,0.707052441229656,0.292947558770344,553,0.672760511882998,0.327239488117002,547,0.899280575539568,0.100719424460432,556,0.470377019748654,0.529622980251347,557
80506,0.736486486486487,0.263513513513514,148,0.390070921985816,0.609929078014184,141,0.72,0.28,25,0.117647058823529,0.882352941176471,34,0.226415094339623,0.773584905660377,106,0.226027397260274,0.773972602739726,146,0.523364485981308,0.476635514018692,107,0.363636363636364,0.636363636363636,55,0.926666666666667,0.0733333333333333,150,0.219178082191781,0.780821917808219,146,0.164473684210526,0.835526315789474,152,0.56953642384106,0.43046357615894,151,0.682119205298013,0.317880794701987,151,0.96,0.04,150,0.453333333333333,0.546666666666667,150
80507,0.775675675675676,0.224324324324324,370,0.103225806451613,0.896774193548387,310,0.65,0.35,80,0.141176470588235,0.858823529411765,85,0.16030534351145,0.83969465648855,262,0.295652173913044,0.704347826086957,345,0.506276150627615,0.493723849372385,239,0.37007874015748,0.62992125984252,127,0.89344262295082,0.10655737704918,366,0.21875,0.78125,352,0.274932614555256,0.725067385444744,371,0.584022038567493,0.415977961432507,363,0.631720430107527,0.368279569892473,372,0.954545454545455,0.0454545454545455,374,0.556149732620321,0.443850267379679,374
80508,0.721461187214612,0.278538812785388,219,0.193396226415094,0.806603773584906,212,0.877358490566038,0.122641509433962,106,0.337837837837838,0.662162162162162,74,0.292079207920792,0.707920792079208,202,0.259090909090909,0.740909090909091,220,0.566666666666667,0.433333333333333,180,0.345794392523364,0.654205607476636,107,0.864864864864865,0.135135135135135,222,0.371428571428571,0.628571428571429,210,0.166666666666667,0.833333333333333,222,0.627906976744186,0.372093023255814,215,0.602739726027397,0.397260273972603,219,0.931818181818182,0.0681818181818182,220,0.431818181818182,0.568181818181818,220
80509,0.690793458509994,0.309206541490006,3302,0.0869565217391304,0.91304347826087,3197,0.685924369747899,0.314075630252101,952,0.501014198782962,0.498985801217039,986,0.275524475524476,0.724475524475524,2860,0.194168734491315,0.805831265508685,3224,0.438915857605178,0.561084142394822,2472,0.221638655462185,0.778361344537815,1904,0.790254237288136,0.209745762711864,3304,0.302801384954359,0.697198615045641,3177,0.290421927933477,0.709578072066523,3247,0.66778217219349,0.332217827806511,3287,0.579029247044182,0.420970752955818,3214,0.835970785149118,0.164029214850883,3286,0.502292876796087,0.497707123203913,3271
80510,0.823244552058111,0.176755447941889,1239,0.103075644222776,0.896924355777224,1203,0.705494505494506,0.294505494505495,455,0.597449908925319,0.402550091074681,549,0.221366698748797,0.778633301251203,1039,0.165309446254072,0.834690553745928,1228,0.389913899138991,0.610086100861009,813,0.437830687830688,0.562169312169312,756,0.766881028938907,0.233118971061093,1244,0.277276456111567,0.722723543888433,1219,0.256658595641647,0.743341404358354,1239,0.734375,0.265625,1216,0.695152013147083,0.304847986852917,1217,0.871359223300971,0.128640776699029,1236,0.432258064516129,0.567741935483871,1240
80511,0.744738262277388,0.255261737722612,1853,0.11484593837535,0.88515406162465,1785,0.758273381294964,0.241726618705036,695,0.618541033434651,0.38145896656535,658,0.231617647058824,0.768382352941177,1632,0.170865279299014,0.829134720700986,1826,0.364975450081833,0.635024549918167,1222,0.390652557319224,0.609347442680776,1134,0.747157552788305,0.252842447211695,1847,0.294084821428571,0.705915178571429,1792,0.271604938271605,0.728395061728395,1863,0.712637362637363,0.287362637362637,1820,0.667768595041322,0.332231404958678,1815,0.842105263157895,0.157894736842105,1862,0.421137339055794,0.578862660944206,1864
80512,1,0,1,0,1,1,,,0,0,1,1,0,1,1,1,0,1,1,0,1,,,0,1,0,1,0,1,1,0,1,1,0,1,1,1,0,1,1,0,1,1,0,1
80513,0.823529411764706,0.176470588235294,867,0.29873417721519,0.70126582278481,790,0.548611111111111,0.451388888888889,288,0.206521739130435,0.793478260869565,276,0.291666666666667,0.708333333333333,672,0.165071770334928,0.834928229665072,836,0.479204339963834,0.520795660036166,553,0.310513447432763,0.689486552567237,409,0.841854934601665,0.158145065398335,841,0.30806257521059,0.69193742478941,831,0.323059360730594,0.676940639269406,876,0.607017543859649,0.392982456140351,855,0.557783018867925,0.442216981132076,848,0.921322690992018,0.0786773090079818,877,0.533411488862837,0.466588511137163,853
80514,0.596330275229358,0.403669724770642,2725,0.0660626651566629,0.933937334843337,2649,0.532738095238095,0.467261904761905,1008,0.540581929555896,0.459418070444104,653,0.246812011517894,0.753187988482106,2431,0.16703869047619,0.83296130952381,2688,0.490398818316101,0.5096011816839,2031,0.24578177727784,0.75421822272216,1778,0.757910228108904,0.242089771891096,2718,0.314318975552969,0.685681024447031,2577,0.315473960284751,0.684526039715249,2669,0.679572271386431,0.320427728613569,2712,0.604463255098115,0.395536744901885,2599,0.773417252869308,0.226582747130692,2701,0.482540861812779,0.517459138187221,2692
80515,0.786618444846293,0.213381555153707,553,0.134020618556701,0.865979381443299,485,0.717821782178218,0.282178217821782,202,0.201005025125628,0.798994974874372,199,0.252796420581656,0.747203579418344,447,0.182640144665461,0.817359855334539,553,0.453551912568306,0.546448087431694,366,0.329457364341085,0.670542635658915,258,0.870503597122302,0.129496402877698,556,0.315589353612167,0.684410646387833,526,0.262969588550984,0.737030411449016,559,0.645454545454546,0.354545454545455,550,0.565377532228361,0.434622467771639,543,0.910071942446043,0.0899280575539568,556,0.518850987432675,0.481149012567325,557
80516,0.626951331496786,0.373048668503214,4356,0.074616292798111,0.925383707201889,4235,0.570644718792867,0.429355281207133,1458,0.547321428571429,0.452678571428571,1120,0.259500260281104,0.740499739718896,3842,0.175729288214702,0.824270711785298,4285,0.457940991839297,0.542059008160703,3186,0.224909747292419,0.775090252707581,2770,0.759835315645014,0.240164684354986,4372,0.314368370298939,0.685631629701061,4148,0.29121007227792,0.70878992772208,4289,0.709061637534499,0.290938362465501,4348,0.604695281005454,0.395304718994546,4217,0.777496548550391,0.222503451449609,4346,0.474111910842814,0.525888089157186,4307
80517,0.717289719626168,0.282710280373832,428,0.104265402843602,0.895734597156398,422,0.917808219178082,0.0821917808219178,146,0.519736842105263,0.480263157894737,152,0.280323450134771,0.719676549865229,371,0.210023866348449,0.789976133651551,419,0.423398328690808,0.576601671309192,359,0.188340807174888,0.811659192825112,223,0.789719626168224,0.210280373831776,428,0.298543689320388,0.701456310679612,412,0.272941176470588,0.727058823529412,425,0.688679245283019,0.311320754716981,424,0.534146341463415,0.465853658536585,410,0.853427895981088,0.146572104018913,423,0.495260663507109,0.504739336492891,422
80518,0.622379032258065,0.377620967741936,4960,0.0923395445134576,0.907660455486542,4830,0.644277270284793,0.355722729715207,1861,0.53635652853792,0.46364347146208,1279,0.274171584203359,0.725828415796641,4406,0.195607553366174,0.804392446633826,4872,0.400263852242744,0.599736147757256,3790,0.189180327868852,0.810819672131148,3050,0.774843781495666,0.225156218504334,4961,0.315080033698399,0.684919966301601,4748,0.287897310513447,0.712102689486553,4908,0.692619626926196,0.307380373073804,4932,0.594102885821832,0.405897114178168,4782,0.777980535279805,0.222019464720195,4932,0.483673469387755,0.516326530612245,4900
80519,0.900199600798403,0.0998003992015968,2004,0.115525352848928,0.884474647151072,1913,0.768292682926829,0.231707317073171,738,0.447567567567568,0.552432432432433,925,0.171284634760705,0.828715365239295,1588,0.193018480492813,0.806981519507187,1948,0.439024390243902,0.560975609756098,1353,0.42032967032967,0.57967032967033,1092,0.795090180360722,0.204909819639279,1996,0.272216547497446,0.727783452502554,1958,0.229844767150726,0.770155232849274,1997,0.67853509664293,0.32146490335707,1966,0.672988211173757,0.327011788826243,1951,0.951734539969834,0.0482654600301659,1989,0.472626820693119,0.527373179306881,1991
80520,0.845545977011494,0.154454022988506,1392,0.172645739910314,0.827354260089686,1338,0.666253101736973,0.333746898263027,806,0.374201787994891,0.625798212005109,783,0.206334841628959,0.793665158371041,1105,0.142962417096536,0.857037582903464,1357,0.400852878464819,0.599147121535181,938,0.416267942583732,0.583732057416268,836,0.814574314574315,0.185425685425685,1386,0.29985119047619,0.70014880952381,1344,0.244868035190616,0.755131964809384,1364,0.716981132075472,0.283018867924528,1378,0.695103857566766,0.304896142433234,1348,0.88728323699422,0.11271676300578,1384,0.46059291395517,0.53940708604483,1383
80521,0.757798165137615,0.242201834862385,545,0.119544592030361,0.88045540796964,527,0.79126213592233,0.20873786407767,206,0.260869565217391,0.739130434782609,230,0.258581235697941,0.74141876430206,437,0.263940520446097,0.736059479553903,538,0.340425531914894,0.659574468085106,423,0.186770428015564,0.813229571984436,257,0.815693430656934,0.184306569343066,548,0.320075757575758,0.679924242424242,528,0.245387453874539,0.754612546125461,542,0.702952029520295,0.297047970479705,542,0.634831460674157,0.365168539325843,534,0.86996336996337,0.13003663003663,546,0.512867647058824,0.487132352941176,544
80601,0.885922330097088,0.114077669902913,2060,0.112985685071575,0.887014314928425,1956,0.771812080536913,0.228187919463087,745,0.456211812627291,0.543788187372709,982,0.158181818181818,0.841818181818182,1650,0.192729083665339,0.807270916334661,2008,0.443140132061629,0.556859867938371,1363,0.438898450946644,0.561101549053356,1162,0.789601554907677,0.210398445092323,2058,0.262814070351759,0.737185929648241,1990,0.213691931540342,0.786308068459658,2045,0.676673228346457,0.323326771653543,2032,0.688279301745636,0.311720698254364,2005,0.939024390243902,0.0609756097560976,2050,0.46,0.54,2050
80602,0.935323383084577,0.0646766169154229,603,0.108108108108108,0.891891891891892,592,0.510729613733906,0.489270386266094,233,0.382059800664452,0.617940199335548,301,0.170168067226891,0.829831932773109,476,0.105351170568562,0.894648829431438,598,0.481605351170569,0.518394648829431,299,0.514084507042254,0.485915492957747,284,0.832775919732442,0.167224080267559,598,0.224662162162162,0.775337837837838,592,0.366438356164384,0.633561643835616,584,0.586956521739131,0.41304347826087,598,0.565365025466893,0.434634974533107,589,0.953410981697171,0.0465890183028286,601,0.390365448504983,0.609634551495017,602
80603,0.871201157742402,0.128798842257598,691,0.087218045112782,0.912781954887218,665,0.666666666666667,0.333333333333333,264,0.491329479768786,0.508670520231214,346,0.161172161172161,0.838827838827839,546,0.170305676855895,0.829694323144105,687,0.386516853932584,0.613483146067416,445,0.458852867830424,0.541147132169576,401,0.769784172661871,0.23021582733813,695,0.258823529411765,0.741176470588235,680,0.214598540145985,0.785401459854015,685,0.68029197080292,0.31970802919708,685,0.691851851851852,0.308148148148148,675,0.936046511627907,0.063953488372093,688,0.476052249637155,0.523947750362845,689
80604,0.716417910447761,0.283582089552239,134,0.0234375,0.9765625,128,0.758620689655172,0.241379310344828,58,0.372881355932203,0.627118644067797,59,0.144144144144144,0.855855855855856,111,0.24812030075188,0.75187969924812,133,0.404040404040404,0.595959595959596,99,0.236842105263158,0.763157894736842,76,0.753731343283582,0.246268656716418,134,0.267175572519084,0.732824427480916,131,0.255813953488372,0.744186046511628,129,0.689922480620155,0.310077519379845,129,0.664,0.336,125,0.879699248120301,0.120300751879699,133,0.518796992481203,0.481203007518797,133
80605,0.861423220973783,0.138576779026217,801,0.0597609561752988,0.940239043824701,753,0.676923076923077,0.323076923076923,260,0.505347593582888,0.494652406417112,374,0.12741935483871,0.87258064516129,620,0.174522292993631,0.825477707006369,785,0.45859872611465,0.54140127388535,471,0.45979381443299,0.54020618556701,485,0.75,0.25,804,0.258023106546855,0.741976893453145,779,0.171355498721228,0.828644501278772,782,0.690566037735849,0.309433962264151,795,0.732558139534884,0.267441860465116,774,0.952380952380952,0.0476190476190476,798,0.476190476190476,0.523809523809524,798
80606,0.801418439716312,0.198581560283688,423,0.0656934306569343,0.934306569343066,411,0.77710843373494,0.22289156626506,166,0.539325842696629,0.460674157303371,178,0.152354570637119,0.847645429362881,361,0.240291262135922,0.759708737864078,412,0.335616438356164,0.664383561643836,292,0.345381526104418,0.654618473895582,249,0.755294117647059,0.244705882352941,425,0.27536231884058,0.72463768115942,414,0.199029126213592,0.800970873786408,412,0.72488038277512,0.27511961722488,418,0.737226277372263,0.262773722627737,411,0.884160756501182,0.115839243498818,423,0.488207547169811,0.511792452830189,424
80607,0.809055118110236,0.190944881889764,508,0.0641821946169772,0.935817805383023,483,0.771573604060914,0.228426395939086,197,0.502183406113537,0.497816593886463,229,0.228235294117647,0.771764705882353,425,0.201207243460765,0.798792756539235,497,0.35632183908046,0.64367816091954,348,0.320945945945946,0.679054054054054,296,0.794871794871795,0.205128205128205,507,0.279918864097363,0.720081135902637,493,0.289108910891089,0.710891089108911,505,0.718875502008032,0.281124497991968,498,0.652525252525253,0.347474747474748,495,0.846,0.154,500,0.47,0.53,500
80608,0.881341600901917,0.118658399098083,3548,0.157214222744637,0.842785777255363,3403,0.724503311258278,0.275496688741722,1510,0.2961841308298,0.7038158691702,1651,0.153009180550833,0.846990819449167,2941,0.131617008967313,0.868382991032687,3457,0.391834570519618,0.608165429480382,1886,0.376576576576577,0.623423423423423,1665,0.843475799603736,0.156524200396264,3533,0.254000581902822,0.745999418097178,3437,0.393930799773114,0.606069200226886,3526,0.573390557939914,0.426609442060086,3495,0.538550057537399,0.461449942462601,3476,0.919026047565119,0.0809739524348811,3532,0.352640545144804,0.647359454855196,3522
80609,0.885333333333333,0.114666666666667,1125,0.113994439295644,0.886005560704356,1079,0.82051282051282,0.17948717948718,468,0.506542056074766,0.493457943925234,535,0.148678414096916,0.851321585903084,908,0.202925045703839,0.797074954296161,1094,0.452564102564103,0.547435897435897,780,0.450682852807284,0.549317147192716,659,0.762455516014235,0.237544483985765,1124,0.25,0.75,1092,0.208742194469224,0.791257805530776,1121,0.67479674796748,0.32520325203252,1107,0.691597414589104,0.308402585410896,1083,0.940017905102954,0.0599820948970457,1117,0.456014362657092,0.543985637342908,1114
80610,0.88177874186551,0.11822125813449,922,0.114699331848552,0.885300668151448,898,0.790697674418605,0.209302325581395,516,0.361570247933884,0.638429752066116,484,0.202631578947368,0.797368421052632,760,0.165929203539823,0.834070796460177,904,0.373692077727952,0.626307922272048,669,0.353049907578558,0.646950092421442,541,0.818181818181818,0.181818181818182,924,0.316685584562997,0.683314415437003,881,0.248642779587405,0.751357220412595,921,0.698133918770582,0.301866081229418,911,0.647450110864745,0.352549889135255,902,0.922992299229923,0.077007700770077,909,0.423076923076923,0.576923076923077,910
80611,0.879693486590038,0.120306513409962,1305,0.155502392344498,0.844497607655502,1254,0.770710059171598,0.229289940828402,676,0.386920980926431,0.613079019073569,734,0.189655172413793,0.810344827586207,1044,0.181533646322379,0.818466353677621,1278,0.423452768729642,0.576547231270358,921,0.394566623544631,0.605433376455369,773,0.780413159908187,0.219586840091813,1307,0.287183544303797,0.712816455696203,1264,0.24885145482389,0.75114854517611,1306,0.704422032583398,0.295577967416602,1289,0.661150512214342,0.338849487785658,1269,0.921052631578947,0.0789473684210526,1292,0.442812982998454,0.557187017001546,1294
80801,0.823399558498896,0.176600441501104,453,0.292056074766355,0.707943925233645,428,0.881188118811881,0.118811881188119,101,0.2,0.8,170,0.237951807228916,0.762048192771084,332,0.294784580498866,0.705215419501134,441,0.46,0.54,300,0.350574712643678,0.649425287356322,174,0.856521739130435,0.143478260869565,460,0.251732101616628,0.748267898383372,433,0.266666666666667,0.733333333333333,465,0.637744034707158,0.362255965292842,461,0.660869565217391,0.339130434782609,460,0.935622317596567,0.0643776824034335,466,0.529157667386609,0.470842332613391,463
80802,0.841379310344828,0.158620689655172,145,0.0451127819548872,0.954887218045113,133,0.792452830188679,0.207547169811321,53,0.192982456140351,0.807017543859649,57,0.2,0.8,115,0.291666666666667,0.708333333333333,144,0.382978723404255,0.617021276595745,94,0.15625,0.84375,64,0.881944444444445,0.118055555555556,144,0.328571428571429,0.671428571428571,140,0.188811188811189,0.811188811188811,143,0.743055555555556,0.256944444444444,144,0.609929078014184,0.390070921985816,141,0.9375,0.0625,144,0.576388888888889,0.423611111111111,144
80803,0.808823529411765,0.191176470588235,68,0.213114754098361,0.786885245901639,61,0.833333333333333,0.166666666666667,18,0.0909090909090909,0.909090909090909,22,0.209677419354839,0.790322580645161,62,0.328358208955224,0.671641791044776,67,0.48,0.52,50,0.225806451612903,0.774193548387097,31,0.928571428571429,0.0714285714285714,70,0.307692307692308,0.692307692307692,65,0.171428571428571,0.828571428571429,70,0.420289855072464,0.579710144927536,69,0.6,0.4,70,0.957142857142857,0.0428571428571429,70,0.557142857142857,0.442857142857143,70
80804,0.888257575757576,0.111742424242424,1056,0.120792079207921,0.879207920792079,1010,0.844124700239808,0.155875299760192,417,0.492842535787321,0.507157464212679,489,0.162735849056604,0.837264150943396,848,0.223517978620019,0.776482021379981,1029,0.471371504660453,0.528628495339547,751,0.43728813559322,0.56271186440678,590,0.795066413662239,0.204933586337761,1054,0.260487804878049,0.739512195121951,1025,0.215909090909091,0.784090909090909,1056,0.67816091954023,0.32183908045977,1044,0.676699029126214,0.323300970873786,1030,0.938989513822688,0.0610104861773117,1049,0.462200956937799,0.537799043062201,1045
80805,0.848373235113567,0.151626764886433,1629,0.201408450704225,0.798591549295775,1420,0.75,0.25,428,0.275086505190311,0.724913494809689,578,0.236672051696284,0.763327948303716,1238,0.209096651926721,0.790903348073279,1583,0.529236868186323,0.470763131813677,1009,0.404166666666667,0.595833333333333,720,0.845208845208845,0.154791154791155,1628,0.254119138149556,0.745880861850444,1578,0.302241066020594,0.697758933979407,1651,0.639334155363749,0.360665844636252,1622,0.583950617283951,0.416049382716049,1620,0.942733990147783,0.0572660098522167,1624,0.490531459987783,0.509468540012217,1637
80806,0.817610062893082,0.182389937106918,636,0.171799027552674,0.828200972447326,617,0.857142857142857,0.142857142857143,224,0.303643724696356,0.696356275303644,247,0.239463601532567,0.760536398467433,522,0.222575516693164,0.777424483306836,629,0.500994035785288,0.499005964214712,503,0.298657718120805,0.701342281879195,298,0.834645669291339,0.165354330708661,635,0.271986970684039,0.728013029315961,614,0.22397476340694,0.77602523659306,634,0.70429252782194,0.29570747217806,629,0.601286173633441,0.39871382636656,622,0.938485804416404,0.0615141955835962,634,0.45253164556962,0.54746835443038,632
80807,0.909090909090909,0.0909090909090909,66,0.0757575757575758,0.924242424242424,66,0.545454545454545,0.454545454545455,33,0.317073170731707,0.682926829268293,41,0.333333333333333,0.666666666666667,51,0.212121212121212,0.787878787878788,66,0.377358490566038,0.622641509433962,53,0.225806451612903,0.774193548387097,31,0.784615384615385,0.215384615384615,65,0.370967741935484,0.629032258064516,62,0.234375,0.765625,64,0.75,0.25,64,0.584615384615385,0.415384615384615,65,0.923076923076923,0.0769230769230769,65,0.523076923076923,0.476923076923077,65
80808,0.817369727047147,0.182630272952854,2015,0.160812294182217,0.839187705817783,1822,0.762541806020067,0.237458193979933,299,0.242375601926164,0.757624398073836,623,0.232253618194349,0.767746381805651,1451,0.29745493107105,0.70254506892895,1886,0.50990099009901,0.49009900990099,1212,0.337738619676946,0.662261380323054,681,0.852491366551554,0.147508633448446,2027,0.250388802488336,0.749611197511664,1929,0.306389157792836,0.693610842207164,2066,0.626357354392892,0.373642645607108,2026,0.61599210266535,0.38400789733465,2026,0.950827653359299,0.0491723466407011,2054,0.548072230356271,0.451927769643729,2049
80809,0.884573304157549,0.115426695842451,1828,0.152086906803888,0.847913093196112,1749,0.791082802547771,0.208917197452229,785,0.379619260918253,0.620380739081747,893,0.207157604955265,0.792842395044735,1453,0.195882025598219,0.804117974401781,1797,0.445475638051044,0.554524361948956,1293,0.377866400797607,0.622133599202393,1003,0.804168952276467,0.195831047723533,1823,0.291713325867861,0.708286674132139,1786,0.238562091503268,0.761437908496732,1836,0.696616749861342,0.303383250138658,1803,0.641414141414141,0.358585858585859,1782,0.934471365638766,0.0655286343612335,1816,0.471947194719472,0.528052805280528,1818
80810,0.863782051282051,0.136217948717949,1248,0.16624895572264,0.83375104427736,1197,0.807763401109057,0.192236598890943,541,0.326923076923077,0.673076923076923,624,0.205673758865248,0.794326241134752,987,0.22530612244898,0.77469387755102,1225,0.469189189189189,0.530810810810811,925,0.366261398176292,0.633738601823708,658,0.810636583400484,0.189363416599517,1241,0.263980263157895,0.736019736842105,1216,0.2544,0.7456,1250,0.700889248181083,0.299110751818917,1237,0.641618497109827,0.358381502890173,1211,0.92776886035313,0.07223113964687,1246,0.467417538213998,0.532582461786002,1243
80811,0.836363636363636,0.163636363636364,330,0.084375,0.915625,320,0.811188811188811,0.188811188811189,143,0.314465408805031,0.685534591194969,159,0.208661417322835,0.791338582677165,254,0.267080745341615,0.732919254658385,322,0.439330543933054,0.560669456066946,239,0.343558282208589,0.656441717791411,163,0.863636363636364,0.136363636363636,330,0.294670846394984,0.705329153605016,319,0.212121212121212,0.787878787878788,330,0.689969604863222,0.310030395136778,329,0.636085626911315,0.363914373088685,327,0.914373088685015,0.0856269113149847,327,0.496951219512195,0.503048780487805,328
80812,0.824468085106383,0.175531914893617,188,0.481927710843373,0.518072289156627,166,0.702127659574468,0.297872340425532,47,0.317073170731707,0.682926829268293,41,0.138364779874214,0.861635220125786,159,0.291891891891892,0.708108108108108,185,0.548672566371681,0.451327433628319,113,0.371681415929204,0.628318584070796,113,0.903225806451613,0.0967741935483871,186,0.287292817679558,0.712707182320442,181,0.184210526315789,0.81578947368421,190,0.462765957446809,0.537234042553192,188,0.628415300546448,0.371584699453552,183,0.942105263157895,0.0578947368421053,190,0.565217391304348,0.434782608695652,184
80813,0.824455205811138,0.175544794188862,1652,0.153125,0.846875,1600,0.864566929133858,0.135433070866142,635,0.470238095238095,0.529761904761905,672,0.203389830508475,0.796610169491525,1416,0.233662145499383,0.766337854500617,1622,0.431185361972952,0.568814638027049,1257,0.365555555555556,0.634444444444445,900,0.790400972053463,0.209599027946537,1646,0.27363184079602,0.72636815920398,1608,0.265983112183354,0.734016887816647,1658,0.663814180929095,0.336185819070905,1636,0.61595547309833,0.38404452690167,1617,0.916969696969697,0.083030303030303,1650,0.43290831815422,0.56709168184578,1647
80814,0.844937671024628,0.155062328975372,3289,0.224314502808061,0.775685497191939,3027,0.767166535122336,0.232833464877664,1267,0.283703703703704,0.716296296296296,1350,0.239403453689168,0.760596546310832,2548,0.192604006163328,0.807395993836672,3245,0.490566037735849,0.509433962264151,2226,0.388198757763975,0.611801242236025,1610,0.828239608801956,0.171760391198044,3272,0.302244704394562,0.697755295605438,3163,0.266206482593037,0.733793517406963,3332,0.68309208500154,0.31690791499846,3247,0.617848258706468,0.382151741293532,3216,0.91892715635477,0.0810728436452301,3281,0.480927677754043,0.519072322245957,3277
80815,0.881773399014778,0.118226600985222,609,0.10880829015544,0.89119170984456,579,0.846511627906977,0.153488372093023,215,0.464419475655431,0.535580524344569,267,0.164882226980728,0.835117773019272,467,0.219798657718121,0.780201342281879,596,0.455399061032864,0.544600938967136,426,0.401785714285714,0.598214285714286,336,0.804276315789474,0.195723684210526,608,0.26890756302521,0.73109243697479,595,0.211570247933884,0.788429752066116,605,0.692179700499168,0.307820299500832,601,0.684121621621622,0.315878378378378,592,0.968543046357616,0.0314569536423841,604,0.466887417218543,0.533112582781457,604
80816,0.880048959608323,0.119951040391677,817,0.133162612035851,0.866837387964149,781,0.867469879518072,0.132530120481928,332,0.417127071823204,0.582872928176796,362,0.173716012084592,0.826283987915408,662,0.228643216080402,0.771356783919598,796,0.484193011647255,0.515806988352745,601,0.405764966740577,0.594235033259424,451,0.802453987730061,0.197546012269939,815,0.256603773584906,0.743396226415094,795,0.216748768472906,0.783251231527094,812,0.647277227722772,0.352722772277228,808,0.656210790464241,0.343789209535759,797,0.944512946979038,0.0554870530209618,811,0.477075588599752,0.522924411400248,807
80817,0.898777173913043,0.101222826086957,1472,0.155429382540809,0.844570617459191,1409,0.78907435508346,0.21092564491654,659,0.428943937418514,0.571056062581486,767,0.18796992481203,0.81203007518797,1197,0.202090592334495,0.797909407665505,1435,0.442512077294686,0.557487922705314,1035,0.431490384615385,0.568509615384615,832,0.795625427204375,0.204374572795625,1463,0.259103641456583,0.740896358543417,1428,0.230455472467709,0.769544527532291,1471,0.675675675675676,0.324324324324324,1443,0.661087866108787,0.338912133891213,1434,0.932238193018481,0.0677618069815195,1461,0.458847736625515,0.541152263374486,1458
80818,0.789566755083996,0.210433244916004,1131,0.17516218721038,0.82483781278962,1079,0.840220385674931,0.159779614325069,363,0.237068965517241,0.762931034482759,464,0.22742474916388,0.772575250836121,897,0.261261261261261,0.738738738738739,1110,0.424170616113744,0.575829383886256,844,0.254201680672269,0.745798319327731,476,0.830837004405286,0.169162995594714,1135,0.295748613678373,0.704251386321627,1082,0.274406332453826,0.725593667546174,1137,0.688612099644128,0.311387900355872,1124,0.598737601442741,0.401262398557259,1109,0.919611307420495,0.0803886925795053,1132,0.494252873563218,0.505747126436782,1131
80901,0.843629343629344,0.156370656370656,518,0.152941176470588,0.847058823529412,510,0.917695473251029,0.0823045267489712,243,0.508547008547009,0.491452991452991,234,0.223684210526316,0.776315789473684,456,0.258687258687259,0.741312741312741,518,0.354368932038835,0.645631067961165,412,0.315789473684211,0.68421052631579,323,0.747591522157996,0.252408477842004,519,0.286836935166994,0.713163064833006,509,0.290944123314066,0.709055876685935,519,0.68359375,0.31640625,512,0.650698602794411,0.349301397205589,501,0.885214007782101,0.114785992217899,514,0.458252427184466,0.541747572815534,515
80903,0.847619047619048,0.152380952380952,105,0.196078431372549,0.803921568627451,102,0.907407407407407,0.0925925925925926,54,0.543478260869565,0.456521739130435,46,0.193548387096774,0.806451612903226,93,0.269230769230769,0.730769230769231,104,0.488372093023256,0.511627906976744,86,0.406779661016949,0.593220338983051,59,0.723809523809524,0.276190476190476,105,0.313725490196078,0.686274509803922,102,0.235849056603774,0.764150943396226,106,0.692307692307692,0.307692307692308,104,0.689320388349515,0.310679611650485,103,0.886792452830189,0.113207547169811,106,0.40952380952381,0.590476190476191,105
80904,0.725,0.275,80,0.441558441558442,0.558441558441558,77,0.564102564102564,0.435897435897436,39,0.382352941176471,0.617647058823529,34,0.175675675675676,0.824324324324324,74,0.3,0.7,80,0.444444444444444,0.555555555555556,63,0.19047619047619,0.80952380952381,63,0.725,0.275,80,0.384615384615385,0.615384615384615,78,0.1375,0.8625,80,0.75,0.25,80,0.581081081081081,0.418918918918919,74,0.85,0.15,80,0.525641025641026,0.474358974358974,78
80905,0.836956521739131,0.16304347826087,92,0.5,0.5,84,0.607142857142857,0.392857142857143,28,0.171428571428571,0.828571428571429,35,0.313432835820896,0.686567164179104,67,0.108695652173913,0.891304347826087,92,0.532258064516129,0.467741935483871,62,0.418181818181818,0.581818181818182,55,0.793103448275862,0.206896551724138,87,0.318681318681319,0.681318681318681,91,0.265957446808511,0.734042553191489,94,0.688888888888889,0.311111111111111,90,0.545454545454545,0.454545454545455,88,0.946236559139785,0.0537634408602151,93,0.488888888888889,0.511111111111111,90
80906,0.5,0.5,4,0.25,0.75,4,0.5,0.5,2,,,0,0.25,0.75,4,0.25,0.75,4,1,0,3,0.333333333333333,0.666666666666667,3,0.75,0.25,4,0.5,0.5,4,0,1,4,0.75,0.25,4,0.75,0.25,4,1,0,4,0.75,0.25,4
80907,0.828200972447326,0.171799027552674,617,0.159539473684211,0.84046052631579,608,0.877697841726619,0.122302158273381,278,0.479245283018868,0.520754716981132,265,0.25,0.75,536,0.257425742574257,0.742574257425743,606,0.322645290581162,0.677354709418838,499,0.248603351955307,0.751396648044693,358,0.734527687296417,0.265472312703583,614,0.295379537953795,0.704620462046205,606,0.311290322580645,0.688709677419355,620,0.711947626841244,0.288052373158756,611,0.597643097643098,0.402356902356902,594,0.872964169381108,0.127035830618893,614,0.459415584415584,0.540584415584416,616
80908,0.842105263157895,0.157894736842105,38,0.473684210526316,0.526315789473684,38,0.6,0.4,15,0.333333333333333,0.666666666666667,15,0.3,0.7,30,0.189189189189189,0.810810810810811,37,0.5,0.5,28,0.0833333333333333,0.916666666666667,24,0.842105263157895,0.157894736842105,38,0.444444444444444,0.555555555555556,36,0.157894736842105,0.842105263157895,38,0.842105263157895,0.157894736842105,38,0.621621621621622,0.378378378378378,37,0.888888888888889,0.111111111111111,36,0.486486486486487,0.513513513513514,37
81001,0.88339222614841,0.11660777385159,1132,0.0944808231992516,0.905519176800748,1069,0.801829268292683,0.198170731707317,328,0.4004329004329,0.5995670995671,462,0.175478065241845,0.824521934758155,889,0.224749772520473,0.775250227479527,1099,0.455006337135615,0.544993662864385,789,0.369718309859155,0.630281690140845,568,0.81729920564872,0.18270079435128,1133,0.288808664259928,0.711191335740072,1108,0.201419698314108,0.798580301685892,1127,0.66994633273703,0.33005366726297,1118,0.655797101449275,0.344202898550725,1104,0.962765957446809,0.0372340425531915,1128,0.505757307351639,0.494242692648361,1129
81002,0.864364981504316,0.135635018495684,811,0.134020618556701,0.865979381443299,776,0.88622754491018,0.11377245508982,167,0.463855421686747,0.536144578313253,332,0.194524495677233,0.805475504322767,694,0.224310776942356,0.775689223057644,798,0.505982905982906,0.494017094017094,585,0.414868105515588,0.585131894484413,417,0.787730061349693,0.212269938650307,815,0.241854636591479,0.758145363408521,798,0.240648379052369,0.759351620947631,802,0.654135338345865,0.345864661654135,798,0.636588380716935,0.363411619283066,809,0.951851851851852,0.0481481481481482,810,0.448019801980198,0.551980198019802,808
81003,0.766964285714286,0.233035714285714,2240,0.0750708215297451,0.924929178470255,2118,0.686046511627907,0.313953488372093,516,0.515151515151515,0.484848484848485,759,0.255968906163243,0.744031093836757,1801,0.181776346065347,0.818223653934653,2173,0.449163449163449,0.550836550836551,1554,0.268982229402262,0.731017770597738,1238,0.797133900582177,0.202866099417824,2233,0.307440336920917,0.692559663079083,2137,0.29147571035747,0.70852428964253,2182,0.691508581752484,0.308491418247516,2214,0.584326306141155,0.415673693858845,2182,0.855275022542831,0.144724977457169,2218,0.519674355495251,0.480325644504749,2211
81004,0.773700305810398,0.226299694189602,327,0.151291512915129,0.848708487084871,271,0.537037037037037,0.462962962962963,54,0.17283950617284,0.82716049382716,81,0.139830508474576,0.860169491525424,236,0.238907849829352,0.761092150170649,293,0.51219512195122,0.487804878048781,205,0.479674796747968,0.520325203252033,123,0.878787878787879,0.121212121212121,330,0.1625,0.8375,320,0.321428571428571,0.678571428571429,336,0.613496932515337,0.386503067484663,326,0.507598784194529,0.492401215805471,329,0.976047904191617,0.0239520958083832,334,0.467065868263473,0.532934131736527,334
81005,0.771929824561403,0.228070175438597,57,0.16,0.84,50,0.6,0.4,5,0.0833333333333333,0.916666666666667,12,0.13953488372093,0.86046511627907,43,0.32,0.68,50,0.35,0.65,40,0.166666666666667,0.833333333333333,18,0.767857142857143,0.232142857142857,56,0.214285714285714,0.785714285714286,56,0.368421052631579,0.631578947368421,57,0.62962962962963,0.37037037037037,54,0.482142857142857,0.517857142857143,56,0.947368421052632,0.0526315789473684,57,0.456140350877193,0.543859649122807,57
81006,0.8775,0.1225,1200,0.191732629727353,0.808267370272647,1137,0.794573643410853,0.205426356589147,258,0.368530020703934,0.631469979296066,483,0.196356275303644,0.803643724696356,988,0.202199661590525,0.797800338409476,1182,0.479804161566707,0.520195838433293,817,0.401372212692967,0.598627787307033,583,0.812241521918941,0.187758478081059,1209,0.249158249158249,0.750841750841751,1188,0.257071547420965,0.742928452579035,1202,0.654652137468567,0.345347862531433,1193,0.59094719195306,0.409052808046941,1193,0.949461474730737,0.0505385252692626,1207,0.442880794701987,0.557119205298013,1208
81007,0.846153846153846,0.153846153846154,39,0.0512820512820513,0.948717948717949,39,0.833333333333333,0.166666666666667,12,0.333333333333333,0.666666666666667,18,0.2,0.8,30,0.128205128205128,0.871794871794872,39,0.333333333333333,0.666666666666667,30,0.25,0.75,12,0.743589743589744,0.256410256410256,39,0.368421052631579,0.631578947368421,38,0.351351351351351,0.648648648648649,37,0.605263157894737,0.394736842105263,38,0.513513513513514,0.486486486486487,37,1,0,38,0.68421052631579,0.315789473684211,38
81008,0.810035842293907,0.189964157706093,279,0.307377049180328,0.692622950819672,244,0.586956521739131,0.41304347826087,46,0.128571428571429,0.871428571428572,70,0.167567567567568,0.832432432432433,185,0.403100775193798,0.596899224806202,258,0.550295857988166,0.449704142011834,169,0.301204819277108,0.698795180722892,83,0.89247311827957,0.10752688172043,279,0.182509505703422,0.817490494296578,263,0.250883392226148,0.749116607773852,283,0.550724637681159,0.449275362318841,276,0.717391304347826,0.282608695652174,276,0.96085409252669,0.0391459074733096,281,0.646428571428571,0.353571428571429,280
81009,0.579439252336449,0.420560747663551,107,0.112359550561798,0.887640449438202,89,0.611111111111111,0.388888888888889,18,0.0526315789473684,0.947368421052632,19,0.146067415730337,0.853932584269663,89,0.336538461538462,0.663461538461538,104,0.628571428571429,0.371428571428571,70,0.193548387096774,0.806451612903226,31,0.881818181818182,0.118181818181818,110,0.230769230769231,0.769230769230769,104,0.303571428571429,0.696428571428571,112,0.594594594594595,0.405405405405405,111,0.542056074766355,0.457943925233645,107,0.936363636363636,0.0636363636363636,110,0.576576576576577,0.423423423423423,111
81010,0.873417721518987,0.126582278481013,79,0.133333333333333,0.866666666666667,60,0.692307692307692,0.307692307692308,13,0.238095238095238,0.761904761904762,21,0.192307692307692,0.807692307692308,52,0.103896103896104,0.896103896103896,77,0.526315789473684,0.473684210526316,38,0.404761904761905,0.595238095238095,42,0.902777777777778,0.0972222222222222,72,0.282051282051282,0.717948717948718,78,0.3375,0.6625,80,0.708333333333333,0.291666666666667,72,0.556962025316456,0.443037974683544,79,0.962962962962963,0.037037037037037,81,0.555555555555556,0.444444444444444,81
81011,0.816091954022989,0.183908045977012,87,0.0595238095238095,0.940476190476191,84,0.875,0.125,16,0.567567567567568,0.432432432432432,37,0.155844155844156,0.844155844155844,77,0.241379310344828,0.758620689655172,87,0.571428571428571,0.428571428571429,56,0.694444444444445,0.305555555555556,36,0.727272727272727,0.272727272727273,88,0.206896551724138,0.793103448275862,87,0.170454545454545,0.829545454545455,88,0.689655172413793,0.310344827586207,87,0.715909090909091,0.284090909090909,88,0.96551724137931,0.0344827586206897,87,0.413793103448276,0.586206896551724,87
81012,0.882089552238806,0.117910447761194,670,0.192616372391653,0.807383627608347,623,0.719424460431655,0.280575539568345,139,0.3359375,0.6640625,256,0.224043715846995,0.775956284153005,549,0.193893129770992,0.806106870229008,655,0.435416666666667,0.564583333333333,480,0.351515151515152,0.648484848484848,330,0.799107142857143,0.200892857142857,672,0.277945619335347,0.722054380664653,662,0.256296296296296,0.743703703703704,675,0.667669172932331,0.332330827067669,665,0.548579970104634,0.451420029895366,669,0.949778434268833,0.0502215657311669,677,0.470414201183432,0.529585798816568,676
81013,0.689075630252101,0.310924369747899,952,0.174054054054054,0.825945945945946,925,0.892177589852009,0.107822410147992,473,0.411371237458194,0.588628762541806,299,0.254060324825986,0.745939675174014,862,0.258547008547009,0.741452991452992,936,0.474934036939314,0.525065963060686,758,0.307116104868914,0.692883895131086,534,0.807127882599581,0.192872117400419,954,0.299453551912568,0.700546448087432,915,0.236154649947753,0.763845350052247,957,0.662460567823344,0.337539432176656,951,0.637634408602151,0.362365591397849,930,0.85130890052356,0.14869109947644,955,0.405720338983051,0.594279661016949,944
81014,0.853566958698373,0.146433041301627,799,0.122282608695652,0.877717391304348,736,0.653543307086614,0.346456692913386,127,0.326460481099656,0.673539518900344,291,0.20695102685624,0.79304897314376,633,0.262755102040816,0.737244897959184,784,0.500963391136802,0.499036608863198,519,0.434375,0.565625,320,0.829839704069051,0.170160295930949,811,0.247104247104247,0.752895752895753,777,0.215880893300248,0.784119106699752,806,0.614609571788413,0.385390428211587,794,0.627182044887781,0.372817955112219,802,0.971534653465346,0.0284653465346535,808,0.506203473945409,0.493796526054591,806
81015,0.850393700787402,0.149606299212598,381,0.113513513513514,0.886486486486487,370,0.893617021276596,0.106382978723404,94,0.443708609271523,0.556291390728477,151,0.248447204968944,0.751552795031056,322,0.23015873015873,0.76984126984127,378,0.548611111111111,0.451388888888889,288,0.419689119170984,0.580310880829016,193,0.823834196891192,0.176165803108808,386,0.28494623655914,0.71505376344086,372,0.204244031830239,0.795755968169761,377,0.645502645502646,0.354497354497354,378,0.63563829787234,0.36436170212766,376,0.944591029023747,0.0554089709762533,379,0.505291005291005,0.494708994708995,378
81016,0.879424778761062,0.120575221238938,904,0.0625,0.9375,864,0.787781350482315,0.212218649517685,311,0.506561679790026,0.493438320209974,381,0.159154929577465,0.840845070422535,710,0.217491369390104,0.782508630609896,869,0.422647527910686,0.577352472089314,627,0.398268398268398,0.601731601731602,462,0.791805094130676,0.208194905869324,903,0.262443438914027,0.737556561085973,884,0.225842696629214,0.774157303370787,890,0.675675675675676,0.324324324324324,888,0.682027649769585,0.317972350230415,868,0.963087248322148,0.0369127516778524,894,0.526315789473684,0.473684210526316,893
81017,0.761663286004057,0.238336713995943,3944,0.102099737532808,0.897900262467192,3810,0.799816345270891,0.200183654729109,1089,0.498529411764706,0.501470588235294,1360,0.251714882195049,0.748285117804951,3353,0.208020698576973,0.791979301423027,3865,0.426385583134988,0.573614416865012,2941,0.276735459662289,0.723264540337711,2132,0.792247276412465,0.207752723587535,3947,0.277574490329326,0.722425509670674,3826,0.273543751603798,0.726456248396202,3897,0.678781673918608,0.321218326081392,3907,0.602086049543677,0.397913950456323,3835,0.863590005099439,0.136409994900561,3922,0.492484076433121,0.507515923566879,3925
81018,0.777777777777778,0.222222222222222,9,0.111111111111111,0.888888888888889,9,0,1,2,0,1,2,0.555555555555556,0.444444444444444,9,0.222222222222222,0.777777777777778,9,0.571428571428571,0.428571428571429,7,0.25,0.75,4,0.777777777777778,0.222222222222222,9,0.25,0.75,8,0.111111111111111,0.888888888888889,9,0.333333333333333,0.666666666666667,9,0.333333333333333,0.666666666666667,9,1,0,9,0.333333333333333,0.666666666666667,9
81019,0.831245880026368,0.168754119973632,1517,0.150308853809197,0.849691146190803,1457,0.81986143187067,0.18013856812933,433,0.29344262295082,0.70655737704918,610,0.227731092436975,0.772268907563025,1190,0.24715338245144,0.75284661754856,1493,0.45646437994723,0.54353562005277,1137,0.309859154929577,0.690140845070423,710,0.832677165354331,0.167322834645669,1524,0.285135135135135,0.714864864864865,1480,0.247694334650856,0.752305665349144,1518,0.6728599867286,0.3271400132714,1507,0.632817753866846,0.367182246133154,1487,0.942763157894737,0.0572368421052632,1520,0.487145682267634,0.512854317732367,1517
81020,0.866666666666667,0.133333333333333,945,0.136165577342048,0.863834422657952,918,0.883838383838384,0.116161616161616,198,0.439678284182306,0.560321715817694,373,0.204005006257822,0.795994993742178,799,0.208602150537634,0.791397849462366,930,0.489051094890511,0.510948905109489,685,0.409871244635193,0.590128755364807,466,0.800211416490486,0.199788583509514,946,0.275488069414317,0.724511930585683,922,0.228877005347594,0.771122994652406,935,0.67948717948718,0.320512820512821,936,0.625,0.375,928,0.93836344314559,0.0616365568544102,941,0.463829787234043,0.536170212765958,940
81021,0.881154499151104,0.118845500848896,589,0.108455882352941,0.891544117647059,544,0.776699029126214,0.223300970873786,103,0.432773109243698,0.567226890756303,238,0.193227091633466,0.806772908366534,502,0.241319444444444,0.758680555555556,576,0.451612903225806,0.548387096774194,403,0.383561643835616,0.616438356164384,292,0.818950930626058,0.181049069373942,591,0.25886524822695,0.74113475177305,564,0.205831903945111,0.794168096054889,583,0.644827586206897,0.355172413793103,580,0.609507640067912,0.390492359932088,589,0.933333333333333,0.0666666666666667,585,0.47766323024055,0.52233676975945,582
81022,0.814541622760801,0.185458377239199,949,0.145355191256831,0.854644808743169,915,0.784810126582278,0.215189873417722,237,0.412087912087912,0.587912087912088,364,0.254635352286774,0.745364647713226,809,0.204255319148936,0.795744680851064,940,0.473837209302326,0.526162790697675,688,0.31237721021611,0.68762278978389,509,0.79074658254469,0.20925341745531,951,0.296296296296296,0.703703703703704,918,0.228694714131607,0.771305285868393,927,0.680127523910733,0.319872476089267,941,0.589055793991416,0.410944206008584,932,0.91014799154334,0.0898520084566596,946,0.471398305084746,0.528601694915254,944
81101,0.945054945054945,0.054945054945055,182,0.0333333333333333,0.966666666666667,180,0.5,0.5,52,0.252747252747253,0.747252747252747,91,0.111940298507463,0.888059701492537,134,0.0879120879120879,0.912087912087912,182,0.609195402298851,0.390804597701149,87,0.508196721311475,0.491803278688525,122,0.815217391304348,0.184782608695652,184,0.376404494382022,0.623595505617978,178,0.0823529411764706,0.917647058823529,170,0.720670391061453,0.279329608938548,179,0.855555555555556,0.144444444444444,180,0.983695652173913,0.016304347826087,184,0.467391304347826,0.532608695652174,184
81102,0.851851851851852,0.148148148148148,378,0.0384615384615385,0.961538461538461,364,0.657142857142857,0.342857142857143,140,0.494444444444445,0.505555555555556,180,0.11986301369863,0.88013698630137,292,0.165333333333333,0.834666666666667,375,0.431111111111111,0.568888888888889,225,0.377272727272727,0.622727272727273,220,0.727034120734908,0.272965879265092,381,0.263586956521739,0.736413043478261,368,0.19060773480663,0.80939226519337,362,0.713903743315508,0.286096256684492,374,0.692307692307692,0.307692307692308,364,0.96042216358839,0.0395778364116095,379,0.496042216358839,0.503957783641161,379
81103,0.826446280991736,0.173553719008264,363,0.0288184438040346,0.971181556195966,347,0.67479674796748,0.32520325203252,123,0.4625,0.5375,160,0.11660777385159,0.88339222614841,283,0.165730337078652,0.834269662921348,356,0.465346534653465,0.534653465346535,202,0.455813953488372,0.544186046511628,215,0.728021978021978,0.271978021978022,364,0.236619718309859,0.763380281690141,355,0.144927536231884,0.855072463768116,345,0.642458100558659,0.357541899441341,358,0.785923753665689,0.214076246334311,341,0.966850828729282,0.0331491712707182,362,0.53168044077135,0.46831955922865,363
81104,0.871052631578947,0.128947368421053,380,0.0274725274725275,0.972527472527472,364,0.609090909090909,0.390909090909091,110,0.444444444444444,0.555555555555556,171,0.11340206185567,0.88659793814433,291,0.159574468085106,0.840425531914894,376,0.462264150943396,0.537735849056604,212,0.456730769230769,0.543269230769231,208,0.742782152230971,0.257217847769029,381,0.289189189189189,0.710810810810811,370,0.165745856353591,0.834254143646409,362,0.713527851458886,0.286472148541114,377,0.718918918918919,0.281081081081081,370,0.976315789473684,0.0236842105263158,380,0.493403693931399,0.506596306068602,379
81105,0.86046511627907,0.13953488372093,430,0.0655339805825243,0.934466019417476,412,0.654320987654321,0.345679012345679,162,0.551020408163265,0.448979591836735,196,0.148255813953488,0.851744186046512,344,0.169811320754717,0.830188679245283,424,0.394833948339483,0.605166051660517,271,0.42,0.58,250,0.769767441860465,0.230232558139535,430,0.253554502369668,0.746445497630332,422,0.229116945107399,0.770883054892602,419,0.678571428571429,0.321428571428571,420,0.663484486873508,0.336515513126492,419,0.936619718309859,0.0633802816901408,426,0.471830985915493,0.528169014084507,426
81106,0.888641425389755,0.111358574610245,449,0.091743119266055,0.908256880733945,436,0.593073593073593,0.406926406926407,231,0.397637795275591,0.602362204724409,254,0.172910662824208,0.827089337175793,347,0.128089887640449,0.871910112359551,445,0.471631205673759,0.528368794326241,282,0.494423791821561,0.505576208178439,269,0.759550561797753,0.240449438202247,445,0.267123287671233,0.732876712328767,438,0.205479452054795,0.794520547945206,438,0.70561797752809,0.29438202247191,445,0.69815668202765,0.30184331797235,434,0.944196428571429,0.0558035714285714,448,0.463087248322148,0.536912751677852,447
81107,0.808641975308642,0.191358024691358,162,0.0189873417721519,0.981012658227848,158,0.681159420289855,0.318840579710145,69,0.446153846153846,0.553846153846154,65,0.0756302521008403,0.92436974789916,119,0.111111111111111,0.888888888888889,162,0.428571428571429,0.571428571428571,98,0.372549019607843,0.627450980392157,102,0.751515151515152,0.248484848484849,165,0.29559748427673,0.70440251572327,159,0.119205298013245,0.880794701986755,151,0.66875,0.33125,160,0.785234899328859,0.214765100671141,149,0.938650306748466,0.0613496932515337,163,0.503067484662577,0.496932515337423,163
81108,0.855297157622739,0.144702842377261,387,0.0397877984084881,0.960212201591512,377,0.655172413793103,0.344827586206897,174,0.427860696517413,0.572139303482587,201,0.145214521452145,0.854785478547855,303,0.145454545454545,0.854545454545455,385,0.476377952755906,0.523622047244094,254,0.420814479638009,0.579185520361991,221,0.744845360824742,0.255154639175258,388,0.284960422163588,0.715039577836412,379,0.221635883905013,0.778364116094987,379,0.715025906735751,0.284974093264249,386,0.676392572944297,0.323607427055703,377,0.936061381074169,0.0639386189258312,391,0.505102040816326,0.494897959183674,392
81109,0.909090909090909,0.0909090909090909,22,0.0454545454545455,0.954545454545455,22,0.7,0.3,10,0.111111111111111,0.888888888888889,9,0.0714285714285714,0.928571428571429,14,0.130434782608696,0.869565217391304,23,0.5,0.5,12,0.25,0.75,16,0.91304347826087,0.0869565217391304,23,0.434782608695652,0.565217391304348,23,0.05,0.95,20,0.782608695652174,0.217391304347826,23,0.952380952380952,0.0476190476190476,21,1,0,23,0.608695652173913,0.391304347826087,23
81110,0.87861599546228,0.12138400453772,1763,0.128654970760234,0.871345029239766,1710,0.654566744730679,0.345433255269321,854,0.356605800214823,0.643394199785177,931,0.17120894479385,0.82879105520615,1431,0.129255626081939,0.870744373918061,1733,0.4272030651341,0.5727969348659,1044,0.41991341991342,0.58008658008658,924,0.816989737742303,0.183010262257697,1754,0.265652428320655,0.734347571679345,1709,0.32237600922722,0.67762399077278,1734,0.646991404011461,0.353008595988539,1745,0.617169373549884,0.382830626450116,1724,0.91529277998863,0.0847072200113701,1759,0.414342629482072,0.585657370517928,1757
81111,0.893732970027248,0.106267029972752,734,0.0424597364568082,0.957540263543192,683,0.647058823529412,0.352941176470588,238,0.470588235294118,0.529411764705882,357,0.103508771929825,0.896491228070176,570,0.15,0.85,720,0.471604938271605,0.528395061728395,405,0.478571428571429,0.521428571428571,420,0.761904761904762,0.238095238095238,735,0.244444444444444,0.755555555555556,720,0.173669467787115,0.826330532212885,714,0.686813186813187,0.313186813186813,728,0.726760563380282,0.273239436619718,710,0.959183673469388,0.0408163265306122,735,0.467391304347826,0.532608695652174,736
81112,0.826298701298701,0.173701298701299,616,0.0201005025125628,0.979899497487437,597,0.723404255319149,0.276595744680851,235,0.586715867158672,0.413284132841328,271,0.109090909090909,0.890909090909091,495,0.17109634551495,0.82890365448505,602,0.412532637075718,0.587467362924282,383,0.433510638297872,0.566489361702128,376,0.723127035830619,0.276872964169381,614,0.240863787375415,0.759136212624585,602,0.189509306260575,0.810490693739425,591,0.688118811881188,0.311881188118812,606,0.751736111111111,0.248263888888889,576,0.939344262295082,0.060655737704918,610,0.5,0.5,610
81113,0.915032679738562,0.0849673202614379,153,0.0211267605633803,0.97887323943662,142,0.6,0.4,35,0.25609756097561,0.74390243902439,82,0.0900900900900901,0.90990990990991,111,0.164473684210526,0.835526315789474,152,0.477272727272727,0.522727272727273,88,0.337837837837838,0.662162162162162,74,0.843137254901961,0.156862745098039,153,0.328947368421053,0.671052631578947,152,0.161971830985916,0.838028169014084,142,0.695364238410596,0.304635761589404,151,0.75,0.25,148,0.993506493506494,0.00649350649350649,154,0.564935064935065,0.435064935064935,154
81114,0.882640586797066,0.117359413202934,409,0.0703517587939699,0.92964824120603,398,0.624309392265193,0.375690607734807,181,0.394230769230769,0.605769230769231,208,0.135483870967742,0.864516129032258,310,0.148148148148148,0.851851851851852,405,0.436293436293436,0.563706563706564,259,0.389344262295082,0.610655737704918,244,0.75609756097561,0.24390243902439,410,0.28,0.72,400,0.211586901763224,0.788413098236776,397,0.703703703703704,0.296296296296296,405,0.692111959287532,0.307888040712468,393,0.948780487804878,0.051219512195122,410,0.509756097560976,0.490243902439024,410
81201,0.876130446697725,0.123869553302275,3649,0.289793438639125,0.710206561360875,3292,0.633928571428571,0.366071428571429,1008,0.23515625,0.76484375,1280,0.264298401420959,0.735701598579041,2815,0.163713080168776,0.836286919831224,3555,0.556279069767442,0.443720930232558,2150,0.411660777385159,0.588339222614841,1698,0.86677861740834,0.13322138259166,3573,0.330916473317865,0.669083526682135,3448,0.290948865190047,0.709051134809954,3657,0.64704201200343,0.352957987996571,3499,0.58798765085602,0.41201234914398,3563,0.94081689358155,0.0591831064184496,3599,0.557977088572227,0.442022911427773,3579
81202,0.782696177062374,0.217303822937626,497,0.305494505494506,0.694505494505495,455,0.727272727272727,0.272727272727273,198,0.156756756756757,0.843243243243243,185,0.255050505050505,0.744949494949495,396,0.228865979381443,0.771134020618557,485,0.422018348623853,0.577981651376147,327,0.320754716981132,0.679245283018868,265,0.834343434343434,0.165656565656566,495,0.312236286919831,0.687763713080169,474,0.284274193548387,0.715725806451613,496,0.611451942740286,0.388548057259714,489,0.617954070981211,0.382045929018789,479,0.888438133874239,0.111561866125761,493,0.51440329218107,0.48559670781893,486
81203,0.725954198473283,0.274045801526718,1310,0.273905996758509,0.726094003241491,1234,0.41897233201581,0.58102766798419,506,0.235588972431078,0.764411027568922,399,0.234194122885129,0.765805877114871,1123,0.153250773993808,0.846749226006192,1292,0.524293785310734,0.475706214689266,885,0.306501547987616,0.693498452012384,646,0.80546875,0.19453125,1280,0.354166666666667,0.645833333333333,1296,0.277409860191317,0.722590139808683,1359,0.63251155624037,0.36748844375963,1298,0.52,0.48,1300,0.879284649776453,0.120715350223547,1342,0.465490797546012,0.534509202453988,1304
81204,0.881407804131599,0.118592195868401,1307,0.290605095541401,0.709394904458599,1256,0.593090211132438,0.406909788867562,521,0.256323777403035,0.743676222596965,593,0.226284584980237,0.773715415019763,1012,0.183164458300857,0.816835541699143,1283,0.481527093596059,0.518472906403941,812,0.42485549132948,0.57514450867052,692,0.847707847707848,0.152292152292152,1287,0.311410459587956,0.688589540412044,1262,0.290867229470453,0.709132770529547,1303,0.613979348689436,0.386020651310564,1259,0.644094488188976,0.355905511811024,1270,0.93558282208589,0.0644171779141104,1304,0.511249030256012,0.488750969743988,1289
81205,0.866264020707506,0.133735979292494,1159,0.350093109869646,0.649906890130354,1074,0.574193548387097,0.425806451612903,310,0.247395833333333,0.752604166666667,384,0.250273224043716,0.749726775956284,915,0.16607460035524,0.83392539964476,1126,0.547033285094067,0.452966714905934,691,0.400343642611684,0.599656357388316,582,0.861607142857143,0.138392857142857,1120,0.320219579139982,0.679780420860018,1093,0.309810671256454,0.690189328743546,1162,0.620036101083033,0.379963898916968,1108,0.564400715563506,0.435599284436494,1118,0.924347826086957,0.0756521739130435,1150,0.545294635004398,0.454705364995603,1137
81206,0.824933687002653,0.175066312997348,754,0.359195402298851,0.640804597701149,696,0.585062240663901,0.4149377593361,241,0.245833333333333,0.754166666666667,240,0.245315161839864,0.754684838160136,587,0.188267394270123,0.811732605729877,733,0.538297872340426,0.461702127659575,470,0.367875647668394,0.632124352331606,386,0.851239669421488,0.148760330578512,726,0.330042313117066,0.669957686882934,709,0.27682119205298,0.72317880794702,755,0.618918918918919,0.381081081081081,740,0.592847317744154,0.407152682255846,727,0.904127829560586,0.0958721704394141,751,0.563611491108071,0.436388508891929,731
81207,0.875,0.125,2552,0.407940663176265,0.592059336823735,2292,0.617021276595745,0.382978723404255,611,0.270100502512563,0.729899497487437,796,0.225790513833992,0.774209486166008,2024,0.207365892714171,0.792634107285829,2498,0.543333333333333,0.456666666666667,1500,0.410798122065728,0.589201877934272,1278,0.849458048976315,0.150541951023685,2491,0.305521472392638,0.694478527607362,2445,0.257352941176471,0.742647058823529,2584,0.608231104075979,0.391768895924021,2527,0.613745980707396,0.386254019292605,2488,0.937598116169545,0.0624018838304553,2548,0.535813217253661,0.46418678274634,2527
81208,0.853499018966645,0.146500981033355,3058,0.260105448154657,0.739894551845343,2845,0.608082706766917,0.391917293233083,1064,0.267011197243755,0.732988802756245,1161,0.266637856525497,0.733362143474503,2314,0.163189771197847,0.836810228802153,2972,0.520402755696873,0.479597244303127,1887,0.420516304347826,0.579483695652174,1472,0.862811028917283,0.137188971082717,2974,0.308353386043314,0.691646613956686,2909,0.285714285714286,0.714285714285714,3059,0.636582017844887,0.363417982155113,2914,0.589077589077589,0.410922410922411,3003,0.936821322803554,0.0631786771964462,3039,0.509333333333333,0.490666666666667,3000
81209,0.824063116370809,0.175936883629191,5070,0.269288630990759,0.730711369009241,4653,0.601102941176471,0.398897058823529,1632,0.269207861822513,0.730792138177487,1679,0.265861027190332,0.734138972809668,3972,0.153784056508577,0.846215943491423,4955,0.539423076923077,0.460576923076923,3120,0.409614620580056,0.590385379419944,2517,0.848832528180354,0.151167471819646,4968,0.305200165084606,0.694799834915394,4846,0.289874902267396,0.710125097732604,5116,0.62734198064649,0.37265801935351,4857,0.572061191626409,0.427938808373591,4968,0.929821112640063,0.0701788873599371,5087,0.50040144520273,0.49959855479727,4982
81210,0.849925705794948,0.150074294205052,2019,0.255429162357808,0.744570837642192,1934,0.685144124168514,0.314855875831486,902,0.254355400696864,0.745644599303136,861,0.249843456480902,0.750156543519098,1597,0.179577464788732,0.820422535211268,1988,0.476968796433878,0.523031203566122,1346,0.397694524495677,0.602305475504323,1041,0.837,0.163,2000,0.31321540062435,0.68678459937565,1922,0.303165182987141,0.696834817012859,2022,0.638634046890928,0.361365953109072,1962,0.596006144393241,0.403993855606759,1953,0.904833084205282,0.0951669157947185,2007,0.518724696356275,0.481275303643725,1976
81211,0.863519091847265,0.136480908152735,3876,0.232123510292524,0.767876489707476,3692,0.634570765661253,0.365429234338747,1724,0.30251572327044,0.69748427672956,1590,0.221931260229133,0.778068739770867,3055,0.172567532126934,0.827432467873066,3813,0.496540496540497,0.503459503459503,2457,0.432953983176645,0.567046016823355,2021,0.835073068893528,0.164926931106472,3832,0.298259923871669,0.701740076128331,3678,0.296870959400052,0.703129040599948,3867,0.643957826439578,0.356042173560422,3699,0.613570103366022,0.386429896633978,3773,0.920445711324177,0.0795542886758228,3859,0.505252100840336,0.494747899159664,3808
81212,0.726315789473684,0.273684210526316,855,0.288461538461538,0.711538461538462,780,0.434615384615385,0.565384615384615,260,0.229665071770335,0.770334928229665,209,0.238571428571429,0.761428571428572,700,0.169249106078665,0.830750893921335,839,0.585069444444445,0.414930555555556,576,0.269585253456221,0.730414746543779,434,0.830508474576271,0.169491525423729,826,0.34916864608076,0.65083135391924,842,0.259842519685039,0.740157480314961,889,0.652941176470588,0.347058823529412,850,0.507728894173603,0.492271105826397,841,0.902272727272727,0.0977272727272727,880,0.525504151838671,0.474495848161329,843
81213,0.804295942720764,0.195704057279236,419,0.407008086253369,0.592991913746631,371,0.62962962962963,0.37037037037037,108,0.074468085106383,0.925531914893617,94,0.19435736677116,0.80564263322884,319,0.205314009661836,0.794685990338164,414,0.528985507246377,0.471014492753623,276,0.272321428571429,0.727678571428571,224,0.86783042394015,0.13216957605985,401,0.298578199052133,0.701421800947867,422,0.263038548752834,0.736961451247166,441,0.62200956937799,0.37799043062201,418,0.554502369668246,0.445497630331754,422,0.940639269406393,0.0593607305936073,438,0.502325581395349,0.497674418604651,430
81214,0.834160463192721,0.165839536807279,2418,0.332554880896777,0.667445119103223,2141,0.546325878594249,0.453674121405751,626,0.232365145228216,0.767634854771784,723,0.26797385620915,0.73202614379085,1836,0.172897196261682,0.827102803738318,2354,0.531799729364006,0.468200270635995,1478,0.35881841876629,0.64118158123371,1151,0.870157513835675,0.129842486164325,2349,0.306017925736236,0.693982074263765,2343,0.275140788415125,0.724859211584875,2486,0.615027437737442,0.384972562262558,2369,0.56864371630029,0.43135628369971,2411,0.940485829959514,0.0595141700404858,2470,0.531825795644891,0.468174204355109,2388
81215,0.836129662811533,0.163870337188467,6139,0.225099947853294,0.774900052146706,5753,0.602558635394456,0.397441364605544,2345,0.304029304029304,0.695970695970696,2184,0.237263763352506,0.762736236647494,4868,0.157476403378043,0.842523596621957,6039,0.527191129883844,0.472808870116156,3788,0.419587291188994,0.580412708811006,3053,0.838901753225273,0.161098246774727,6046,0.305821917808219,0.694178082191781,5840,0.299610263072426,0.700389736927574,6158,0.640115981579396,0.359884018420604,5863,0.591622162883845,0.408377837116155,5992,0.920078290654053,0.0799217093459468,6131,0.50547263681592,0.49452736318408,6030
81216,0.849645390070922,0.150354609929078,2820,0.262743628185907,0.737256371814093,2668,0.615942028985507,0.384057971014493,1104,0.2784588441331,0.7215411558669,1142,0.23405231757687,0.76594768242313,2179,0.161243144424132,0.838756855575868,2735,0.481997677119628,0.518002322880372,1722,0.430240549828179,0.569759450171821,1455,0.836608442503639,0.163391557496361,2748,0.293530499075786,0.706469500924214,2705,0.292674253200569,0.707325746799431,2812,0.645927601809955,0.354072398190045,2652,0.611479028697572,0.388520971302428,2718,0.930629669156884,0.0693703308431163,2811,0.487495469372961,0.512504530627039,2759
81217,0.893231265108783,0.106768734891217,2482,0.254988913525499,0.745011086474501,2255,0.689567430025445,0.310432569974555,786,0.218,0.782,1000,0.261406333870102,0.738593666129898,1863,0.163282221301285,0.836717778698715,2413,0.509316770186335,0.490683229813665,1449,0.411444141689373,0.588555858310627,1101,0.853918752564629,0.146081247435371,2437,0.309847198641766,0.690152801358234,2356,0.325141015310234,0.674858984689766,2482,0.627484143763214,0.372515856236786,2365,0.579835390946502,0.420164609053498,2430,0.948833401555465,0.0511665984445354,2443,0.515375153751538,0.484624846248463,2439
81218,0.853463587921847,0.146536412078153,1126,0.249294449670743,0.750705550329257,1063,0.63963963963964,0.36036036036036,444,0.251533742331288,0.748466257668712,489,0.235095613048369,0.764904386951631,889,0.164855072463768,0.835144927536232,1104,0.477777777777778,0.522222222222222,720,0.401929260450161,0.598070739549839,622,0.845184518451845,0.154815481548155,1111,0.293900184842884,0.706099815157117,1082,0.319432120674357,0.680567879325643,1127,0.61440291704649,0.38559708295351,1097,0.60655737704918,0.39344262295082,1098,0.909982174688057,0.090017825311943,1122,0.506317689530686,0.493682310469314,1108
81219,0.802208835341365,0.197791164658635,996,0.375661375661376,0.624338624338624,945,0.492877492877493,0.507122507122507,351,0.183946488294314,0.816053511705686,299,0.258838383838384,0.741161616161616,792,0.15173116089613,0.84826883910387,982,0.52,0.48,650,0.322772277227723,0.677227722772277,505,0.840248962655602,0.159751037344398,964,0.330912863070539,0.669087136929461,964,0.275247524752475,0.724752475247525,1010,0.631307929969104,0.368692070030896,971,0.558521560574949,0.441478439425051,974,0.916500994035785,0.0834990059642147,1006,0.523316062176166,0.476683937823834,965
81220,0.863265306122449,0.136734693877551,1470,0.242857142857143,0.757142857142857,1260,0.661237785016287,0.338762214983713,307,0.202863961813843,0.797136038186158,419,0.27208480565371,0.72791519434629,1132,0.181437543614794,0.818562456385206,1433,0.546482412060302,0.453517587939699,796,0.436046511627907,0.563953488372093,688,0.862758620689655,0.137241379310345,1450,0.303761533002129,0.696238466997871,1409,0.302543507362784,0.697456492637216,1494,0.595189003436426,0.404810996563574,1455,0.583448275862069,0.416551724137931,1450,0.933833560709413,0.0661664392905866,1466,0.56426116838488,0.43573883161512,1455
81221,0.785973140055425,0.214026859944575,4691,0.281635449977159,0.718364550022842,4378,0.548581774290887,0.451418225709113,1657,0.294235924932976,0.705764075067024,1492,0.271862615587847,0.728137384412153,3785,0.163636363636364,0.836363636363636,4565,0.510609632873021,0.489390367126979,2969,0.367886178861789,0.632113821138211,2460,0.829156679015036,0.170843320984964,4589,0.322264319144194,0.677735680855806,4487,0.284372331340734,0.715627668659266,4684,0.649933949801849,0.350066050198151,4542,0.577894968138871,0.422105031861129,4551,0.902297616491303,0.0977023835086966,4657,0.516637478108581,0.483362521891419,4568
81222,0.847665847665848,0.152334152334152,3256,0.282135794330916,0.717864205669084,3034,0.5964316057774,0.4035683942226,1177,0.288273615635179,0.711726384364821,1228,0.226019417475728,0.773980582524272,2575,0.167764189401066,0.832235810598934,3189,0.526472043542801,0.473527956457199,2021,0.439814814814815,0.560185185185185,1728,0.835927770859278,0.164072229140722,3212,0.304625199362041,0.695374800637959,3135,0.292340555386024,0.707659444613976,3277,0.63297193877551,0.36702806122449,3136,0.609671302149178,0.390328697850822,3164,0.923289352562136,0.0767106474378644,3259,0.523062441167242,0.476937558832758,3187
81301,0.821917808219178,0.178082191780822,73,0.26865671641791,0.73134328358209,67,0.714285714285714,0.285714285714286,14,0.19047619047619,0.80952380952381,21,0.172413793103448,0.827586206896552,58,0.260869565217391,0.739130434782609,69,0.5,0.5,46,0.515151515151515,0.484848484848485,33,0.878378378378378,0.121621621621622,74,0.157142857142857,0.842857142857143,70,0.232876712328767,0.767123287671233,73,0.561643835616438,0.438356164383562,73,0.602739726027397,0.397260273972603,73,0.986301369863014,0.0136986301369863,73,0.424657534246575,0.575342465753425,73
81302,0.734475374732334,0.265524625267666,934,0.162995594713656,0.837004405286344,908,0.887671232876712,0.112328767123288,365,0.439024390243902,0.560975609756098,328,0.224969097651422,0.775030902348579,809,0.259698275862069,0.740301724137931,928,0.548517520215633,0.451482479784367,742,0.329243353783231,0.670756646216769,489,0.814300960512273,0.185699039487727,937,0.294444444444444,0.705555555555556,900,0.214592274678112,0.785407725321888,932,0.68824163969795,0.31175836030205,927,0.65103598691385,0.348964013086151,917,0.915236051502146,0.0847639484978541,932,0.436422413793103,0.563577586206897,928
81303,0.780621572212066,0.219378427787934,1094,0.402030456852792,0.597969543147208,985,0.570833333333333,0.429166666666667,240,0.256809338521401,0.743190661478599,257,0.248259860788863,0.751740139211137,862,0.189138576779026,0.810861423220974,1068,0.611111111111111,0.388888888888889,684,0.362132352941176,0.637867647058824,544,0.847930702598653,0.152069297401347,1039,0.307692307692308,0.692307692307692,1066,0.213836477987421,0.786163522012579,1113,0.660861594867094,0.339138405132906,1091,0.581308411214953,0.418691588785047,1070,0.940585009140768,0.0594149908592322,1094,0.521047708138447,0.478952291861553,1069
81304,0.608108108108108,0.391891891891892,74,0.197183098591549,0.802816901408451,71,0.363636363636364,0.636363636363636,22,0.538461538461538,0.461538461538462,13,0.285714285714286,0.714285714285714,70,0.226666666666667,0.773333333333333,75,0.852459016393443,0.147540983606557,61,0.268292682926829,0.731707317073171,41,0.88,0.12,75,0.44,0.56,75,0.121621621621622,0.878378378378378,74,0.697368421052632,0.302631578947368,76,0.764705882352941,0.235294117647059,68,0.881578947368421,0.118421052631579,76,0.571428571428571,0.428571428571429,70
81305,0.761797752808989,0.238202247191011,445,0.27536231884058,0.72463768115942,414,0.857142857142857,0.142857142857143,196,0.227027027027027,0.772972972972973,185,0.227513227513228,0.772486772486773,378,0.220454545454545,0.779545454545455,440,0.481012658227848,0.518987341772152,316,0.306772908366534,0.693227091633466,251,0.860045146726862,0.139954853273138,443,0.318181818181818,0.681818181818182,418,0.268456375838926,0.731543624161074,447,0.599547511312217,0.400452488687783,442,0.617511520737327,0.382488479262673,434,0.854214123006834,0.145785876993166,439,0.472727272727273,0.527272727272727,440
81306,0.8328173374613,0.1671826625387,323,0.468852459016394,0.531147540983607,305,0.75,0.25,76,0.222222222222222,0.777777777777778,108,0.164609053497942,0.835390946502058,243,0.212903225806452,0.787096774193548,310,0.5311004784689,0.468899521531101,209,0.404411764705882,0.595588235294118,136,0.885802469135803,0.114197530864198,324,0.245222929936306,0.754777070063694,314,0.216867469879518,0.783132530120482,332,0.621951219512195,0.378048780487805,328,0.644171779141104,0.355828220858896,326,0.96969696969697,0.0303030303030303,330,0.492307692307692,0.507692307692308,325
81307,0.838526912181303,0.161473087818697,706,0.396423248882265,0.603576751117735,671,0.657458563535912,0.342541436464088,181,0.266949152542373,0.733050847457627,236,0.255536626916525,0.744463373083475,587,0.183098591549296,0.816901408450704,710,0.522593320235756,0.477406679764244,509,0.366754617414248,0.633245382585752,379,0.838255977496484,0.161744022503516,711,0.297687861271676,0.702312138728324,692,0.206085753803596,0.793914246196404,723,0.619047619047619,0.380952380952381,714,0.576487252124646,0.423512747875354,706,0.94297635605007,0.0570236439499305,719,0.44179523141655,0.55820476858345,713
81308,0.829439252336449,0.170560747663551,428,0.349753694581281,0.650246305418719,406,0.82051282051282,0.17948717948718,195,0.308080808080808,0.691919191919192,198,0.19774011299435,0.80225988700565,354,0.154929577464789,0.845070422535211,426,0.523076923076923,0.476923076923077,325,0.394849785407725,0.605150214592275,233,0.791183294663573,0.208816705336427,431,0.278301886792453,0.721698113207547,424,0.232018561484919,0.767981438515081,431,0.700934579439252,0.299065420560748,428,0.617788461538462,0.382211538461538,416,0.923076923076923,0.0769230769230769,429,0.37995337995338,0.62004662004662,429
81309,0.81578947368421,0.184210526315789,380,0.237960339943343,0.762039660056657,353,0.617647058823529,0.382352941176471,68,0.169642857142857,0.830357142857143,112,0.181818181818182,0.818181818181818,264,0.261627906976744,0.738372093023256,344,0.463503649635037,0.536496350364963,274,0.383458646616541,0.616541353383459,133,0.902631578947368,0.0973684210526316,380,0.214092140921409,0.785907859078591,369,0.285714285714286,0.714285714285714,385,0.62532981530343,0.37467018469657,379,0.551724137931035,0.448275862068966,377,0.9765625,0.0234375,384,0.505208333333333,0.494791666666667,384
81310,0.753164556962025,0.246835443037975,474,0.25,0.75,464,0.822222222222222,0.177777777777778,135,0.229411764705882,0.770588235294118,170,0.216577540106952,0.783422459893048,374,0.266806722689076,0.733193277310924,476,0.512747875354108,0.487252124645892,353,0.25,0.75,200,0.853360488798371,0.146639511201629,491,0.304621848739496,0.695378151260504,476,0.24390243902439,0.75609756097561,492,0.737270875763748,0.262729124236253,491,0.63125,0.36875,480,0.932790224032587,0.0672097759674134,491,0.492783505154639,0.507216494845361,485
81311,0.634615384615385,0.365384615384615,52,0.244897959183673,0.755102040816326,49,0.826086956521739,0.173913043478261,23,0.25,0.75,12,0.146341463414634,0.853658536585366,41,0.196078431372549,0.803921568627451,51,0.657142857142857,0.342857142857143,35,0.208333333333333,0.791666666666667,24,0.903846153846154,0.0961538461538462,52,0.36734693877551,0.63265306122449,49,0.0784313725490196,0.92156862745098,51,0.730769230769231,0.269230769230769,52,0.68,0.32,50,0.846153846153846,0.153846153846154,52,0.607843137254902,0.392156862745098,51
81312,0.849246231155779,0.150753768844221,199,0.478723404255319,0.521276595744681,188,0.733333333333333,0.266666666666667,45,0.204819277108434,0.795180722891566,83,0.215277777777778,0.784722222222222,144,0.204081632653061,0.795918367346939,196,0.447761194029851,0.552238805970149,134,0.33,0.67,100,0.896551724137931,0.103448275862069,203,0.300518134715026,0.699481865284974,193,0.188118811881188,0.811881188118812,202,0.7,0.3,200,0.678391959798995,0.321608040201005,199,0.970588235294118,0.0294117647058824,204,0.541871921182266,0.458128078817734,203
81313,0.725806451612903,0.274193548387097,558,0.277185501066098,0.722814498933902,469,0.677083333333333,0.322916666666667,96,0.183333333333333,0.816666666666667,120,0.203931203931204,0.796068796068796,407,0.268939393939394,0.731060606060606,528,0.545945945945946,0.454054054054054,370,0.25,0.75,168,0.886075949367089,0.113924050632911,553,0.23062381852552,0.76937618147448,529,0.247349823321555,0.752650176678445,566,0.60431654676259,0.39568345323741,556,0.611615245009074,0.388384754990926,551,0.951957295373665,0.0480427046263345,562,0.565529622980251,0.434470377019749,557
81314,0.764705882352941,0.235294117647059,221,0.179723502304147,0.820276497695853,217,0.916666666666667,0.0833333333333333,108,0.317647058823529,0.682352941176471,85,0.216494845360825,0.783505154639175,194,0.333333333333333,0.666666666666667,216,0.566844919786096,0.433155080213904,187,0.342857142857143,0.657142857142857,105,0.802690582959641,0.197309417040359,223,0.294392523364486,0.705607476635514,214,0.251141552511416,0.748858447488584,219,0.68018018018018,0.31981981981982,222,0.631818181818182,0.368181818181818,220,0.963636363636364,0.0363636363636364,220,0.452054794520548,0.547945205479452,219
81315,0.761904761904762,0.238095238095238,126,0.165289256198347,0.834710743801653,121,0.916666666666667,0.0833333333333333,60,0.404761904761905,0.595238095238095,42,0.205357142857143,0.794642857142857,112,0.32520325203252,0.67479674796748,123,0.568807339449541,0.431192660550459,109,0.362068965517241,0.637931034482759,58,0.811023622047244,0.188976377952756,127,0.316666666666667,0.683333333333333,120,0.261904761904762,0.738095238095238,126,0.650793650793651,0.349206349206349,126,0.632,0.368,125,0.952380952380952,0.0476190476190476,126,0.408,0.592,125
81316,0.864864864864865,0.135135135135135,703,0.122754491017964,0.877245508982036,668,0.835555555555556,0.164444444444444,225,0.43205574912892,0.56794425087108,287,0.191605839416058,0.808394160583942,548,0.208516886930984,0.791483113069016,681,0.506958250497018,0.493041749502982,503,0.393063583815029,0.606936416184971,346,0.791726105563481,0.208273894436519,701,0.271137026239067,0.728862973760933,686,0.213256484149856,0.786743515850144,694,0.680057388809182,0.319942611190818,697,0.642752562225476,0.357247437774524,683,0.965665236051502,0.0343347639484979,699,0.507868383404864,0.492131616595136,699
81317,0.823235477826359,0.176764522173641,1601,0.201948051948052,0.798051948051948,1540,0.845559845559846,0.154440154440154,518,0.312080536912752,0.687919463087248,596,0.210526315789474,0.789473684210526,1292,0.220893643801133,0.779106356198867,1589,0.481361426256078,0.518638573743922,1234,0.316688567674113,0.683311432325887,761,0.82147315855181,0.17852684144819,1602,0.26962676962677,0.73037323037323,1554,0.239252336448598,0.760747663551402,1605,0.663949843260188,0.336050156739812,1595,0.626047711154094,0.373952288845906,1551,0.954460386774797,0.0455396132252028,1603,0.452900810979414,0.547099189020586,1603
81318,0.77734375,0.22265625,256,0.1440329218107,0.8559670781893,243,0.804347826086957,0.195652173913043,92,0.273684210526316,0.726315789473684,95,0.251256281407035,0.748743718592965,199,0.23046875,0.76953125,256,0.533333333333333,0.466666666666667,195,0.273584905660377,0.726415094339623,106,0.833333333333333,0.166666666666667,258,0.286852589641434,0.713147410358566,251,0.263565891472868,0.736434108527132,258,0.723735408560311,0.276264591439689,257,0.623529411764706,0.376470588235294,255,0.949612403100775,0.0503875968992248,258,0.465116279069768,0.534883720930233,258
81319,1,0,4,0.5,0.5,4,1,0,2,0,1,2,0,1,2,0.666666666666667,0.333333333333333,3,0,1,3,0,1,2,1,0,4,0.5,0.5,4,0.25,0.75,4,0.75,0.25,4,0.75,0.25,4,1,0,4,0.5,0.5,4
81320,0.837462834489594,0.162537165510406,1009,0.478213507625272,0.521786492374728,918,0.619512195121951,0.380487804878049,205,0.165413533834586,0.834586466165414,266,0.219736842105263,0.780263157894737,760,0.1956745623069,0.8043254376931,971,0.560477001703578,0.439522998296423,587,0.396995708154506,0.603004291845494,466,0.863492063492064,0.136507936507937,945,0.284384694932782,0.715615305067218,967,0.248520710059172,0.751479289940828,1014,0.621840242669363,0.378159757330637,989,0.610997963340122,0.389002036659878,982,0.945382323733863,0.054617676266137,1007,0.524340770791075,0.475659229208925,986
81321,0.717333333333333,0.282666666666667,375,0.338278931750742,0.661721068249258,337,0.588888888888889,0.411111111111111,90,0.209677419354839,0.790322580645161,62,0.244372990353698,0.755627009646302,311,0.228021978021978,0.771978021978022,364,0.688976377952756,0.311023622047244,254,0.302325581395349,0.697674418604651,215,0.858356940509915,0.141643059490085,353,0.289893617021277,0.710106382978723,376,0.21227621483376,0.78772378516624,391,0.646753246753247,0.353246753246753,385,0.631016042780749,0.368983957219251,374,0.950391644908616,0.0496083550913838,383,0.54177897574124,0.45822102425876,371
81322,0.875502008032129,0.124497991967871,249,0.481171548117155,0.518828451882845,239,0.704918032786885,0.295081967213115,61,0.252427184466019,0.747572815533981,103,0.153846153846154,0.846153846153846,182,0.255144032921811,0.744855967078189,243,0.52046783625731,0.47953216374269,171,0.365217391304348,0.634782608695652,115,0.873015873015873,0.126984126984127,252,0.248979591836735,0.751020408163265,245,0.206225680933852,0.793774319066148,257,0.622047244094488,0.377952755905512,254,0.633466135458167,0.366533864541833,251,0.98046875,0.01953125,256,0.529644268774704,0.470355731225297,253
81323,0.79375,0.20625,160,0.496688741721854,0.503311258278146,151,0.64,0.36,50,0.234042553191489,0.765957446808511,47,0.220588235294118,0.779411764705882,136,0.152866242038217,0.847133757961784,157,0.652892561983471,0.347107438016529,121,0.288888888888889,0.711111111111111,90,0.824675324675325,0.175324675324675,154,0.414012738853503,0.585987261146497,157,0.198757763975155,0.801242236024845,161,0.70440251572327,0.29559748427673,159,0.645161290322581,0.354838709677419,155,0.906832298136646,0.093167701863354,161,0.548387096774194,0.451612903225806,155
81324,0.748148148148148,0.251851851851852,135,0.151515151515152,0.848484848484848,132,0.929824561403509,0.0701754385964912,57,0.531914893617021,0.468085106382979,47,0.182539682539683,0.817460317460317,126,0.235294117647059,0.764705882352941,136,0.628571428571429,0.371428571428571,105,0.46969696969697,0.53030303030303,66,0.839416058394161,0.160583941605839,137,0.248062015503876,0.751937984496124,129,0.214814814814815,0.785185185185185,135,0.688888888888889,0.311111111111111,135,0.666666666666667,0.333333333333333,135,0.948529411764706,0.0514705882352941,136,0.397058823529412,0.602941176470588,136
81325,0.683098591549296,0.316901408450704,426,0.276485788113695,0.723514211886305,387,0.520408163265306,0.479591836734694,98,0.166666666666667,0.833333333333333,60,0.287234042553192,0.712765957446809,376,0.175644028103045,0.824355971896956,427,0.685714285714286,0.314285714285714,280,0.281124497991968,0.718875502008032,249,0.828502415458937,0.171497584541063,414,0.327058823529412,0.672941176470588,425,0.184510250569476,0.815489749430524,439,0.666666666666667,0.333333333333333,435,0.543529411764706,0.456470588235294,425,0.929411764705882,0.0705882352941176,425,0.519230769230769,0.480769230769231,416
81326,0.817204301075269,0.182795698924731,93,0.372093023255814,0.627906976744186,86,0.529411764705882,0.470588235294118,17,0.533333333333333,0.466666666666667,15,0.146666666666667,0.853333333333333,75,0.150537634408602,0.849462365591398,93,0.577464788732394,0.422535211267606,71,0.346938775510204,0.653061224489796,49,0.816326530612245,0.183673469387755,98,0.234042553191489,0.765957446808511,94,0.267326732673267,0.732673267326733,101,0.673469387755102,0.326530612244898,98,0.532608695652174,0.467391304347826,92,0.95959595959596,0.0404040404040404,99,0.397959183673469,0.602040816326531,98
81327,0.680851063829787,0.319148936170213,282,0.268939393939394,0.731060606060606,264,0.602150537634409,0.397849462365591,93,0.482142857142857,0.517857142857143,56,0.269230769230769,0.730769230769231,260,0.226148409893993,0.773851590106007,283,0.713592233009709,0.286407766990291,206,0.338383838383838,0.661616161616162,198,0.828571428571429,0.171428571428571,280,0.304659498207885,0.695340501792115,279,0.136363636363636,0.863636363636364,286,0.698245614035088,0.301754385964912,285,0.721014492753623,0.278985507246377,276,0.891228070175439,0.108771929824561,285,0.492857142857143,0.507142857142857,280
81328,0.642458100558659,0.357541899441341,179,0.335570469798658,0.664429530201342,149,0.560975609756098,0.439024390243902,41,0.171428571428571,0.828571428571429,35,0.193548387096774,0.806451612903226,155,0.237837837837838,0.762162162162162,185,0.688524590163934,0.311475409836066,122,0.285714285714286,0.714285714285714,91,0.861878453038674,0.138121546961326,181,0.302197802197802,0.697802197802198,182,0.223958333333333,0.776041666666667,192,0.632432432432433,0.367567567567568,185,0.561497326203209,0.438502673796791,187,0.940540540540541,0.0594594594594595,185,0.516304347826087,0.483695652173913,184
81329,0.68421052631579,0.315789473684211,114,0.314285714285714,0.685714285714286,105,0.566666666666667,0.433333333333333,30,0.25,0.75,12,0.214953271028037,0.785046728971963,107,0.261261261261261,0.738738738738739,111,0.738095238095238,0.261904761904762,84,0.386363636363636,0.613636363636364,88,0.776785714285714,0.223214285714286,112,0.315315315315315,0.684684684684685,111,0.0964912280701754,0.903508771929825,114,0.651785714285714,0.348214285714286,112,0.803571428571429,0.196428571428571,112,0.859649122807018,0.140350877192982,114,0.409090909090909,0.590909090909091,110
81330,0.777564717162033,0.222435282837967,1043,0.173570019723866,0.826429980276134,1014,0.801120448179272,0.198879551820728,357,0.388746803069054,0.611253196930946,391,0.189038031319911,0.81096196868009,894,0.229445506692161,0.77055449330784,1046,0.526774595267746,0.473225404732254,803,0.4,0.6,520,0.82051282051282,0.17948717948718,1053,0.284729064039409,0.715270935960591,1015,0.207816968541468,0.792183031458532,1049,0.691275167785235,0.308724832214765,1043,0.663751214771623,0.336248785228377,1029,0.924026590693257,0.0759734093067426,1053,0.411820781696854,0.588179218303146,1049
81331,0.708333333333333,0.291666666666667,120,0.294642857142857,0.705357142857143,112,0.681818181818182,0.318181818181818,22,0.2,0.8,15,0.252252252252252,0.747747747747748,111,0.254237288135593,0.745762711864407,118,0.802197802197802,0.197802197802198,91,0.289156626506024,0.710843373493976,83,0.848739495798319,0.151260504201681,119,0.355932203389831,0.64406779661017,118,0.0661157024793388,0.933884297520661,121,0.652892561983471,0.347107438016529,121,0.666666666666667,0.333333333333333,120,0.9,0.1,120,0.552631578947369,0.447368421052632,114
81332,0.668292682926829,0.331707317073171,205,0.260416666666667,0.739583333333333,192,0.5,0.5,50,0.291666666666667,0.708333333333333,24,0.252688172043011,0.747311827956989,186,0.240196078431373,0.759803921568627,204,0.758389261744966,0.241610738255034,149,0.377483443708609,0.622516556291391,151,0.812807881773399,0.187192118226601,203,0.314009661835749,0.685990338164251,207,0.122641509433962,0.877358490566038,212,0.635071090047393,0.364928909952607,211,0.714975845410628,0.285024154589372,207,0.909952606635071,0.0900473933649289,211,0.471153846153846,0.528846153846154,208
81333,0.596491228070175,0.403508771929825,57,0.285714285714286,0.714285714285714,56,0.5,0.5,28,0.375,0.625,16,0.203703703703704,0.796296296296296,54,0.224137931034483,0.775862068965517,58,0.702127659574468,0.297872340425532,47,0.261904761904762,0.738095238095238,42,0.724137931034483,0.275862068965517,58,0.385964912280702,0.614035087719298,57,0.137931034482759,0.862068965517241,58,0.824561403508772,0.175438596491228,57,0.660714285714286,0.339285714285714,56,0.827586206896552,0.172413793103448,58,0.481481481481482,0.518518518518519,54
