ECO_ID,SpeciesNumber,BiomeType,GF_H,GF_W,LC_A,LC_P,PH_D,PH_E,RS_F,RS_T,PT_M,PT_U,LS_C,LS_S,LM_E,LM_L,LV_P,LV_R,SS_B,SS_U,IF_D,IF_I,OP_E,OP_H,FS_A,FS_Z,PF_C,PF_S,FT_D,FT_F,FD_D,FD_I
10105,2402.333333,Trop/Subtrop Forests,0.388928068,0.611071932,0.033873874,0.966126126,0.16255144,0.83744856,0.868501529,0.131498471,0.271450266,0.728549734,0.104810997,0.895189003,0.755721128,0.244278872,0.347571942,0.652428058,0.690824705,0.309175295,0.382374907,0.617625093,0.414719219,0.585280781,0.690444592,0.309555408,0.624763347,0.375236653,0.630498534,0.369501466,0.451073117,0.548926883
10106,528.7333333,Trop/Subtrop Forests,0.170111288,0.829888712,0.017713366,0.982286634,0.106508876,0.893491124,0.897435897,0.102564103,0.30318258,0.69681742,0.166666667,0.833333333,0.761670762,0.238329238,0.161825726,0.838174274,0.607431341,0.392568659,0.460714286,0.539285714,0.277070064,0.722929936,0.795918367,0.204081633,0.610108303,0.389891697,0.466442953,0.533557047,0.367346939,0.632653061
10107,436.9333333,Trop/Subtrop Forests,0.289017341,0.710982659,0.042857143,0.957142857,0.173515982,0.826484018,0.866666667,0.133333333,0.29258517,0.70741483,0.156787763,0.843212237,0.722560976,0.277439024,0.222513089,0.777486911,0.637254902,0.362745098,0.383157895,0.616842105,0.34914611,0.65085389,0.729241877,0.270758123,0.643010753,0.356989247,0.590196078,0.409803922,0.377952756,0.622047244
10109,193.1333333,Trop/Subtrop Forests,0.504385965,0.495614035,0.123853211,0.876146789,0.233870968,0.766129032,0.423076923,0.576923077,0.296650718,0.703349282,0.131578947,0.868421053,0.575757576,0.424242424,0.274390244,0.725609756,0.695454545,0.304545455,0.355140187,0.644859813,0.311926606,0.688073394,0.793721973,0.206278027,0.526829268,0.473170732,0.712962963,0.287037037,0.431924883,0.568075117
10111,519.1333333,Trop/Subtrop Forests,0.200647249,0.799352751,0.018032787,0.981967213,0.111821086,0.888178914,0.902439024,0.097560976,0.2996633,0.7003367,0.163398693,0.836601307,0.749373434,0.250626566,0.194154489,0.805845511,0.601317957,0.398682043,0.421731123,0.578268877,0.251223491,0.748776509,0.75911252,0.24088748,0.640653358,0.359346642,0.5625,0.4375,0.380136986,0.619863014
10113,2099.933333,Trop/Subtrop Forests,0.24137931,0.75862069,0.024439103,0.975560897,0.10707457,0.89292543,0.836363636,0.163636364,0.298394291,0.701605709,0.096269555,0.903730445,0.839586028,0.160413972,0.231048806,0.768951194,0.715289256,0.284710744,0.488429752,0.511570248,0.347619048,0.652380952,0.771667881,0.228332119,0.590268304,0.409731696,0.538461538,0.461538462,0.405585106,0.594414894
10115,1598.733333,Trop/Subtrop Forests,0.267791249,0.732208751,0.049126638,0.950873362,0.156028369,0.843971631,0.786666667,0.213333333,0.274393531,0.725606469,0.162631579,0.837368421,0.745819398,0.254180602,0.215517241,0.784482759,0.616071429,0.383928571,0.407925408,0.592074592,0.258403361,0.741596639,0.742034943,0.257965057,0.629213483,0.370786517,0.577548807,0.422451193,0.379464286,0.620535714
10117,2949.866667,Trop/Subtrop Forests,0.408897705,0.591102295,0.085921013,0.914078987,0.160786582,0.839213418,0.795719844,0.204280156,0.25,0.75,0.153428571,0.846571429,0.731310466,0.268689534,0.304018196,0.695981804,0.755294118,0.244705882,0.352511416,0.647488584,0.28926097,0.71073903,0.683867309,0.316132691,0.656182547,0.343817453,0.66460177,0.33539823,0.448024316,0.551975684
10119,587.8666667,Trop/Subtrop Forests,0.402017291,0.597982709,0.026825633,0.973174367,0.126984127,0.873015873,0.901234568,0.098765432,0.237956204,0.762043796,0.097841727,0.902158273,0.794466403,0.205533597,0.404553415,0.595446585,0.674418605,0.325581395,0.406050955,0.593949045,0.434846266,0.565153734,0.621659634,0.378340366,0.696774194,0.303225806,0.653673163,0.346326837,0.516516517,0.483483483
10120,2724.933333,Trop/Subtrop Forests,0.324240546,0.675759454,0.043630573,0.956369427,0.136260409,0.863739591,0.840390879,0.159609121,0.276679842,0.723320158,0.139143731,0.860856269,0.752371917,0.247628083,0.284671533,0.715328467,0.670739348,0.329260652,0.403514589,0.596485411,0.337316176,0.662683824,0.733491264,0.266508736,0.628619529,0.371380471,0.597289448,0.402710552,0.414990266,0.585009734
10123,677.1333333,Trop/Subtrop Forests,0.279596977,0.720403023,0.04993598,0.95006402,0.143181818,0.856818182,0.68627451,0.31372549,0.284031414,0.715968586,0.16084788,0.83915212,0.71780303,0.28219697,0.174326466,0.825673534,0.628172589,0.371827411,0.416781293,0.583218707,0.271683673,0.728316327,0.755555556,0.244444444,0.596368715,0.403631285,0.479434447,0.520565553,0.360419397,0.639580603
10124,744.1333333,Trop/Subtrop Forests,0.3728223,0.6271777,0.024249423,0.975750577,0.103542234,0.896457766,0.897058824,0.102941176,0.269916766,0.730083234,0.112866817,0.887133183,0.712374582,0.287625418,0.337159254,0.662840746,0.708571429,0.291428571,0.342039801,0.657960199,0.422764228,0.577235772,0.636465324,0.363534676,0.563882064,0.436117936,0.544405998,0.455594002,0.436848204,0.563151796
10126,680,Trop/Subtrop Forests,0.376574307,0.623425693,0.056356488,0.943643512,0.177377892,0.822622108,0.752475248,0.247524752,0.289405685,0.710594315,0.140328698,0.859671302,0.673796791,0.326203209,0.278877888,0.721122112,0.678980892,0.321019108,0.399470899,0.600529101,0.337106918,0.662893082,0.709756098,0.290243902,0.611420613,0.388579387,0.600770218,0.399229782,0.404947917,0.595052083
10128,609.6,Trop/Subtrop Forests,0.224184783,0.775815217,0.011173184,0.988826816,0.078125,0.921875,0.846153846,0.153846154,0.225071225,0.774928775,0.197278912,0.802721088,0.751072961,0.248927039,0.244036697,0.755963303,0.593619972,0.406380028,0.384493671,0.615506329,0.279202279,0.720797721,0.755376344,0.244623656,0.662939297,0.337060703,0.548991354,0.451008646,0.447024673,0.552975327
10201,272.5333333,Trop/Subtrop Forests,0.393081761,0.606918239,0.086378738,0.913621262,0.216049383,0.783950617,0.820512821,0.179487179,0.24437299,0.75562701,0.178125,0.821875,0.622807018,0.377192982,0.172,0.828,0.611987382,0.388012618,0.450847458,0.549152542,0.220447284,0.779552716,0.686520376,0.313479624,0.682432432,0.317567568,0.603225806,0.396774194,0.485436893,0.514563107
10202,717.4666667,Trop/Subtrop Forests,0.249712313,0.750287687,0.047272727,0.952727273,0.151832461,0.848167539,0.726190476,0.273809524,0.291044776,0.708955224,0.135491607,0.864508393,0.793040293,0.206959707,0.205882353,0.794117647,0.721822542,0.278177458,0.514742015,0.485257985,0.241339492,0.758660508,0.77508269,0.22491731,0.600765306,0.399234694,0.578419072,0.421580928,0.37012987,0.62987013
10204,293.3333333,Trop/Subtrop Forests,0.557522124,0.442477876,0.186335404,0.813664596,0.258823529,0.741176471,0.630769231,0.369230769,0.239393939,0.760606061,0.192878338,0.807121662,0.591666667,0.408333333,0.255555556,0.744444444,0.704142012,0.295857988,0.395061728,0.604938272,0.182352941,0.817647059,0.647761194,0.352238806,0.640625,0.359375,0.771513353,0.228486647,0.465465465,0.534534535
10401,168.9333333,Temp Forests,0.786729858,0.213270142,0.126315789,0.873684211,0.28358209,0.71641791,0.4875,0.5125,0.171052632,0.828947368,0.074257426,0.925742574,0.535087719,0.464912281,0.492307692,0.507692308,0.731343284,0.268656716,0.28358209,0.71641791,0.419191919,0.580808081,0.802955665,0.197044335,0.59798995,0.40201005,0.881443299,0.118556701,0.447916667,0.552083333
10402,5674.2,Temp Forests,0.501851852,0.498148148,0.115272448,0.884727552,0.220643939,0.779356061,0.568412162,0.431587838,0.198231653,0.801768347,0.126841485,0.873158515,0.658969805,0.341030195,0.404192299,0.595807701,0.82244836,0.17755164,0.292039494,0.707960506,0.321360504,0.678639496,0.624441562,0.375558438,0.62910368,0.37089632,0.830861423,0.169138577,0.526159613,0.473840387
10403,428.0666667,Temp Forests,0.729349736,0.270650264,0.035785288,0.964214712,0.169811321,0.830188679,0.700854701,0.299145299,0.250737463,0.749262537,0.054,0.946,0.682795699,0.317204301,0.585443038,0.414556962,0.745182013,0.254817987,0.243727599,0.756272401,0.455035971,0.544964029,0.799313894,0.200686106,0.546448087,0.453551913,0.918287938,0.081712062,0.431683168,0.568316832
10404,933.2666667,Temp Forests,0.751918159,0.248081841,0.085606773,0.914393227,0.245333333,0.754666667,0.526785714,0.473214286,0.229647631,0.770352369,0.063520871,0.936479129,0.643678161,0.356321839,0.54368932,0.45631068,0.774621212,0.225378788,0.26173913,0.73826087,0.396031061,0.603968939,0.766722408,0.233277592,0.562280702,0.437719298,0.8955495,0.1044505,0.452865065,0.547134935
10405,2163.933333,Temp Forests,0.626150307,0.373849693,0.126277074,0.873722926,0.401337793,0.598662207,0.45308311,0.54691689,0.210729821,0.789270179,0.114443567,0.885556433,0.535308953,0.464691047,0.408746356,0.591253644,0.763917107,0.236082893,0.278747026,0.721252974,0.351614158,0.648385842,0.722265023,0.277734977,0.601239669,0.398760331,0.85081771,0.14918229,0.455864571,0.544135429
10406,1923.066667,Temp Forests,0.623749456,0.376250544,0.15503876,0.84496124,0.377272727,0.622727273,0.422727273,0.577272727,0.228014745,0.771985255,0.127096205,0.872903795,0.527871054,0.472128946,0.398384926,0.601615074,0.77782826,0.22217174,0.298405467,0.701594533,0.32296757,0.67703243,0.718777293,0.281222707,0.586271744,0.413728256,0.829268293,0.170731707,0.453125,0.546875
10407,313.2666667,Temp Forests,0.728426396,0.271573604,0.046070461,0.953929539,0.195121951,0.804878049,0.60483871,0.39516129,0.237410072,0.762589928,0.0626703,0.9373297,0.619318182,0.380681818,0.510460251,0.489539749,0.734870317,0.265129683,0.280205656,0.719794344,0.474358974,0.525641026,0.778054863,0.221945137,0.59375,0.40625,0.872576177,0.127423823,0.420168067,0.579831933
10408,1075.933333,Temp Forests,0.71957672,0.28042328,0.160392799,0.839607201,0.349900596,0.650099404,0.403301887,0.596698113,0.220061412,0.779938588,0.109250399,0.890749601,0.520289855,0.479710145,0.476658477,0.523341523,0.77978636,0.22021364,0.280525502,0.719474498,0.36121673,0.63878327,0.734386757,0.265613243,0.586342229,0.413657771,0.876777251,0.123222749,0.443815683,0.556184317
10409,4307.333333,Temp Forests,0.595662562,0.404337438,0.135200484,0.864799516,0.268939394,0.731060606,0.473938224,0.526061776,0.160913952,0.839086048,0.093902201,0.906097799,0.646548734,0.353451266,0.499048223,0.500951777,0.848710717,0.151289283,0.255140747,0.744859253,0.369133918,0.630866082,0.596428571,0.403571429,0.636398913,0.363601087,0.897907788,0.102092212,0.552284264,0.447715736
10410,524.9333333,Temp Forests,0.698027314,0.301972686,0.109120521,0.890879479,0.312030075,0.687969925,0.410958904,0.589041096,0.274678112,0.725321888,0.085899514,0.914100486,0.510769231,0.489230769,0.438961039,0.561038961,0.787564767,0.212435233,0.297297297,0.702702703,0.411302983,0.588697017,0.770739065,0.229260935,0.578947368,0.421052632,0.861666667,0.138333333,0.443877551,0.556122449
10411,1441.533333,Temp Forests,0.747637576,0.252362424,0.182783019,0.817216981,0.333892617,0.666107383,0.419413919,0.580586081,0.16121673,0.83878327,0.098837209,0.901162791,0.574267782,0.425732218,0.565464896,0.434535104,0.829034193,0.170965807,0.240535818,0.759464182,0.341965862,0.658034138,0.639297848,0.360702152,0.63960852,0.36039148,0.933333333,0.066666667,0.494832827,0.505167173
10412,1340.266667,Temp Forests,0.722090261,0.277909739,0.151724138,0.848275862,0.243902439,0.756097561,0.473799127,0.526200873,0.156831043,0.843168957,0.088861076,0.911138924,0.639455782,0.360544218,0.589566929,0.410433071,0.834957765,0.165042235,0.249375,0.750625,0.367794486,0.632205514,0.614501511,0.385498489,0.647530864,0.352469136,0.931056293,0.068943707,0.525165563,0.474834437
10413,1277.933333,Temp Forests,0.720323182,0.279676818,0.132585752,0.867414248,0.281663516,0.718336484,0.485915493,0.514084507,0.156697557,0.843302443,0.089425587,0.910574413,0.630662021,0.369337979,0.595876289,0.404123711,0.822613406,0.177386594,0.232435982,0.767564018,0.378360215,0.621639785,0.622867972,0.377132028,0.634114583,0.365885417,0.935333333,0.064666667,0.527932961,0.472067039
10414,421.2666667,Temp Forests,0.683823529,0.316176471,0.047619048,0.952380952,0.256544503,0.743455497,0.684210526,0.315789474,0.253333333,0.746666667,0.055226824,0.944773176,0.626126126,0.373873874,0.549079755,0.450920245,0.742980562,0.257019438,0.279693487,0.720306513,0.427466151,0.572533849,0.773722628,0.226277372,0.593625498,0.406374502,0.853556485,0.146443515,0.416666667,0.583333333
10701,2114.466667,Grasslands,0.595645412,0.404354588,0.222573363,0.777426637,0.252512563,0.747487437,0.803532009,0.196467991,0.233811386,0.766188614,0.144418423,0.855581577,0.706010138,0.293989862,0.390026247,0.609973753,0.816302187,0.183697813,0.339754098,0.660245902,0.214785992,0.785214008,0.621684867,0.378315133,0.664777328,0.335222672,0.812623274,0.187376726,0.482772765,0.517227235
10702,2759.466667,Grasslands,0.535043245,0.464956755,0.156513286,0.843486714,0.228386167,0.771613833,0.654867257,0.345132743,0.192699193,0.807300807,0.129307716,0.870692284,0.669790518,0.330209482,0.391494958,0.608505042,0.806881587,0.193118413,0.29687006,0.70312994,0.262563188,0.737436812,0.627118644,0.372881356,0.645352464,0.354647536,0.819010021,0.180989979,0.472652545,0.527347455
10703,2122.133333,Grasslands,0.494413408,0.505586592,0.139130435,0.860869565,0.203921569,0.796078431,0.851758794,0.148241206,0.245404019,0.754595981,0.145346535,0.854653465,0.736807818,0.263192182,0.354166667,0.645833333,0.759371221,0.240628779,0.356164384,0.643835616,0.259581193,0.740418807,0.659153816,0.340846184,0.667927701,0.332072299,0.73603857,0.26396143,0.466364012,0.533635988
10704,1514.6,Grasslands,0.634119583,0.365880417,0.249199231,0.750800769,0.271758437,0.728241563,0.810650888,0.189349112,0.178378378,0.821621622,0.128021978,0.871978022,0.695329087,0.304670913,0.451589595,0.548410405,0.828555368,0.171444632,0.301020408,0.698979592,0.19534632,0.80465368,0.58985667,0.41014333,0.68940248,0.31059752,0.859459459,0.140540541,0.475473802,0.524526198
10705,2439.2,Grasslands,0.484444444,0.515555556,0.134881978,0.865118022,0.199369582,0.800630418,0.752913753,0.247086247,0.227168074,0.772831926,0.146684988,0.853315012,0.714533874,0.285466126,0.352014822,0.647985178,0.788016819,0.211983181,0.320494186,0.679505814,0.252307692,0.747692308,0.654434251,0.345565749,0.660007265,0.339992735,0.754854369,0.245145631,0.470165349,0.529834651
10706,2154.2,Grasslands,0.595647194,0.404352806,0.229185727,0.770814273,0.293963255,0.706036745,0.754060325,0.245939675,0.196617336,0.803382664,0.146630934,0.853369066,0.669308357,0.330691643,0.385015609,0.614984391,0.822524272,0.177475728,0.32300885,0.67699115,0.196286472,0.803713528,0.589831804,0.410168196,0.6729634,0.3270366,0.8420653,0.1579347,0.505715412,0.494284588
10707,1373.733333,Grasslands,0.621248499,0.378751501,0.210889042,0.789110958,0.249534451,0.750465549,0.669117647,0.330882353,0.157342657,0.842657343,0.120072771,0.879927229,0.685610641,0.314389359,0.455729167,0.544270833,0.827858881,0.172141119,0.291147132,0.708852868,0.22974537,0.77025463,0.577738516,0.422261484,0.651533742,0.348466258,0.881135423,0.118864577,0.473878304,0.526121696
10708,308.7333333,Grasslands,0.514986376,0.485013624,0.193548387,0.806451613,0.138888889,0.861111111,0.984375,0.015625,0.222560976,0.777439024,0.10326087,0.89673913,0.735294118,0.264705882,0.401360544,0.598639456,0.752840909,0.247159091,0.306818182,0.693181818,0.255434783,0.744565217,0.654696133,0.345303867,0.736070381,0.263929619,0.747222222,0.252777778,0.38,0.62
10709,1061.2,Grasslands,0.600624025,0.399375975,0.236263736,0.763736264,0.287469287,0.712530713,0.743718593,0.256281407,0.172265289,0.827734711,0.141185647,0.858814353,0.676783005,0.323216995,0.435058078,0.564941922,0.818685669,0.181314331,0.288149351,0.711850649,0.191097467,0.808902533,0.573564123,0.426435877,0.679518072,0.320481928,0.866359447,0.133640553,0.497250589,0.502749411
10801,1818.333333,Grasslands,0.714866697,0.285133303,0.159803922,0.840196078,0.450610433,0.549389567,0.356643357,0.643356643,0.21393643,0.78606357,0.124461465,0.875538535,0.496753247,0.503246753,0.429871114,0.570128886,0.792953668,0.207046332,0.273732719,0.726267281,0.333483958,0.666516042,0.744728578,0.255271422,0.604737575,0.395262425,0.879963066,0.120036934,0.442407146,0.557592854
10802,965.6,Grasslands,0.678747941,0.321252059,0.263011152,0.736988848,0.25,0.75,0.535714286,0.464285714,0.158008658,0.841991342,0.08616188,0.91383812,0.659284497,0.340715503,0.47041847,0.52958153,0.810329475,0.189670525,0.276895944,0.723104056,0.309562399,0.690437601,0.627146361,0.372853639,0.589041096,0.410958904,0.894736842,0.105263158,0.425974026,0.574025974
10803,2470.066667,Grasslands,0.657371795,0.342628205,0.225590412,0.774409588,0.301357466,0.698642534,0.452418097,0.547581903,0.159542954,0.840457046,0.100817439,0.899182561,0.626769627,0.373230373,0.471866295,0.528133705,0.824187347,0.175812653,0.262078554,0.737921446,0.318850049,0.681149951,0.618641287,0.381358713,0.623565159,0.376434841,0.894281915,0.105718085,0.483009709,0.516990291
11001,1062.6,Grasslands,0.694606414,0.305393586,0.112980769,0.887019231,0.254950495,0.745049505,0.433121019,0.566878981,0.181818182,0.818181818,0.082997583,0.917002417,0.596358118,0.403641882,0.546174142,0.453825858,0.845648604,0.154351396,0.244131455,0.755868545,0.400304414,0.599695586,0.618154539,0.381845461,0.605580694,0.394419306,0.941176471,0.058823529,0.504410585,0.495589415
11002,802.4666667,Grasslands,0.543455497,0.456544503,0.053899083,0.946100917,0.216450216,0.783549784,0.807692308,0.192307692,0.224489796,0.775510204,0.062966916,0.937033084,0.645907473,0.354092527,0.446175637,0.553824363,0.766990291,0.233009709,0.302083333,0.697916667,0.440968718,0.559031282,0.705550329,0.294449671,0.575819672,0.424180328,0.728706625,0.271293375,0.413043478,0.586956522
11003,1064.266667,Grasslands,0.753333333,0.246666667,0.093617021,0.906382979,0.291457286,0.708542714,0.469333333,0.530666667,0.223760092,0.776239908,0.084219133,0.915780867,0.550831793,0.449168207,0.536523929,0.463476071,0.779264214,0.220735786,0.23624358,0.76375642,0.391654466,0.608345534,0.771489971,0.228510029,0.558867362,0.441132638,0.910769231,0.089230769,0.441314554,0.558685446
11101,127.8,Tundra,0.895705521,0.104294479,0.075862069,0.924137931,0.129032258,0.870967742,0.456140351,0.543859649,0.163461538,0.836538462,0.048611111,0.951388889,0.762711864,0.237288136,0.680851064,0.319148936,0.77027027,0.22972973,0.262195122,0.737804878,0.409937888,0.590062112,0.732142857,0.267857143,0.662576687,0.337423313,0.974683544,0.025316456,0.455696203,0.544303797
11201,1140.4,Mediterranean Scrub,0.391247551,0.608752449,0.173106646,0.826893354,0.125461255,0.874538745,0.518518519,0.481481481,0.166324435,0.833675565,0.047142857,0.952857143,0.80141844,0.19858156,0.330287206,0.669712794,0.900145773,0.099854227,0.268049155,0.731950845,0.397278912,0.602721088,0.579947575,0.420052425,0.541052632,0.458947368,0.889842632,0.110157368,0.593194122,0.406805878
11202,2563.066667,Mediterranean Scrub,0.363396005,0.636603995,0.092372288,0.907627712,0.109225092,0.890774908,0.684782609,0.315217391,0.121450415,0.878549585,0.044957852,0.955042148,0.788617886,0.211382114,0.358664364,0.641335636,0.903655514,0.096344486,0.245327103,0.754672897,0.396280859,0.603719141,0.555523,0.444477,0.597774245,0.402225755,0.899608866,0.100391134,0.674165457,0.325834543
11203,1281.8,Mediterranean Scrub,0.658297612,0.341702388,0.259810555,0.740189445,0.325095057,0.674904943,0.396969697,0.603030303,0.133784928,0.866215072,0.07083065,0.92916935,0.663885578,0.336114422,0.485869565,0.514130435,0.840648211,0.159351789,0.263228399,0.736771601,0.361862807,0.638137193,0.606587943,0.393412057,0.616517286,0.383482714,0.900321543,0.099678457,0.50879567,0.49120433
11204,1262.266667,Mediterranean Scrub,0.595051298,0.404948702,0.120689655,0.879310345,0.213051823,0.786948177,0.618110236,0.381889764,0.122331691,0.877668309,0.068571429,0.931428571,0.725316456,0.274683544,0.519002375,0.480997625,0.85968254,0.14031746,0.224010731,0.775989269,0.391012743,0.608987257,0.557856273,0.442143727,0.662729659,0.337270341,0.908023483,0.091976517,0.639679066,0.360320934
11205,1911.266667,Mediterranean Scrub,0.566343042,0.433656958,0.160259379,0.839740621,0.220447284,0.779552716,0.585365854,0.414634146,0.111419069,0.888580931,0.071669477,0.928330523,0.700499168,0.299500832,0.483944954,0.516055046,0.859521776,0.140478224,0.223011995,0.776988005,0.361333333,0.638666667,0.58677011,0.41322989,0.633068081,0.366931919,0.897058824,0.102941176,0.600374357,0.399625643
11206,2066,Mediterranean Scrub,0.667830811,0.332169189,0.208211144,0.791788856,0.353255069,0.646744931,0.412251656,0.587748344,0.161503301,0.838496699,0.095199677,0.904800323,0.620305981,0.379694019,0.503272251,0.496727749,0.837871806,0.162128194,0.280233528,0.719766472,0.346370968,0.653629032,0.612277228,0.387722772,0.633739837,0.366260163,0.888616891,0.111383109,0.510126582,0.489873418
11207,1957.733333,Mediterranean Scrub,0.69052379,0.30947621,0.242397532,0.757602468,0.296992481,0.703007519,0.461966605,0.538033395,0.140233723,0.859766277,0.082197615,0.917802385,0.640449438,0.359550562,0.514653324,0.485346676,0.833259424,0.166740576,0.258121159,0.741878841,0.359342916,0.640657084,0.614596146,0.385403854,0.620588235,0.379411765,0.908711963,0.091288037,0.489706527,0.510293473
11208,1462.4,Mediterranean Scrub,0.72899729,0.27100271,0.192579505,0.807420495,0.294532628,0.705467372,0.465631929,0.534368071,0.149600581,0.850399419,0.081864696,0.918135304,0.647715736,0.352284264,0.584990958,0.415009042,0.847928994,0.152071006,0.25,0.75,0.388636364,0.611363636,0.579329609,0.420670391,0.649063032,0.350936968,0.920480549,0.079519451,0.517569982,0.482430018
11209,2985.866667,Mediterranean Scrub,0.386558868,0.613441132,0.123179612,0.876820388,0.127579737,0.872420263,0.618012422,0.381987578,0.128398792,0.871601208,0.050188883,0.949811117,0.774014436,0.225985564,0.372244489,0.627755511,0.90786274,0.09213726,0.25770797,0.74229203,0.380059766,0.619940234,0.56119628,0.43880372,0.602419577,0.397580423,0.871117166,0.128882834,0.612336114,0.387663886
11210,2198.266667,Mediterranean Scrub,0.512093988,0.487906012,0.111876773,0.888123227,0.182251908,0.817748092,0.637362637,0.362637363,0.100631988,0.899368012,0.059614686,0.940385314,0.731264194,0.268735806,0.480519481,0.519480519,0.887681159,0.112318841,0.211493354,0.788506646,0.378090529,0.621909471,0.546395309,0.453604691,0.628740303,0.371259697,0.908511436,0.091488564,0.652574299,0.347425701
11301,654,Deserts & Drylands,0.527186761,0.472813239,0.239831697,0.760168303,0.220532319,0.779467681,0.477777778,0.522222222,0.173553719,0.826446281,0.095298602,0.904701398,0.736842105,0.263157895,0.338329764,0.661670236,0.84025974,0.15974026,0.302666667,0.697333333,0.325443787,0.674556213,0.619834711,0.380165289,0.551378446,0.448621554,0.852657005,0.147342995,0.462324393,0.537675607
11302,1103.8,Deserts & Drylands,0.621113521,0.378886479,0.257627119,0.742372881,0.282178218,0.717821782,0.564593301,0.435406699,0.159194876,0.840805124,0.108270677,0.891729323,0.664222874,0.335777126,0.438639125,0.561360875,0.843373494,0.156626506,0.29375,0.70625,0.265060241,0.734939759,0.575498575,0.424501425,0.601796407,0.398203593,0.889848812,0.110151188,0.460536398,0.539463602
11304,1153.733333,Deserts & Drylands,0.594031922,0.405968078,0.233305853,0.766694147,0.25729443,0.74270557,0.682051282,0.317948718,0.161777033,0.838222967,0.103374013,0.896625987,0.701881331,0.298118669,0.434435576,0.565564424,0.856227758,0.143772242,0.302013423,0.697986577,0.246258503,0.753741497,0.551229508,0.448770492,0.606891702,0.393108298,0.882312457,0.117687543,0.489423778,0.510576222
11305,779.4666667,Deserts & Drylands,0.484818805,0.515181195,0.201117318,0.798882682,0.150306748,0.849693252,0.592592593,0.407407407,0.164464023,0.835535977,0.055260361,0.944739639,0.738197425,0.261802575,0.375241779,0.624758221,0.856835307,0.143164693,0.286674132,0.713325868,0.378325123,0.621674877,0.584704743,0.415295257,0.499492386,0.500507614,0.870275792,0.129724208,0.481727575,0.518272425
11306,327.9333333,Deserts & Drylands,0.529680365,0.470319635,0.247368421,0.752631579,0.176056338,0.823943662,0.285714286,0.714285714,0.163498099,0.836501901,0.065822785,0.934177215,0.696682464,0.303317536,0.36492891,0.63507109,0.82585752,0.17414248,0.279683377,0.720316623,0.356979405,0.643020595,0.649651972,0.350348028,0.475728155,0.524271845,0.862068966,0.137931034,0.458549223,0.541450777
11307,883.5333333,Deserts & Drylands,0.560469314,0.439530686,0.209641256,0.790358744,0.268551237,0.731448763,0.6,0.4,0.155844156,0.844155844,0.106976744,0.893023256,0.69924812,0.30075188,0.433093525,0.566906475,0.844300278,0.155699722,0.308678501,0.691321499,0.220950704,0.779049296,0.559428061,0.440571939,0.625114574,0.374885426,0.88166215,0.11833785,0.486097795,0.513902205
11308,906.4666667,Deserts & Drylands,0.680385289,0.319614711,0.292089249,0.707910751,0.264150943,0.735849057,0.555555556,0.444444444,0.162442396,0.837557604,0.101010101,0.898989899,0.670068027,0.329931973,0.432766615,0.567233385,0.824413146,0.175586854,0.315247895,0.684752105,0.285591767,0.714408233,0.611979167,0.388020833,0.569724771,0.430275229,0.899480069,0.100519931,0.466117216,0.533882784
11309,1459.866667,Deserts & Drylands,0.665051158,0.334948842,0.266949153,0.733050847,0.292635659,0.707364341,0.451219512,0.548780488,0.16041979,0.83958021,0.088774341,0.911225659,0.664155005,0.335844995,0.450344149,0.549655851,0.831753555,0.168246445,0.289855072,0.710144928,0.338666667,0.661333333,0.632423756,0.367576244,0.571428571,0.428571429,0.89972752,0.10027248,0.460964409,0.539035591
11310,1088.333333,Deserts & Drylands,0.46090535,0.53909465,0.213142376,0.786857624,0.168618267,0.831381733,0.620155039,0.379844961,0.185146444,0.814853556,0.059712774,0.940287226,0.765354331,0.234645669,0.382645804,0.617354196,0.891647856,0.108352144,0.292682927,0.707317073,0.345017182,0.654982818,0.557600545,0.442399455,0.512893983,0.487106017,0.862601029,0.137398971,0.498817967,0.501182033
30101,2228.066667,Trop/Subtrop Forests,0.609399076,0.390600924,0.149855908,0.850144092,0.324438202,0.675561798,0.596899225,0.403100775,0.286963434,0.713036566,0.180485924,0.819514076,0.642089094,0.357910906,0.302358491,0.697641509,0.79386646,0.20613354,0.30139165,0.69860835,0.321883443,0.678116557,0.604526275,0.395473725,0.562280359,0.437719641,0.790228771,0.209771229,0.484161126,0.515838874
30102,3863.933333,Trop/Subtrop Forests,0.310869565,0.689130435,0.050495942,0.949504058,0.201383551,0.798616449,0.788065844,0.211934156,0.344621514,0.655378486,0.170923379,0.829076621,0.754710633,0.245289367,0.187850944,0.812149056,0.77696567,0.22303433,0.491525424,0.508474576,0.34612868,0.65387132,0.706277056,0.293722944,0.594057143,0.405942857,0.597142199,0.402857801,0.44869403,0.55130597
30103,2088.866667,Trop/Subtrop Forests,0.485516116,0.514483884,0.102597403,0.897402597,0.268125855,0.731874145,0.710382514,0.289617486,0.329247675,0.670752325,0.147251846,0.852748154,0.695945946,0.304054054,0.250359712,0.749640288,0.768368618,0.231631382,0.387083157,0.612916843,0.353927987,0.646072013,0.650142219,0.349857781,0.553996599,0.446003401,0.67710944,0.32289056,0.44099118,0.55900882
30105,617.8666667,Trop/Subtrop Forests,0.434301521,0.565698479,0.106169297,0.893830703,0.246794872,0.753205128,0.604938272,0.395061728,0.254261364,0.745738636,0.181560284,0.818439716,0.651162791,0.348837209,0.226600985,0.773399015,0.729050279,0.270949721,0.388807069,0.611192931,0.270233196,0.729766804,0.673913043,0.326086957,0.647845468,0.352154532,0.648571429,0.351428571,0.470930233,0.529069767
30107,2077.2,Trop/Subtrop Forests,0.283149735,0.716850265,0.051476793,0.948523207,0.193087008,0.806912992,0.669603524,0.330396476,0.342940685,0.657059315,0.172158155,0.827841845,0.743087558,0.256912442,0.143942993,0.856057007,0.725498339,0.274501661,0.474533107,0.525466893,0.324391251,0.675608749,0.737250102,0.262749898,0.562800875,0.437199125,0.561410965,0.438589035,0.41509434,0.58490566
30108,1364.866667,Trop/Subtrop Forests,0.641828428,0.358171572,0.123905724,0.876094276,0.347368421,0.652631579,0.519354839,0.480645161,0.276455026,0.723544974,0.175283733,0.824716267,0.526097763,0.473902237,0.275396825,0.724603175,0.772289929,0.227710071,0.325462668,0.674537332,0.289855072,0.710144928,0.654305468,0.345694532,0.528580604,0.471419396,0.806896552,0.193103448,0.443533123,0.556466877
30109,2132.866667,Trop/Subtrop Forests,0.464342949,0.535657051,0.073560319,0.926439681,0.255189255,0.744810745,0.570532915,0.429467085,0.367616687,0.632383313,0.177983126,0.822016874,0.626385809,0.373614191,0.202953788,0.797046212,0.777193692,0.222806308,0.392724266,0.607275734,0.36733871,0.63266129,0.6545961,0.3454039,0.495253818,0.504746182,0.685550082,0.314449918,0.464713165,0.535286835
30110,701.5333333,Trop/Subtrop Forests,0.31097561,0.68902439,0.074120603,0.925879397,0.206185567,0.793814433,0.625,0.375,0.363861386,0.636138614,0.172794118,0.827205882,0.716171617,0.283828383,0.162853297,0.837146703,0.780669145,0.219330855,0.409774436,0.590225564,0.304773562,0.695226438,0.712530713,0.287469287,0.594110115,0.405889885,0.614993647,0.385006353,0.418064516,0.581935484
30111,2831.866667,Trop/Subtrop Forests,0.425679758,0.574320242,0.120326736,0.879673264,0.30210325,0.69789675,0.713347921,0.286652079,0.299570289,0.700429711,0.18744313,0.81255687,0.731623932,0.268376068,0.229508197,0.770491803,0.771157959,0.228842041,0.417808219,0.582191781,0.269114991,0.730885009,0.680972389,0.319027611,0.604826073,0.395173927,0.676208064,0.323791936,0.448469706,0.551530294
30112,1471.933333,Trop/Subtrop Forests,0.590514748,0.409485252,0.168421053,0.831578947,0.424547284,0.575452716,0.43006993,0.56993007,0.279027356,0.720972644,0.210495627,0.789504373,0.600312256,0.399687744,0.244408946,0.755591054,0.793826441,0.206173559,0.357142857,0.642857143,0.222158439,0.777841561,0.633754305,0.366245695,0.543859649,0.456140351,0.813218391,0.186781609,0.504084014,0.495915986
30113,246.1333333,Trop/Subtrop Forests,0.395833333,0.604166667,0.039285714,0.960714286,0.174418605,0.825581395,0.75,0.25,0.275985663,0.724014337,0.166077739,0.833922261,0.706806283,0.293193717,0.285106383,0.714893617,0.736462094,0.263537906,0.376811594,0.623188406,0.315412186,0.684587814,0.717770035,0.282229965,0.5859375,0.4140625,0.564748201,0.435251799,0.425454545,0.574545455
30114,1519.4,Trop/Subtrop Forests,0.453567384,0.546432616,0.110320285,0.889679715,0.278863233,0.721136767,0.803921569,0.196078431,0.314285714,0.685714286,0.171186441,0.828813559,0.734758511,0.265241489,0.266623207,0.733376793,0.775579423,0.224420577,0.398719441,0.601280559,0.33707235,0.66292765,0.659741718,0.340258282,0.576449912,0.423550088,0.685697809,0.314302191,0.433995327,0.566004673
30115,903.6,Trop/Subtrop Forests,0.525974026,0.474025974,0.073124406,0.926875594,0.263888889,0.736111111,0.455026455,0.544973545,0.246122027,0.753877973,0.152830189,0.847169811,0.644607843,0.355392157,0.347578348,0.652421652,0.771980676,0.228019324,0.305962854,0.694037146,0.344521224,0.655478776,0.686219739,0.313780261,0.543584721,0.456415279,0.832386364,0.167613636,0.565217391,0.434782609
30116,2275.666667,Trop/Subtrop Forests,0.629519195,0.370480805,0.086118757,0.913881243,0.325174825,0.674825175,0.563451777,0.436548223,0.25734998,0.74265002,0.140718563,0.859281437,0.62754065,0.37245935,0.327726809,0.672273191,0.770498084,0.229501916,0.325019186,0.674980814,0.314415437,0.685584563,0.674287856,0.325712144,0.532998842,0.467001158,0.814842863,0.185157137,0.512232416,0.487767584
30117,3926.4,Trop/Subtrop Forests,0.330673945,0.669326055,0.039097408,0.960902592,0.142955326,0.857044674,0.826,0.174,0.367846221,0.632153779,0.143132633,0.856867367,0.725598527,0.274401473,0.28320044,0.71679956,0.743022757,0.256977243,0.457649966,0.542350034,0.367631957,0.632368043,0.721897074,0.278102926,0.579854809,0.420145191,0.605269135,0.394730865,0.461132768,0.538867232
30118,3665.2,Trop/Subtrop Forests,0.428310919,0.571689081,0.070457355,0.929542645,0.208733624,0.791266376,0.720767888,0.279232112,0.329370629,0.670629371,0.139004149,0.860995851,0.702069504,0.297930496,0.3118345,0.6881655,0.752629172,0.247370828,0.403275576,0.596724424,0.335312225,0.664687775,0.694948187,0.305051813,0.57535545,0.42464455,0.731880625,0.268119375,0.514120203,0.485879797
30119,1568.866667,Trop/Subtrop Forests,0.569096844,0.430903156,0.100628931,0.899371069,0.389544688,0.610455312,0.6,0.4,0.267197271,0.732802729,0.169113649,0.830886351,0.65892054,0.34107946,0.29742877,0.70257123,0.768677366,0.231322634,0.370329057,0.629670943,0.229427793,0.770572207,0.68568294,0.31431706,0.583333333,0.416666667,0.76940133,0.23059867,0.462443946,0.537556054
30120,1351.933333,Trop/Subtrop Forests,0.563659629,0.436340371,0.14986376,0.85013624,0.276946108,0.723053892,0.564516129,0.435483871,0.225763612,0.774236388,0.147909968,0.852090032,0.607719928,0.392280072,0.366479551,0.633520449,0.766902769,0.233097231,0.356908972,0.643091028,0.311868687,0.688131313,0.657472739,0.342527261,0.613377926,0.386622074,0.747442455,0.252557545,0.477011494,0.522988506
30121,504.0666667,Trop/Subtrop Forests,0.541946309,0.458053691,0.102752294,0.897247706,0.25748503,0.74251497,0.545454545,0.454545455,0.361702128,0.638297872,0.106598985,0.893401015,0.599537037,0.400462963,0.221115538,0.778884462,0.736394558,0.263605442,0.418563923,0.581436077,0.376271186,0.623728814,0.659395973,0.340604027,0.510638298,0.489361702,0.690311419,0.309688581,0.396193772,0.603806228
30122,248.5333333,Trop/Subtrop Forests,0.26618705,0.73381295,0.091240876,0.908759124,0.234567901,0.765432099,0.741935484,0.258064516,0.307971014,0.692028986,0.269784173,0.730215827,0.729508197,0.270491803,0.135658915,0.864341085,0.701438849,0.298561151,0.364620939,0.635379061,0.237410072,0.762589928,0.767857143,0.232142857,0.615969582,0.384030418,0.634057971,0.365942029,0.418181818,0.581818182
30123,1101.866667,Trop/Subtrop Forests,0.40664557,0.59335443,0.138044371,0.861955629,0.311030741,0.688969259,0.677595628,0.322404372,0.273684211,0.726315789,0.208133971,0.791866029,0.696303696,0.303696304,0.212365591,0.787634409,0.757768924,0.242231076,0.405207486,0.594792514,0.228867624,0.771132376,0.695411392,0.304588608,0.622641509,0.377358491,0.6768,0.3232,0.461102107,0.538897893
30124,1544.2,Trop/Subtrop Forests,0.282222222,0.717777778,0.052,0.948,0.228228228,0.771771772,0.623376623,0.376623377,0.35520362,0.64479638,0.174735671,0.825264329,0.710780669,0.289219331,0.129722922,0.870277078,0.753114383,0.246885617,0.448059361,0.551940639,0.317141262,0.682858738,0.73932335,0.26067665,0.550319953,0.449680047,0.596894767,0.403105233,0.44,0.56
30125,1663.466667,Trop/Subtrop Forests,0.380585516,0.619414484,0.105403959,0.894596041,0.324099723,0.675900277,0.600917431,0.399082569,0.323052797,0.676947203,0.192604006,0.807395994,0.675381264,0.324618736,0.182156134,0.817843866,0.758887172,0.241112828,0.45864263,0.54135737,0.242908716,0.757091284,0.722421755,0.277578245,0.581993569,0.418006431,0.652931854,0.347068146,0.444147515,0.555852485
30126,2956,Trop/Subtrop Forests,0.27963439,0.72036561,0.047464623,0.952535377,0.233333333,0.766666667,0.764534884,0.235465116,0.345290172,0.654709828,0.169822146,0.830177854,0.746706332,0.253293668,0.162882527,0.837117473,0.759883721,0.240116279,0.493622071,0.506377929,0.322053341,0.677946659,0.729208061,0.270791939,0.581219807,0.418780193,0.580683863,0.419316137,0.434278744,0.565721256
30127,401.7333333,Trop/Subtrop Forests,0.35117773,0.64882227,0.050218341,0.949781659,0.262886598,0.737113402,0.760869565,0.239130435,0.305856833,0.694143167,0.148706897,0.851293103,0.648876404,0.351123596,0.213592233,0.786407767,0.722943723,0.277056277,0.445205479,0.554794521,0.397435897,0.602564103,0.686440678,0.313559322,0.604651163,0.395348837,0.561946903,0.438053097,0.470852018,0.529147982
30128,786.0666667,Trop/Subtrop Forests,0.248358862,0.751641138,0.048587571,0.951412429,0.305483029,0.694516971,0.610169492,0.389830508,0.33518313,0.66481687,0.246724891,0.753275109,0.707964602,0.292035398,0.132124352,0.867875648,0.788482835,0.211517165,0.447811448,0.552188552,0.25660793,0.74339207,0.695414847,0.304585153,0.590293454,0.409706546,0.612975391,0.387024609,0.461016949,0.538983051
30130,2016.066667,Trop/Subtrop Forests,0.360489658,0.639510342,0.093094406,0.906905594,0.261997406,0.738002594,0.781569966,0.218430034,0.315045006,0.684954994,0.174872666,0.825127334,0.753913588,0.246086412,0.229810568,0.770189432,0.770310506,0.229689494,0.445319335,0.554680665,0.287942664,0.712057336,0.708648195,0.291351805,0.603181617,0.396818383,0.629340278,0.370659722,0.433920705,0.566079295
30201,305.6666667,Trop/Subtrop Forests,0.824362606,0.175637394,0.36,0.64,0.508928571,0.491071429,0.292929293,0.707070707,0.229357798,0.770642202,0.209039548,0.790960452,0.593639576,0.406360424,0.278625954,0.721374046,0.771428571,0.228571429,0.338983051,0.661016949,0.180555556,0.819444444,0.678062678,0.321937322,0.596541787,0.403458213,0.91011236,0.08988764,0.551136364,0.448863636
30202,2517.466667,Trop/Subtrop Forests,0.308601445,0.691398555,0.070769231,0.929230769,0.259927798,0.740072202,0.726530612,0.273469388,0.32823412,0.67176588,0.176016124,0.823983876,0.708405797,0.291594203,0.189768255,0.810231745,0.734446627,0.265553373,0.49291393,0.50708607,0.251746032,0.748253968,0.731095074,0.268904926,0.604464597,0.395535403,0.682500873,0.317499127,0.503881701,0.496118299
30701,507.4666667,Grasslands,0.487309645,0.512690355,0.055160142,0.944839858,0.453416149,0.546583851,0.609375,0.390625,0.281144781,0.718855219,0.253546099,0.746453901,0.758782201,0.241217799,0.244444444,0.755555556,0.865671642,0.134328358,0.293220339,0.706779661,0.261011419,0.738988581,0.512355848,0.487644152,0.592281879,0.407718121,0.789036545,0.210963455,0.549319728,0.450680272
30702,421.6,Grasslands,0.625250501,0.374749499,0.285714286,0.714285714,0.58778626,0.41221374,0.573529412,0.426470588,0.235294118,0.764705882,0.221544715,0.778455285,0.661016949,0.338983051,0.330749354,0.669250646,0.781632653,0.218367347,0.351626016,0.648373984,0.186878728,0.813121272,0.61663286,0.38336714,0.618661258,0.381338742,0.839034205,0.160965795,0.447638604,0.552361396
30704,4581.133333,Grasslands,0.674678591,0.325321409,0.189585846,0.810414154,0.397478992,0.602521008,0.66722973,0.33277027,0.283662134,0.716337866,0.194007491,0.805992509,0.692670157,0.307329843,0.319188622,0.680811378,0.821917808,0.178082192,0.300666032,0.699333968,0.307007786,0.692992214,0.573154861,0.426845139,0.576140219,0.423859781,0.841604478,0.158395522,0.522320588,0.477679412
30705,1281.866667,Grasslands,0.643192488,0.356807512,0.276934201,0.723065799,0.453460621,0.546539379,0.697508897,0.302491103,0.214382632,0.785617368,0.230088496,0.769911504,0.702502317,0.297497683,0.337559429,0.662440571,0.801495581,0.198504419,0.305177112,0.694822888,0.183211193,0.816788807,0.577312627,0.422687373,0.685135135,0.314864865,0.820975284,0.179024716,0.463994565,0.536005435
30706,1621.4,Grasslands,0.42879915,0.57120085,0.125343595,0.874656405,0.351351351,0.648648649,0.530927835,0.469072165,0.331364125,0.668635875,0.209216102,0.790783898,0.688548505,0.311451495,0.197674419,0.802325581,0.767838126,0.232161874,0.399350649,0.600649351,0.294960212,0.705039788,0.643197459,0.356802541,0.556041553,0.443958447,0.689897353,0.310102647,0.459726027,0.540273973
30707,3159.4,Grasslands,0.520466251,0.479533749,0.180299539,0.819700461,0.332446809,0.667553191,0.718649518,0.281350482,0.271850014,0.728149986,0.200545703,0.799454297,0.722565688,0.277434312,0.276908023,0.723091977,0.784581739,0.215418261,0.375139043,0.624860957,0.221922973,0.778077027,0.653055706,0.346944294,0.620228476,0.379771524,0.73930809,0.26069191,0.459407038,0.540592962
30709,1106.133333,Grasslands,0.666157372,0.333842628,0.18714402,0.81285598,0.551724138,0.448275862,0.448275862,0.551724138,0.255284553,0.744715447,0.181957187,0.818042813,0.626752967,0.373247033,0.315680166,0.684319834,0.809561129,0.190438871,0.359253499,0.640746501,0.207001522,0.792998478,0.645929339,0.354070661,0.558823529,0.441176471,0.840926641,0.159073359,0.4980484,0.5019516
30710,309,Grasslands,0.602777778,0.397222222,0.324324324,0.675675676,0.463414634,0.536585366,0.565217391,0.434782609,0.242074928,0.757925072,0.235127479,0.764872521,0.616788321,0.383211679,0.249190939,0.750809061,0.772988506,0.227011494,0.316384181,0.683615819,0.239554318,0.760445682,0.615168539,0.384831461,0.643454039,0.356545961,0.816666667,0.183333333,0.415254237,0.584745763
30711,1642.266667,Grasslands,0.541884817,0.458115183,0.132476244,0.867523756,0.371048253,0.628951747,0.519886364,0.480113636,0.278582931,0.721417069,0.198445596,0.801554404,0.608602151,0.391397849,0.252427184,0.747572816,0.789363921,0.210636079,0.394931362,0.605068638,0.207859359,0.792140641,0.674599069,0.325400931,0.560923242,0.439076758,0.785119667,0.214880333,0.512711864,0.487288136
30712,1860.8,Grasslands,0.519186315,0.480813685,0.164230019,0.835769981,0.353211009,0.646788991,0.689349112,0.310650888,0.300331596,0.699668404,0.179962894,0.820037106,0.698352345,0.301647655,0.255687974,0.744312026,0.789350771,0.210649229,0.363336475,0.636663525,0.277141548,0.722858452,0.645948435,0.354051565,0.588925387,0.411074613,0.73870517,0.26129483,0.437677054,0.562322946
30713,1062.933333,Grasslands,0.727858293,0.272141707,0.365704287,0.634295713,0.544025157,0.455974843,0.653543307,0.346456693,0.203305785,0.796694215,0.206504065,0.793495935,0.7212932,0.2787068,0.390609391,0.609390609,0.805510535,0.194489465,0.336052202,0.663947798,0.137490008,0.862509992,0.596734694,0.403265306,0.690746753,0.309253247,0.8864,0.1136,0.482534525,0.517465475
30714,272.6666667,Grasslands,0.561128527,0.438871473,0.135135135,0.864864865,0.346153846,0.653846154,0.45,0.55,0.272435897,0.727564103,0.205696203,0.794303797,0.604444444,0.395555556,0.3,0.7,0.765822785,0.234177215,0.29903537,0.70096463,0.212698413,0.787301587,0.588607595,0.411392405,0.570063694,0.429936306,0.821875,0.178125,0.446202532,0.553797468
30715,1517.8,Grasslands,0.526432944,0.473567056,0.131914894,0.868085106,0.47012987,0.52987013,0.435344828,0.564655172,0.234030526,0.765969474,0.214126808,0.785873192,0.639438944,0.360561056,0.23679868,0.76320132,0.755737705,0.244262295,0.398762655,0.601237345,0.156316916,0.843683084,0.666126418,0.333873582,0.585875706,0.414124294,0.817297297,0.182702703,0.556497175,0.443502825
30716,1105.6,Grasslands,0.505845674,0.494154326,0.185855263,0.814144737,0.400881057,0.599118943,0.505376344,0.494623656,0.296031746,0.703968254,0.225680934,0.774319066,0.637420719,0.362579281,0.243035543,0.756964457,0.785658613,0.214341387,0.37007874,0.62992126,0.225905937,0.774094063,0.641025641,0.358974359,0.578525641,0.421474359,0.759592796,0.240407204,0.464428457,0.535571543
30717,2450.4,Grasslands,0.60982359,0.39017641,0.121685434,0.878314566,0.435802469,0.564197531,0.494755245,0.505244755,0.272760781,0.727239219,0.171616022,0.828383978,0.618352941,0.381647059,0.296046287,0.703953713,0.790459364,0.209540636,0.364860078,0.635139922,0.252342936,0.747657064,0.655732044,0.344267956,0.54296875,0.45703125,0.821591307,0.178408693,0.508324478,0.491675522
30718,537.1333333,Grasslands,0.421303657,0.578696343,0.10623946,0.89376054,0.247311828,0.752688172,0.7,0.3,0.360890302,0.639109698,0.183121019,0.816878981,0.77262181,0.22737819,0.244755245,0.755244755,0.805422648,0.194577352,0.360708535,0.639291465,0.333860759,0.666139241,0.631160572,0.368839428,0.531914894,0.468085106,0.679933665,0.320066335,0.409395973,0.590604027
30719,1477.6,Grasslands,0.571007661,0.428992339,0.117791411,0.882208589,0.434554974,0.565445026,0.56928839,0.43071161,0.268746251,0.731253749,0.202332362,0.797667638,0.687793427,0.312206573,0.303806228,0.696193772,0.804834906,0.195165094,0.313424009,0.686575991,0.273579379,0.726420621,0.58041958,0.41958042,0.600118483,0.399881517,0.781871345,0.218128655,0.481591449,0.518408551
30721,1520.533333,Grasslands,0.543181818,0.456818182,0.130304842,0.869695158,0.344067797,0.655932203,0.598130841,0.401869159,0.256126021,0.743873979,0.213753582,0.786246418,0.645089286,0.354910714,0.246947083,0.753052917,0.772202999,0.227797001,0.322093023,0.677906977,0.251561613,0.748438387,0.628766345,0.371233655,0.584829184,0.415170816,0.767256132,0.232743868,0.466820542,0.533179458
30722,2710.533333,Grasslands,0.628761482,0.371238518,0.242248722,0.757751278,0.39047619,0.60952381,0.708860759,0.291139241,0.246465296,0.753534704,0.198209719,0.801790281,0.707349666,0.292650334,0.319923372,0.680076628,0.802303263,0.197696737,0.343346253,0.656653747,0.206324358,0.793675642,0.627011676,0.372988324,0.638113571,0.361886429,0.800125905,0.199874095,0.465384615,0.534615385
30723,2258.466667,Grasslands,0.32659176,0.67340824,0.072847682,0.927152318,0.23433584,0.76566416,0.686666667,0.313333333,0.33040153,0.66959847,0.19743783,0.80256217,0.749169435,0.250830565,0.17667537,0.82332463,0.780769231,0.219230769,0.4517864,0.5482136,0.288396545,0.711603455,0.706806283,0.293193717,0.604524181,0.395475819,0.627843137,0.372156863,0.436978131,0.563021869
30725,3052.2,Grasslands,0.608997501,0.391002499,0.128994083,0.871005917,0.435897436,0.564102564,0.545994065,0.454005935,0.272513243,0.727486757,0.186208822,0.813791178,0.6384527,0.3615473,0.300149701,0.699850299,0.781622235,0.218377765,0.353495007,0.646504993,0.250209673,0.749790327,0.638156068,0.361843932,0.554158331,0.445841669,0.819428891,0.180571109,0.509060023,0.490939977
30726,520.4666667,Grasslands,0.550413223,0.449586777,0.181019332,0.818980668,0.555023923,0.444976077,0.584269663,0.415730337,0.305084746,0.694915254,0.205298013,0.794701987,0.676274945,0.323725055,0.281496063,0.718503937,0.796979866,0.203020134,0.368686869,0.631313131,0.202635914,0.797364086,0.642857143,0.357142857,0.62755102,0.37244898,0.766169154,0.233830846,0.451013514,0.548986486
30907,801.4,Grasslands,0.663451233,0.336548767,0.216435185,0.783564815,0.496240602,0.503759398,0.806306306,0.193693694,0.243688255,0.756311745,0.16487069,0.83512931,0.704160247,0.295839753,0.405,0.595,0.804560261,0.195439739,0.319078947,0.680921053,0.204935622,0.795064378,0.652173913,0.347826087,0.651416122,0.348583878,0.822198276,0.177801724,0.401308615,0.598691385
31003,842.1333333,Grasslands,0.811833172,0.188166828,0.057546145,0.942453855,0.502890173,0.497109827,0.390510949,0.609489051,0.199538639,0.800461361,0.084812623,0.915187377,0.669064748,0.330935252,0.542813456,0.457186544,0.781762295,0.218237705,0.201,0.799,0.424424424,0.575575576,0.62955665,0.37044335,0.47029703,0.52970297,0.951097804,0.048902196,0.512487512,0.487512488
31004,4962.266667,Grasslands,0.655431337,0.344568663,0.077805665,0.922194335,0.426523297,0.573476703,0.452523524,0.547476476,0.258847892,0.741152108,0.139723253,0.860276747,0.617149758,0.382850242,0.347642876,0.652357124,0.791824767,0.208175233,0.310606061,0.689393939,0.338503034,0.661496966,0.635679652,0.364320348,0.484610123,0.515389877,0.869027448,0.130972552,0.537147737,0.462852263
31005,292.6,Grasslands,0.713872832,0.286127168,0.070987654,0.929012346,0.294871795,0.705128205,0.315068493,0.684931507,0.287974684,0.712025316,0.127906977,0.872093023,0.481617647,0.518382353,0.290322581,0.709677419,0.803625378,0.196374622,0.279411765,0.720588235,0.366366366,0.633633634,0.632947977,0.367052023,0.426512968,0.573487032,0.872463768,0.127536232,0.476878613,0.523121387
31006,516,Grasslands,0.52284264,0.47715736,0.064236111,0.935763889,0.288461538,0.711538462,0.430379747,0.569620253,0.292894281,0.707105719,0.156928214,0.843071786,0.674369748,0.325630252,0.266129032,0.733870968,0.824027073,0.175972927,0.332191781,0.667808219,0.323728814,0.676271186,0.628140704,0.371859296,0.547457627,0.452542373,0.726812816,0.273187184,0.440134907,0.559865093
31007,1719.8,Grasslands,0.702742409,0.297257591,0.17965368,0.82034632,0.428015564,0.571984436,0.497826087,0.502173913,0.266167825,0.733832175,0.187250996,0.812749004,0.545263158,0.454736842,0.304318489,0.695681511,0.794629538,0.205370462,0.29667003,0.70332997,0.289357528,0.710642472,0.634266078,0.365733922,0.545544554,0.454455446,0.851126347,0.148873653,0.481646825,0.518353175
31008,328.4666667,Grasslands,0.837092732,0.162907268,0.157894737,0.842105263,0.486486486,0.513513514,0.396039604,0.603960396,0.289085546,0.710914454,0.165816327,0.834183673,0.451048951,0.548951049,0.321428571,0.678571429,0.808184143,0.191815857,0.265091864,0.734908136,0.303571429,0.696428571,0.636363636,0.363636364,0.5,0.5,0.921717172,0.078282828,0.484771574,0.515228426
31009,2149.133333,Grasslands,0.713951676,0.286048324,0.121149042,0.878850958,0.506849315,0.493150685,0.449922958,0.550077042,0.242068666,0.757931334,0.149236193,0.850763807,0.609769792,0.390230208,0.37366548,0.62633452,0.796856106,0.203143894,0.302437076,0.697562924,0.293452845,0.706547155,0.649626425,0.350373575,0.525748503,0.474251497,0.869616752,0.130383248,0.502188619,0.497811381
31011,311.9333333,Grasslands,0.516574586,0.483425414,0.052980132,0.947019868,0.139534884,0.860465116,0.425925926,0.574074074,0.357541899,0.642458101,0.071038251,0.928961749,0.63902439,0.36097561,0.309236948,0.690763052,0.727762803,0.272237197,0.337950139,0.662049861,0.421052632,0.578947368,0.72195122,0.27804878,0.467532468,0.532467532,0.760309278,0.239690722,0.420365535,0.579634465
31012,1508.2,Grasslands,0.613827993,0.386172007,0.074139976,0.925860024,0.333333333,0.666666667,0.505263158,0.494736842,0.279827798,0.720172202,0.153716216,0.846283784,0.611985019,0.388014981,0.306058222,0.693941778,0.781933257,0.218066743,0.327774583,0.672225417,0.311643836,0.688356164,0.668169014,0.331830986,0.50462963,0.49537037,0.815578465,0.184421535,0.509837963,0.490162037
31013,217.7333333,Grasslands,0.737254902,0.262745098,0.099585062,0.900414938,0.409090909,0.590909091,0.351851852,0.648148148,0.305676856,0.694323144,0.152941176,0.847058824,0.45,0.55,0.257731959,0.742268041,0.775100402,0.224899598,0.293650794,0.706349206,0.346774194,0.653225806,0.704280156,0.295719844,0.496062992,0.503937008,0.88671875,0.11328125,0.4453125,0.5546875
31014,463,Grasslands,0.560150376,0.439849624,0.080078125,0.919921875,0.443349754,0.556650246,0.62244898,0.37755102,0.285436893,0.714563107,0.179584121,0.820415879,0.657657658,0.342342342,0.330357143,0.669642857,0.826923077,0.173076923,0.312859885,0.687140115,0.434697856,0.565302144,0.514071295,0.485928705,0.542471042,0.457528958,0.797373358,0.202626642,0.564638783,0.435361217
31015,1806.266667,Grasslands,0.657442748,0.342557252,0.104891578,0.895108422,0.398886827,0.601113173,0.595185996,0.404814004,0.287555776,0.712444224,0.174038462,0.825961538,0.653211009,0.346788991,0.309739524,0.690260476,0.809547004,0.190452996,0.301509985,0.698490015,0.393387638,0.606612362,0.584210526,0.415789474,0.522265247,0.477734753,0.820267686,0.179732314,0.507692308,0.492307692
31201,1314.6,Mediterranean Scrub,0.493466086,0.506533914,0.060936498,0.939063502,0.311983471,0.688016529,0.528776978,0.471223022,0.287347561,0.712652439,0.121630094,0.878369906,0.659320478,0.340679522,0.335294118,0.664705882,0.809647979,0.190352021,0.37435567,0.62564433,0.317602041,0.682397959,0.668322981,0.331677019,0.488989637,0.511010363,0.871049305,0.128950695,0.613504823,0.386495177
31202,4488,Mediterranean Scrub,0.532215357,0.467784643,0.089918759,0.910081241,0.315758294,0.684241706,0.491060787,0.508939213,0.24094855,0.75905145,0.140538547,0.859461453,0.679278747,0.320721253,0.452891961,0.547108039,0.810847068,0.189152932,0.271224643,0.728775357,0.362958716,0.637041284,0.647882332,0.352117668,0.506390977,0.493609023,0.916802906,0.083197094,0.614288465,0.385711535
31203,6181.933333,Mediterranean Scrub,0.505807419,0.494192581,0.071261073,0.928738927,0.255079007,0.744920993,0.528985507,0.471014493,0.249377722,0.750622278,0.132566746,0.867433254,0.693024313,0.306975687,0.47951177,0.52048823,0.816580456,0.183419544,0.257947198,0.742052802,0.381785115,0.618214885,0.661735206,0.338264794,0.47329773,0.52670227,0.936627983,0.063372017,0.630771377,0.369228623
31302,555.0666667,Deserts & Drylands,0.595015576,0.404984424,0.194630872,0.805369128,0.455782313,0.544217687,0.489361702,0.510638298,0.2416,0.7584,0.164670659,0.835329341,0.693512304,0.306487696,0.307189542,0.692810458,0.790030211,0.209969789,0.386706949,0.613293051,0.151824818,0.848175182,0.658788774,0.341211226,0.551515152,0.448484848,0.874432678,0.125567322,0.511700468,0.488299532
31305,205.4666667,Deserts & Drylands,0.581967213,0.418032787,0.217391304,0.782608696,0.457627119,0.542372881,0.342857143,0.657142857,0.233766234,0.766233766,0.2125,0.7875,0.648044693,0.351955307,0.256097561,0.743902439,0.801652893,0.198347107,0.371900826,0.628099174,0.124497992,0.875502008,0.693877551,0.306122449,0.601659751,0.398340249,0.857723577,0.142276423,0.519148936,0.480851064
31306,248.4,Deserts & Drylands,0.654109589,0.345890411,0.26394052,0.73605948,0.477777778,0.522222222,0.358490566,0.641509434,0.28358209,0.71641791,0.206896552,0.793103448,0.6875,0.3125,0.235897436,0.764102564,0.822916667,0.177083333,0.378006873,0.621993127,0.18729097,0.81270903,0.674496644,0.325503356,0.597938144,0.402061856,0.894197952,0.105802048,0.536842105,0.463157895
31309,1162,Deserts & Drylands,0.65480427,0.34519573,0.202316602,0.797683398,0.593639576,0.406360424,0.436482085,0.563517915,0.223987292,0.776012708,0.16955267,0.83044733,0.613924051,0.386075949,0.342592593,0.657407407,0.806356245,0.193643755,0.358936484,0.641063516,0.23347398,0.76652602,0.655913978,0.344086022,0.536567705,0.463432295,0.873841768,0.126158232,0.502545455,0.497454545
31311,1022.733333,Deserts & Drylands,0.308457711,0.691542289,0.070205479,0.929794521,0.349358974,0.650641026,0.530120482,0.469879518,0.311688312,0.688311688,0.18061309,0.81938691,0.694560669,0.305439331,0.167259786,0.832740214,0.730184147,0.269815853,0.453865337,0.546134663,0.178710179,0.821289821,0.720823799,0.279176201,0.581512605,0.418487395,0.768662838,0.231337162,0.559245961,0.440754039
31312,910.4,Deserts & Drylands,0.353747715,0.646252285,0.093690249,0.906309751,0.358885017,0.641114983,0.642105263,0.357894737,0.277777778,0.722222222,0.200184502,0.799815498,0.702746365,0.297253635,0.220149254,0.779850746,0.739169675,0.260830325,0.424953096,0.575046904,0.197158082,0.802841918,0.716783217,0.283216783,0.622981956,0.377018044,0.769158879,0.230841121,0.518367347,0.481632653
31314,2049.6,Deserts & Drylands,0.59633758,0.40366242,0.136440678,0.863559322,0.491071429,0.508928571,0.491651206,0.508348794,0.272727273,0.727272727,0.13739546,0.86260454,0.617517328,0.382482672,0.34125099,0.65874901,0.797132012,0.202867988,0.401302401,0.598697599,0.306082914,0.693917086,0.701140385,0.298859615,0.494536625,0.505463375,0.904912837,0.095087163,0.567404427,0.432595573
31315,349.6,Deserts & Drylands,0.57719715,0.42280285,0.217054264,0.782945736,0.623529412,0.376470588,0.464788732,0.535211268,0.25136612,0.74863388,0.180722892,0.819277108,0.621993127,0.378006873,0.282527881,0.717472119,0.766009852,0.233990148,0.403846154,0.596153846,0.253488372,0.746511628,0.711943794,0.288056206,0.503562945,0.496437055,0.870892019,0.129107981,0.462469734,0.537530266
31316,890.6666667,Deserts & Drylands,0.586046512,0.413953488,0.210313448,0.789686552,0.589861751,0.410138249,0.475609756,0.524390244,0.251282051,0.748717949,0.186440678,0.813559322,0.64690027,0.35309973,0.268571429,0.731428571,0.774783446,0.225216554,0.408960915,0.591039085,0.227106227,0.772893773,0.677449168,0.322550832,0.510396975,0.489603025,0.841565704,0.158434296,0.497603068,0.502396932
31318,313.0666667,Deserts & Drylands,0.536111111,0.463888889,0.133738602,0.866261398,0.315068493,0.684931507,0.394736842,0.605263158,0.333333333,0.666666667,0.154666667,0.845333333,0.762931034,0.237068966,0.19665272,0.80334728,0.774798928,0.225201072,0.438502674,0.561497326,0.207823961,0.792176039,0.674876847,0.325123153,0.489528796,0.510471204,0.850129199,0.149870801,0.569863014,0.430136986
31320,518.2666667,Deserts & Drylands,0.536256324,0.463743676,0.143103448,0.856896552,0.42384106,0.57615894,0.304347826,0.695652174,0.289617486,0.710382514,0.147435897,0.852564103,0.638888889,0.361111111,0.192682927,0.807317073,0.769480519,0.230519481,0.406148867,0.593851133,0.21835443,0.78164557,0.708006279,0.291993721,0.467532468,0.532467532,0.861958266,0.138041734,0.504159734,0.495840266
31322,3315.866667,Deserts & Drylands,0.565836299,0.434163701,0.113920881,0.886079119,0.46183953,0.53816047,0.554635762,0.445364238,0.289113429,0.710886571,0.123417722,0.876582278,0.666370502,0.333629498,0.416808631,0.583191369,0.819772065,0.180227935,0.409225456,0.590774544,0.360733858,0.639266142,0.68413664,0.31586336,0.463361016,0.536638984,0.914671723,0.085328277,0.662280702,0.337719298
31401,1101.733333,Trop/Subtrop Forests,0.352849336,0.647150664,0.080864692,0.919135308,0.213709677,0.786290323,0.773809524,0.226190476,0.327503975,0.672496025,0.194357367,0.805642633,0.767687434,0.232312566,0.209964413,0.790035587,0.769721116,0.230278884,0.421348315,0.578651685,0.282352941,0.717647059,0.716848674,0.283151326,0.60513245,0.39486755,0.620048504,0.379951496,0.425653595,0.574346405
31402,278.2,Trop/Subtrop Forests,0.374613003,0.625386997,0.106796117,0.893203883,0.28,0.72,0.723404255,0.276595745,0.293375394,0.706624606,0.238244514,0.761755486,0.732217573,0.267782427,0.191011236,0.808988764,0.745341615,0.254658385,0.42721519,0.57278481,0.227129338,0.772870662,0.702194357,0.297805643,0.611842105,0.388157895,0.631746032,0.368253968,0.433656958,0.566343042
31403,407.2,Trop/Subtrop Forests,0.459051724,0.540948276,0.18344519,0.81655481,0.280898876,0.719101124,0.808988764,0.191011236,0.292473118,0.707526882,0.219354839,0.780645161,0.802259887,0.197740113,0.276995305,0.723004695,0.796573876,0.203426124,0.397379913,0.602620087,0.18336887,0.81663113,0.704989154,0.295010846,0.648230088,0.351769912,0.704347826,0.295652174,0.42384106,0.57615894
31405,571.2666667,Trop/Subtrop Forests,0.493865031,0.506134969,0.076923077,0.923076923,0.323432343,0.676567657,0.593103448,0.406896552,0.252764613,0.747235387,0.191717791,0.808282209,0.603481625,0.396518375,0.273062731,0.726937269,0.72755418,0.27244582,0.352755906,0.647244094,0.236476043,0.763523957,0.709035222,0.290964778,0.568218299,0.431781701,0.699690402,0.300309598,0.420062696,0.579937304
40102,4771.4,Trop/Subtrop Forests,0.234324615,0.765675385,0.014572596,0.985427404,0.069767442,0.930232558,0.889230769,0.110769231,0.275469653,0.724530347,0.125608061,0.874391939,0.829503546,0.170496454,0.224923346,0.775076654,0.685588752,0.314411248,0.450995554,0.549004446,0.331826401,0.668173599,0.754155125,0.245844875,0.625954198,0.374045802,0.516663598,0.483336402,0.367265088,0.632734912
40103,1578.333333,Trop/Subtrop Forests,0.300054555,0.699945445,0.003787879,0.996212121,0.064252336,0.935747664,0.886524823,0.113475177,0.282560706,0.717439294,0.115685253,0.884314747,0.802943581,0.197056419,0.298477829,0.701522171,0.688029661,0.311970339,0.3867534,0.6132466,0.443338861,0.556661139,0.680584551,0.319415449,0.601759531,0.398240469,0.542696629,0.457303371,0.453241538,0.546758462
40104,690.8666667,Trop/Subtrop Forests,0.152173913,0.847826087,0.009744214,0.990255786,0.060542797,0.939457203,0.763157895,0.236842105,0.259212198,0.740787802,0.134545455,0.865454545,0.830985915,0.169014085,0.15128593,0.84871407,0.600244499,0.399755501,0.477961433,0.522038567,0.269135802,0.730864198,0.827014218,0.172985782,0.619777159,0.380222841,0.513618677,0.486381323,0.359459459,0.640540541
40105,201.8666667,Trop/Subtrop Forests,0.473451327,0.526548673,0.206278027,0.793721973,0.345323741,0.654676259,0.558823529,0.441176471,0.312217195,0.687782805,0.18061674,0.81938326,0.625668449,0.374331551,0.202072539,0.797927461,0.742358079,0.257641921,0.378995434,0.621004566,0.248908297,0.751091703,0.659292035,0.340707965,0.572727273,0.427272727,0.710526316,0.289473684,0.462555066,0.537444934
40106,464.3333333,Trop/Subtrop Forests,0.412962963,0.587037037,0.075289575,0.924710425,0.151020408,0.848979592,0.756756757,0.243243243,0.293785311,0.706214689,0.133944954,0.866055046,0.785123967,0.214876033,0.302107728,0.697892272,0.709854015,0.290145985,0.374031008,0.625968992,0.333955224,0.666044776,0.664835165,0.335164835,0.577299413,0.422700587,0.627777778,0.372222222,0.48,0.52
40107,308.1333333,Trop/Subtrop Forests,0.470254958,0.529745042,0.182890855,0.817109145,0.353932584,0.646067416,0.666666667,0.333333333,0.282051282,0.717948718,0.202279202,0.797720798,0.65037594,0.34962406,0.173758865,0.826241135,0.728813559,0.271186441,0.410557185,0.589442815,0.18028169,0.81971831,0.678873239,0.321126761,0.573964497,0.426035503,0.670422535,0.329577465,0.470930233,0.529069767
40108,609.8666667,Trop/Subtrop Forests,0.429971989,0.570028011,0.092783505,0.907216495,0.297734628,0.702265372,0.731707317,0.268292683,0.280979827,0.719020173,0.196861626,0.803138374,0.700201207,0.299798793,0.23198594,0.76801406,0.710084034,0.289915966,0.415929204,0.584070796,0.248945148,0.751054852,0.636237898,0.363762102,0.588235294,0.411764706,0.643661972,0.356338028,0.462882096,0.537117904
40111,370.8666667,Trop/Subtrop Forests,0.527186761,0.472813239,0.243309002,0.756690998,0.401746725,0.598253275,0.533333333,0.466666667,0.285714286,0.714285714,0.20952381,0.79047619,0.613569322,0.386430678,0.202985075,0.797014925,0.7695962,0.2304038,0.40776699,0.59223301,0.225118483,0.774881517,0.648192771,0.351807229,0.557177616,0.442822384,0.757142857,0.242857143,0.537170264,0.462829736
40112,263.5333333,Trop/Subtrop Forests,0.573333333,0.426666667,0.136986301,0.863013699,0.208860759,0.791139241,0.655172414,0.344827586,0.300341297,0.699658703,0.148514851,0.851485149,0.580246914,0.419753086,0.240506329,0.759493671,0.687707641,0.312292359,0.418118467,0.581881533,0.369491525,0.630508475,0.654605263,0.345394737,0.524822695,0.475177305,0.677852349,0.322147651,0.437086093,0.562913907
40113,308.7333333,Trop/Subtrop Forests,0.476056338,0.523943662,0.177325581,0.822674419,0.218009479,0.781990521,0.578947368,0.421052632,0.278592375,0.721407625,0.206896552,0.793103448,0.630824373,0.369175627,0.169611307,0.830388693,0.702005731,0.297994269,0.438235294,0.561764706,0.25,0.75,0.708215297,0.291784703,0.572307692,0.427692308,0.654285714,0.345714286,0.448275862,0.551724138
40114,377.2,Trop/Subtrop Forests,0.345707657,0.654292343,0.070754717,0.929245283,0.203463203,0.796536797,0.627906977,0.372093023,0.330969267,0.669030733,0.106575964,0.893424036,0.678899083,0.321100917,0.2,0.8,0.65158371,0.34841629,0.430730479,0.569269521,0.341013825,0.658986175,0.721348315,0.278651685,0.520304569,0.479695431,0.545243619,0.454756381,0.430232558,0.569767442
40115,332,Trop/Subtrop Forests,0.682291667,0.317708333,0.214673913,0.785326087,0.463576159,0.536423841,0.51754386,0.48245614,0.314917127,0.685082873,0.177248677,0.822751323,0.538461538,0.461538462,0.290441176,0.709558824,0.781818182,0.218181818,0.382113821,0.617886179,0.25984252,0.74015748,0.63060686,0.36939314,0.570666667,0.429333333,0.856020942,0.143979058,0.488188976,0.511811024
40118,5885.933333,Trop/Subtrop Forests,0.462156634,0.537843366,0.096162528,0.903837472,0.430134417,0.569865583,0.659785301,0.340214699,0.285956528,0.714043472,0.142899234,0.857100766,0.486111111,0.513888889,0.182436371,0.817563629,0.715182482,0.284817518,0.396050214,0.603949786,0.278332092,0.721667908,0.712739506,0.287260494,0.585106383,0.414893617,0.688022284,0.311977716,0.431794567,0.568205433
40119,2035.666667,Trop/Subtrop Forests,0.498324958,0.501675042,0.098891353,0.901108647,0.314020857,0.685979143,0.751428571,0.248571429,0.283075601,0.716924399,0.152441614,0.847558386,0.653489809,0.346510191,0.287337662,0.712662338,0.726669432,0.273330568,0.353045013,0.646954987,0.345766974,0.654233026,0.580499795,0.419500205,0.568122271,0.431877729,0.705906996,0.294093004,0.488500852,0.511499148
40120,350.6,Trop/Subtrop Forests,0.515075377,0.484924623,0.236363636,0.763636364,0.359832636,0.640167364,0.461538462,0.538461538,0.275590551,0.724409449,0.229219144,0.770780856,0.608024691,0.391975309,0.183279743,0.816720257,0.759493671,0.240506329,0.419270833,0.580729167,0.229219144,0.770780856,0.664122137,0.335877863,0.541666667,0.458333333,0.690954774,0.309045226,0.508860759,0.491139241
40121,546.0666667,Trop/Subtrop Forests,0.563862928,0.436137072,0.094754653,0.905245347,0.257281553,0.742718447,0.838461538,0.161538462,0.2336,0.7664,0.119937695,0.880062305,0.655778894,0.344221106,0.386178862,0.613821138,0.716049383,0.283950617,0.307060755,0.692939245,0.349845201,0.650154799,0.588685015,0.411314985,0.597110754,0.402889246,0.728527607,0.271472393,0.489731438,0.510268562
40123,1191.866667,Trop/Subtrop Forests,0.295947902,0.704052098,0.05794948,0.94205052,0.17699115,0.82300885,0.7,0.3,0.32942899,0.67057101,0.141327623,0.858672377,0.680873181,0.319126819,0.185283688,0.814716312,0.66098081,0.33901919,0.452253629,0.547746371,0.32444124,0.67555876,0.722417428,0.277582572,0.559618442,0.440381558,0.560672515,0.439327485,0.422764228,0.577235772
40124,946,Trop/Subtrop Forests,0.478460128,0.521539872,0.176470588,0.823529412,0.34953271,0.65046729,0.651898734,0.348101266,0.300561798,0.699438202,0.167592593,0.832407407,0.647412756,0.352587244,0.182897862,0.817102138,0.762340037,0.237659963,0.43490566,0.56509434,0.245437956,0.754562044,0.664527956,0.335472044,0.537944284,0.462055716,0.698630137,0.301369863,0.534080299,0.465919701
40129,751.9333333,Trop/Subtrop Forests,0.327944573,0.672055427,0.067216981,0.932783019,0.149779736,0.850220264,0.65060241,0.34939759,0.293103448,0.706896552,0.110102157,0.889897843,0.703525641,0.296474359,0.216833096,0.783166904,0.657954545,0.342045455,0.460591133,0.539408867,0.329493088,0.670506912,0.733258929,0.266741071,0.558227848,0.441772152,0.574418605,0.425581395,0.440898345,0.559101655
40134,721.7333333,Trop/Subtrop Forests,0.566350711,0.433649289,0.233502538,0.766497462,0.424148607,0.575851393,0.6484375,0.3515625,0.282208589,0.717791411,0.165865385,0.834134615,0.659863946,0.340136054,0.259904913,0.740095087,0.776470588,0.223529412,0.399267399,0.600732601,0.21754386,0.78245614,0.560802834,0.439197166,0.580291971,0.419708029,0.76733255,0.23266745,0.549819928,0.450180072
40135,682.4666667,Trop/Subtrop Forests,0.469336671,0.530663329,0.142476698,0.857523302,0.330128205,0.669871795,0.712765957,0.287234043,0.336351876,0.663648124,0.121827411,0.878172589,0.725694444,0.274305556,0.238249595,0.761750405,0.774875622,0.225124378,0.452506596,0.547493404,0.280199253,0.719800747,0.607187113,0.392812887,0.542153048,0.457846952,0.667503137,0.332496863,0.506988564,0.493011436
40136,438.3333333,Trop/Subtrop Forests,0.303149606,0.696850394,0.016129032,0.983870968,0.153558052,0.846441948,0.944444444,0.055555556,0.256,0.744,0.177734375,0.822265625,0.728291317,0.271708683,0.268765133,0.731234867,0.704854369,0.295145631,0.358208955,0.641791045,0.383534137,0.616465863,0.666666667,0.333333333,0.650826446,0.349173554,0.562992126,0.437007874,0.463709677,0.536290323
40137,5363.466667,Trop/Subtrop Forests,0.411792905,0.588207095,0.065188617,0.934811383,0.321533923,0.678466077,0.683870968,0.316129032,0.284191238,0.715808762,0.150809061,0.849190939,0.587188612,0.412811388,0.204922954,0.795077046,0.724462151,0.275537849,0.384693189,0.615306811,0.335551948,0.664448052,0.665448188,0.334551812,0.582087044,0.417912956,0.647907648,0.352092352,0.465309446,0.534690554
40144,673.7333333,Trop/Subtrop Forests,0.332084894,0.667915106,0.023376623,0.976623377,0.099173554,0.900826446,0.852459016,0.147540984,0.296954315,0.703045685,0.102595797,0.897404203,0.748582231,0.251417769,0.256528418,0.743471582,0.680693069,0.319306931,0.398591549,0.601408451,0.378768021,0.621231979,0.673291925,0.326708075,0.579310345,0.420689655,0.521568627,0.478431373,0.437994723,0.562005277
40146,2551.2,Trop/Subtrop Forests,0.259149357,0.740850643,0.045718185,0.954281815,0.0975,0.9025,0.790393013,0.209606987,0.275710419,0.724289581,0.159683273,0.840316727,0.750258532,0.249741468,0.18340249,0.81659751,0.666226913,0.333773087,0.430780295,0.569219705,0.250344353,0.749655647,0.77044335,0.22955665,0.617316342,0.382683658,0.533930417,0.466069583,0.377445749,0.622554251
40149,4376.666667,Trop/Subtrop Forests,0.391193238,0.608806762,0.079626244,0.920373756,0.301535974,0.698464026,0.641319943,0.358680057,0.281793979,0.718206021,0.148914991,0.851085009,0.591553209,0.408446791,0.183513248,0.816486752,0.703253626,0.296746374,0.405785124,0.594214876,0.298088411,0.701911589,0.710748674,0.289251326,0.5917603,0.4082397,0.636579572,0.363420428,0.433594535,0.566405465
40150,659.3333333,Trop/Subtrop Forests,0.353096179,0.646903821,0.093663912,0.906336088,0.286516854,0.713483146,0.62195122,0.37804878,0.317631225,0.682368775,0.166887417,0.833112583,0.655109489,0.344890511,0.109028961,0.890971039,0.747700394,0.252299606,0.477088949,0.522911051,0.259640103,0.740359897,0.710967742,0.289032258,0.526737968,0.473262032,0.60311284,0.39688716,0.434782609,0.565217391
40151,1159.533333,Trop/Subtrop Forests,0.367256637,0.632743363,0.078926598,0.921073402,0.2616179,0.7383821,0.657534247,0.342465753,0.319327731,0.680672269,0.141474311,0.858525689,0.687436159,0.312563841,0.150997151,0.849002849,0.751104566,0.248895434,0.44198895,0.55801105,0.277452416,0.722547584,0.70754717,0.29245283,0.544891641,0.455108359,0.561946903,0.438053097,0.453055142,0.546944858
40152,687.6,Trop/Subtrop Forests,0.42484472,0.57515528,0.032552083,0.967447917,0.185714286,0.814285714,0.815533981,0.184466019,0.245524297,0.754475703,0.148962149,0.851037851,0.685009488,0.314990512,0.353796446,0.646203554,0.707768187,0.292231813,0.328418231,0.671581769,0.477876106,0.522123894,0.648845687,0.351154313,0.587301587,0.412698413,0.603703704,0.396296296,0.495024876,0.504975124
40154,550.6,Trop/Subtrop Forests,0.369158879,0.630841121,0.088852989,0.911147011,0.118243243,0.881756757,0.723684211,0.276315789,0.335987261,0.664012739,0.125,0.875,0.708154506,0.291845494,0.174242424,0.825757576,0.775541796,0.224458204,0.455149502,0.544850498,0.294303797,0.705696203,0.727134146,0.272865854,0.572881356,0.427118644,0.588996764,0.411003236,0.437908497,0.562091503
40155,301.4,Trop/Subtrop Forests,0.548104956,0.451895044,0.079113924,0.920886076,0.141509434,0.858490566,0.788461538,0.211538462,0.35694051,0.64305949,0.0626703,0.9373297,0.68879668,0.31120332,0.319148936,0.680851064,0.8,0.2,0.384615385,0.615384615,0.374647887,0.625352113,0.6,0.4,0.529069767,0.470930233,0.677053824,0.322946176,0.502824859,0.497175141
40158,1425.333333,Trop/Subtrop Forests,0.24925816,0.75074184,0.039156627,0.960843373,0.102477477,0.897522523,0.780701754,0.219298246,0.244622004,0.755377996,0.172068356,0.827931644,0.731046931,0.268953069,0.166666667,0.833333333,0.615110054,0.384889946,0.413261889,0.586738111,0.271186441,0.728813559,0.75147232,0.24852768,0.641176471,0.358823529,0.554606467,0.445393533,0.417808219,0.582191781
40159,850.3333333,Trop/Subtrop Forests,0.369765066,0.630234934,0.041194645,0.958805355,0.106728538,0.893271462,0.788888889,0.211111111,0.269269269,0.730730731,0.140350877,0.859649123,0.65356623,0.34643377,0.221204188,0.778795812,0.683743842,0.316256158,0.391705069,0.608294931,0.382413088,0.617586912,0.656007752,0.343992248,0.605561277,0.394438723,0.602040816,0.397959184,0.475103734,0.524896266
40162,157.4666667,Trop/Subtrop Forests,0.4375,0.5625,0.175438596,0.824561404,0.303278689,0.696721311,0.59375,0.40625,0.314285714,0.685714286,0.232954545,0.767045455,0.610738255,0.389261745,0.163265306,0.836734694,0.731428571,0.268571429,0.441860465,0.558139535,0.188571429,0.811428571,0.715909091,0.284090909,0.512048193,0.487951807,0.651428571,0.348571429,0.497142857,0.502857143
40163,1725.866667,Trop/Subtrop Forests,0.334313725,0.665686275,0.052304505,0.947695495,0.140407288,0.859592712,0.767326733,0.232673267,0.327291037,0.672708963,0.15339233,0.84660767,0.727609178,0.272390822,0.228448276,0.771551724,0.679587831,0.320412169,0.440337909,0.559662091,0.296859169,0.703140831,0.704191033,0.295808967,0.576190476,0.423809524,0.571644042,0.428355958,0.418461538,0.581538462
40166,425.7333333,Trop/Subtrop Forests,0.529774127,0.470225873,0.261146497,0.738853503,0.469465649,0.530534351,0.409090909,0.590909091,0.274468085,0.725531915,0.20997921,0.79002079,0.555837563,0.444162437,0.152777778,0.847222222,0.76446281,0.23553719,0.412393162,0.587606838,0.181818182,0.818181818,0.672877847,0.327122153,0.540598291,0.459401709,0.740206186,0.259793814,0.492693111,0.507306889
40167,621,Trop/Subtrop Forests,0.576815642,0.423184358,0.123348018,0.876651982,0.222551929,0.777448071,0.712418301,0.287581699,0.264663805,0.735336195,0.159722222,0.840277778,0.64845173,0.35154827,0.315217391,0.684782609,0.700842697,0.299157303,0.362951807,0.637048193,0.387955182,0.612044818,0.630705394,0.369294606,0.605067064,0.394932936,0.683029453,0.316970547,0.459915612,0.540084388
40168,609.1333333,Trop/Subtrop Forests,0.425320057,0.574679943,0.129032258,0.870967742,0.143209877,0.856790123,0.642105263,0.357894737,0.227405248,0.772594752,0.18651363,0.81348637,0.669793621,0.330206379,0.225,0.775,0.663338088,0.336661912,0.394537178,0.605462822,0.216642755,0.783357245,0.694602273,0.305397727,0.645962733,0.354037267,0.657971014,0.342028986,0.430249633,0.569750367
40169,580.5333333,Trop/Subtrop Forests,0.287202381,0.712797619,0.055214724,0.944785276,0.186170213,0.813829787,0.780821918,0.219178082,0.296296296,0.703703704,0.142857143,0.857142857,0.644295302,0.355704698,0.190721649,0.809278351,0.669139466,0.330860534,0.428571429,0.571428571,0.273952096,0.726047904,0.726047904,0.273952096,0.640253566,0.359746434,0.571644042,0.428355958,0.363496933,0.636503067
40170,1289,Trop/Subtrop Forests,0.598666667,0.401333333,0.157342657,0.842657343,0.361764706,0.638235294,0.677966102,0.322033898,0.261516655,0.738483345,0.138368984,0.861631016,0.54017425,0.45982575,0.321973094,0.678026906,0.713142095,0.286857905,0.370833333,0.629166667,0.284563758,0.715436242,0.696151249,0.303848751,0.614685315,0.385314685,0.73458445,0.26541555,0.416442049,0.583557951
40171,1334.666667,Trop/Subtrop Forests,0.504892368,0.495107632,0.126951799,0.873048201,0.283354511,0.716645489,0.660516605,0.339483395,0.273584906,0.726415094,0.156311315,0.843688685,0.589380531,0.410619469,0.22875817,0.77124183,0.708737864,0.291262136,0.388888889,0.611111111,0.268403909,0.731596091,0.700325733,0.299674267,0.610309278,0.389690722,0.67840835,0.32159165,0.417880795,0.582119205
40172,3650.6,Trop/Subtrop Forests,0.629638383,0.370361617,0.149569496,0.850430504,0.422324511,0.577675489,0.654648956,0.345351044,0.258161728,0.741838272,0.143637227,0.856362773,0.541653055,0.458346945,0.305041481,0.694958519,0.739990579,0.260009421,0.347188264,0.652811736,0.323182247,0.676817753,0.661305582,0.338694418,0.61436301,0.38563699,0.745742668,0.254257332,0.446275072,0.553724928
40201,476.0666667,Trop/Subtrop Forests,0.496336996,0.503663004,0.245283019,0.754716981,0.389285714,0.610714286,0.511904762,0.488095238,0.282527881,0.717472119,0.245318352,0.754681648,0.618266979,0.381733021,0.133333333,0.866666667,0.770220588,0.229779412,0.446728972,0.553271028,0.182481752,0.817518248,0.634369287,0.365630713,0.576850095,0.423149905,0.741284404,0.258715596,0.541044776,0.458955224
40202,1968.6,Trop/Subtrop Forests,0.470894874,0.529105126,0.120603015,0.879396985,0.293515358,0.706484642,0.76899696,0.23100304,0.27537511,0.72462489,0.173245614,0.826754386,0.686390533,0.313609467,0.286348502,0.713651498,0.746545769,0.253454231,0.361098604,0.638901396,0.263089572,0.736910428,0.601871544,0.398128456,0.596483318,0.403516682,0.697167756,0.302832244,0.477100934,0.522899066
40203,193.8,Trop/Subtrop Forests,0.55,0.45,0.259433962,0.740566038,0.434108527,0.565891473,0.511111111,0.488888889,0.302325581,0.697674419,0.228310502,0.771689498,0.581005587,0.418994413,0.15819209,0.84180791,0.770642202,0.229357798,0.411214953,0.588785047,0.217592593,0.782407407,0.625570776,0.374429224,0.528571429,0.471428571,0.783410138,0.216589862,0.571428571,0.428571429
40204,523.6666667,Trop/Subtrop Forests,0.461028192,0.538971808,0.213913043,0.786086957,0.336538462,0.663461538,0.531914894,0.468085106,0.294416244,0.705583756,0.210884354,0.789115646,0.651214128,0.348785872,0.168085106,0.831914894,0.774086379,0.225913621,0.459459459,0.540540541,0.169154229,0.830845771,0.69115192,0.30884808,0.595524957,0.404475043,0.694352159,0.305647841,0.484745763,0.515254237
40206,870.4666667,Trop/Subtrop Forests,0.596230159,0.403769841,0.295670539,0.704329461,0.447247706,0.552752294,0.563157895,0.436842105,0.296714579,0.703285421,0.172924901,0.827075099,0.601360544,0.398639456,0.250652742,0.749347258,0.79009901,0.20990099,0.464358452,0.535641548,0.155688623,0.844311377,0.657057654,0.342942346,0.568527919,0.431472081,0.788690476,0.211309524,0.531124498,0.468875502
40207,538.5333333,Trop/Subtrop Forests,0.545307443,0.454692557,0.242424242,0.757575758,0.436619718,0.563380282,0.614678899,0.385321101,0.279187817,0.720812183,0.186385737,0.813614263,0.608333333,0.391666667,0.211618257,0.788381743,0.783870968,0.216129032,0.460526316,0.539473684,0.183574879,0.816425121,0.631067961,0.368932039,0.509966777,0.490033223,0.740740741,0.259259259,0.539967374,0.460032626
40209,753.3333333,Trop/Subtrop Forests,0.405092593,0.594907407,0.166073547,0.833926453,0.37752809,0.62247191,0.522123894,0.477876106,0.293697979,0.706302021,0.232476636,0.767523364,0.65060241,0.34939759,0.123123123,0.876876877,0.773041475,0.226958525,0.43890866,0.56109134,0.206896552,0.793103448,0.702298851,0.297701149,0.543062201,0.456937799,0.67816092,0.32183908,0.507638073,0.492361927
40210,845.6666667,Trop/Subtrop Forests,0.347208122,0.652791878,0.077731092,0.922268908,0.204793028,0.795206972,0.79047619,0.20952381,0.292355372,0.707644628,0.157142857,0.842857143,0.73964497,0.26035503,0.228004957,0.771995043,0.727547931,0.272452069,0.424731183,0.575268817,0.285418821,0.714581179,0.695477387,0.304522613,0.589382449,0.410617551,0.602238047,0.397761953,0.455394191,0.544605809
40211,302.2666667,Trop/Subtrop Forests,0.336134454,0.663865546,0.099125364,0.900874636,0.217877095,0.782122905,0.65,0.35,0.287790698,0.712209302,0.252148997,0.747851003,0.644067797,0.355932203,0.189781022,0.810218978,0.646892655,0.353107345,0.406432749,0.593567251,0.213450292,0.786549708,0.731843575,0.268156425,0.638629283,0.361370717,0.588571429,0.411428571,0.431884058,0.568115942
40212,346.8666667,Trop/Subtrop Forests,0.438596491,0.561403509,0.154046997,0.845953003,0.29281768,0.70718232,0.75862069,0.24137931,0.287878788,0.712121212,0.161616162,0.838383838,0.653979239,0.346020761,0.217391304,0.782608696,0.753768844,0.246231156,0.426735219,0.573264781,0.2025,0.7975,0.695979899,0.304020101,0.634210526,0.365789474,0.664987406,0.335012594,0.459390863,0.540609137
40301,817.1333333,Trop/Subtrop Forests,0.721930745,0.278069255,0.21509009,0.78490991,0.5,0.5,0.452554745,0.547445255,0.302083333,0.697916667,0.152197213,0.847802787,0.545454545,0.454545455,0.330275229,0.669724771,0.813807531,0.186192469,0.303974221,0.696025779,0.352502662,0.647497338,0.549102429,0.450897571,0.582359192,0.417640808,0.847916667,0.152083333,0.548691099,0.451308901
40401,730.2666667,Temp Forests,0.61547619,0.38452381,0.135862913,0.864137087,0.405714286,0.594285714,0.555555556,0.444444444,0.292620865,0.707379135,0.138954869,0.861045131,0.510606061,0.489393939,0.286173633,0.713826367,0.802107728,0.197892272,0.335411471,0.664588529,0.335731415,0.664268585,0.597889801,0.402110199,0.536374846,0.463625154,0.764775414,0.235224586,0.547079857,0.452920143
40403,540.8,Temp Forests,0.766929134,0.233070866,0.248333333,0.751666667,0.641350211,0.358649789,0.330543933,0.669456067,0.299115044,0.700884956,0.196428571,0.803571429,0.413934426,0.586065574,0.229946524,0.770053476,0.800316957,0.199683043,0.3089701,0.6910299,0.269291339,0.730708661,0.652866242,0.347133758,0.535188216,0.464811784,0.8514377,0.1485623,0.4592,0.5408
40501,448.6666667,Temp Forests,0.694029851,0.305970149,0.077227723,0.922772277,0.623529412,0.376470588,0.628205128,0.371794872,0.255555556,0.744444444,0.161904762,0.838095238,0.472295515,0.527704485,0.253164557,0.746835443,0.826247689,0.173752311,0.322834646,0.677165354,0.263757116,0.736242884,0.679245283,0.320754717,0.530651341,0.469348659,0.828358209,0.171641791,0.586011342,0.413988658
40502,360,Temp Forests,0.799528302,0.200471698,0.279187817,0.720812183,0.62962963,0.37037037,0.352517986,0.647482014,0.317073171,0.682926829,0.22327791,0.77672209,0.416938111,0.583061889,0.218253968,0.781746032,0.81030445,0.18969555,0.303178484,0.696821516,0.233100233,0.766899767,0.661938534,0.338061466,0.564593301,0.435406699,0.873831776,0.126168224,0.487058824,0.512941176
40701,234.0666667,Grasslands,0.603773585,0.396226415,0.285714286,0.714285714,0.420689655,0.579310345,0.473684211,0.526315789,0.287937743,0.712062257,0.218045113,0.781954887,0.528571429,0.471428571,0.225352113,0.774647887,0.808270677,0.191729323,0.391304348,0.608695652,0.180451128,0.819548872,0.622641509,0.377358491,0.544401544,0.455598456,0.80075188,0.19924812,0.465909091,0.534090909
41001,1274.6,Grasslands,0.293441515,0.706558485,0.009491525,0.990508475,0.115328467,0.884671533,0.886363636,0.113636364,0.286986301,0.713013699,0.094117647,0.905882353,0.725330621,0.274669379,0.272879933,0.727120067,0.68452381,0.31547619,0.408856089,0.591143911,0.405369128,0.594630872,0.716601816,0.283398184,0.584011843,0.415988157,0.534599729,0.465400271,0.406164384,0.593835616
41301,587.2,Deserts & Drylands,0.533432392,0.466567608,0.248447205,0.751552795,0.403076923,0.596923077,0.5,0.5,0.298461538,0.701538462,0.208395802,0.791604198,0.625708885,0.374291115,0.150390625,0.849609375,0.786666667,0.213333333,0.465151515,0.534848485,0.188512518,0.811487482,0.665676077,0.334323923,0.536474164,0.463525836,0.747058824,0.252941176,0.554559043,0.445440957
41303,568.4,Deserts & Drylands,0.593558282,0.406441718,0.325806452,0.674193548,0.508361204,0.491638796,0.298611111,0.701388889,0.246753247,0.753246753,0.192366412,0.807633588,0.575815739,0.424184261,0.178423237,0.821576763,0.801857585,0.198142415,0.437888199,0.562111801,0.157012195,0.842987805,0.689127106,0.310872894,0.582417582,0.417582418,0.825954198,0.174045802,0.547987616,0.452012384
41402,205.2666667,Trop/Subtrop Forests,0.510460251,0.489539749,0.177777778,0.822222222,0.173228346,0.826771654,0.675,0.325,0.326086957,0.673913043,0.237068966,0.762931034,0.662921348,0.337078652,0.211640212,0.788359788,0.728813559,0.271186441,0.379464286,0.620535714,0.211206897,0.788793103,0.679324895,0.320675105,0.63963964,0.36036036,0.710638298,0.289361702,0.424892704,0.575107296
41405,893.7333333,Trop/Subtrop Forests,0.102466793,0.897533207,0.012440191,0.987559809,0.05794948,0.94205052,0.833333333,0.166666667,0.23454367,0.76545633,0.170272813,0.829727187,0.825513196,0.174486804,0.130381304,0.869618696,0.650047939,0.349952061,0.487153135,0.512846865,0.224903475,0.775096525,0.830855019,0.169144981,0.688297872,0.311702128,0.503510532,0.496489468,0.335805085,0.664194915
50201,817.8666667,Trop/Subtrop Forests,0.548289738,0.451710262,0.257478632,0.742521368,0.512658228,0.487341772,0.448275862,0.551724138,0.261202186,0.738797814,0.173553719,0.826446281,0.537931034,0.462068966,0.218914186,0.781085814,0.740101523,0.259898477,0.419017764,0.580982236,0.256206554,0.743793446,0.721,0.279,0.50524109,0.49475891,0.815494393,0.184505607,0.501664817,0.498335183
50302,4192.266667,Trop/Subtrop Forests,0.690335306,0.309664694,0.1645896,0.8354104,0.538338658,0.461661342,0.47706422,0.52293578,0.271399224,0.728600776,0.138193471,0.861806529,0.548858106,0.451141894,0.34296397,0.65703603,0.751518714,0.248481286,0.293499802,0.706500198,0.367238095,0.632761905,0.672140649,0.327859351,0.509320505,0.490679495,0.873277702,0.126722298,0.446153846,0.553846154
50303,4163.2,Trop/Subtrop Forests,0.624875424,0.375124576,0.123349924,0.876650076,0.489841986,0.510158014,0.471624266,0.528375734,0.272665303,0.727334697,0.116859768,0.883140232,0.538749532,0.461250468,0.29165247,0.70834753,0.761199921,0.238800079,0.346291866,0.653708134,0.379560649,0.620439351,0.717868948,0.282131052,0.480640584,0.519359416,0.833659491,0.166340509,0.437474707,0.562525293
50401,1565.733333,Temp Forests,0.78883361,0.21116639,0.140616246,0.859383754,0.767790262,0.232209738,0.549693252,0.450306748,0.254452926,0.745547074,0.169444444,0.830555556,0.379176379,0.620823621,0.396768402,0.603231598,0.735587583,0.264412417,0.298016997,0.701983003,0.288013319,0.711986681,0.733146067,0.266853933,0.644038791,0.355961209,0.842222222,0.157777778,0.401334074,0.598665926
50402,2408.733333,Temp Forests,0.78683834,0.21316166,0.173532629,0.826467371,0.73480663,0.26519337,0.56261343,0.43738657,0.264873676,0.735126324,0.149141631,0.850858369,0.399589111,0.600410889,0.36440678,0.63559322,0.746794872,0.253205128,0.316538883,0.683461117,0.290024849,0.709975151,0.724375226,0.275624774,0.613377435,0.386622565,0.850805009,0.149194991,0.422031474,0.577968526
50403,2807.6,Temp Forests,0.787181846,0.212818154,0.169757938,0.830242062,0.721350078,0.278649922,0.555049355,0.444950645,0.262098199,0.737901801,0.142156863,0.857843137,0.405668733,0.594331267,0.370983447,0.629016553,0.752836553,0.247163447,0.310096905,0.689903095,0.288888889,0.711111111,0.733602735,0.266397265,0.609840175,0.390159825,0.853157572,0.146842428,0.413010126,0.586989874
50404,2433.8,Temp Forests,0.822096717,0.177903283,0.213483146,0.786516854,0.750524109,0.249475891,0.580388693,0.419611307,0.254846527,0.745153473,0.151313485,0.848686515,0.422187171,0.577812829,0.398254228,0.601745772,0.747021724,0.252978276,0.315107914,0.684892086,0.276425591,0.723574409,0.727272727,0.272727273,0.61640878,0.38359122,0.875043999,0.124956001,0.414934836,0.585065164
50405,1560.733333,Temp Forests,0.805510535,0.194489465,0.287485908,0.712514092,0.64640884,0.35359116,0.509984639,0.490015361,0.238442822,0.761557178,0.151055766,0.848944234,0.49137931,0.50862069,0.410517388,0.589482612,0.746883469,0.253116531,0.309866962,0.690133038,0.264201501,0.735798499,0.701965066,0.298034934,0.586381542,0.413618458,0.88919214,0.11080786,0.428017719,0.571982281
50406,1498.733333,Temp Forests,0.822880372,0.177119628,0.147492625,0.852507375,0.74137931,0.25862069,0.587134503,0.412865497,0.222593583,0.777406417,0.143023256,0.856976744,0.406779661,0.593220339,0.455615942,0.544384058,0.726956522,0.273043478,0.269916766,0.730083234,0.275882013,0.724117987,0.720943953,0.279056047,0.657910448,0.342089552,0.865585168,0.134414832,0.401044689,0.598955311
50407,2088.066667,Temp Forests,0.808298755,0.191701245,0.180584994,0.819415006,0.765352887,0.234647113,0.532272325,0.467727675,0.22574354,0.77425646,0.146788991,0.853211009,0.394988067,0.605011933,0.414650098,0.585349902,0.733167082,0.266832918,0.28437633,0.71562367,0.273893256,0.726106744,0.74017744,0.25982256,0.652378911,0.347621089,0.859459459,0.140540541,0.395581492,0.604418508
50408,1076,Temp Forests,0.812652068,0.187347932,0.169950739,0.830049261,0.726169844,0.273830156,0.547021944,0.452978056,0.210280374,0.789719626,0.14811784,0.85188216,0.409144197,0.590855803,0.454314721,0.545685279,0.724249797,0.275750203,0.258091286,0.741908714,0.276561233,0.723438767,0.730484799,0.269515201,0.672834315,0.327165685,0.857258719,0.142741281,0.376116978,0.623883022
50409,1658.333333,Temp Forests,0.814122534,0.185877466,0.265491453,0.734508547,0.673652695,0.326347305,0.59375,0.40625,0.245063879,0.754936121,0.141752577,0.858247423,0.460093897,0.539906103,0.425384615,0.574615385,0.728395062,0.271604938,0.30221519,0.69778481,0.28,0.72,0.721406086,0.278593914,0.60042735,0.39957265,0.886704604,0.113295396,0.411490683,0.588509317
50410,2050.733333,Temp Forests,0.798312236,0.201687764,0.154177433,0.845822567,0.742667928,0.257332072,0.551912568,0.448087432,0.22826087,0.77173913,0.146570089,0.853429911,0.400854179,0.599145821,0.420212766,0.579787234,0.73392555,0.26607445,0.283051582,0.716948418,0.265116279,0.734883721,0.736188437,0.263811563,0.650980392,0.349019608,0.855513308,0.144486692,0.396282214,0.603717786
50411,2920.4,Temp Forests,0.761524823,0.238475177,0.186152445,0.813847555,0.727822581,0.272177419,0.513533285,0.486466715,0.242978003,0.757021997,0.151973879,0.848026121,0.411068864,0.588931136,0.375698324,0.624301676,0.750073768,0.249926232,0.314781022,0.685218978,0.269729093,0.730270907,0.730077891,0.269922109,0.633751146,0.366248854,0.84751773,0.15248227,0.423864648,0.576135352
50412,1505.666667,Temp Forests,0.823931624,0.176068376,0.234030197,0.765969803,0.741134752,0.258865248,0.57771261,0.42228739,0.255634256,0.744365744,0.149321267,0.850678733,0.438250429,0.561749571,0.394205443,0.605794557,0.735625705,0.264374295,0.298723898,0.701276102,0.298136646,0.701863354,0.71815562,0.28184438,0.593023256,0.406976744,0.891922639,0.108077361,0.42645382,0.57354618
50413,3473.4,Temp Forests,0.76611509,0.23388491,0.184968153,0.815031847,0.690666667,0.309333333,0.582312925,0.417687075,0.255962285,0.744037715,0.138143314,0.861856686,0.445906433,0.554093567,0.370666667,0.629333333,0.751842752,0.248157248,0.314285714,0.685714286,0.284666178,0.715333822,0.722918756,0.277081244,0.597094801,0.402905199,0.854711396,0.145288604,0.423314399,0.576685601
50414,2532.8,Temp Forests,0.789168937,0.210831063,0.180132914,0.819867086,0.75965327,0.24034673,0.532283465,0.467716535,0.242150706,0.757849294,0.149488055,0.850511945,0.382685686,0.617314314,0.395121951,0.604878049,0.749659401,0.250340599,0.302562303,0.697437697,0.280826558,0.719173442,0.73340285,0.26659715,0.646603309,0.353396691,0.852117486,0.147882514,0.40424803,0.59575197
50415,2118.533333,Temp Forests,0.83028083,0.16971917,0.185123276,0.814876724,0.76252505,0.23747495,0.5294635,0.4705365,0.233901515,0.766098485,0.146890344,0.853109656,0.403361345,0.596638655,0.425865447,0.574134553,0.744922827,0.255077173,0.288093256,0.711906744,0.269339814,0.730660186,0.72261265,0.27738735,0.64417435,0.35582565,0.864081633,0.135918367,0.393556281,0.606443719
50416,1769.133333,Temp Forests,0.831378299,0.168621701,0.1565,0.8435,0.744047619,0.255952381,0.574297189,0.425702811,0.218660561,0.781339439,0.146078431,0.853921569,0.413043478,0.586956522,0.453064391,0.546935609,0.729360039,0.270639961,0.2655,0.7345,0.271310278,0.728689722,0.734693878,0.265306122,0.653153153,0.346846847,0.863636364,0.136363636,0.378787879,0.621212121
50417,1261.133333,Temp Forests,0.811320755,0.188679245,0.262542955,0.737457045,0.701700155,0.298299845,0.366972477,0.633027523,0.217607973,0.782392027,0.179836512,0.820163488,0.387029289,0.612970711,0.364060677,0.635939323,0.794455713,0.205544287,0.286418015,0.713581985,0.26128591,0.73871409,0.703296703,0.296703297,0.640083218,0.359916782,0.871341048,0.128658952,0.465481887,0.534518113
50501,635.8666667,Temp Forests,0.860776439,0.139223561,0.061058345,0.938941655,0.720149254,0.279850746,0.525568182,0.474431818,0.139261745,0.860738255,0.16064257,0.83935743,0.45807771,0.54192229,0.414798206,0.585201794,0.71409396,0.28590604,0.218281037,0.781718963,0.275342466,0.724657534,0.686909582,0.313090418,0.663421419,0.336578581,0.932705249,0.067294751,0.465771812,0.534228188
50502,498.6,Temp Forests,0.835334477,0.164665523,0.082901554,0.917098446,0.711934156,0.288065844,0.590405904,0.409594096,0.155462185,0.844537815,0.181034483,0.818965517,0.410579345,0.589420655,0.390670554,0.609329446,0.711571675,0.288428325,0.242105263,0.757894737,0.286713287,0.713286713,0.690846287,0.309153713,0.652252252,0.347747748,0.888695652,0.111304348,0.445407279,0.554592721
50503,2512.133333,Temp Forests,0.804297521,0.195702479,0.229711142,0.770288858,0.65326087,0.34673913,0.359464627,0.640535373,0.214401294,0.785598706,0.143095955,0.856904045,0.480703746,0.519296254,0.37780473,0.62219527,0.768772742,0.231227258,0.307666329,0.692333671,0.298654414,0.701345586,0.702891326,0.297108674,0.552901024,0.447098976,0.917835671,0.082164329,0.442444822,0.557555178
50504,1153.666667,Temp Forests,0.752265861,0.247734139,0.184698609,0.815301391,0.751277683,0.248722317,0.533453888,0.466546112,0.259882254,0.740117746,0.144786197,0.855213803,0.446073298,0.553926702,0.386310905,0.613689095,0.73703982,0.26296018,0.279230769,0.720769231,0.28988764,0.71011236,0.729501916,0.270498084,0.605919003,0.394080997,0.85960961,0.14039039,0.40651022,0.59348978
50505,1354.333333,Temp Forests,0.86744044,0.13255956,0.174513497,0.825486503,0.7,0.3,0.375552283,0.624447717,0.187761945,0.812238055,0.170776819,0.829223181,0.464803313,0.535196687,0.387096774,0.612903226,0.772283272,0.227716728,0.263522013,0.736477987,0.276780186,0.723219814,0.699753391,0.300246609,0.604218362,0.395781638,0.935242839,0.064757161,0.494189602,0.505810398
50506,1019.866667,Temp Forests,0.839137645,0.160862355,0.124579125,0.875420875,0.639484979,0.360515021,0.505415162,0.494584838,0.194444444,0.805555556,0.162907268,0.837092732,0.420915033,0.579084967,0.425438596,0.574561404,0.770382696,0.229617304,0.267750214,0.732249786,0.262393162,0.737606838,0.725210084,0.274789916,0.663273961,0.336726039,0.888609715,0.111390285,0.482470785,0.517529215
50507,1110.866667,Temp Forests,0.849056604,0.150943396,0.124615385,0.875384615,0.707207207,0.292792793,0.458404075,0.541595925,0.180261833,0.819738167,0.158694002,0.841305998,0.444720497,0.555279503,0.38731444,0.61268556,0.764215315,0.235784685,0.254447022,0.745552978,0.281951975,0.718048025,0.728376328,0.271623672,0.642802156,0.357197844,0.909785933,0.090214067,0.470855413,0.529144587
50508,1322.666667,Temp Forests,0.849529781,0.150470219,0.148291425,0.851708575,0.663306452,0.336693548,0.480421687,0.519578313,0.216150082,0.783849918,0.15047619,0.84952381,0.432522124,0.567477876,0.412529551,0.587470449,0.794952681,0.205047319,0.26970684,0.73029316,0.279666453,0.720333547,0.697718631,0.302281369,0.612452351,0.387547649,0.897452229,0.102547771,0.47977244,0.52022756
50509,353,Temp Forests,0.790865385,0.209134615,0.038834951,0.961165049,0.67816092,0.32183908,0.549382716,0.450617284,0.147492625,0.852507375,0.170673077,0.829326923,0.390151515,0.609848485,0.380952381,0.619047619,0.737349398,0.262650602,0.265206813,0.734793187,0.245,0.755,0.677108434,0.322891566,0.705128205,0.294871795,0.88647343,0.11352657,0.477108434,0.522891566
50510,1636.2,Temp Forests,0.850333162,0.149666838,0.197465681,0.802534319,0.621768707,0.378231293,0.456876457,0.543123543,0.21442623,0.78557377,0.155958549,0.844041451,0.436772047,0.563227953,0.426335175,0.573664825,0.784757981,0.215242019,0.275695931,0.724304069,0.260800843,0.739199157,0.718913271,0.281086729,0.644479662,0.355520338,0.892004154,0.107995846,0.480478917,0.519521083
50511,2170.666667,Temp Forests,0.868604651,0.131395349,0.14279984,0.85720016,0.729665072,0.270334928,0.397111913,0.602888087,0.178267401,0.821732599,0.159844055,0.840155945,0.495929869,0.504070131,0.39779766,0.60220234,0.74380805,0.25619195,0.275699094,0.724300906,0.29350348,0.70649652,0.700858034,0.299141966,0.592209857,0.407790143,0.934689089,0.065310911,0.450676983,0.549323017
50512,1512.666667,Temp Forests,0.866485014,0.133514986,0.219362059,0.780637941,0.689781022,0.310218978,0.388283379,0.611716621,0.223372781,0.776627219,0.155937847,0.844062153,0.472061657,0.527938343,0.383947939,0.616052061,0.79705401,0.20294599,0.271646859,0.728353141,0.276642739,0.723357261,0.697419001,0.302580999,0.581998896,0.418001104,0.917268184,0.082731816,0.483041575,0.516958425
50513,970.8,Temp Forests,0.707142857,0.292857143,0.179775281,0.820224719,0.369304556,0.630695444,0.684357542,0.315642458,0.253258845,0.746741155,0.134275618,0.865724382,0.650955414,0.349044586,0.399262899,0.600737101,0.759325044,0.240674956,0.3118767,0.6881233,0.262135922,0.737864078,0.713255185,0.286744815,0.601295097,0.398704903,0.82712766,0.17287234,0.443447038,0.556552962
50514,712.4666667,Temp Forests,0.848557692,0.151442308,0.112332112,0.887667888,0.712990937,0.287009063,0.553571429,0.446428571,0.15922619,0.84077381,0.148859544,0.851140456,0.433206107,0.566793893,0.464627151,0.535372849,0.729016787,0.270983213,0.25,0.75,0.23902439,0.76097561,0.675970874,0.324029126,0.704488778,0.295511222,0.907451923,0.092548077,0.416566627,0.583433373
50515,730.6,Temp Forests,0.853409091,0.146590909,0.083916084,0.916083916,0.653061224,0.346938776,0.374639769,0.625360231,0.195652174,0.804347826,0.1625,0.8375,0.549718574,0.450281426,0.363834423,0.636165577,0.782359679,0.217640321,0.276422764,0.723577236,0.285388128,0.714611872,0.730068337,0.269931663,0.583715596,0.416284404,0.953917051,0.046082949,0.482485876,0.517514124
50516,2045.266667,Temp Forests,0.850381067,0.149618933,0.226594863,0.773405137,0.620588235,0.379411765,0.407288317,0.592711683,0.233710285,0.766289715,0.146986971,0.853013029,0.477978339,0.522021661,0.384255651,0.615744349,0.804435484,0.195564516,0.26866917,0.73133083,0.278321108,0.721678892,0.703568532,0.296431468,0.601957586,0.398042414,0.913344182,0.086655818,0.504653986,0.495346014
50517,2536.266667,Temp Forests,0.801838611,0.198161389,0.211067755,0.788932245,0.641304348,0.358695652,0.611013986,0.388986014,0.244668911,0.755331089,0.135536076,0.864463924,0.507800705,0.492199295,0.426988922,0.573011078,0.753123945,0.246876055,0.290456432,0.709543568,0.269708152,0.730291848,0.720110574,0.279889426,0.611400765,0.388599235,0.88372093,0.11627907,0.420963365,0.579036635
50518,1938.533333,Temp Forests,0.87141616,0.12858384,0.148907713,0.851092287,0.700507614,0.299492386,0.458058435,0.541941565,0.187889078,0.812110922,0.157136622,0.842863378,0.459497207,0.540502793,0.440902022,0.559097978,0.758785249,0.241214751,0.260850112,0.739149888,0.261138068,0.738861932,0.712087912,0.287912088,0.645046646,0.354953354,0.921052632,0.078947368,0.462745098,0.537254902
50519,1496.533333,Temp Forests,0.812154696,0.187845304,0.293033967,0.706966033,0.536912752,0.463087248,0.362654321,0.637345679,0.210418095,0.789581905,0.155968468,0.844031532,0.464218456,0.535781544,0.356466877,0.643533123,0.812985572,0.187014428,0.277681159,0.722318841,0.275126334,0.724873666,0.678970917,0.321029083,0.596801828,0.403198172,0.887213847,0.112786153,0.488424619,0.511575381
50520,518.6,Temp Forests,0.844771242,0.155228758,0.062913907,0.937086093,0.611872146,0.388127854,0.558718861,0.441281139,0.199152542,0.800847458,0.144736842,0.855263158,0.432569975,0.567430025,0.453296703,0.546703297,0.781758958,0.218241042,0.276559865,0.723440135,0.255462185,0.744537815,0.71169687,0.28830313,0.664991625,0.335008375,0.903278689,0.096721311,0.495081967,0.504918033
50521,200.0666667,Temp Forests,0.809128631,0.190871369,0.025210084,0.974789916,0.613636364,0.386363636,0.538461538,0.461538462,0.204545455,0.795454545,0.15,0.85,0.397435897,0.602564103,0.26984127,0.73015873,0.7875,0.2125,0.347457627,0.652542373,0.293333333,0.706666667,0.8,0.2,0.694915254,0.305084746,0.87966805,0.12033195,0.516666667,0.483333333
50522,1242.066667,Temp Forests,0.84525447,0.15474553,0.211188811,0.788811189,0.743718593,0.256281407,0.42670537,0.57329463,0.208695652,0.791304348,0.151452282,0.848547718,0.440871369,0.559128631,0.401416765,0.598583235,0.767010309,0.232989691,0.259574468,0.740425532,0.263522885,0.736477115,0.718162839,0.281837161,0.630943932,0.369056068,0.88904204,0.11095796,0.43862069,0.56137931
50523,1996.666667,Temp Forests,0.827467811,0.172532189,0.243170622,0.756829378,0.69740634,0.30259366,0.600901917,0.399098083,0.242165242,0.757834758,0.133871653,0.866128347,0.500330469,0.499669531,0.434336963,0.565663037,0.747028862,0.252971138,0.295375218,0.704624782,0.279915433,0.720084567,0.711120765,0.288879235,0.596221441,0.403778559,0.900170648,0.099829352,0.428571429,0.571428571
50524,1652.466667,Temp Forests,0.778179938,0.221820062,0.227801268,0.772198732,0.669189189,0.330810811,0.394859813,0.605140187,0.220512821,0.779487179,0.164484023,0.835515977,0.429227238,0.570772762,0.362190813,0.637809187,0.785158277,0.214841723,0.300813008,0.699186992,0.256572029,0.743427971,0.736454498,0.263545502,0.661686233,0.338313767,0.844989562,0.155010438,0.459884636,0.540115364
50525,275.4,Temp Forests,0.835365854,0.164634146,0.095092025,0.904907975,0.519607843,0.480392157,0.529411765,0.470588235,0.189922481,0.810077519,0.12654321,0.87345679,0.445026178,0.554973822,0.515,0.485,0.810397554,0.189602446,0.24137931,0.75862069,0.23659306,0.76340694,0.665634675,0.334365325,0.687306502,0.312693498,0.890243902,0.109756098,0.455927052,0.544072948
50526,684.2666667,Temp Forests,0.756563246,0.243436754,0.27020202,0.72979798,0.526119403,0.473880597,0.307392996,0.692607004,0.204301075,0.795698925,0.113831089,0.886168911,0.528384279,0.471615721,0.35952381,0.64047619,0.779376499,0.220623501,0.314814815,0.685185185,0.297619048,0.702380952,0.705882353,0.294117647,0.516646116,0.483353884,0.910843373,0.089156627,0.426086957,0.573913043
50527,2390.8,Temp Forests,0.861158725,0.138841275,0.256318975,0.743681025,0.625675676,0.374324324,0.378450579,0.621549421,0.231536022,0.768463978,0.140516039,0.859483961,0.509433962,0.490566038,0.392536282,0.607463718,0.798759476,0.201240524,0.288770053,0.711229947,0.26512271,0.73487729,0.70748534,0.29251466,0.582490408,0.417509592,0.93877551,0.06122449,0.485192837,0.514807163
50528,2036.333333,Temp Forests,0.879622021,0.120377979,0.134233854,0.865766146,0.716502116,0.283497884,0.43575419,0.56424581,0.169315068,0.830684932,0.157438017,0.842561983,0.488151659,0.511848341,0.427169811,0.572830189,0.746005735,0.253994265,0.253148615,0.746851385,0.278376139,0.721623861,0.708918249,0.291081751,0.617536534,0.382463466,0.942762339,0.057237661,0.468328566,0.531671434
50529,3456.333333,Temp Forests,0.73701218,0.26298782,0.175798494,0.824201506,0.492146597,0.507853403,0.66769468,0.33230532,0.25066454,0.74933546,0.136240453,0.863759547,0.577480491,0.422519509,0.410274706,0.589725294,0.763488544,0.236511456,0.308043644,0.691956356,0.262512267,0.737487733,0.698789102,0.301210898,0.587512794,0.412487206,0.845414201,0.154585799,0.441513191,0.558486809
50530,1552.533333,Temp Forests,0.855591748,0.144408252,0.131403118,0.868596882,0.709570957,0.290429043,0.372034956,0.627965044,0.168953069,0.831046931,0.172394981,0.827605019,0.487993139,0.512006861,0.372139303,0.627860697,0.742826205,0.257173795,0.271727173,0.728272827,0.295995671,0.704004329,0.719155844,0.280844156,0.583563155,0.416436845,0.938495332,0.061504668,0.479289941,0.520710059
50601,371.0666667,Boreal Taiga,0.88261851,0.11738149,0.048165138,0.951834862,0.566666667,0.433333333,0.555,0.445,0.147692308,0.852307692,0.125570776,0.874429224,0.436781609,0.563218391,0.485185185,0.514814815,0.773755656,0.226244344,0.273781903,0.726218097,0.200471698,0.799528302,0.722727273,0.277272727,0.713615023,0.286384977,0.934090909,0.065909091,0.511363636,0.488636364
50602,864.9333333,Boreal Taiga,0.835850957,0.164149043,0.103869654,0.896130346,0.690866511,0.309133489,0.634615385,0.365384615,0.188457008,0.811542992,0.131790744,0.868209256,0.423600605,0.576399395,0.493975904,0.506024096,0.688688689,0.311311311,0.24412666,0.75587334,0.272727273,0.727272727,0.711498973,0.288501027,0.695287958,0.304712042,0.886317907,0.113682093,0.398791541,0.601208459
50603,401.8,Boreal Taiga,0.815450644,0.184549356,0.087145969,0.912854031,0.673076923,0.326923077,0.585152838,0.414847162,0.159383033,0.840616967,0.179265659,0.820734341,0.407284768,0.592715232,0.476351351,0.523648649,0.731759657,0.268240343,0.233995585,0.766004415,0.213362069,0.786637931,0.709327549,0.290672451,0.742152466,0.257847534,0.872570194,0.127429806,0.430735931,0.569264069
50604,69.13333333,Boreal Taiga,0.708860759,0.291139241,0.063291139,0.936708861,0.707317073,0.292682927,0.6,0.4,0.14084507,0.85915493,0.240506329,0.759493671,0.433333333,0.566666667,0.339285714,0.660714286,0.602564103,0.397435897,0.215189873,0.784810127,0.230769231,0.769230769,0.602564103,0.397435897,0.720588235,0.279411765,0.846153846,0.153846154,0.474358974,0.525641026
50605,1136.666667,Boreal Taiga,0.831178707,0.168821293,0.112055641,0.887944359,0.689839572,0.310160428,0.562138728,0.437861272,0.188419118,0.811580882,0.130634072,0.869365928,0.427765237,0.572234763,0.468187275,0.531812725,0.707410237,0.292589763,0.245341615,0.754658385,0.269585253,0.730414747,0.72248062,0.27751938,0.678571429,0.321428571,0.884146341,0.115853659,0.408085431,0.591914569
50606,507.3333333,Boreal Taiga,0.839255499,0.160744501,0.055363322,0.944636678,0.584,0.416,0.661073826,0.338926174,0.122621564,0.877378436,0.098807496,0.901192504,0.478632479,0.521367521,0.530266344,0.469733656,0.656565657,0.343434343,0.246551724,0.753448276,0.185121107,0.814878893,0.722996516,0.277003484,0.758007117,0.241992883,0.910472973,0.089527027,0.405772496,0.594227504
50607,652.2666667,Boreal Taiga,0.86328125,0.13671875,0.088859416,0.911140584,0.673913043,0.326086957,0.544987147,0.455012853,0.133884298,0.866115702,0.170827858,0.829172142,0.471774194,0.528225806,0.456521739,0.543478261,0.707732634,0.292267366,0.253671562,0.746328438,0.194666667,0.805333333,0.72859025,0.27140975,0.720708447,0.279291553,0.932894737,0.067105263,0.463157895,0.536842105
50608,631.6,Boreal Taiga,0.849108368,0.150891632,0.119444444,0.880555556,0.72815534,0.27184466,0.630727763,0.369272237,0.181372549,0.818627451,0.160493827,0.839506173,0.430861723,0.569138277,0.465957447,0.534042553,0.688098495,0.311901505,0.234221599,0.765778401,0.272352132,0.727647868,0.701949861,0.298050139,0.672910663,0.327089337,0.888429752,0.111570248,0.400826446,0.599173554
50609,473.3333333,Boreal Taiga,0.812154696,0.187845304,0.087523277,0.912476723,0.722222222,0.277777778,0.705454545,0.294545455,0.174097665,0.825902335,0.148897059,0.851102941,0.421487603,0.578512397,0.494736842,0.505263158,0.672760512,0.327239488,0.232514178,0.767485822,0.250460405,0.749539595,0.708955224,0.291044776,0.732038835,0.267961165,0.867158672,0.132841328,0.390018484,0.609981516
50610,386.4,Boreal Taiga,0.814317673,0.185682327,0.108352144,0.891647856,0.713592233,0.286407767,0.585253456,0.414746544,0.137837838,0.862162162,0.16367713,0.83632287,0.414965986,0.585034014,0.458333333,0.541666667,0.698660714,0.301339286,0.193181818,0.806818182,0.229213483,0.770786517,0.647982063,0.352017937,0.711217184,0.288782816,0.896162528,0.103837472,0.434684685,0.565315315
50611,95.93333333,Boreal Taiga,0.697247706,0.302752294,0.009433962,0.990566038,0.590163934,0.409836066,0.6875,0.3125,0.193548387,0.806451613,0.128440367,0.871559633,0.432098765,0.567901235,0.342465753,0.657534247,0.672727273,0.327272727,0.342857143,0.657142857,0.324074074,0.675925926,0.752293578,0.247706422,0.657407407,0.342592593,0.790909091,0.209090909,0.422018349,0.577981651
50612,304.4666667,Boreal Taiga,0.805714286,0.194285714,0.095652174,0.904347826,0.62345679,0.37654321,0.631284916,0.368715084,0.126712329,0.873287671,0.14,0.86,0.461864407,0.538135593,0.487179487,0.512820513,0.668571429,0.331428571,0.193083573,0.806916427,0.187319885,0.812680115,0.719197708,0.280802292,0.726443769,0.273556231,0.905444126,0.094555874,0.42816092,0.57183908
50613,731,Boreal Taiga,0.862268519,0.137731481,0.063679245,0.936320755,0.656862745,0.343137255,0.562653563,0.437346437,0.128508124,0.871491876,0.165308498,0.834691502,0.460227273,0.539772727,0.456647399,0.543352601,0.729698376,0.270301624,0.25177305,0.74822695,0.202140309,0.797859691,0.710618436,0.289381564,0.725301205,0.274698795,0.930232558,0.069767442,0.464576074,0.535423926
50614,328.8,Boreal Taiga,0.798429319,0.201570681,0.071428571,0.928571429,0.686390533,0.313609467,0.644067797,0.355932203,0.128930818,0.871069182,0.141732283,0.858267717,0.452755906,0.547244094,0.424603175,0.575396825,0.671052632,0.328947368,0.2,0.8,0.214854111,0.785145889,0.683377309,0.316622691,0.715909091,0.284090909,0.910526316,0.089473684,0.465608466,0.534391534
50616,721.8666667,Boreal Taiga,0.844233056,0.155766944,0.087378641,0.912621359,0.657492355,0.342507645,0.690997567,0.309002433,0.170731707,0.829268293,0.118421053,0.881578947,0.444234405,0.555765595,0.511304348,0.488695652,0.683333333,0.316666667,0.224909311,0.775090689,0.229843562,0.770156438,0.67800729,0.32199271,0.706918239,0.293081761,0.909090909,0.090909091,0.401913876,0.598086124
50617,459,Boreal Taiga,0.850746269,0.149253731,0.082061069,0.917938931,0.676923077,0.323076923,0.548638132,0.451361868,0.156682028,0.843317972,0.188785047,0.811214953,0.460490463,0.539509537,0.424242424,0.575757576,0.714018692,0.285981308,0.234404537,0.765595463,0.202651515,0.797348485,0.709737828,0.290262172,0.700389105,0.299610895,0.930581614,0.069418386,0.470037453,0.529962547
50701,1852.133333,Grasslands,0.780891135,0.219108865,0.264805007,0.735194993,0.58698941,0.41301059,0.563002681,0.436997319,0.235323887,0.764676113,0.14266055,0.85733945,0.517167382,0.482832618,0.41127923,0.58872077,0.745080092,0.254919908,0.308740602,0.691259398,0.26031746,0.73968254,0.709722222,0.290277778,0.587482219,0.412517781,0.882001837,0.117998163,0.421787709,0.578212291
50801,1690.8,Grasslands,0.811062163,0.188937837,0.427332993,0.572667007,0.615844544,0.384155456,0.324549237,0.675450763,0.235878336,0.764121664,0.129177057,0.870822943,0.477124183,0.522875817,0.36561086,0.63438914,0.773109244,0.226890756,0.290224033,0.709775967,0.252216749,0.747783251,0.708973723,0.291026277,0.569886948,0.430113052,0.908956693,0.091043307,0.435604177,0.564395823
50802,1076.733333,Grasslands,0.846955128,0.153044872,0.157119476,0.842880524,0.776470588,0.223529412,0.5152,0.4848,0.177480916,0.822519084,0.16626506,0.83373494,0.430409357,0.569590643,0.440366972,0.559633028,0.728949479,0.271050521,0.241975309,0.758024691,0.263367917,0.736632083,0.683698297,0.316301703,0.6525,0.3475,0.899517685,0.100482315,0.398230088,0.601769912
50803,1512.133333,Grasslands,0.82464986,0.17535014,0.286376812,0.713623188,0.74137931,0.25862069,0.410818713,0.589181287,0.215522771,0.784477229,0.157215048,0.842784952,0.445026178,0.554973822,0.390740741,0.609259259,0.746201463,0.253798537,0.290598291,0.709401709,0.272475028,0.727524972,0.701240135,0.298759865,0.576360445,0.423639555,0.89740699,0.10259301,0.418617933,0.581382067
50804,3381.2,Grasslands,0.78998994,0.21001006,0.22066459,0.77933541,0.727077364,0.272922636,0.511470985,0.488529015,0.238463743,0.761536257,0.156847936,0.843152064,0.434715822,0.565284178,0.384236453,0.615763547,0.742405222,0.257594778,0.30495356,0.69504644,0.279133466,0.720866534,0.718158568,0.281841432,0.614880796,0.385119204,0.867321249,0.132678751,0.428752858,0.571247142
50805,1740.666667,Grasslands,0.764067127,0.235932873,0.189637827,0.810362173,0.675958188,0.324041812,0.511571255,0.488428745,0.225879682,0.774120318,0.20435428,0.79564572,0.426339286,0.573660714,0.413043478,0.586956522,0.715059055,0.284940945,0.275303644,0.724696356,0.254473161,0.745526839,0.720419371,0.279580629,0.637493527,0.362506473,0.838438735,0.161561265,0.380009896,0.619990104
50806,1518.333333,Grasslands,0.77587161,0.22412839,0.278481013,0.721518987,0.640980736,0.359019264,0.41740675,0.58259325,0.259609326,0.740390674,0.146205357,0.853794643,0.460192476,0.539807524,0.349820144,0.650179856,0.75900277,0.24099723,0.336740488,0.663259512,0.268279274,0.731720726,0.700389105,0.299610895,0.551244933,0.448755067,0.878212291,0.121787709,0.462805224,0.537194776
50807,734,Grasslands,0.857808858,0.142191142,0.304399524,0.695600476,0.821192053,0.178807947,0.391812865,0.608187135,0.241699867,0.758300133,0.157589803,0.842410197,0.403539823,0.596460177,0.3974122,0.6025878,0.73806752,0.26193248,0.269276394,0.730723606,0.266821346,0.733178654,0.681978799,0.318021201,0.605103281,0.394896719,0.907385698,0.092614302,0.406542056,0.593457944
50808,1269.6,Grasslands,0.864304813,0.135695187,0.17260274,0.82739726,0.748161765,0.251838235,0.40368272,0.59631728,0.17838765,0.82161235,0.170698925,0.829301075,0.462159435,0.537840565,0.4053076,0.5946924,0.762700535,0.237299465,0.245912807,0.754087193,0.282930108,0.717069892,0.700538358,0.299461642,0.604810997,0.395189003,0.916216216,0.083783784,0.440643863,0.559356137
50809,490.8,Grasslands,0.898954704,0.101045296,0.224820144,0.775179856,0.77294686,0.22705314,0.483870968,0.516129032,0.190380762,0.809619238,0.153846154,0.846153846,0.456284153,0.543715847,0.482857143,0.517142857,0.73951049,0.26048951,0.239285714,0.760714286,0.240901213,0.759098787,0.673179396,0.326820604,0.598165138,0.401834862,0.919720768,0.080279232,0.333919156,0.666080844
50810,833.2,Grasslands,0.844881075,0.155118925,0.18967334,0.81032666,0.819796954,0.180203046,0.4164859,0.5835141,0.20074813,0.79925187,0.188992731,0.811007269,0.424023155,0.575976845,0.375862069,0.624137931,0.749226006,0.250773994,0.242584746,0.757415254,0.261633919,0.738366081,0.684375,0.315625,0.630387931,0.369612069,0.899168399,0.100831601,0.399583767,0.600416233
50811,1186.733333,Grasslands,0.854558611,0.145441389,0.215022091,0.784977909,0.782273603,0.217726397,0.386435331,0.613564669,0.180690877,0.819309123,0.173285199,0.826714801,0.477054429,0.522945571,0.402241594,0.597758406,0.744420446,0.255579554,0.247800587,0.752199413,0.270521056,0.729478944,0.693478261,0.306521739,0.616530156,0.383469844,0.920806335,0.079193665,0.392651297,0.607348703
50812,791.6666667,Grasslands,0.85949506,0.14050494,0.184770437,0.815229563,0.828496042,0.171503958,0.512471655,0.487528345,0.182973316,0.817026684,0.161007667,0.838992333,0.413461538,0.586538462,0.432432432,0.567567568,0.72082879,0.27917121,0.249162011,0.750837989,0.266304348,0.733695652,0.694630872,0.305369128,0.63193658,0.36806342,0.899233297,0.100766703,0.359255203,0.640744797
50813,1273.4,Grasslands,0.838966203,0.161033797,0.238352465,0.761647535,0.766071429,0.233928571,0.343419062,0.656580938,0.202411714,0.797588286,0.180666667,0.819333333,0.427385892,0.572614108,0.378212974,0.621787026,0.782694848,0.217305152,0.278498294,0.721501706,0.264214047,0.735785953,0.707300737,0.292699263,0.619946092,0.380053908,0.893888516,0.106111484,0.464854111,0.535145889
50814,1717,Grasslands,0.799901429,0.200098571,0.300255754,0.699744246,0.65785381,0.34214619,0.412268188,0.587731812,0.247058824,0.752941176,0.163376111,0.836623889,0.44494382,0.55505618,0.363783347,0.636216653,0.761928185,0.238071815,0.315736551,0.684263449,0.270680372,0.729319628,0.688118812,0.311881188,0.558521561,0.441478439,0.891315136,0.108684864,0.458416834,0.541583166
50815,2040.866667,Grasslands,0.823993358,0.176006642,0.243755383,0.756244617,0.744239631,0.255760369,0.329842932,0.670157068,0.204193709,0.795806291,0.152980409,0.847019591,0.469191271,0.530808729,0.367571533,0.632428467,0.749792875,0.250207125,0.308277027,0.691722973,0.288697789,0.711302211,0.711426188,0.288573812,0.564224138,0.435775862,0.909015372,0.090984628,0.423963134,0.576036866
51101,625.4666667,Tundra,0.861185984,0.138814016,0.039780521,0.960219479,0.608510638,0.391489362,0.534435262,0.465564738,0.13986014,0.86013986,0.152173913,0.847826087,0.497816594,0.502183406,0.42760181,0.57239819,0.725543478,0.274456522,0.270344828,0.729655172,0.199158485,0.800841515,0.748982361,0.251017639,0.714086471,0.285913529,0.932249322,0.067750678,0.51420839,0.48579161
51102,204,Tundra,0.898373984,0.101626016,0.033472803,0.966527197,0.514285714,0.485714286,0.58490566,0.41509434,0.194285714,0.805714286,0.124481328,0.875518672,0.427631579,0.572368421,0.481751825,0.518248175,0.787755102,0.212244898,0.3125,0.6875,0.267782427,0.732217573,0.681818182,0.318181818,0.654166667,0.345833333,0.950819672,0.049180328,0.524590164,0.475409836
51103,324.4666667,Tundra,0.876923077,0.123076923,0.026385224,0.973614776,0.626086957,0.373913043,0.450867052,0.549132948,0.100334448,0.899665552,0.147286822,0.852713178,0.515555556,0.484444444,0.460176991,0.539823009,0.74025974,0.25974026,0.287206266,0.712793734,0.152815013,0.847184987,0.715025907,0.284974093,0.721925134,0.278074866,0.968992248,0.031007752,0.475324675,0.524675325
51104,418.9333333,Tundra,0.892857143,0.107142857,0.026694045,0.973305955,0.608391608,0.391608392,0.512931034,0.487068966,0.112,0.888,0.16064257,0.83935743,0.510067114,0.489932886,0.464163823,0.535836177,0.736,0.264,0.290322581,0.709677419,0.180293501,0.819706499,0.728194726,0.271805274,0.709016393,0.290983607,0.962075848,0.037924152,0.488977956,0.511022044
51106,313.2666667,Tundra,0.847184987,0.152815013,0.046575342,0.953424658,0.580882353,0.419117647,0.556886228,0.443113772,0.157894737,0.842105263,0.151351351,0.848648649,0.426086957,0.573913043,0.452380952,0.547619048,0.733153639,0.266846361,0.279452055,0.720547945,0.189415042,0.810584958,0.740540541,0.259459459,0.691876751,0.308123249,0.932614555,0.067385445,0.508108108,0.491891892
51107,436.7333333,Tundra,0.884030418,0.115969582,0.040935673,0.959064327,0.58490566,0.41509434,0.519148936,0.480851064,0.127604167,0.872395833,0.153550864,0.846449136,0.45625,0.54375,0.436860068,0.563139932,0.769083969,0.230916031,0.296875,0.703125,0.189134809,0.810865191,0.738372093,0.261627907,0.708414873,0.291585127,0.955854127,0.044145873,0.522157996,0.477842004
51108,444.5333333,Tundra,0.87804878,0.12195122,0.015384615,0.984615385,0.602564103,0.397435897,0.510121457,0.489878543,0.108040201,0.891959799,0.163809524,0.836190476,0.525993884,0.474006116,0.437299035,0.562700965,0.741509434,0.258490566,0.300191205,0.699808795,0.186878728,0.813121272,0.736641221,0.263358779,0.73540856,0.26459144,0.960302457,0.039697543,0.501893939,0.498106061
51109,77.6,Tundra,0.857142857,0.142857143,0.021978022,0.978021978,0.43902439,0.56097561,0.411764706,0.588235294,0.119402985,0.880597015,0.022222222,0.977777778,0.62745098,0.37254902,0.589285714,0.410714286,0.714285714,0.285714286,0.32967033,0.67032967,0.094117647,0.905882353,0.769230769,0.230769231,0.813953488,0.186046512,0.967032967,0.032967033,0.483516484,0.516483516
51110,171.2666667,Tundra,0.951456311,0.048543689,0.015,0.985,0.474576271,0.525423729,0.359223301,0.640776699,0.073333333,0.926666667,0.107317073,0.892682927,0.560747664,0.439252336,0.540983607,0.459016393,0.804878049,0.195121951,0.311881188,0.688118812,0.104166667,0.895833333,0.733990148,0.266009852,0.832512315,0.167487685,0.990291262,0.009708738,0.475728155,0.524271845
51111,681.6666667,Tundra,0.877777778,0.122222222,0.07115629,0.92884371,0.641509434,0.358490566,0.518610422,0.481389578,0.124595469,0.875404531,0.170610212,0.829389788,0.484435798,0.515564202,0.419148936,0.580851064,0.729426434,0.270573566,0.27112232,0.72887768,0.190231362,0.809768638,0.74625,0.25375,0.714652956,0.285347044,0.943890274,0.056109726,0.503740648,0.496259352
51112,144.8666667,Tundra,0.924418605,0.075581395,0.011695906,0.988304094,0.462962963,0.537037037,0.364583333,0.635416667,0.088888889,0.911111111,0.058479532,0.941520468,0.593023256,0.406976744,0.570093458,0.429906542,0.748538012,0.251461988,0.30952381,0.69047619,0.107594937,0.892405063,0.789473684,0.210526316,0.834319527,0.165680473,0.98255814,0.01744186,0.459302326,0.540697674
51113,314.0666667,Tundra,0.910810811,0.089189189,0.083333333,0.916666667,0.483443709,0.516556291,0.469387755,0.530612245,0.133333333,0.866666667,0.103542234,0.896457766,0.545023697,0.454976303,0.564655172,0.435344828,0.749318801,0.250681199,0.282913165,0.717086835,0.172804533,0.827195467,0.752066116,0.247933884,0.750684932,0.249315068,0.959128065,0.040871935,0.465940054,0.534059946
51114,319.2666667,Tundra,0.881889764,0.118110236,0.027100271,0.972899729,0.541984733,0.458015267,0.5,0.5,0.103448276,0.896551724,0.132978723,0.867021277,0.554054054,0.445945946,0.495652174,0.504347826,0.736,0.264,0.285333333,0.714666667,0.142465753,0.857534247,0.718832891,0.281167109,0.746556474,0.253443526,0.962962963,0.037037037,0.482758621,0.517241379
51115,294.8,Tundra,0.906779661,0.093220339,0.026548673,0.973451327,0.546296296,0.453703704,0.427745665,0.572254335,0.089552239,0.910447761,0.140401146,0.859598854,0.571428571,0.428571429,0.509615385,0.490384615,0.771428571,0.228571429,0.293948127,0.706051873,0.12462908,0.87537092,0.706552707,0.293447293,0.782352941,0.217647059,0.977272727,0.022727273,0.485714286,0.514285714
51116,449.9333333,Tundra,0.863551402,0.136448598,0.034285714,0.965714286,0.602339181,0.397660819,0.523622047,0.476377953,0.122850123,0.877149877,0.145833333,0.854166667,0.492625369,0.507374631,0.407523511,0.592476489,0.738721805,0.261278195,0.294455067,0.705544933,0.203125,0.796875,0.750943396,0.249056604,0.715953307,0.284046693,0.941509434,0.058490566,0.511320755,0.488679245
51117,642.8,Tundra,0.844736842,0.155263158,0.065420561,0.934579439,0.617647059,0.382352941,0.542613636,0.457386364,0.159793814,0.840206186,0.156706507,0.843293493,0.438669439,0.561330561,0.434210526,0.565789474,0.768421053,0.231578947,0.264507422,0.735492578,0.222826087,0.777173913,0.734748011,0.265251989,0.707482993,0.292517007,0.904635762,0.095364238,0.488095238,0.511904762
51118,74.8,Tundra,0.781609195,0.218390805,0.023809524,0.976190476,0.479166667,0.520833333,0.340909091,0.659090909,0.121212121,0.878787879,0.069767442,0.930232558,0.524590164,0.475409836,0.431372549,0.568627451,0.701149425,0.298850575,0.352941176,0.647058824,0.130952381,0.869047619,0.720930233,0.279069767,0.734177215,0.265822785,0.942528736,0.057471264,0.563218391,0.436781609
51201,2995.666667,Mediterranean Scrub,0.698626374,0.301373626,0.316565481,0.683434519,0.468277946,0.531722054,0.294466403,0.705533597,0.22603671,0.77396329,0.132080763,0.867919237,0.518367347,0.481632653,0.306016598,0.693983402,0.785315466,0.214684534,0.325849165,0.674150835,0.285753575,0.714246425,0.709955506,0.290044494,0.538174512,0.461825488,0.878787879,0.121212121,0.451862464,0.548137536
51202,2998.866667,Mediterranean Scrub,0.794696555,0.205303445,0.347937411,0.652062589,0.518115942,0.481884058,0.33005733,0.66994267,0.225524476,0.774475524,0.126468942,0.873531058,0.491211401,0.508788599,0.345552561,0.654447439,0.800110742,0.199889258,0.292289988,0.707710012,0.281318681,0.718681319,0.711117272,0.288882728,0.542325056,0.457674944,0.900689655,0.099310345,0.463897407,0.536102593
51203,2404.066667,Mediterranean Scrub,0.788023137,0.211976863,0.338526912,0.661473088,0.542923434,0.457076566,0.287628866,0.712371134,0.229783473,0.770216527,0.134447928,0.865552072,0.498830409,0.501169591,0.325997249,0.674002751,0.790649708,0.209350292,0.312966252,0.687033748,0.289428669,0.710571331,0.713007571,0.286992429,0.54009184,0.45990816,0.913193248,0.086806752,0.464422076,0.535577924
51301,1559.733333,Deserts & Drylands,0.657784744,0.342215256,0.318079096,0.681920904,0.453405018,0.546594982,0.295503212,0.704496788,0.247944339,0.752055661,0.137066667,0.862933333,0.542168675,0.457831325,0.260692464,0.739307536,0.759131816,0.240868184,0.364667747,0.635332253,0.289974293,0.710025707,0.728638011,0.271361989,0.478660184,0.521339816,0.881302521,0.118697479,0.460255698,0.539744302
51302,2565.466667,Deserts & Drylands,0.675946908,0.324053092,0.173056995,0.826943005,0.537190083,0.462809917,0.437762238,0.562237762,0.256741781,0.743258219,0.127035831,0.872964169,0.5353902,0.4646098,0.346044394,0.653955606,0.767136451,0.232863549,0.34601626,0.65398374,0.342393002,0.657606998,0.720457433,0.279542567,0.498844503,0.501155497,0.845007924,0.154992076,0.442199404,0.557800596
51303,3183.533333,Deserts & Drylands,0.695121951,0.304878049,0.222682119,0.777317881,0.559849199,0.440150801,0.344957587,0.655042413,0.249170437,0.750829563,0.12686372,0.87313628,0.510175106,0.489824894,0.305876686,0.694123314,0.759173127,0.240826873,0.354830287,0.645169713,0.336455696,0.663544304,0.721992772,0.278007228,0.490743225,0.509256775,0.88125968,0.11874032,0.452850581,0.547149419
51304,2960.133333,Deserts & Drylands,0.806333051,0.193666949,0.212077013,0.787922987,0.663177926,0.336822074,0.280240421,0.719759579,0.188290567,0.811709433,0.158612848,0.841387152,0.538248848,0.461751152,0.329011345,0.670988655,0.768927667,0.231072333,0.320647543,0.679352457,0.306263858,0.693736142,0.710585586,0.289414414,0.537015616,0.462984384,0.932654216,0.067345784,0.4646608,0.5353392
51305,2764,Deserts & Drylands,0.837724551,0.162275449,0.240930233,0.759069767,0.681144068,0.318855932,0.301075269,0.698924731,0.190456935,0.809543065,0.155324992,0.844675008,0.531341822,0.468658178,0.337419731,0.662580269,0.781675234,0.218324766,0.31168039,0.68831961,0.283328363,0.716671637,0.730063196,0.269936804,0.550800493,0.449199507,0.941871026,0.058128974,0.475833083,0.524166917
51306,875.6,Deserts & Drylands,0.579777365,0.420222635,0.268717949,0.731282051,0.420711974,0.579288026,0.316582915,0.683417085,0.252688172,0.747311828,0.148496241,0.851503759,0.591150442,0.408849558,0.236577181,0.763422819,0.725821596,0.274178404,0.410984848,0.589015152,0.286744815,0.713255185,0.732110092,0.267889908,0.486486486,0.513513514,0.842990654,0.157009346,0.461693548,0.538306452
51307,2396.466667,Deserts & Drylands,0.598482235,0.401517765,0.138274336,0.861725664,0.480745342,0.519254658,0.480438185,0.519561815,0.247274143,0.752725857,0.113423517,0.886576483,0.548102981,0.451897019,0.326603325,0.673396675,0.760068847,0.239931153,0.363950276,0.636049724,0.352431712,0.647568288,0.726872247,0.273127753,0.483209615,0.516790385,0.816103719,0.183896281,0.426093242,0.573906758
51308,1799.333333,Deserts & Drylands,0.758340848,0.241659152,0.351415094,0.648584906,0.558139535,0.441860465,0.196165192,0.803834808,0.207164179,0.792835821,0.133580705,0.866419295,0.545889864,0.454110136,0.288007554,0.711992446,0.787351054,0.212648946,0.36202058,0.63797942,0.299194991,0.700805009,0.730978261,0.269021739,0.4899203,0.5100797,0.930434783,0.069565217,0.462505822,0.537494178
51309,2096.8,Deserts & Drylands,0.855273592,0.144726408,0.240408163,0.759591837,0.728723404,0.271276596,0.323943662,0.676056338,0.189507495,0.810492505,0.168145161,0.831854839,0.495448635,0.504551365,0.363847944,0.636152056,0.782677791,0.217322209,0.279334145,0.720665855,0.260454002,0.739545998,0.709780439,0.290219561,0.585395538,0.414604462,0.932291667,0.067708333,0.487159226,0.512840774
51310,2208.133333,Deserts & Drylands,0.651948052,0.348051948,0.307692308,0.692307692,0.502831257,0.497168743,0.268326418,0.731673582,0.233495791,0.766504209,0.146656535,0.853343465,0.519715579,0.480284421,0.280254777,0.719745223,0.75272454,0.24727546,0.370072713,0.629927287,0.292126564,0.707873436,0.730754927,0.269245073,0.515210608,0.484789392,0.873498498,0.126501502,0.472365805,0.527634195
51311,758.0666667,Deserts & Drylands,0.57679558,0.42320442,0.179516686,0.820483314,0.45631068,0.54368932,0.412060302,0.587939698,0.274117647,0.725882353,0.152222222,0.847777778,0.493457944,0.506542056,0.244165171,0.755834829,0.73917869,0.26082131,0.395973154,0.604026846,0.278138528,0.721861472,0.707048458,0.292951542,0.479214781,0.520785219,0.807349666,0.192650334,0.457943925,0.542056075
51312,1219.4,Deserts & Drylands,0.674482759,0.325517241,0.235801582,0.764198418,0.487804878,0.512195122,0.392764858,0.607235142,0.259593679,0.740406321,0.150865052,0.849134948,0.490649065,0.509350935,0.302721088,0.697278912,0.752066116,0.247933884,0.356643357,0.643356643,0.264227642,0.735772358,0.717331499,0.282668501,0.530979827,0.469020173,0.856650586,0.143349414,0.472063037,0.527936963
51313,1081.133333,Deserts & Drylands,0.86553323,0.13446677,0.16693038,0.83306962,0.717948718,0.282051282,0.318264014,0.681735986,0.145435244,0.854564756,0.183817753,0.816182247,0.534939759,0.465060241,0.359398496,0.640601504,0.757153906,0.242846094,0.244689221,0.755310779,0.311299001,0.688700999,0.710100231,0.289899769,0.565354331,0.434645669,0.95372549,0.04627451,0.481139338,0.518860662
60101,4058.666667,Trop/Subtrop Forests,0.550411523,0.449588477,0.076636742,0.923363258,0.253644315,0.746355685,0.574884793,0.425115207,0.303644647,0.696355353,0.134595382,0.865404618,0.644297417,0.355702583,0.344460432,0.655539568,0.779732881,0.220267119,0.328268778,0.671731222,0.382245642,0.617754358,0.663070033,0.336929967,0.560763521,0.439236479,0.782261454,0.217738546,0.450193216,0.549806784
60102,1129.733333,Trop/Subtrop Forests,0.475036711,0.524963289,0.093167702,0.906832298,0.200421941,0.799578059,0.719298246,0.280701754,0.274919614,0.725080386,0.179985063,0.820014937,0.742718447,0.257281553,0.278058645,0.721941355,0.790076336,0.209923664,0.367903104,0.632096896,0.267647059,0.732352941,0.694706309,0.305293691,0.624233129,0.375766871,0.710403727,0.289596273,0.436084142,0.563915858
60103,5628.8,Trop/Subtrop Forests,0.416277713,0.583722287,0.040741308,0.959258692,0.177990431,0.822009569,0.7421981,0.2578019,0.293742217,0.706257783,0.146592244,0.853407756,0.747250281,0.252749719,0.326394194,0.673605806,0.779373568,0.220626432,0.359743041,0.640256959,0.365666125,0.634333875,0.654734411,0.345265589,0.634338747,0.365661253,0.645093268,0.354906732,0.431528933,0.568471067
60104,5669.533333,Trop/Subtrop Forests,0.440074906,0.559925094,0.047345545,0.952654455,0.244341564,0.755658436,0.690782953,0.309217047,0.320394528,0.679605472,0.153474055,0.846525945,0.703526735,0.296473265,0.316282861,0.683717139,0.769696053,0.230303947,0.353287982,0.646712018,0.340023101,0.659976899,0.667954773,0.332045227,0.589363952,0.410636048,0.737745863,0.262254137,0.481402936,0.518597064
60105,4071.933333,Trop/Subtrop Forests,0.399561141,0.600438859,0.043932608,0.956067392,0.221071864,0.778928136,0.620603015,0.379396985,0.313070586,0.686929414,0.137181875,0.862818125,0.71001642,0.28998358,0.258960573,0.741039427,0.754389632,0.245610368,0.33790629,0.66209371,0.370085124,0.629914876,0.686132813,0.313867188,0.546055437,0.453944563,0.641863406,0.358136594,0.396312364,0.603687636
60106,410.2,Trop/Subtrop Forests,0.332665331,0.667334669,0.056367432,0.943632568,0.183673469,0.816326531,0.523809524,0.476190476,0.341991342,0.658008658,0.20781893,0.79218107,0.678571429,0.321428571,0.147727273,0.852272727,0.772727273,0.227272727,0.428274428,0.571725572,0.33266129,0.66733871,0.707171315,0.292828685,0.563714903,0.436285097,0.606521739,0.393478261,0.435665914,0.564334086
60107,2236.666667,Trop/Subtrop Forests,0.242770439,0.757229561,0.023005566,0.976994434,0.111478117,0.888521883,0.724719101,0.275280899,0.33605919,0.66394081,0.184268833,0.815731167,0.828063241,0.171936759,0.192893401,0.807106599,0.737723639,0.262276361,0.356589147,0.643410853,0.280045784,0.719954216,0.722835768,0.277164232,0.591149005,0.408850995,0.547590117,0.452409883,0.379177378,0.620822622
60109,3065.666667,Trop/Subtrop Forests,0.438085049,0.561914951,0.048441926,0.951558074,0.214939024,0.785060976,0.591216216,0.408783784,0.309600233,0.690399767,0.106294865,0.893705135,0.720394737,0.279605263,0.288915094,0.711084906,0.752963882,0.247036118,0.306451613,0.693548387,0.426193724,0.573806276,0.651383399,0.348616601,0.550901687,0.449098313,0.587096774,0.412903226,0.402726498,0.597273502
60111,2202.133333,Trop/Subtrop Forests,0.435610302,0.564389698,0.074755382,0.925244618,0.184234647,0.815765353,0.733606557,0.266393443,0.310663984,0.689336016,0.142310635,0.857689365,0.755664421,0.244335579,0.282527881,0.717472119,0.754022989,0.245977011,0.3279079,0.6720921,0.337138508,0.662861492,0.662601626,0.337398374,0.578008299,0.421991701,0.645709767,0.354290233,0.424775143,0.575224857
60112,2162.133333,Trop/Subtrop Forests,0.504965623,0.495034377,0.071801043,0.928198957,0.29125,0.70875,0.647435897,0.352564103,0.307269653,0.692730347,0.108395743,0.891604257,0.682988073,0.317011927,0.302403577,0.697596423,0.770703125,0.229296875,0.323058447,0.676941553,0.38612368,0.61387632,0.659486017,0.340513983,0.541414141,0.458585859,0.718058252,0.281941748,0.428911835,0.571088165
60113,1274.6,Trop/Subtrop Forests,0.492517892,0.507482108,0.067704807,0.932295193,0.275665399,0.724334601,0.569767442,0.430232558,0.304316547,0.695683453,0.119111709,0.880888291,0.6430131,0.3569869,0.305243446,0.694756554,0.756648936,0.243351064,0.295841854,0.704158146,0.399871217,0.600128783,0.663892446,0.336107554,0.550446122,0.449553878,0.71031746,0.28968254,0.419571046,0.580428954
60114,590.0666667,Trop/Subtrop Forests,0.488919668,0.511080332,0.074235808,0.925764192,0.231884058,0.768115942,0.529411765,0.470588235,0.331753555,0.668246445,0.142857143,0.857142857,0.679245283,0.320754717,0.280163599,0.719836401,0.790462428,0.209537572,0.27753304,0.72246696,0.461012312,0.538987688,0.658002736,0.341997264,0.498591549,0.501408451,0.767932489,0.232067511,0.440233236,0.559766764
60115,2915.2,Trop/Subtrop Forests,0.368782633,0.631217367,0.032986111,0.967013889,0.122711864,0.877288136,0.760869565,0.239130435,0.331752149,0.668247851,0.127147766,0.872852234,0.825761124,0.174238876,0.22734375,0.77265625,0.708757062,0.291242938,0.33294083,0.66705917,0.36605317,0.63394683,0.692831834,0.307168166,0.55282392,0.44717608,0.502001848,0.497998152,0.364450128,0.635549872
60117,741.7333333,Trop/Subtrop Forests,0.408435072,0.591564928,0.064889919,0.935110081,0.173020528,0.826979472,0.769230769,0.230769231,0.363423212,0.636576788,0.09470124,0.90529876,0.723658052,0.276341948,0.255961844,0.744038156,0.755580357,0.244419643,0.32731377,0.67268623,0.354473386,0.645526614,0.719616205,0.280383795,0.474327628,0.525672372,0.543712575,0.456287425,0.300613497,0.699386503
60118,2653,Trop/Subtrop Forests,0.36775973,0.63224027,0.027508091,0.972491909,0.172442244,0.827557756,0.7239819,0.2760181,0.351423786,0.648576214,0.12952381,0.87047619,0.736406007,0.263593993,0.272768879,0.727231121,0.746778351,0.253221649,0.299774847,0.700225153,0.404221802,0.595778198,0.700872705,0.299127295,0.532476096,0.467523904,0.59914361,0.40085639,0.382343068,0.617656932
60119,3399.933333,Trop/Subtrop Forests,0.469243861,0.530756139,0.083120205,0.916879795,0.243720299,0.756279701,0.635321101,0.364678899,0.286902287,0.713097713,0.142608263,0.857391737,0.706181534,0.293818466,0.289239205,0.710760795,0.772242875,0.227757125,0.353699407,0.646300593,0.328190056,0.671809944,0.656839053,0.343160947,0.558900524,0.441099476,0.67825425,0.32174575,0.452362307,0.547637693
60120,1319.933333,Trop/Subtrop Forests,0.273739358,0.726260642,0.035111411,0.964888589,0.202643172,0.797356828,0.745901639,0.254098361,0.412508317,0.587491683,0.118741977,0.881258023,0.784615385,0.215384615,0.172472387,0.827527613,0.754024469,0.245975531,0.425032595,0.574967405,0.387920299,0.612079701,0.742470805,0.257529195,0.538208169,0.461791831,0.608579088,0.391420912,0.425605536,0.574394464
60121,7934.733333,Trop/Subtrop Forests,0.511620732,0.488379268,0.037659201,0.962340799,0.203508772,0.796491228,0.662665066,0.337334934,0.294559731,0.705440269,0.084547182,0.915452818,0.781625553,0.218374447,0.425531915,0.574468085,0.807461407,0.192538593,0.278683146,0.721316854,0.47691495,0.52308505,0.590511987,0.409488013,0.58660685,0.41339315,0.664887824,0.335112176,0.46635628,0.53364372
60124,2338.533333,Trop/Subtrop Forests,0.332869565,0.667130435,0.029212683,0.970787317,0.113519092,0.886480908,0.795366795,0.204633205,0.374858008,0.625141992,0.114905727,0.885094273,0.827351485,0.172648515,0.268847795,0.731152205,0.76852866,0.23147134,0.326596896,0.673403104,0.343224884,0.656775116,0.717583164,0.282416836,0.595428571,0.404571429,0.566832631,0.433167369,0.384492406,0.615507594
60125,4283.866667,Trop/Subtrop Forests,0.345695619,0.654304381,0.047136038,0.952863962,0.136787565,0.863212435,0.772340426,0.227659574,0.323021294,0.676978706,0.167962675,0.832037325,0.797163588,0.202836412,0.240216272,0.759783728,0.772950659,0.227049341,0.370214472,0.629785528,0.299570648,0.700429352,0.668858002,0.331141998,0.610222315,0.389777685,0.610621327,0.389378673,0.418988188,0.581011812
60127,1534.933333,Trop/Subtrop Forests,0.399554814,0.600445186,0.083188908,0.916811092,0.220316623,0.779683377,0.691176471,0.308823529,0.358294931,0.641705069,0.154742097,0.845257903,0.705342237,0.294657763,0.213333333,0.786666667,0.7696567,0.2303433,0.370913191,0.629086809,0.314004376,0.685995624,0.697749196,0.302250804,0.550665895,0.449334105,0.656716418,0.343283582,0.420187793,0.579812207
60128,2303.066667,Trop/Subtrop Forests,0.222689076,0.777310924,0.028737723,0.971262277,0.142526965,0.857473035,0.632,0.368,0.317311303,0.682688697,0.194384449,0.805615551,0.77104785,0.22895215,0.128192288,0.871807712,0.688888889,0.311111111,0.40477092,0.59522908,0.275222552,0.724777448,0.730142213,0.269857787,0.556992724,0.443007276,0.498625834,0.501374166,0.360212853,0.639787147
60129,5031.733333,Trop/Subtrop Forests,0.409836066,0.590163934,0.04429622,0.95570378,0.155967255,0.844032745,0.787330317,0.212669683,0.308486831,0.691513169,0.131112216,0.868887784,0.788888889,0.211111111,0.283969805,0.716030195,0.757671256,0.242328744,0.336724138,0.663275862,0.362005366,0.637994634,0.647787611,0.352212389,0.572482479,0.427517521,0.568606702,0.431393298,0.393502464,0.606497536
60130,4329.133333,Trop/Subtrop Forests,0.418666163,0.581333837,0.051312649,0.948687351,0.165914787,0.834085213,0.724675325,0.275324675,0.309811017,0.690188983,0.127882193,0.872117807,0.760783114,0.239216886,0.273394495,0.726605505,0.754399536,0.245600464,0.338806568,0.661193432,0.357573401,0.642426599,0.666102969,0.333897031,0.560271647,0.439728353,0.584013051,0.415986949,0.39404737,0.60595263
60131,703.3333333,Trop/Subtrop Forests,0.342891278,0.657108722,0.027883397,0.972116603,0.182254197,0.817745803,0.6875,0.3125,0.42893401,0.57106599,0.086390533,0.913609467,0.753320683,0.246679317,0.192248062,0.807751938,0.731617647,0.268382353,0.400247831,0.599752169,0.399518652,0.600481348,0.734411085,0.265588915,0.537084399,0.462915601,0.573264781,0.426735219,0.403100775,0.596899225
60132,1789.4,Trop/Subtrop Forests,0.22833935,0.77166065,0.032078103,0.967921897,0.110515021,0.889484979,0.715189873,0.284810127,0.325513196,0.674486804,0.209865054,0.790134946,0.822875298,0.177124702,0.174603175,0.825396825,0.758949881,0.241050119,0.356525912,0.643474088,0.26467803,0.73532197,0.695691203,0.304308797,0.644342973,0.355657027,0.564435564,0.435564436,0.389694042,0.610305958
60134,562.3333333,Trop/Subtrop Forests,0.493865031,0.506134969,0.092476489,0.907523511,0.196374622,0.803625378,0.752475248,0.247524752,0.284810127,0.715189873,0.140432099,0.859567901,0.732394366,0.267605634,0.330769231,0.669230769,0.782270607,0.217729393,0.36984127,0.63015873,0.3890625,0.6109375,0.623100304,0.376899696,0.621035058,0.378964942,0.672496025,0.327503975,0.510534846,0.489465154
60135,2952.066667,Trop/Subtrop Forests,0.249312053,0.750687947,0.037967456,0.962032544,0.154362416,0.845637584,0.696498054,0.303501946,0.312647754,0.687352246,0.230617423,0.769382577,0.768631271,0.231368729,0.179477021,0.820522979,0.746370623,0.253629377,0.369424883,0.630575117,0.247877759,0.752122241,0.681147541,0.318852459,0.618544246,0.381455754,0.613337321,0.386662679,0.42962488,0.57037512
60136,5781.933333,Trop/Subtrop Forests,0.446555146,0.553444854,0.046627433,0.953372567,0.204936095,0.795063905,0.605263158,0.394736842,0.323552124,0.676447876,0.10875603,0.89124397,0.736692845,0.263307155,0.312913907,0.687086093,0.77092511,0.22907489,0.303664921,0.696335079,0.433328507,0.566671493,0.650153075,0.349846925,0.565845499,0.434154501,0.633783784,0.366216216,0.428964673,0.571035327
60137,1634.6,Trop/Subtrop Forests,0.2595,0.7405,0.05345096,0.94654904,0.203610832,0.796389168,0.708860759,0.291139241,0.293868922,0.706131078,0.227155395,0.772844605,0.743231441,0.256768559,0.146558105,0.853441895,0.732206861,0.267793139,0.371028541,0.628971459,0.217955371,0.782044629,0.697906281,0.302093719,0.575138122,0.424861878,0.613574165,0.386425835,0.409930716,0.590069284
60138,753.2666667,Trop/Subtrop Forests,0.2156013,0.7843987,0.028921023,0.971078977,0.12033195,0.87966805,0.753846154,0.246153846,0.305263158,0.694736842,0.274356103,0.725643897,0.798828125,0.201171875,0.132686084,0.867313916,0.793650794,0.206349206,0.35583524,0.64416476,0.20935412,0.79064588,0.657696448,0.342303552,0.673444976,0.326555024,0.633136095,0.366863905,0.418781726,0.581218274
60139,1042.866667,Trop/Subtrop Forests,0.364139021,0.635860979,0.098428453,0.901571547,0.238866397,0.761133603,0.718309859,0.281690141,0.303361345,0.696638655,0.271324127,0.728675873,0.680440771,0.319559229,0.189557321,0.810442679,0.805691057,0.194308943,0.38998358,0.61001642,0.193190816,0.806809184,0.653364632,0.346635368,0.623770492,0.376229508,0.731707317,0.268292683,0.464737794,0.535262206
60140,2709.933333,Trop/Subtrop Forests,0.337367625,0.662632375,0.057251908,0.942748092,0.2072,0.7928,0.655279503,0.344720497,0.325309044,0.674690956,0.199938669,0.800061331,0.742902208,0.257097792,0.216771488,0.783228512,0.744489289,0.255510711,0.372816767,0.627183233,0.262415696,0.737584304,0.673542601,0.326457399,0.596922069,0.403077931,0.682704811,0.317295189,0.463953087,0.536046913
60142,3986.6,Trop/Subtrop Forests,0.28487429,0.71512571,0.026365746,0.973634254,0.145374449,0.854625551,0.674796748,0.325203252,0.331301698,0.668698302,0.167665909,0.832334091,0.7907058,0.2092942,0.190017016,0.809982984,0.713804004,0.286195996,0.371198957,0.628801043,0.336520076,0.663479924,0.700540108,0.299459892,0.556812933,0.443187067,0.510079275,0.489920725,0.355381697,0.644618303
60143,1932.133333,Trop/Subtrop Forests,0.248962656,0.751037344,0.02743249,0.97256751,0.114806867,0.885193133,0.769230769,0.230769231,0.338181818,0.661818182,0.173781803,0.826218197,0.842824601,0.157175399,0.199302731,0.800697269,0.755300353,0.244699647,0.363352653,0.636647347,0.284471509,0.715528491,0.715690291,0.284309709,0.624941397,0.375058603,0.577243293,0.422756707,0.39692002,0.60307998
60145,6442.466667,Trop/Subtrop Forests,0.535975764,0.464024236,0.046915254,0.953084746,0.196236559,0.803763441,0.646357616,0.353642384,0.29337408,0.70662592,0.078116849,0.921883151,0.768379447,0.231620553,0.386471728,0.613528272,0.770134447,0.229865553,0.27037136,0.72962864,0.471430448,0.528569552,0.602891686,0.397108314,0.569572506,0.430427494,0.620550705,0.379449295,0.419665897,0.580334103
60146,2220.2,Trop/Subtrop Forests,0.553598201,0.446401799,0.088446215,0.911553785,0.316725979,0.683274021,0.597333333,0.402666667,0.290886392,0.709113608,0.098846154,0.901153846,0.611457036,0.388542964,0.313522356,0.686477644,0.763761468,0.236238532,0.305737389,0.694262611,0.395879323,0.604120677,0.66961326,0.33038674,0.518706157,0.481293843,0.735026535,0.264973465,0.400535578,0.599464422
60148,997.0666667,Trop/Subtrop Forests,0.537162162,0.462837838,0.138325991,0.861674009,0.255670103,0.744329897,0.735576923,0.264423077,0.267195767,0.732804233,0.199654278,0.800345722,0.673553719,0.326446281,0.306508876,0.693491124,0.765306122,0.234693878,0.365961199,0.634038801,0.209772536,0.790227464,0.644238856,0.355761144,0.58709107,0.41290893,0.765625,0.234375,0.469901168,0.530098832
60150,4961.666667,Trop/Subtrop Forests,0.462383489,0.537616511,0.072177778,0.927822222,0.275138122,0.724861878,0.554216867,0.445783133,0.325538911,0.674461089,0.166581849,0.833418151,0.651766595,0.348233405,0.252955083,0.747044917,0.776839566,0.223160434,0.365474339,0.634525661,0.320561519,0.679438481,0.668147417,0.331852583,0.553939394,0.446060606,0.747609943,0.252390057,0.460294646,0.539705354
60151,1084.933333,Trop/Subtrop Forests,0.464777948,0.535222052,0.094896332,0.905103668,0.181818182,0.818181818,0.730769231,0.269230769,0.287581699,0.712418301,0.169767442,0.830232558,0.718411552,0.281588448,0.267151767,0.732848233,0.778830964,0.221169036,0.405384006,0.594615994,0.300623053,0.699376947,0.716124148,0.283875852,0.58852459,0.41147541,0.650701899,0.349298101,0.441201717,0.558798283
60152,1628.066667,Trop/Subtrop Forests,0.452173913,0.547826087,0.086792453,0.913207547,0.20341394,0.79658606,0.706896552,0.293103448,0.291118421,0.708881579,0.184974093,0.815025907,0.713258786,0.286741214,0.258681786,0.741318214,0.7873807,0.2126193,0.387894737,0.612105263,0.283513097,0.716486903,0.690524194,0.309475806,0.596903364,0.403096636,0.684439608,0.315560392,0.450084602,0.549915398
60153,5147.466667,Trop/Subtrop Forests,0.459378921,0.540621079,0.0421198,0.9578802,0.236614853,0.763385147,0.481481481,0.518518519,0.340725097,0.659274903,0.102585079,0.897414921,0.705852156,0.294147844,0.293366093,0.706633907,0.788121728,0.211878272,0.343054619,0.656945381,0.434956105,0.565043895,0.665998767,0.334001233,0.516505173,0.483494827,0.650894309,0.349105691,0.424634794,0.575365206
60154,4679.533333,Trop/Subtrop Forests,0.461429582,0.538570418,0.07748184,0.92251816,0.235263967,0.764736033,0.731023102,0.268976898,0.294016768,0.705983232,0.152166065,0.847833935,0.739608076,0.260391924,0.298678634,0.701321366,0.757940068,0.242059932,0.34402819,0.65597181,0.320328901,0.679671099,0.656978768,0.343021232,0.574938575,0.425061425,0.702850877,0.297149123,0.453594523,0.546405477
60155,1454.6,Trop/Subtrop Forests,0.454810496,0.545189504,0.105358218,0.894641782,0.218905473,0.781094527,0.693227092,0.306772908,0.310067943,0.689932057,0.138806852,0.861193148,0.688607595,0.311392405,0.258461538,0.741538462,0.776986951,0.223013049,0.373243739,0.626756261,0.302243211,0.697756789,0.694186047,0.305813953,0.564485981,0.435514019,0.655657492,0.344342508,0.418215613,0.581784387
60156,1821.4,Trop/Subtrop Forests,0.176756518,0.823243482,0.015923567,0.984076433,0.101774043,0.898225957,0.639175258,0.360824742,0.333333333,0.666666667,0.213833635,0.786166365,0.827091633,0.172908367,0.137341772,0.862658228,0.716728281,0.283271719,0.370123692,0.629876308,0.285983067,0.714016933,0.72591944,0.27408056,0.610659898,0.389340102,0.492581602,0.507418398,0.344626787,0.655373213
60157,724.4666667,Trop/Subtrop Forests,0.213243547,0.786756453,0.029919448,0.970080552,0.112359551,0.887640449,0.62,0.38,0.30834341,0.69165659,0.227790433,0.772209567,0.804123711,0.195876289,0.17828201,0.82171799,0.74822695,0.25177305,0.332121212,0.667878788,0.266119578,0.733880422,0.670772676,0.329227324,0.670854271,0.329145729,0.568627451,0.431372549,0.37371134,0.62628866
60158,669.6,Trop/Subtrop Forests,0.235576923,0.764423077,0.023312883,0.976687117,0.087662338,0.912337662,0.772277228,0.227722772,0.382978723,0.617021277,0.182490752,0.817509248,0.887912088,0.112087912,0.214642263,0.785357737,0.774484536,0.225515464,0.340966921,0.659033079,0.262233375,0.737766625,0.715827338,0.284172662,0.659310345,0.340689655,0.587131367,0.412868633,0.426950355,0.573049645
60160,6054.4,Trop/Subtrop Forests,0.451639457,0.548360543,0.054788611,0.945211389,0.191202091,0.808797909,0.667024705,0.332975295,0.308849821,0.691150179,0.129740242,0.870259758,0.705037427,0.294962573,0.309188588,0.690811412,0.77831189,0.22168811,0.339676635,0.660323365,0.395243332,0.604756668,0.663779101,0.336220899,0.602358765,0.397641235,0.679550758,0.320449242,0.431989166,0.568010834
60161,1754.2,Trop/Subtrop Forests,0.421475875,0.578524125,0.077832512,0.922167488,0.198850575,0.801149425,0.66509434,0.33490566,0.287817259,0.712182741,0.164483261,0.835516739,0.727198028,0.272801972,0.259036145,0.740963855,0.747817653,0.252182347,0.351659237,0.648340763,0.319849483,0.680150517,0.676141659,0.323858341,0.555889724,0.444110276,0.679625984,0.320374016,0.416793893,0.583206107
60162,1861.066667,Trop/Subtrop Forests,0.487455197,0.512544803,0.075665577,0.924334423,0.24668435,0.75331565,0.649350649,0.350649351,0.304453049,0.695546951,0.124483234,0.875516766,0.682072829,0.317927171,0.26984127,0.73015873,0.753629764,0.246370236,0.331150608,0.668849392,0.380530973,0.619469027,0.653508772,0.346491228,0.53101145,0.46898855,0.695572798,0.304427202,0.451236584,0.548763416
60163,1769.066667,Trop/Subtrop Forests,0.190131281,0.809868719,0.012189405,0.987810595,0.121414914,0.878585086,0.643678161,0.356321839,0.316019417,0.683980583,0.199630314,0.800369686,0.820895522,0.179104478,0.129736673,0.870263327,0.685781991,0.314218009,0.394477318,0.605522682,0.274224806,0.725775194,0.75056079,0.24943921,0.559741658,0.440258342,0.461894954,0.538105046,0.323928378,0.676071622
60164,1185.2,Trop/Subtrop Forests,0.587725632,0.412274368,0.160299625,0.839700375,0.298507463,0.701492537,0.652631579,0.347368421,0.28021148,0.71978852,0.179115301,0.820884699,0.631689402,0.368310598,0.298262548,0.701737452,0.743664012,0.256335988,0.354336546,0.645663454,0.230101302,0.769898698,0.695113056,0.304886944,0.5645785,0.4354215,0.749817118,0.250182882,0.43071161,0.56928839
60165,1378.2,Trop/Subtrop Forests,0.531526223,0.468473777,0.098163395,0.901836605,0.412371134,0.587628866,0.46875,0.53125,0.285145889,0.714854111,0.146053449,0.853946551,0.551941238,0.448058762,0.283479961,0.716520039,0.771446078,0.228553922,0.388686131,0.611313869,0.333916084,0.666083916,0.699941962,0.300058038,0.466586394,0.533413606,0.777440873,0.222559127,0.447770701,0.552229299
60166,4769.8,Trop/Subtrop Forests,0.272665535,0.727334465,0.03297095,0.96702905,0.166310389,0.833689611,0.640127389,0.359872611,0.323062899,0.676937101,0.196133078,0.803866922,0.758802817,0.241197183,0.166382044,0.833617956,0.711811024,0.288188976,0.373803071,0.626196929,0.291432584,0.708567416,0.69527467,0.30472533,0.54507177,0.45492823,0.561743341,0.438256659,0.379653089,0.620346911
60167,5193.8,Trop/Subtrop Forests,0.507202786,0.492797214,0.033983849,0.966016151,0.167958656,0.832041344,0.728652751,0.271347249,0.294630643,0.705369357,0.086591276,0.913408724,0.778228694,0.221771306,0.374681934,0.625318066,0.778244028,0.221755972,0.302918484,0.697081516,0.448002588,0.551997412,0.614791503,0.385208497,0.583951926,0.416048074,0.61900785,0.38099215,0.434915254,0.565084746
60168,963.6,Trop/Subtrop Forests,0.199832074,0.800167926,0.038294169,0.961705831,0.122149837,0.877850163,0.584615385,0.415384615,0.318100358,0.681899642,0.265394623,0.734605377,0.760305344,0.239694656,0.106958763,0.893041237,0.770175439,0.229824561,0.372972973,0.627027027,0.247181266,0.752818734,0.681171548,0.318828452,0.646728972,0.353271028,0.549860205,0.450139795,0.371227364,0.628772636
60169,1541.866667,Trop/Subtrop Forests,0.381003202,0.618996798,0.019261637,0.980738363,0.097609562,0.902390438,0.9,0.1,0.394282311,0.605717689,0.058565955,0.941434045,0.856468366,0.143531634,0.357092449,0.642907551,0.796455117,0.203544883,0.279443255,0.720556745,0.396791444,0.603208556,0.74291498,0.25708502,0.592206367,0.407793633,0.608013937,0.391986063,0.402597403,0.597402597
60170,1411.266667,Trop/Subtrop Forests,0.318076477,0.681923523,0.057971014,0.942028986,0.138576779,0.861423221,0.760479042,0.239520958,0.276332094,0.723667906,0.232957913,0.767042087,0.745934959,0.254065041,0.21659751,0.78340249,0.764350453,0.235649547,0.364140481,0.635859519,0.223086124,0.776913876,0.67032967,0.32967033,0.629961588,0.370038412,0.63687854,0.36312146,0.398932622,0.601067378
60171,593.6666667,Trop/Subtrop Forests,0.557163531,0.442836469,0.123880597,0.876119403,0.21875,0.78125,0.70754717,0.29245283,0.296407186,0.703592814,0.087517934,0.912482066,0.720164609,0.279835391,0.390158172,0.609841828,0.793859649,0.206140351,0.333333333,0.666666667,0.307017544,0.692982456,0.628075253,0.371924747,0.637329287,0.362670713,0.705167173,0.294832827,0.429230769,0.570769231
60173,3109.866667,Trop/Subtrop Forests,0.226489028,0.773510972,0.031478969,0.968521031,0.120296114,0.879703886,0.706349206,0.293650794,0.320056101,0.679943899,0.204387373,0.795612627,0.82820395,0.17179605,0.160927872,0.839072128,0.770873255,0.229126745,0.381560678,0.618439322,0.257119828,0.742880172,0.693243593,0.306756407,0.644770959,0.355229041,0.574143392,0.425856608,0.388271605,0.611728395
60174,2947.933333,Trop/Subtrop Forests,0.284775465,0.715224535,0.022037779,0.977962221,0.141568355,0.858431645,0.676691729,0.323308271,0.374304946,0.625695054,0.147025814,0.852974186,0.78735363,0.21264637,0.181782334,0.818217666,0.730145175,0.269854825,0.357394366,0.642605634,0.371805914,0.628194086,0.718294657,0.281705343,0.523487872,0.476512128,0.493609251,0.506390749,0.364120225,0.635879775
60175,1255.6,Trop/Subtrop Forests,0.416,0.584,0.047651934,0.952348066,0.182730924,0.817269076,0.68115942,0.31884058,0.370702541,0.629297459,0.081717452,0.918282548,0.704059829,0.295940171,0.223425197,0.776574803,0.748614958,0.251385042,0.296395194,0.703604806,0.430847674,0.569152326,0.737746658,0.262253342,0.491758242,0.508241758,0.624500666,0.375499334,0.330623306,0.669376694
60176,3275.066667,Trop/Subtrop Forests,0.537055838,0.462944162,0.119924711,0.880075289,0.344436033,0.655563967,0.600337268,0.399662732,0.268787713,0.731212287,0.149407522,0.850592478,0.631233596,0.368766404,0.303189493,0.696810507,0.753329918,0.246670082,0.359947299,0.640052701,0.296305542,0.703694458,0.671428571,0.328571429,0.556146887,0.443853113,0.772645161,0.227354839,0.465563267,0.534436733
60177,1081.533333,Trop/Subtrop Forests,0.523661753,0.476338247,0.103811841,0.896188159,0.334851936,0.665148064,0.55,0.45,0.295068027,0.704931973,0.107086614,0.892913386,0.588086185,0.411913815,0.2402746,0.7597254,0.740046838,0.259953162,0.321371611,0.678628389,0.373111782,0.626888218,0.707668945,0.292331055,0.502047502,0.497952498,0.717592593,0.282407407,0.38671875,0.61328125
60178,1928.133333,Trop/Subtrop Forests,0.432364096,0.567635904,0.064645564,0.935354436,0.186623517,0.813376483,0.710659898,0.289340102,0.294196429,0.705803571,0.14291939,0.85708061,0.746817539,0.253182461,0.243274854,0.756725146,0.718388341,0.281611659,0.328082808,0.671917192,0.315882875,0.684117125,0.664166667,0.335833333,0.534997553,0.465002447,0.571625979,0.428374021,0.381428571,0.618571429
60179,431.4,Trop/Subtrop Forests,0.426587302,0.573412698,0.081466395,0.918533605,0.194029851,0.805970149,0.6875,0.3125,0.360416667,0.639583333,0.115537849,0.884462151,0.691689008,0.308310992,0.202597403,0.797402597,0.745967742,0.254032258,0.378323108,0.621676892,0.35959596,0.64040404,0.708171206,0.291828794,0.552462527,0.447537473,0.586278586,0.413721414,0.435146444,0.564853556
60180,1314.866667,Trop/Subtrop Forests,0.34057072,0.65942928,0.065926893,0.934073107,0.147590361,0.852409639,0.808988764,0.191011236,0.281540505,0.718459495,0.232720355,0.767279645,0.753757225,0.246242775,0.253825383,0.746174617,0.767096774,0.232903226,0.345549738,0.654450262,0.209331652,0.790668348,0.661557327,0.338442673,0.654079568,0.345920432,0.680907877,0.319092123,0.430813124,0.569186876
60181,1661.866667,Trop/Subtrop Forests,0.460486322,0.539513678,0.109768908,0.890231092,0.27458493,0.72541507,0.6996337,0.3003663,0.279411765,0.720588235,0.192485847,0.807514153,0.689941812,0.310058188,0.264164306,0.735835694,0.748849105,0.251150895,0.392577104,0.607422896,0.2333001,0.7666999,0.680258578,0.319741422,0.575471698,0.424528302,0.736649215,0.263350785,0.4609076,0.5390924
60182,2325,Trop/Subtrop Forests,0.307130435,0.692869565,0.034086832,0.965913168,0.128282828,0.871717172,0.757462687,0.242537313,0.346853677,0.653146323,0.156015709,0.843984291,0.812738854,0.187261146,0.230658337,0.769341663,0.765198398,0.234801602,0.358324146,0.641675854,0.276671408,0.723328592,0.703729046,0.296270954,0.614531549,0.385468451,0.619984568,0.380015432,0.421995927,0.578004073
60201,1132.533333,Trop/Subtrop Forests,0.366545455,0.633454545,0.063813814,0.936186186,0.185840708,0.814159292,0.769230769,0.230769231,0.301158301,0.698841699,0.202833706,0.797166294,0.745215311,0.254784689,0.249469214,0.750530786,0.740990991,0.259009009,0.330482115,0.669517885,0.279819955,0.720180045,0.667880554,0.332119446,0.59807074,0.40192926,0.631455399,0.368544601,0.424567189,0.575432811
60202,2732.666667,Trop/Subtrop Forests,0.390367933,0.609632067,0.062700965,0.937299035,0.27784027,0.72215973,0.644539615,0.355460385,0.333550701,0.666449299,0.209387382,0.790612618,0.694194194,0.305805806,0.231824417,0.768175583,0.781705426,0.218294574,0.383753501,0.616246499,0.273101825,0.726898175,0.661574618,0.338425382,0.575987842,0.424012158,0.794620253,0.205379747,0.517579446,0.482420554
60204,1805,Trop/Subtrop Forests,0.672509225,0.327490775,0.202862784,0.797137216,0.525396825,0.474603175,0.516966068,0.483033932,0.260574413,0.739425587,0.1325811,0.8674189,0.537520392,0.462479608,0.33045977,0.66954023,0.734872979,0.265127021,0.324043458,0.675956542,0.319981998,0.680018002,0.708485401,0.291514599,0.502380952,0.497619048,0.845308924,0.154691076,0.434329066,0.565670934
60205,2824.6,Trop/Subtrop Forests,0.529377375,0.470622625,0.143565891,0.856434109,0.503604531,0.496395469,0.548148148,0.451851852,0.282009724,0.717990276,0.185408502,0.814591498,0.598665926,0.401334074,0.263536176,0.736463824,0.741635147,0.258364853,0.342924948,0.657075052,0.292147481,0.707852519,0.679954764,0.320045236,0.52230815,0.47769185,0.824475725,0.175524275,0.501413761,0.498586239
60206,2200.466667,Trop/Subtrop Forests,0.431667891,0.568332109,0.077014218,0.922985782,0.344951923,0.655048077,0.435483871,0.564516129,0.292275574,0.707724426,0.148706064,0.851293936,0.61489899,0.38510101,0.225046497,0.774953503,0.780160858,0.219839142,0.393159108,0.606840892,0.323239694,0.676760306,0.727039883,0.272960117,0.476389947,0.523610053,0.705681818,0.294318182,0.433185305,0.566814695
60207,840.7333333,Trop/Subtrop Forests,0.320792079,0.679207921,0.061099796,0.938900204,0.243445693,0.756554307,0.64556962,0.35443038,0.252885624,0.747114376,0.210688592,0.789311408,0.738794436,0.261205564,0.191011236,0.808988764,0.704984741,0.295015259,0.345263158,0.654736842,0.234468938,0.765531062,0.674509804,0.325490196,0.588691796,0.411308204,0.626694473,0.373305527,0.424642464,0.575357536
60209,2650.066667,Trop/Subtrop Forests,0.495957711,0.504042289,0.127290576,0.872709424,0.292479109,0.707520891,0.688118812,0.311881188,0.276079734,0.723920266,0.168923275,0.831076725,0.699678801,0.300321199,0.300272975,0.699727025,0.77528445,0.22471555,0.360392799,0.639607201,0.266460587,0.733539413,0.642614863,0.357385137,0.574516869,0.425483131,0.760820776,0.239179224,0.467976957,0.532023043
60210,2401.066667,Grasslands,0.552445194,0.447554806,0.131751825,0.868248175,0.47323601,0.52676399,0.41416309,0.58583691,0.254745634,0.745254366,0.171580817,0.828419183,0.558699579,0.441300421,0.306326304,0.693673696,0.773989455,0.226010545,0.380141844,0.619858156,0.264529058,0.735470942,0.676056338,0.323943662,0.524140327,0.475859673,0.813342551,0.186657449,0.468495182,0.531504818
60211,1709.933333,Trop/Subtrop Forests,0.461464355,0.538535645,0.115129903,0.884870097,0.330612245,0.669387755,0.606177606,0.393822394,0.286320255,0.713679745,0.170987039,0.829012961,0.658736669,0.341263331,0.260686755,0.739313245,0.743223263,0.256776737,0.361181864,0.638818136,0.280877444,0.719122556,0.668579627,0.331420373,0.552525253,0.447474747,0.76330184,0.23669816,0.464079706,0.535920294
60212,3007.8,Trop/Subtrop Forests,0.416644003,0.583355997,0.079122148,0.920877852,0.284716157,0.715283843,0.617777778,0.382222222,0.303603071,0.696396929,0.20662768,0.79337232,0.678133836,0.321866164,0.24418146,0.75581854,0.755067568,0.244932432,0.372688478,0.627311522,0.237384699,0.762615301,0.658883521,0.341116479,0.590402742,0.409597258,0.76,0.24,0.46765867,0.53234133
60213,626.8666667,Trop/Subtrop Forests,0.395890411,0.604109589,0.080344333,0.919655667,0.237536657,0.762463343,0.75,0.25,0.32231405,0.67768595,0.153324288,0.846675712,0.701298701,0.298701299,0.248263889,0.751736111,0.721845319,0.278154681,0.433988764,0.566011236,0.271370421,0.728629579,0.710280374,0.289719626,0.557774608,0.442225392,0.69241573,0.30758427,0.449275362,0.550724638
60214,739.2,Trop/Subtrop Forests,0.477827051,0.522172949,0.140142518,0.859857482,0.283185841,0.716814159,0.553191489,0.446808511,0.252051583,0.747948417,0.175339367,0.824660633,0.654343808,0.345656192,0.239502333,0.760497667,0.753393665,0.246606335,0.369668246,0.630331754,0.214611872,0.785388128,0.678375412,0.321624588,0.549160671,0.450839329,0.697478992,0.302521008,0.434405941,0.565594059
60215,771.1333333,Trop/Subtrop Forests,0.313596491,0.686403509,0.064073227,0.935926773,0.239690722,0.760309278,0.578313253,0.421686747,0.361363636,0.638636364,0.167763158,0.832236842,0.673434856,0.326565144,0.15892054,0.84107946,0.762168142,0.237831858,0.44180791,0.55819209,0.281081081,0.718918919,0.739316239,0.260683761,0.548240636,0.451759364,0.635334088,0.364665912,0.458628842,0.541371158
60217,2224.8,Trop/Subtrop Forests,0.49906332,0.50093668,0.137208383,0.862791617,0.402612827,0.597387173,0.59697733,0.40302267,0.261809448,0.738190552,0.179938744,0.820061256,0.626075447,0.373924553,0.264559068,0.735440932,0.739633919,0.260366081,0.360185902,0.639814098,0.26831037,0.73168963,0.680727273,0.319272727,0.548700039,0.451299961,0.794602699,0.205397301,0.479791917,0.520208083
60220,339.4666667,Trop/Subtrop Forests,0.434447301,0.565552699,0.119363395,0.880636605,0.206278027,0.793721973,0.553571429,0.446428571,0.302872063,0.697127937,0.165816327,0.834183673,0.615916955,0.384083045,0.167741935,0.832258065,0.763496144,0.236503856,0.413612565,0.586387435,0.248717949,0.751282051,0.734015345,0.265984655,0.528767123,0.471232877,0.673684211,0.326315789,0.457446809,0.542553191
60221,698.2666667,Trop/Subtrop Forests,0.30141844,0.69858156,0.071428571,0.928571429,0.245478036,0.754521964,0.552631579,0.447368421,0.299498747,0.700501253,0.24877451,0.75122549,0.702495202,0.297504798,0.148861646,0.851138354,0.748473748,0.251526252,0.372208437,0.627791563,0.208830549,0.791169451,0.668229777,0.331770223,0.563843236,0.436156764,0.676322418,0.323677582,0.463806971,0.536193029
60223,404.0666667,Trop/Subtrop Forests,0.394059406,0.605940594,0.061269147,0.938730853,0.302158273,0.697841727,0.272727273,0.727272727,0.295010846,0.704989154,0.157349896,0.842650104,0.64893617,0.35106383,0.161616162,0.838383838,0.773195876,0.226804124,0.399150743,0.600849257,0.341897233,0.658102767,0.699808795,0.300191205,0.461377871,0.538622129,0.641237113,0.358762887,0.41978022,0.58021978
60224,603.6,Trop/Subtrop Forests,0.432545202,0.567454798,0.10755814,0.89244186,0.196022727,0.803977273,0.644736842,0.355263158,0.335787923,0.664212077,0.133144476,0.866855524,0.670912951,0.329087049,0.151515152,0.848484848,0.695652174,0.304347826,0.357348703,0.642651297,0.252454418,0.747545582,0.731301939,0.268698061,0.505785124,0.494214876,0.634643377,0.365356623,0.458083832,0.541916168
60226,517.1333333,Trop/Subtrop Forests,0.403654485,0.596345515,0.123924269,0.876075731,0.229452055,0.770547945,0.558139535,0.441860465,0.302047782,0.697952218,0.185430464,0.814569536,0.645687646,0.354312354,0.184035477,0.815964523,0.763727121,0.236272879,0.471986418,0.528013582,0.201986755,0.798013245,0.753719008,0.246280992,0.561403509,0.438596491,0.70890411,0.29109589,0.502617801,0.497382199
60227,591.8666667,Trop/Subtrop Forests,0.568275862,0.431724138,0.242612753,0.757387247,0.49009901,0.50990099,0.444444444,0.555555556,0.262368816,0.737631184,0.178025035,0.821974965,0.574123989,0.425876011,0.252796421,0.747203579,0.737637363,0.262362637,0.407988588,0.592011412,0.256032172,0.743967828,0.697135061,0.302864939,0.510668563,0.489331437,0.837078652,0.162921348,0.498493976,0.501506024
60228,2441.866667,Trop/Subtrop Forests,0.552380952,0.447619048,0.177090909,0.822909091,0.442153494,0.557846506,0.550403226,0.449596774,0.266519011,0.733480989,0.175322412,0.824677588,0.58987029,0.41012971,0.264397906,0.735602094,0.735094851,0.264905149,0.346938776,0.653061224,0.28830313,0.71169687,0.676821192,0.323178808,0.529576479,0.470423521,0.83429346,0.16570654,0.487300435,0.512699565
60229,515.6666667,Trop/Subtrop Forests,0.237717908,0.762282092,0.036423841,0.963576159,0.265243902,0.734756098,0.515151515,0.484848485,0.278991597,0.721008403,0.267213115,0.732786885,0.72311828,0.27688172,0.147420147,0.852579853,0.722222222,0.277777778,0.357627119,0.642372881,0.202593193,0.797406807,0.688188976,0.311811024,0.576329331,0.423670669,0.663778163,0.336221837,0.434380776,0.565619224
60230,2750.6,Trop/Subtrop Forests,0.470359281,0.529640719,0.12322723,0.87677277,0.384023099,0.615976901,0.581344902,0.418655098,0.280298121,0.719701879,0.197454207,0.802545793,0.646677472,0.353322528,0.238051044,0.761948956,0.745772947,0.254227053,0.365974589,0.634025411,0.271047228,0.728952772,0.688121709,0.311878291,0.534711509,0.465288491,0.78517168,0.21482832,0.489291598,0.510708402
60232,389.5333333,Trop/Subtrop Forests,0.537473233,0.462526767,0.150812065,0.849187935,0.337142857,0.662857143,0.421875,0.578125,0.245939675,0.754060325,0.180434783,0.819565217,0.57278481,0.42721519,0.194968553,0.805031447,0.788671024,0.211328976,0.439189189,0.560810811,0.242038217,0.757961783,0.731501057,0.268498943,0.486666667,0.513333333,0.752192982,0.247807018,0.488317757,0.511682243
60233,1338.333333,Trop/Subtrop Forests,0.507453416,0.492546584,0.152317881,0.847682119,0.332749562,0.667250438,0.640167364,0.359832636,0.285329744,0.714670256,0.177848101,0.822151899,0.619631902,0.380368098,0.240072202,0.759927798,0.737207833,0.262792167,0.389686684,0.610313316,0.234499693,0.765500307,0.706354102,0.293645898,0.548804137,0.451195863,0.781507283,0.218492717,0.466711052,0.533288948
60235,1478.466667,Trop/Subtrop Forests,0.500285551,0.499714449,0.148345154,0.851654846,0.329896907,0.670103093,0.602996255,0.397003745,0.277546158,0.722453842,0.194219653,0.805780347,0.631040892,0.368959108,0.250822368,0.749177632,0.74771167,0.25228833,0.405737705,0.594262295,0.203899721,0.796100279,0.692393736,0.307606264,0.544437905,0.455562095,0.764294049,0.235705951,0.489296636,0.510703364
60301,434,Trop/Subtrop Forests,0.391129032,0.608870968,0.112244898,0.887755102,0.210970464,0.789029536,0.597560976,0.402439024,0.338114754,0.661885246,0.152777778,0.847222222,0.684507042,0.315492958,0.188630491,0.811369509,0.740518962,0.259481038,0.463855422,0.536144578,0.26223092,0.73776908,0.760784314,0.239215686,0.522821577,0.477178423,0.682926829,0.317073171,0.463312369,0.536687631
60302,382.2,Trop/Subtrop Forests,0.471491228,0.528508772,0.096997691,0.903002309,0.197916667,0.802083333,0.819672131,0.180327869,0.313769752,0.686230248,0.161147903,0.838852097,0.738636364,0.261363636,0.275757576,0.724242424,0.771812081,0.228187919,0.377272727,0.622727273,0.252212389,0.747787611,0.727668845,0.272331155,0.598607889,0.401392111,0.68988764,0.31011236,0.442622951,0.557377049
60303,5213.4,Trop/Subtrop Forests,0.541580537,0.458419463,0.090924285,0.909075715,0.317535545,0.682464455,0.652272727,0.347727273,0.280365618,0.719634382,0.131203931,0.868796069,0.689408017,0.310591983,0.338735818,0.661264182,0.772117095,0.227882905,0.307181954,0.692818046,0.352086263,0.647913737,0.650485437,0.349514563,0.56545545,0.43454455,0.760533934,0.239466066,0.451227605,0.548772395
60304,386.6666667,Trop/Subtrop Forests,0.324324324,0.675675676,0.036144578,0.963855422,0.155688623,0.844311377,0.857142857,0.142857143,0.424036281,0.575963719,0.094827586,0.905172414,0.852112676,0.147887324,0.215116279,0.784883721,0.730512249,0.269487751,0.412280702,0.587719298,0.351464435,0.648535565,0.771134021,0.228865979,0.554809843,0.445190157,0.628701595,0.371298405,0.408352668,0.591647332
60305,950.3333333,Trop/Subtrop Forests,0.476147615,0.523852385,0.065321806,0.934678194,0.254716981,0.745283019,0.675,0.325,0.391013384,0.608986616,0.106951872,0.893048128,0.677069199,0.322930801,0.261239368,0.738760632,0.760144274,0.239855726,0.308957952,0.691042048,0.387772926,0.612227074,0.698453608,0.301546392,0.561243144,0.438756856,0.672727273,0.327272727,0.393548387,0.606451613
60306,412.6,Trop/Subtrop Forests,0.608433735,0.391566265,0.122055675,0.877944325,0.144508671,0.855491329,0.923076923,0.076923077,0.296610169,0.703389831,0.100823045,0.899176955,0.765124555,0.234875445,0.419354839,0.580645161,0.841004184,0.158995816,0.266384778,0.733615222,0.292433538,0.707566462,0.7,0.3,0.670212766,0.329787234,0.738947368,0.261052632,0.355748373,0.644251627
60307,472.6666667,Trop/Subtrop Forests,0.666083916,0.333916084,0.217307692,0.782692308,0.519480519,0.480519481,0.551724138,0.448275862,0.243809524,0.756190476,0.159369527,0.840630473,0.593959732,0.406040268,0.378082192,0.621917808,0.755632582,0.244367418,0.359430605,0.640569395,0.271331058,0.728668942,0.675958188,0.324041812,0.549728752,0.450271248,0.864674868,0.135325132,0.481751825,0.518248175
60308,1833.466667,Trop/Subtrop Forests,0.531418312,0.468581688,0.082551595,0.917448405,0.381791483,0.618208517,0.531531532,0.468468468,0.295023089,0.704976911,0.143520669,0.856479331,0.60455655,0.39544345,0.288774003,0.711225997,0.760387812,0.239612188,0.312356454,0.687643546,0.399209486,0.600790514,0.696969697,0.303030303,0.485171455,0.514828545,0.768232662,0.231767338,0.440315838,0.559684162
60309,3676.733333,Trop/Subtrop Forests,0.577279928,0.422720072,0.099468856,0.900531144,0.416007036,0.583992964,0.571225071,0.428774929,0.294704528,0.705295472,0.151627048,0.848372952,0.619538335,0.380461665,0.31186686,0.68813314,0.771171171,0.228828829,0.300045496,0.699954504,0.391839378,0.608160622,0.664060803,0.335939197,0.504531038,0.495468962,0.824518699,0.175481301,0.471365639,0.528634361
60310,5271.4,Trop/Subtrop Forests,0.653048298,0.346951702,0.124008279,0.875991721,0.468451243,0.531548757,0.568739771,0.431260229,0.267850736,0.732149264,0.130497592,0.869502408,0.608100399,0.391899601,0.371565415,0.628434585,0.767820774,0.232179226,0.29417383,0.70582617,0.381570997,0.618429003,0.669017323,0.330982677,0.525442654,0.474557346,0.846390169,0.153609831,0.463906076,0.536093924
60402,324.2666667,Temp Forests,0.81498829,0.18501171,0.093023256,0.906976744,0.201834862,0.798165138,0.429906542,0.570093458,0.13986014,0.86013986,0.140921409,0.859078591,0.416216216,0.583783784,0.504347826,0.495652174,0.742547425,0.257452575,0.198492462,0.801507538,0.403553299,0.596446701,0.733333333,0.266666667,0.623762376,0.376237624,0.936061381,0.063938619,0.417525773,0.582474227
60404,1510.6,Temp Forests,0.731160896,0.268839104,0.190011481,0.809988519,0.366425993,0.633574007,0.348235294,0.651764706,0.195592287,0.804407713,0.111872146,0.888127854,0.417364017,0.582635983,0.351137488,0.648862512,0.763943662,0.236056338,0.284313725,0.715686275,0.405186386,0.594813614,0.688111168,0.311888832,0.532674355,0.467325645,0.896777717,0.103222283,0.418098511,0.581901489
60702,487.5333333,Grasslands,0.338435374,0.661564626,0.079646018,0.920353982,0.258064516,0.741935484,0.660714286,0.339285714,0.284946237,0.715053763,0.201401051,0.798598949,0.645070423,0.354929577,0.188544153,0.811455847,0.728873239,0.271126761,0.40608229,0.59391771,0.223570191,0.776429809,0.718166384,0.281833616,0.563432836,0.436567164,0.601436266,0.398563734,0.375,0.625
60703,3613.066667,Grasslands,0.440217391,0.559782609,0.037155512,0.962844488,0.218896165,0.781103835,0.694520548,0.305479452,0.360183533,0.639816467,0.126325496,0.873674504,0.716423228,0.283576772,0.323806321,0.676193679,0.771087216,0.228912784,0.337255825,0.662744175,0.405375389,0.594624611,0.677289949,0.322710051,0.542123687,0.457876313,0.77409201,0.22590799,0.494921972,0.505078028
60704,9633.066667,Grasslands,0.467814818,0.532185182,0.061887426,0.938112574,0.281586022,0.718413978,0.623909697,0.376090303,0.331110276,0.668889724,0.172852323,0.827147677,0.695851873,0.304148127,0.302009235,0.697990765,0.777253295,0.222746705,0.33762682,0.66237318,0.32009052,0.67990948,0.652133891,0.347866109,0.566809403,0.433190597,0.787587801,0.212412199,0.500925069,0.499074931
60707,1629.8,Grasslands,0.402020202,0.597979798,0.071656051,0.928343949,0.165912519,0.834087481,0.748062016,0.251937984,0.332058984,0.667941016,0.16168898,0.83831102,0.785013381,0.214986619,0.260452365,0.739547635,0.800627943,0.199372057,0.361313869,0.638686131,0.269035533,0.730964467,0.686284289,0.313715711,0.611764706,0.388235294,0.682821756,0.317178244,0.448818898,0.551181102
60708,1936.333333,Grasslands,0.553525913,0.446474087,0.106568672,0.893431328,0.388455538,0.611544462,0.556074766,0.443925234,0.282027217,0.717972783,0.175675676,0.824324324,0.593005952,0.406994048,0.282447466,0.717552534,0.752414399,0.247585601,0.36853734,0.63146266,0.267676768,0.732323232,0.691331924,0.308668076,0.531263664,0.468736336,0.822037604,0.177962396,0.471843778,0.528156222
60709,3090.466667,Grasslands,0.358859255,0.641140745,0.067843354,0.932156646,0.176385889,0.823614111,0.693150685,0.306849315,0.33361799,0.66638201,0.189189189,0.810810811,0.774283071,0.225716929,0.220326128,0.779673872,0.771806643,0.228193357,0.361173184,0.638826816,0.249061662,0.750938338,0.680962343,0.319037657,0.599770642,0.400229358,0.671213413,0.328786587,0.448110378,0.551889622
60710,2125.133333,Grasslands,0.642216153,0.357783847,0.125788809,0.874211191,0.379972565,0.620027435,0.488888889,0.511111111,0.247585601,0.752414399,0.144962166,0.855037834,0.579227696,0.420772304,0.370028818,0.629971182,0.777913114,0.222086886,0.337368846,0.662631154,0.338846154,0.661153846,0.692036093,0.307963907,0.519429025,0.480570975,0.844033084,0.155966916,0.458708095,0.541291905
60801,1159.666667,Grasslands,0.663113006,0.336886994,0.197869102,0.802130898,0.491596639,0.508403361,0.326018809,0.673981191,0.239903069,0.760096931,0.148668639,0.851331361,0.49706228,0.50293772,0.327526132,0.672473868,0.754578755,0.245421245,0.344150943,0.655849057,0.270555165,0.729444835,0.678520626,0.321479374,0.516200295,0.483799705,0.851664255,0.148335745,0.435508346,0.564491654
60802,407.3333333,Grasslands,0.599613153,0.400386847,0.200873362,0.799126638,0.528735632,0.471264368,0.170940171,0.829059829,0.213636364,0.786363636,0.16,0.84,0.50729927,0.49270073,0.273076923,0.726923077,0.811320755,0.188679245,0.329192547,0.670807453,0.302681992,0.697318008,0.643835616,0.356164384,0.436,0.564,0.832653061,0.167346939,0.386727689,0.613272311
60803,1052.4,Grasslands,0.686009539,0.313990461,0.210833333,0.789166667,0.525458248,0.474541752,0.278089888,0.721910112,0.247697974,0.752302026,0.156301146,0.843698854,0.468940317,0.531059683,0.333333333,0.666666667,0.769167354,0.230832646,0.337199669,0.662800331,0.321484992,0.678515008,0.689243028,0.310756972,0.504489796,0.495510204,0.829959514,0.170040486,0.445193929,0.554806071
60805,649.6,Grasslands,0.701268743,0.298731257,0.146788991,0.853211009,0.345132743,0.654867257,0.251396648,0.748603352,0.171653543,0.828346457,0.146306818,0.853693182,0.42972973,0.57027027,0.376963351,0.623036649,0.813245033,0.186754967,0.287484511,0.712515489,0.351383875,0.648616125,0.665492958,0.334507042,0.533492823,0.466507177,0.901390645,0.098609355,0.414209115,0.585790885
60904,1159.933333,Grasslands,0.704089219,0.295910781,0.1875,0.8125,0.321568627,0.678431373,0.725641026,0.274358974,0.263445051,0.736554949,0.116777531,0.883222469,0.644444444,0.355555556,0.39902439,0.60097561,0.758004468,0.241995532,0.336890244,0.663109756,0.269088213,0.730911787,0.69515885,0.30484115,0.58183242,0.41816758,0.809097688,0.190902312,0.4418429,0.5581571
60907,1239.733333,Grasslands,0.515978695,0.484021305,0.113700565,0.886299435,0.326666667,0.673333333,0.760784314,0.239215686,0.267284391,0.732715609,0.229574612,0.770425388,0.665882353,0.334117647,0.314744802,0.685255198,0.784059946,0.215940054,0.361403509,0.638596491,0.178145695,0.821854305,0.629064366,0.370935634,0.645761544,0.354238456,0.814610613,0.185389387,0.492330168,0.507669832
60908,538.0666667,Grasslands,0.58125,0.41875,0.135399674,0.864600326,0.4743083,0.5256917,0.417322835,0.582677165,0.267581475,0.732418525,0.193910256,0.806089744,0.49078341,0.50921659,0.259803922,0.740196078,0.749601276,0.250398724,0.372168285,0.627831715,0.282170543,0.717829457,0.682662539,0.317337461,0.475279107,0.524720893,0.7856,0.2144,0.465890183,0.534109817
60909,548.4,Grasslands,0.65204236,0.34795764,0.113636364,0.886363636,0.37704918,0.62295082,0.446153846,0.553846154,0.298187809,0.701812191,0.164110429,0.835889571,0.542936288,0.457063712,0.373101952,0.626898048,0.801242236,0.198757764,0.363919129,0.636080871,0.258982036,0.741017964,0.645454545,0.354545455,0.558103976,0.441896024,0.852080123,0.147919877,0.494505495,0.505494505
61001,421.6666667,Grasslands,0.673796791,0.326203209,0.103671706,0.896328294,0.358974359,0.641025641,0.379310345,0.620689655,0.145695364,0.854304636,0.098739496,0.901260504,0.447761194,0.552238806,0.456603774,0.543396226,0.778656126,0.221343874,0.341509434,0.658490566,0.373684211,0.626315789,0.687732342,0.312267658,0.461403509,0.538596491,0.851785714,0.148214286,0.29233871,0.70766129
61002,929.9333333,Grasslands,0.609816972,0.390183028,0.116458133,0.883541867,0.383259912,0.616740088,0.360544218,0.639455782,0.235470942,0.764529058,0.111926606,0.888073394,0.523346304,0.476653696,0.393356643,0.606643357,0.830837004,0.169162996,0.399486741,0.600513259,0.369243421,0.630756579,0.694610778,0.305389222,0.456342669,0.543657331,0.792294807,0.207705193,0.388523048,0.611476952
61003,1700.333333,Grasslands,0.618045816,0.381954184,0.08462867,0.91537133,0.343181818,0.656818182,0.366972477,0.633027523,0.284675615,0.715324385,0.087087087,0.912912913,0.513994911,0.486005089,0.296861747,0.703138253,0.793478261,0.206521739,0.340551181,0.659448819,0.40167364,0.59832636,0.717148183,0.282851817,0.470145745,0.529854255,0.772811918,0.227188082,0.384210526,0.615789474
61004,299,Grasslands,0.581333333,0.418666667,0.013377926,0.986622074,0.22972973,0.77027027,0.474576271,0.525423729,0.378980892,0.621019108,0.059490085,0.940509915,0.582568807,0.417431193,0.415300546,0.584699454,0.854341737,0.145658263,0.372222222,0.627777778,0.41369863,0.58630137,0.670157068,0.329842932,0.489637306,0.510362694,0.819371728,0.180628272,0.447089947,0.552910053
61006,2340.6,Grasslands,0.552904564,0.447095436,0.036978757,0.963021243,0.2046875,0.7953125,0.525510204,0.474489796,0.322068404,0.677931596,0.065885798,0.934114202,0.664927536,0.335072464,0.397377423,0.602622577,0.774360874,0.225639126,0.259432267,0.740567733,0.482770503,0.517229497,0.691757493,0.308242507,0.526224983,0.473775017,0.759388039,0.240611961,0.400763359,0.599236641
61008,505.2666667,Grasslands,0.730994152,0.269005848,0.152801358,0.847198642,0.330935252,0.669064748,0.237113402,0.762886598,0.198830409,0.801169591,0.113879004,0.886120996,0.403773585,0.596226415,0.362711864,0.637288136,0.789036545,0.210963455,0.330721003,0.669278997,0.400921659,0.599078341,0.672155689,0.327844311,0.461654135,0.538345865,0.888178914,0.111821086,0.377777778,0.622222222
61010,568.4666667,Grasslands,0.592741935,0.407258065,0.121765601,0.878234399,0.459627329,0.540372671,0.234567901,0.765432099,0.183254344,0.816745656,0.142633229,0.857366771,0.568253968,0.431746032,0.380813953,0.619186047,0.832618026,0.167381974,0.388167388,0.611832612,0.326693227,0.673306773,0.693877551,0.306122449,0.430122117,0.569877883,0.781337047,0.218662953,0.410339257,0.589660743
61201,1424.066667,Mediterranean Scrub,0.668105774,0.331894226,0.268035191,0.731964809,0.404081633,0.595918367,0.232,0.768,0.185472496,0.814527504,0.131689717,0.868310283,0.477094972,0.522905028,0.265046296,0.734953704,0.794269341,0.205730659,0.356933879,0.643066121,0.380496054,0.619503946,0.689693593,0.310306407,0.479467901,0.520532099,0.859010802,0.140989198,0.467548834,0.532451166
61304,5580.133333,Deserts & Drylands,0.438490898,0.561509102,0.072266244,0.927733756,0.263934426,0.736065574,0.663589744,0.336410256,0.310817269,0.689182731,0.183027043,0.816972957,0.696947674,0.303052326,0.281576145,0.718423855,0.775948788,0.224051212,0.384791222,0.615208778,0.2904209,0.7095791,0.668311801,0.331688199,0.579760642,0.420239358,0.765576324,0.234423676,0.503383397,0.496616603
61305,1022.4,Deserts & Drylands,0.503772003,0.496227997,0.133913043,0.866086957,0.274223035,0.725776965,0.658291457,0.341708543,0.296006944,0.703993056,0.165275459,0.834724541,0.685882353,0.314117647,0.283991228,0.716008772,0.775337838,0.224662162,0.400869565,0.599130435,0.278151261,0.721848739,0.686192469,0.313807531,0.583184258,0.416815742,0.72360515,0.27639485,0.496910856,0.503089144
61306,309.2,Deserts & Drylands,0.284530387,0.715469613,0.071428571,0.928571429,0.261146497,0.738853503,0.485714286,0.514285714,0.363888889,0.636111111,0.182561308,0.817438692,0.691964286,0.308035714,0.095785441,0.904214559,0.741847826,0.258152174,0.530555556,0.469444444,0.27540107,0.72459893,0.752021563,0.247978437,0.473537604,0.526462396,0.679775281,0.320224719,0.54491018,0.45508982
61307,621.6,Deserts & Drylands,0.640434193,0.359565807,0.224550898,0.775449102,0.367491166,0.632508834,0.534246575,0.465753425,0.238235294,0.761764706,0.156808803,0.843191197,0.569105691,0.430894309,0.30078125,0.69921875,0.773426573,0.226573427,0.391061453,0.608938547,0.240320427,0.759679573,0.724932249,0.275067751,0.561959654,0.438040346,0.773761714,0.226238286,0.440277778,0.559722222
61308,876.3333333,Deserts & Drylands,0.312204352,0.687795648,0.076171875,0.923828125,0.289795918,0.710204082,0.574257426,0.425742574,0.260098522,0.739901478,0.250241546,0.749758454,0.681677019,0.318322981,0.152974504,0.847025496,0.742120344,0.257879656,0.416749751,0.583250249,0.184336199,0.815663801,0.681860465,0.318139535,0.55331992,0.44668008,0.684584178,0.315415822,0.47339848,0.52660152
61309,613.3333333,Deserts & Drylands,0.476060192,0.523939808,0.096866097,0.903133903,0.237288136,0.762711864,0.61682243,0.38317757,0.321022727,0.678977273,0.14600551,0.85399449,0.636986301,0.363013699,0.247600768,0.752399232,0.746612466,0.253387534,0.337588652,0.662411348,0.273597811,0.726402189,0.709720373,0.290279627,0.522760646,0.477239354,0.68579627,0.31420373,0.430906389,0.569093611
61312,250.8,Deserts & Drylands,0.442244224,0.557755776,0.188811189,0.811188811,0.412280702,0.587719298,0.41025641,0.58974359,0.261484099,0.738515901,0.239057239,0.760942761,0.64516129,0.35483871,0.185,0.815,0.761744966,0.238255034,0.425170068,0.574829932,0.211038961,0.788961039,0.692810458,0.307189542,0.556737589,0.443262411,0.81292517,0.18707483,0.551470588,0.448529412
61314,541.5333333,Deserts & Drylands,0.519637462,0.480362538,0.179054054,0.820945946,0.429951691,0.570048309,0.447619048,0.552380952,0.261589404,0.738410596,0.19389313,0.80610687,0.619834711,0.380165289,0.230769231,0.769230769,0.722306525,0.277693475,0.404354588,0.595645412,0.267647059,0.732352941,0.701357466,0.298642534,0.524256651,0.475743349,0.833841463,0.166158537,0.530578512,0.469421488
61315,1105.533333,Deserts & Drylands,0.680684248,0.319315752,0.211521926,0.788478074,0.41025641,0.58974359,0.28125,0.71875,0.225941423,0.774058577,0.127825409,0.872174591,0.506224066,0.493775934,0.28137931,0.71862069,0.818383988,0.181616012,0.413092551,0.586907449,0.314932767,0.685067233,0.722060958,0.277939042,0.429693076,0.570306924,0.805157593,0.194842407,0.42901474,0.57098526
61316,1169.8,Deserts & Drylands,0.548660085,0.451339915,0.14516129,0.85483871,0.505773672,0.494226328,0.368644068,0.631355932,0.268098648,0.731901352,0.171326165,0.828673835,0.563360882,0.436639118,0.270676692,0.729323308,0.761770907,0.238229093,0.346619217,0.653380783,0.306639288,0.693360712,0.708104396,0.291895604,0.48705036,0.51294964,0.823733518,0.176266482,0.461309524,0.538690476
61401,1710.733333,Trop/Subtrop Forests,0.458070771,0.541929229,0.109303508,0.890696492,0.223489168,0.776510832,0.730496454,0.269503546,0.278545827,0.721454173,0.195254572,0.804745428,0.707336523,0.292663477,0.27110501,0.72889499,0.782478845,0.217521155,0.361885454,0.638114546,0.225345168,0.774654832,0.671020803,0.328979197,0.596113445,0.403886555,0.696189495,0.303810505,0.445220193,0.554779807
61402,876.1333333,Trop/Subtrop Forests,0.41182266,0.58817734,0.108941418,0.891058582,0.219665272,0.780334728,0.673076923,0.326923077,0.331668332,0.668331668,0.167318982,0.832681018,0.675675676,0.324324324,0.207958922,0.792041078,0.750245821,0.249754179,0.457831325,0.542168675,0.23910939,0.76089061,0.735521236,0.264478764,0.5336091,0.4663909,0.689759036,0.310240964,0.471134021,0.528865979
61403,1859.733333,Trop/Subtrop Forests,0.458575907,0.541424093,0.111007463,0.888992537,0.234913793,0.765086207,0.745980707,0.254019293,0.298122066,0.701877934,0.174726277,0.825273723,0.706605223,0.293394777,0.259353202,0.740646798,0.75978162,0.24021838,0.373533552,0.626466448,0.237303371,0.762696629,0.69578714,0.30421286,0.567064439,0.432935561,0.715219421,0.284780579,0.428922774,0.571077226
61404,696.8666667,Trop/Subtrop Forests,0.491060787,0.508939213,0.18710493,0.81289507,0.408163265,0.591836735,0.534722222,0.465277778,0.254108723,0.745891277,0.22235723,0.77764277,0.637964775,0.362035225,0.203155819,0.796844181,0.74789916,0.25210084,0.430504305,0.569495695,0.235849057,0.764150943,0.703218117,0.296781883,0.542963885,0.457036115,0.765567766,0.234432234,0.480640854,0.519359146
61405,489.5333333,Trop/Subtrop Forests,0.388059701,0.611940299,0.091695502,0.908304498,0.193548387,0.806451613,0.603174603,0.396825397,0.267379679,0.732620321,0.214659686,0.785340314,0.714285714,0.285714286,0.191646192,0.808353808,0.721649485,0.278350515,0.333919156,0.666080844,0.240143369,0.759856631,0.717863105,0.282136895,0.53875969,0.46124031,0.569642857,0.430357143,0.370642202,0.629357798
61406,1776.666667,Trop/Subtrop Forests,0.420978363,0.579021637,0.079076621,0.920923379,0.181818182,0.818181818,0.703703704,0.296296296,0.307225872,0.692774128,0.170303605,0.829696395,0.715317919,0.284682081,0.244821092,0.755178908,0.770019531,0.229980469,0.382168675,0.617831325,0.281929991,0.718070009,0.710782045,0.289217955,0.603526448,0.396473552,0.643787575,0.356212425,0.405096204,0.594903796
61407,593.4,Trop/Subtrop Forests,0.461212976,0.538787024,0.164948454,0.835051546,0.283870968,0.716129032,0.632183908,0.367816092,0.331877729,0.668122271,0.192753623,0.807246377,0.652173913,0.347826087,0.217391304,0.782608696,0.787446505,0.212553495,0.411589896,0.588410104,0.203147353,0.796852647,0.652112676,0.347887324,0.539940828,0.460059172,0.739195231,0.260804769,0.505443235,0.494556765
70106,1255.2,Trop/Subtrop Forests,0.521767381,0.478232619,0.098065377,0.901934623,0.190705128,0.809294872,0.653333333,0.346666667,0.312409812,0.687590188,0.151839465,0.848160535,0.662893082,0.337106918,0.336734694,0.663265306,0.753044655,0.246955345,0.357092942,0.642907058,0.327924273,0.672075727,0.68904824,0.31095176,0.474576271,0.525423729,0.70443686,0.29556314,0.415654521,0.584345479
70113,386.4666667,Trop/Subtrop Forests,0.474040632,0.525959368,0.102564103,0.897435897,0.143497758,0.856502242,0.677419355,0.322580645,0.338672769,0.661327231,0.099778271,0.900221729,0.635782748,0.364217252,0.270491803,0.729508197,0.734831461,0.265168539,0.445754717,0.554245283,0.322727273,0.677272727,0.700218818,0.299781182,0.550239234,0.449760766,0.63963964,0.36036036,0.397752809,0.602247191
70202,960.9333333,Trop/Subtrop Forests,0.547598253,0.452401747,0.155913978,0.844086022,0.23151751,0.76848249,0.473933649,0.526066351,0.285986654,0.714013346,0.155141844,0.844858156,0.611664296,0.388335704,0.296954315,0.703045685,0.759821429,0.240178571,0.371323529,0.628676471,0.303460515,0.696539485,0.702797203,0.297202797,0.50611477,0.49388523,0.721575649,0.278424351,0.408719346,0.591280654
70701,84.73333333,Grasslands,0.603773585,0.396226415,0.118811881,0.881188119,0.142857143,0.857142857,0.333333333,0.666666667,0.173333333,0.826666667,0.141414141,0.858585859,0.5,0.5,0.475409836,0.524590164,0.789473684,0.210526316,0.15,0.85,0.361904762,0.638095238,0.685714286,0.314285714,0.564356436,0.435643564,0.851485149,0.148514851,0.35,0.65
70702,322.3333333,Grasslands,0.606951872,0.393048128,0.247863248,0.752136752,0.274193548,0.725806452,0.528735632,0.471264368,0.284482759,0.715517241,0.13368984,0.86631016,0.603846154,0.396153846,0.307692308,0.692307692,0.748663102,0.251336898,0.400552486,0.599447514,0.239361702,0.760638298,0.738544474,0.261455526,0.533527697,0.466472303,0.784,0.216,0.432065217,0.567934783
80101,4235.266667,Trop/Subtrop Forests,0.480008119,0.519991881,0.085654886,0.914345114,0.520216757,0.479783243,0.575027382,0.424972618,0.284407666,0.715592334,0.165231652,0.834768348,0.412871557,0.587128443,0.151884058,0.848115942,0.720129607,0.279870393,0.368330834,0.631669166,0.277036733,0.722963267,0.733279122,0.266720878,0.605977109,0.394022891,0.687804878,0.312195122,0.418690819,0.581309181
80102,4959.933333,Trop/Subtrop Forests,0.502413793,0.497586207,0.08343689,0.91656311,0.50144211,0.49855789,0.559855986,0.440144014,0.292433538,0.707566462,0.178571429,0.821428571,0.47036951,0.52963049,0.17274758,0.82725242,0.743259488,0.256740512,0.358514493,0.641485507,0.279393834,0.720606166,0.702977112,0.297022888,0.589578872,0.410421128,0.729627072,0.270372928,0.45239762,0.54760238
80401,1590.266667,Temp Forests,0.877736252,0.122263748,0.175487465,0.824512535,0.67206041,0.32793959,0.238789238,0.761210762,0.240410959,0.759589041,0.170108696,0.829891304,0.458964143,0.541035857,0.377435897,0.622564103,0.851692638,0.148307362,0.304639463,0.695360537,0.322944653,0.677055347,0.633779264,0.366220736,0.59279476,0.40720524,0.924111948,0.075888052,0.501085776,0.498914224
80402,5242.933333,Temp Forests,0.790786948,0.209213052,0.212321792,0.787678208,0.70192995,0.29807005,0.318958503,0.681041497,0.198716702,0.801283298,0.14549421,0.85450579,0.421719682,0.578280318,0.405801721,0.594198279,0.827658544,0.172341456,0.326677852,0.673322148,0.308405241,0.691594759,0.675698001,0.324301999,0.611851852,0.388148148,0.859983962,0.140016038,0.447202966,0.552797034
80403,776.8666667,Temp Forests,0.810210877,0.189789123,0.356818182,0.643181818,0.514150943,0.485849057,0.317961165,0.682038835,0.240932642,0.759067358,0.151111111,0.848888889,0.488486842,0.511513158,0.423698384,0.576301616,0.8046875,0.1953125,0.296590909,0.703409091,0.248329621,0.751670379,0.675458716,0.324541284,0.58783008,0.41216992,0.891861761,0.108138239,0.46440678,0.53559322
80404,1941.533333,Temp Forests,0.875536481,0.124463519,0.255162919,0.744837081,0.717842324,0.282157676,0.216783217,0.783216783,0.268052516,0.731947484,0.176882662,0.823117338,0.464876033,0.535123967,0.377524144,0.622475856,0.839930405,0.160069595,0.327802691,0.672197309,0.288975022,0.711024978,0.647319451,0.352680549,0.582003546,0.417996454,0.928198433,0.071801567,0.507880911,0.492119089
80405,3041.933333,Temp Forests,0.799831555,0.200168445,0.200813717,0.799186283,0.734715577,0.265284423,0.276167948,0.723832052,0.201424212,0.798575788,0.150347625,0.849652375,0.379991413,0.620008587,0.367945824,0.632054176,0.823828346,0.176171654,0.307849431,0.692150569,0.324704558,0.675295442,0.661995997,0.338004003,0.590790617,0.409209383,0.864072194,0.135927806,0.411831305,0.588168695
80406,3316.8,Temp Forests,0.826130402,0.173869598,0.204497354,0.795502646,0.608851675,0.391148325,0.303355705,0.696644295,0.224028043,0.775971957,0.150231125,0.849768875,0.477514309,0.522485691,0.411849021,0.588150979,0.829431438,0.170568562,0.294687255,0.705312745,0.312736444,0.687263556,0.65487193,0.34512807,0.584837545,0.415162455,0.918280111,0.081719889,0.476409079,0.523590921
80407,290,Temp Forests,0.752136752,0.247863248,0.198675497,0.801324503,0.734375,0.265625,0.221153846,0.778846154,0.213523132,0.786476868,0.258160237,0.741839763,0.403587444,0.596412556,0.325842697,0.674157303,0.818181818,0.181818182,0.288235294,0.711764706,0.252124646,0.747875354,0.624277457,0.375722543,0.644508671,0.355491329,0.892351275,0.107648725,0.536516854,0.463483146
80408,2830.333333,Temp Forests,0.848097589,0.151902411,0.162091503,0.837908497,0.742565845,0.257434155,0.302422723,0.697577277,0.230362538,0.769637462,0.188809096,0.811190904,0.451356408,0.548643592,0.360048573,0.639951427,0.840503366,0.159496634,0.293940308,0.706059692,0.297484822,0.702515178,0.664489311,0.335510689,0.601179941,0.398820059,0.92253727,0.07746273,0.496065287,0.503934713
80409,3024.866667,Temp Forests,0.772638071,0.227361929,0.187878788,0.812121212,0.683333333,0.316666667,0.296035806,0.703964194,0.181574539,0.818425461,0.143808659,0.856191341,0.366984402,0.633015598,0.378220141,0.621779859,0.847429053,0.152570947,0.322093023,0.677906977,0.330127298,0.669872702,0.660039761,0.339960239,0.59683908,0.40316092,0.830985915,0.169014085,0.405895692,0.594104308
80410,466.0666667,Temp Forests,0.761029412,0.238970588,0.215010142,0.784989858,0.784090909,0.215909091,0.211640212,0.788359788,0.228991597,0.771008403,0.218181818,0.781818182,0.483783784,0.516216216,0.304918033,0.695081967,0.888888889,0.111111111,0.358070501,0.641929499,0.240350877,0.759649123,0.597096189,0.402903811,0.6039783,0.3960217,0.893048128,0.106951872,0.526978417,0.473021583
80411,2277,Temp Forests,0.707436769,0.292563231,0.15223301,0.84776699,0.84179357,0.15820643,0.447242206,0.552757794,0.26746167,0.73253833,0.230916763,0.769083237,0.404255319,0.595744681,0.25684485,0.74315515,0.775849057,0.224150943,0.32745098,0.67254902,0.26397281,0.73602719,0.694211729,0.305788271,0.638314475,0.361685525,0.820697498,0.179302502,0.437405159,0.562594841
80412,3130.933333,Temp Forests,0.80971881,0.19028119,0.204356549,0.795643451,0.73989899,0.26010101,0.30365566,0.69634434,0.221506106,0.778493894,0.165680473,0.834319527,0.3964687,0.6035313,0.366842105,0.633157895,0.80521978,0.19478022,0.326988636,0.673011364,0.283765348,0.716234652,0.706439922,0.293560078,0.632865169,0.367134831,0.875822368,0.124177632,0.448028674,0.551971326
80413,1890.6,Temp Forests,0.767905712,0.232094288,0.187323944,0.812676056,0.781144781,0.218855219,0.535499398,0.464500602,0.243271222,0.756728778,0.192926045,0.807073955,0.39636819,0.60363181,0.347089167,0.652910833,0.749321267,0.250678733,0.314030132,0.685969868,0.272933697,0.727066303,0.72386679,0.27613321,0.658763366,0.341236634,0.842153285,0.157846715,0.425125171,0.574874829
80414,682.4,Temp Forests,0.792929293,0.207070707,0.097186701,0.902813299,0.848214286,0.151785714,0.524916944,0.475083056,0.247800587,0.752199413,0.228092784,0.771907216,0.317589577,0.682410423,0.296703297,0.703296703,0.769620253,0.230379747,0.283524904,0.716475096,0.308564232,0.691435768,0.722998729,0.277001271,0.658823529,0.341176471,0.859315589,0.140684411,0.460759494,0.539240506
80415,3429.333333,Temp Forests,0.564179854,0.435820146,0.13839401,0.86160599,0.628225382,0.371774618,0.539761431,0.460238569,0.281070746,0.718929254,0.18378241,0.81621759,0.407065038,0.592934962,0.21737481,0.78262519,0.740712851,0.259287149,0.363421053,0.636578947,0.26289181,0.73710819,0.718227848,0.281772152,0.613943809,0.386056191,0.733383877,0.266616123,0.410178117,0.589821883
80416,1896.733333,Temp Forests,0.861976848,0.138023152,0.255097202,0.744902798,0.732409382,0.267590618,0.265720081,0.734279919,0.238309859,0.761690141,0.189850476,0.810149524,0.464713715,0.535286285,0.375868056,0.624131944,0.834375,0.165625,0.305644791,0.694355209,0.284577994,0.715422006,0.658569501,0.341430499,0.612104539,0.387895461,0.918834081,0.081165919,0.494144144,0.505855856
80417,3297.4,Temp Forests,0.541807762,0.458192238,0.103494265,0.896505735,0.648959474,0.351040526,0.525383707,0.474616293,0.288718386,0.711281614,0.196989702,0.803010298,0.384117246,0.615882754,0.15952381,0.84047619,0.733194372,0.266805628,0.34949329,0.65050671,0.276991614,0.723008386,0.739028213,0.260971787,0.627541339,0.372458661,0.708976708,0.291023292,0.415064525,0.584935475
80418,1521.866667,Temp Forests,0.87236404,0.12763596,0.106812933,0.893187067,0.685527748,0.314472252,0.27230591,0.72769409,0.262225372,0.737774628,0.169510808,0.830489192,0.465095986,0.534904014,0.389624724,0.610375276,0.826450893,0.173549107,0.313089623,0.686910377,0.312570146,0.687429854,0.672273782,0.327726218,0.582480091,0.417519909,0.919101124,0.080898876,0.526435475,0.473564525
80419,2283,Temp Forests,0.857786116,0.142213884,0.203430395,0.796569605,0.777517564,0.222482436,0.295543393,0.704456607,0.219934488,0.780065512,0.178066488,0.821933512,0.418867925,0.581132075,0.374216028,0.625783972,0.808823529,0.191176471,0.308498254,0.691501746,0.268129416,0.731870584,0.695172938,0.304827062,0.626196859,0.373803141,0.90881688,0.09118312,0.447080979,0.552919021
80420,307.7333333,Temp Forests,0.811827957,0.188172043,0.279279279,0.720720721,0.873563218,0.126436782,0.178571429,0.821428571,0.243421053,0.756578947,0.235135135,0.764864865,0.512820513,0.487179487,0.314285714,0.685714286,0.888,0.112,0.316666667,0.683333333,0.265625,0.734375,0.574468085,0.425531915,0.606469003,0.393530997,0.908136483,0.091863517,0.531413613,0.468586387
80421,2491,Temp Forests,0.775137741,0.224862259,0.218606296,0.781393704,0.69129618,0.30870382,0.277404922,0.722595078,0.202233251,0.797766749,0.155021834,0.844978166,0.376446905,0.623553095,0.37744767,0.62255233,0.830123796,0.169876204,0.326421166,0.673578834,0.303460208,0.696539792,0.686151705,0.313848295,0.614594403,0.385405597,0.837016575,0.162983425,0.427974948,0.572025052
80422,563.7333333,Temp Forests,0.749230769,0.250769231,0.230031949,0.769968051,0.699421965,0.300578035,0.271428571,0.728571429,0.276895944,0.723104056,0.179407176,0.820592824,0.388308977,0.611691023,0.299748111,0.700251889,0.807751938,0.192248062,0.356230032,0.643769968,0.284161491,0.715838509,0.682242991,0.317757009,0.588141026,0.411858974,0.839258114,0.160741886,0.465732087,0.534267913
80423,1063.266667,Temp Forests,0.793856103,0.206143897,0.142144638,0.857855362,0.756972112,0.243027888,0.561922366,0.438077634,0.236397749,0.763602251,0.170891251,0.829108749,0.369487485,0.630512515,0.413350449,0.586649551,0.748387097,0.251612903,0.272350993,0.727649007,0.249190939,0.750809061,0.724279835,0.275720165,0.695906433,0.304093567,0.855166802,0.144833198,0.408427877,0.591572123
80424,2213.933333,Temp Forests,0.667444574,0.332555426,0.164997998,0.835002002,0.823190789,0.176809211,0.430769231,0.569230769,0.279029463,0.720970537,0.223362273,0.776637727,0.398522167,0.601477833,0.237113402,0.762886598,0.763516142,0.236483858,0.331308222,0.668691778,0.269636577,0.730363423,0.704679512,0.295320488,0.640032284,0.359967716,0.789659224,0.210340776,0.431711146,0.568288854
80425,683.1333333,Temp Forests,0.749688667,0.250311333,0.309090909,0.690909091,0.457865169,0.542134831,0.249180328,0.750819672,0.239705882,0.760294118,0.178616352,0.821383648,0.491134752,0.508865248,0.329059829,0.670940171,0.829299363,0.170700637,0.341935484,0.658064516,0.263420724,0.736579276,0.648477157,0.351522843,0.561290323,0.438709677,0.87125,0.12875,0.491048593,0.508951407
80426,1877.866667,Temp Forests,0.785421412,0.214578588,0.132739212,0.867260788,0.807159353,0.192840647,0.517923362,0.482076638,0.243200837,0.756799163,0.204651163,0.795348837,0.375379018,0.624620982,0.318506751,0.681493249,0.763289414,0.236710586,0.301780694,0.698219306,0.279143898,0.720856102,0.703874539,0.296125461,0.639044944,0.360955056,0.861213235,0.138786765,0.44805492,0.55194508
80427,1753.333333,Temp Forests,0.723786408,0.276213592,0.148580122,0.851419878,0.697303922,0.302696078,0.622974963,0.377025037,0.244863964,0.755136036,0.150416463,0.849583537,0.38358209,0.61641791,0.403773585,0.596226415,0.743203883,0.256796117,0.300050429,0.699949571,0.268316351,0.731683649,0.710891089,0.289108911,0.650896414,0.349103586,0.820909971,0.179090029,0.38926499,0.61073501
80428,2403.866667,Temp Forests,0.750354108,0.249645892,0.135825315,0.864174685,0.734032412,0.265967588,0.608826479,0.391173521,0.228847703,0.771152297,0.154506438,0.845493562,0.383137673,0.616862327,0.40649943,0.59350057,0.745306412,0.254693588,0.287226277,0.712773723,0.27538787,0.72461213,0.707697894,0.292302106,0.660014514,0.339985486,0.844851904,0.155148096,0.409171076,0.590828924
80429,1194.4,Temp Forests,0.859094177,0.140905823,0.161645849,0.838354151,0.596973865,0.403026135,0.333333333,0.666666667,0.198779425,0.801220575,0.129221733,0.870778267,0.38654504,0.61345496,0.423658872,0.576341128,0.834537572,0.165462428,0.273333333,0.726666667,0.325991189,0.674008811,0.631884058,0.368115942,0.593423019,0.406576981,0.902456647,0.097543353,0.427846265,0.572153735
80430,1094.4,Temp Forests,0.696682464,0.303317536,0.157212318,0.842787682,0.823161189,0.176838811,0.501199041,0.498800959,0.254850088,0.745149912,0.222760291,0.777239709,0.385982231,0.614017769,0.270375162,0.729624838,0.734499205,0.265500795,0.326497129,0.673502871,0.267460317,0.732539683,0.706304868,0.293695132,0.624172185,0.375827815,0.832268371,0.167731629,0.420463629,0.579536371
80431,2769,Temp Forests,0.856967465,0.143032535,0.216828479,0.783171521,0.713600959,0.286399041,0.278416347,0.721583653,0.227237354,0.772762646,0.163722397,0.836277603,0.440717997,0.559282003,0.403119376,0.596880624,0.8158789,0.1841211,0.31069827,0.68930173,0.284749923,0.715250077,0.685109074,0.314890926,0.61630469,0.38369531,0.902739304,0.097260696,0.467246197,0.532753803
80432,1676.466667,Temp Forests,0.851030928,0.148969072,0.25477707,0.74522293,0.679925994,0.320074006,0.285571142,0.714428858,0.253196931,0.746803069,0.18381201,0.81618799,0.431801605,0.568198395,0.393715342,0.606284658,0.795430945,0.204569055,0.325643777,0.674356223,0.285343035,0.714656965,0.681075382,0.318924618,0.606627472,0.393372528,0.89626556,0.10373444,0.486330179,0.513669821
80433,3026.4,Temp Forests,0.879690949,0.120309051,0.193925234,0.806074766,0.646732429,0.353267571,0.286363636,0.713636364,0.222616094,0.777383906,0.154862282,0.845137718,0.465147453,0.534852547,0.410284464,0.589715536,0.846672283,0.153327717,0.296658986,0.703341014,0.301786711,0.698213289,0.648759124,0.351240876,0.59620289,0.40379711,0.931034483,0.068965517,0.486017897,0.513982103
80434,2631.666667,Temp Forests,0.606070496,0.393929504,0.109698997,0.890301003,0.783333333,0.216666667,0.518607443,0.481392557,0.284994602,0.715005398,0.211328254,0.788671746,0.39460371,0.60539629,0.205789474,0.794210526,0.748126426,0.251873574,0.323449216,0.676550784,0.270881101,0.729118899,0.72592836,0.27407164,0.643416128,0.356583872,0.762994443,0.237005557,0.433410062,0.566589938
80435,799,Temp Forests,0.882787751,0.117212249,0.125707814,0.874292186,0.70669746,0.29330254,0.251612903,0.748387097,0.284776903,0.715223097,0.159699893,0.840300107,0.452950558,0.547049442,0.412147505,0.587852495,0.861554846,0.138445154,0.338636364,0.661363636,0.3,0.7,0.628162816,0.371837184,0.571122995,0.428877005,0.94261424,0.05738576,0.512903226,0.487096774
80436,4282.466667,Temp Forests,0.816223559,0.183776441,0.175468484,0.824531516,0.741218319,0.258781681,0.282431786,0.717568214,0.185875429,0.814124571,0.140788922,0.859211078,0.376943881,0.623056119,0.304021045,0.695978955,0.8393276,0.1606724,0.322755573,0.677244427,0.350983064,0.649016936,0.646885439,0.353114561,0.584294235,0.415705765,0.882387361,0.117612639,0.367978078,0.632021922
80437,1862.933333,Temp Forests,0.5,0.5,0.07717803,0.92282197,0.567039106,0.432960894,0.593457944,0.406542056,0.278085642,0.721914358,0.169855343,0.830144657,0.396352584,0.603647416,0.142370572,0.857629428,0.716459198,0.283540802,0.36023335,0.63976665,0.291221551,0.708778449,0.747349009,0.252650991,0.600289296,0.399710704,0.669916435,0.330083565,0.404483886,0.595516114
80438,320.6666667,Temp Forests,0.733870968,0.266129032,0.030054645,0.969945355,0.710059172,0.289940828,0.583892617,0.416107383,0.24600639,0.75399361,0.203804348,0.796195652,0.388059701,0.611940299,0.341991342,0.658008658,0.788770053,0.211229947,0.290858726,0.709141274,0.286863271,0.713136729,0.74863388,0.25136612,0.661202186,0.338797814,0.827868852,0.172131148,0.494565217,0.505434783
80439,1366.533333,Temp Forests,0.735682819,0.264317181,0.187823834,0.812176166,0.713004484,0.286995516,0.536412078,0.463587922,0.247175141,0.752824859,0.185161699,0.814838301,0.406384814,0.593615186,0.321713147,0.678286853,0.739485248,0.260514752,0.32767624,0.67232376,0.266708701,0.733291299,0.726167626,0.273832374,0.654993515,0.345006485,0.806696147,0.193303853,0.40747782,0.59252218
80440,3546.066667,Temp Forests,0.732611312,0.267388688,0.180080483,0.819919517,0.656906429,0.343093571,0.56372549,0.43627451,0.236920575,0.763079425,0.148848485,0.851151515,0.436502177,0.563497823,0.386725992,0.613274008,0.74639076,0.25360924,0.3125,0.6875,0.270315488,0.729684512,0.71190184,0.28809816,0.636069652,0.363930348,0.822881762,0.177118238,0.417046819,0.582953181
80441,2371.466667,Temp Forests,0.733142037,0.266857963,0.133358237,0.866641763,0.72,0.28,0.597236982,0.402763018,0.238386308,0.761613692,0.155272727,0.844727273,0.389694042,0.610305958,0.377943711,0.622056289,0.747307968,0.252692032,0.297919762,0.702080238,0.28923847,0.71076153,0.704959883,0.295040117,0.63706706,0.36293294,0.828632631,0.171367369,0.408068547,0.591931453
80443,1036.933333,Temp Forests,0.84954281,0.15045719,0.147833475,0.852166525,0.83877551,0.16122449,0.5,0.5,0.235351563,0.764648438,0.225340136,0.774659864,0.361581921,0.638418079,0.346647646,0.653352354,0.760761589,0.239238411,0.292268479,0.707731521,0.271369295,0.728630705,0.708053691,0.291946309,0.659013605,0.340986395,0.892887029,0.107112971,0.458646617,0.541353383
80444,1049.466667,Temp Forests,0.896179402,0.103820598,0.161512027,0.838487973,0.789473684,0.210526316,0.383010432,0.616989568,0.200607903,0.799392097,0.193248945,0.806751055,0.401392111,0.598607889,0.41,0.59,0.791354946,0.208645054,0.275832622,0.724167378,0.253521127,0.746478873,0.698653199,0.301346801,0.645353794,0.354646206,0.920833333,0.079166667,0.449166667,0.550833333
80445,5809.533333,Temp Forests,0.800943801,0.199056199,0.172737052,0.827262948,0.702633269,0.297366731,0.328642069,0.671357931,0.199568112,0.800431888,0.145570582,0.854429418,0.425063117,0.574936883,0.394284048,0.605715952,0.827875978,0.172124022,0.331085132,0.668914868,0.310799198,0.689200802,0.671187956,0.328812044,0.614482556,0.385517444,0.874766624,0.125233376,0.446722495,0.553277505
80446,912.8666667,Temp Forests,0.760587727,0.239412273,0.221084954,0.778915046,0.665236052,0.334763948,0.194139194,0.805860806,0.237529691,0.762470309,0.252319109,0.747680891,0.54185022,0.45814978,0.330232558,0.669767442,0.863478261,0.136521739,0.25,0.75,0.284013605,0.715986395,0.600877193,0.399122807,0.582311734,0.417688266,0.936316695,0.063683305,0.548275862,0.451724138
80501,4205.066667,Temp Forests,0.873041063,0.126958937,0.163061564,0.836938436,0.670474517,0.329525483,0.303700144,0.696299856,0.21532567,0.78467433,0.144570964,0.855429036,0.445716154,0.554283846,0.395782644,0.604217356,0.841285888,0.158714112,0.311161921,0.688838079,0.33320008,0.66679992,0.649604661,0.350395339,0.575622596,0.424377404,0.918794892,0.081205108,0.470776621,0.529223379
80502,1146,Temp Forests,0.874908021,0.125091979,0.123361604,0.876638396,0.812631579,0.187368421,0.342245989,0.657754011,0.197012138,0.802987862,0.229902329,0.770097671,0.435353535,0.564646465,0.331864905,0.668135095,0.821454813,0.178545187,0.274774775,0.725225225,0.236725664,0.763274336,0.678358209,0.321641791,0.629323308,0.370676692,0.956360947,0.043639053,0.471196455,0.528803545
80503,1257.133333,Temp Forests,0.860354223,0.139645777,0.156944444,0.843055556,0.620734908,0.379265092,0.318240621,0.681759379,0.1910299,0.8089701,0.129346314,0.870653686,0.383095499,0.616904501,0.415881561,0.584118439,0.838004101,0.161995899,0.27259986,0.72740014,0.331947332,0.668052668,0.629043359,0.370956641,0.585451977,0.414548023,0.90890411,0.09109589,0.426510989,0.573489011
80504,2067.266667,Temp Forests,0.880082988,0.119917012,0.160899654,0.839100346,0.694382022,0.305617978,0.301886792,0.698113208,0.226868792,0.773131208,0.163334751,0.836665249,0.405996252,0.594003748,0.377036462,0.622963538,0.818864775,0.181135225,0.310121107,0.689878893,0.291631799,0.708368201,0.679139785,0.320860215,0.613597973,0.386402027,0.916701374,0.083298626,0.464599916,0.535400084
80505,482.4,Temp Forests,0.846975089,0.153024911,0.087591241,0.912408759,0.856521739,0.143478261,0.504065041,0.495934959,0.196202532,0.803797468,0.245931284,0.754068716,0.353221957,0.646778043,0.34375,0.65625,0.78113879,0.21886121,0.283636364,0.716363636,0.264758497,0.735241503,0.707052441,0.292947559,0.672760512,0.327239488,0.899280576,0.100719424,0.47037702,0.52962298
80507,292.6666667,Temp Forests,0.775675676,0.224324324,0.103225806,0.896774194,0.65,0.35,0.141176471,0.858823529,0.160305344,0.839694656,0.295652174,0.704347826,0.506276151,0.493723849,0.37007874,0.62992126,0.893442623,0.106557377,0.21875,0.78125,0.274932615,0.725067385,0.584022039,0.415977961,0.63172043,0.36827957,0.954545455,0.045454545,0.556149733,0.443850267
80508,189.8666667,Temp Forests,0.721461187,0.278538813,0.193396226,0.806603774,0.877358491,0.122641509,0.337837838,0.662162162,0.292079208,0.707920792,0.259090909,0.740909091,0.566666667,0.433333333,0.345794393,0.654205607,0.864864865,0.135135135,0.371428571,0.628571429,0.166666667,0.833333333,0.627906977,0.372093023,0.602739726,0.397260274,0.931818182,0.068181818,0.431818182,0.568181818
80509,2778.866667,Temp Forests,0.690793459,0.309206541,0.086956522,0.913043478,0.68592437,0.31407563,0.501014199,0.498985801,0.275524476,0.724475524,0.194168734,0.805831266,0.438915858,0.561084142,0.221638655,0.778361345,0.790254237,0.209745763,0.302801385,0.697198615,0.290421928,0.709578072,0.667782172,0.332217828,0.579029247,0.420970753,0.835970785,0.164029215,0.502292877,0.497707123
80510,1059.533333,Temp Forests,0.823244552,0.176755448,0.103075644,0.896924356,0.705494505,0.294505495,0.597449909,0.402550091,0.221366699,0.778633301,0.165309446,0.834690554,0.389913899,0.610086101,0.437830688,0.562169312,0.766881029,0.233118971,0.277276456,0.722723544,0.256658596,0.743341404,0.734375,0.265625,0.695152013,0.304847987,0.871359223,0.128640777,0.432258065,0.567741935
80511,1577.866667,Temp Forests,0.744738262,0.255261738,0.114845938,0.885154062,0.758273381,0.241726619,0.618541033,0.381458967,0.231617647,0.768382353,0.170865279,0.829134721,0.36497545,0.63502455,0.390652557,0.609347443,0.747157553,0.252842447,0.294084821,0.705915179,0.271604938,0.728395062,0.712637363,0.287362637,0.667768595,0.332231405,0.842105263,0.157894737,0.421137339,0.578862661
80513,711.4666667,Temp Forests,0.823529412,0.176470588,0.298734177,0.701265823,0.548611111,0.451388889,0.206521739,0.793478261,0.291666667,0.708333333,0.16507177,0.83492823,0.47920434,0.52079566,0.310513447,0.689486553,0.841854935,0.158145065,0.308062575,0.691937425,0.323059361,0.676940639,0.607017544,0.392982456,0.557783019,0.442216981,0.921322691,0.078677309,0.533411489,0.466588511
80514,2308.733333,Temp Forests,0.596330275,0.403669725,0.066062665,0.933937335,0.532738095,0.467261905,0.54058193,0.45941807,0.246812012,0.753187988,0.16703869,0.83296131,0.490398818,0.509601182,0.245781777,0.754218223,0.757910228,0.242089772,0.314318976,0.685681024,0.31547396,0.68452604,0.679572271,0.320427729,0.604463255,0.395536745,0.773417253,0.226582747,0.482540862,0.517459138
80515,460.6666667,Temp Forests,0.786618445,0.213381555,0.134020619,0.865979381,0.717821782,0.282178218,0.201005025,0.798994975,0.252796421,0.747203579,0.182640145,0.817359855,0.453551913,0.546448087,0.329457364,0.670542636,0.870503597,0.129496403,0.315589354,0.684410646,0.262969589,0.737030411,0.645454545,0.354545455,0.565377532,0.434622468,0.910071942,0.089928058,0.518850987,0.481149013
80516,3685.266667,Temp Forests,0.626951331,0.373048669,0.074616293,0.925383707,0.570644719,0.429355281,0.547321429,0.452678571,0.25950026,0.74049974,0.175729288,0.824270712,0.457940992,0.542059008,0.224909747,0.775090253,0.759835316,0.240164684,0.31436837,0.68563163,0.291210072,0.708789928,0.709061638,0.290938362,0.604695281,0.395304719,0.777496549,0.222503451,0.474111911,0.525888089
80517,364.2666667,Temp Forests,0.71728972,0.28271028,0.104265403,0.895734597,0.917808219,0.082191781,0.519736842,0.480263158,0.28032345,0.71967655,0.210023866,0.789976134,0.423398329,0.576601671,0.188340807,0.811659193,0.789719626,0.210280374,0.298543689,0.701456311,0.272941176,0.727058824,0.688679245,0.311320755,0.534146341,0.465853659,0.853427896,0.146572104,0.495260664,0.504739336
80518,4214.066667,Temp Forests,0.622379032,0.377620968,0.092339545,0.907660455,0.64427727,0.35572273,0.536356529,0.463643471,0.274171584,0.725828416,0.195607553,0.804392447,0.400263852,0.599736148,0.189180328,0.810819672,0.774843781,0.225156219,0.315080034,0.684919966,0.287897311,0.712102689,0.692619627,0.307380373,0.594102886,0.405897114,0.777980535,0.222019465,0.483673469,0.516326531
80519,1693.933333,Temp Forests,0.900199601,0.099800399,0.115525353,0.884474647,0.768292683,0.231707317,0.447567568,0.552432432,0.171284635,0.828715365,0.19301848,0.80698152,0.43902439,0.56097561,0.42032967,0.57967033,0.79509018,0.20490982,0.272216547,0.727783453,0.229844767,0.770155233,0.678535097,0.321464903,0.672988211,0.327011789,0.95173454,0.04826546,0.472626821,0.527373179
80520,1209.466667,Temp Forests,0.845545977,0.154454023,0.17264574,0.82735426,0.666253102,0.333746898,0.374201788,0.625798212,0.206334842,0.793665158,0.142962417,0.857037583,0.400852878,0.599147122,0.416267943,0.583732057,0.814574315,0.185425685,0.29985119,0.70014881,0.244868035,0.755131965,0.716981132,0.283018868,0.695103858,0.304896142,0.887283237,0.112716763,0.460592914,0.539407086
80521,463.1333333,Temp Forests,0.757798165,0.242201835,0.119544592,0.880455408,0.791262136,0.208737864,0.260869565,0.739130435,0.258581236,0.741418764,0.26394052,0.73605948,0.340425532,0.659574468,0.186770428,0.813229572,0.815693431,0.184306569,0.320075758,0.679924242,0.245387454,0.754612546,0.70295203,0.29704797,0.634831461,0.365168539,0.86996337,0.13003663,0.512867647,0.487132353
80601,1743.733333,Boreal Taiga,0.88592233,0.11407767,0.112985685,0.887014315,0.771812081,0.228187919,0.456211813,0.543788187,0.158181818,0.841818182,0.192729084,0.807270916,0.443140132,0.556859868,0.438898451,0.561101549,0.789601555,0.210398445,0.26281407,0.73718593,0.213691932,0.786308068,0.676673228,0.323326772,0.688279302,0.311720698,0.93902439,0.06097561,0.46,0.54
80602,503.3333333,Boreal Taiga,0.935323383,0.064676617,0.108108108,0.891891892,0.510729614,0.489270386,0.382059801,0.617940199,0.170168067,0.829831933,0.105351171,0.894648829,0.481605351,0.518394649,0.514084507,0.485915493,0.83277592,0.16722408,0.224662162,0.775337838,0.366438356,0.633561644,0.586956522,0.413043478,0.565365025,0.434634975,0.953410982,0.046589018,0.390365449,0.609634551
80603,589.4666667,Boreal Taiga,0.871201158,0.128798842,0.087218045,0.912781955,0.666666667,0.333333333,0.49132948,0.50867052,0.161172161,0.838827839,0.170305677,0.829694323,0.386516854,0.613483146,0.458852868,0.541147132,0.769784173,0.230215827,0.258823529,0.741176471,0.21459854,0.78540146,0.680291971,0.319708029,0.691851852,0.308148148,0.936046512,0.063953488,0.47605225,0.52394775
80604,114.1333333,Boreal Taiga,0.71641791,0.28358209,0.0234375,0.9765625,0.75862069,0.24137931,0.372881356,0.627118644,0.144144144,0.855855856,0.248120301,0.751879699,0.404040404,0.595959596,0.236842105,0.763157895,0.753731343,0.246268657,0.267175573,0.732824427,0.255813953,0.744186047,0.689922481,0.310077519,0.664,0.336,0.879699248,0.120300752,0.518796992,0.481203008
80605,671.9333333,Boreal Taiga,0.861423221,0.138576779,0.059760956,0.940239044,0.676923077,0.323076923,0.505347594,0.494652406,0.127419355,0.872580645,0.174522293,0.825477707,0.458598726,0.541401274,0.459793814,0.540206186,0.75,0.25,0.258023107,0.741976893,0.171355499,0.828644501,0.690566038,0.309433962,0.73255814,0.26744186,0.952380952,0.047619048,0.476190476,0.523809524
80606,361.2666667,Boreal Taiga,0.80141844,0.19858156,0.065693431,0.934306569,0.777108434,0.222891566,0.539325843,0.460674157,0.152354571,0.847645429,0.240291262,0.759708738,0.335616438,0.664383562,0.345381526,0.654618474,0.755294118,0.244705882,0.275362319,0.724637681,0.199029126,0.800970874,0.724880383,0.275119617,0.737226277,0.262773723,0.884160757,0.115839243,0.488207547,0.511792453
80607,432.0666667,Boreal Taiga,0.809055118,0.190944882,0.064182195,0.935817805,0.771573604,0.228426396,0.502183406,0.497816594,0.228235294,0.771764706,0.201207243,0.798792757,0.356321839,0.643678161,0.320945946,0.679054054,0.794871795,0.205128205,0.279918864,0.720081136,0.289108911,0.710891089,0.718875502,0.281124498,0.652525253,0.347474747,0.846,0.154,0.47,0.53
80608,2972.133333,Boreal Taiga,0.881341601,0.118658399,0.157214223,0.842785777,0.724503311,0.275496689,0.296184131,0.703815869,0.153009181,0.846990819,0.131617009,0.868382991,0.391834571,0.608165429,0.376576577,0.623423423,0.8434758,0.1565242,0.254000582,0.745999418,0.3939308,0.6060692,0.573390558,0.426609442,0.538550058,0.461449942,0.919026048,0.080973952,0.352640545,0.647359455
80609,960.4,Boreal Taiga,0.885333333,0.114666667,0.113994439,0.886005561,0.820512821,0.179487179,0.506542056,0.493457944,0.148678414,0.851321586,0.202925046,0.797074954,0.452564103,0.547435897,0.450682853,0.549317147,0.762455516,0.237544484,0.25,0.75,0.208742194,0.791257806,0.674796748,0.325203252,0.691597415,0.308402585,0.940017905,0.059982095,0.456014363,0.543985637
80610,803.4666667,Boreal Taiga,0.881778742,0.118221258,0.114699332,0.885300668,0.790697674,0.209302326,0.361570248,0.638429752,0.202631579,0.797368421,0.165929204,0.834070796,0.373692078,0.626307922,0.353049908,0.646950092,0.818181818,0.181818182,0.316685585,0.683314415,0.24864278,0.75135722,0.698133919,0.301866081,0.647450111,0.352549889,0.922992299,0.077007701,0.423076923,0.576923077
80611,1133.733333,Boreal Taiga,0.879693487,0.120306513,0.155502392,0.844497608,0.770710059,0.229289941,0.386920981,0.613079019,0.189655172,0.810344828,0.181533646,0.818466354,0.423452769,0.576547231,0.394566624,0.605433376,0.78041316,0.21958684,0.287183544,0.712816456,0.248851455,0.751148545,0.704422033,0.295577967,0.661150512,0.338849488,0.921052632,0.078947368,0.442812983,0.557187017
80801,373.8,Grasslands,0.823399558,0.176600442,0.292056075,0.707943925,0.881188119,0.118811881,0.2,0.8,0.237951807,0.762048193,0.29478458,0.70521542,0.46,0.54,0.350574713,0.649425287,0.856521739,0.143478261,0.251732102,0.748267898,0.266666667,0.733333333,0.637744035,0.362255965,0.660869565,0.339130435,0.935622318,0.064377682,0.529157667,0.470842333
80802,120.3333333,Grasslands,0.84137931,0.15862069,0.045112782,0.954887218,0.79245283,0.20754717,0.192982456,0.807017544,0.2,0.8,0.291666667,0.708333333,0.382978723,0.617021277,0.15625,0.84375,0.881944444,0.118055556,0.328571429,0.671428571,0.188811189,0.811188811,0.743055556,0.256944444,0.609929078,0.390070922,0.9375,0.0625,0.576388889,0.423611111
80804,899.5333333,Grasslands,0.888257576,0.111742424,0.120792079,0.879207921,0.8441247,0.1558753,0.492842536,0.507157464,0.162735849,0.837264151,0.223517979,0.776482021,0.471371505,0.528628495,0.437288136,0.562711864,0.795066414,0.204933586,0.260487805,0.739512195,0.215909091,0.784090909,0.67816092,0.32183908,0.676699029,0.323300971,0.938989514,0.061010486,0.462200957,0.537799043
80805,1331,Grasslands,0.848373235,0.151626765,0.201408451,0.798591549,0.75,0.25,0.275086505,0.724913495,0.236672052,0.763327948,0.209096652,0.790903348,0.529236868,0.470763132,0.404166667,0.595833333,0.845208845,0.154791155,0.254119138,0.745880862,0.302241066,0.697758934,0.639334155,0.360665845,0.583950617,0.416049383,0.94273399,0.05726601,0.49053146,0.50946854
80806,538.4,Grasslands,0.817610063,0.182389937,0.171799028,0.828200972,0.857142857,0.142857143,0.303643725,0.696356275,0.239463602,0.760536398,0.222575517,0.777424483,0.500994036,0.499005964,0.298657718,0.701342282,0.834645669,0.165354331,0.271986971,0.728013029,0.223974763,0.776025237,0.704292528,0.295707472,0.601286174,0.398713826,0.938485804,0.061514196,0.452531646,0.547468354
80807,57.13333333,Grasslands,0.909090909,0.090909091,0.075757576,0.924242424,0.545454545,0.454545455,0.317073171,0.682926829,0.333333333,0.666666667,0.212121212,0.787878788,0.377358491,0.622641509,0.225806452,0.774193548,0.784615385,0.215384615,0.370967742,0.629032258,0.234375,0.765625,0.75,0.25,0.584615385,0.415384615,0.923076923,0.076923077,0.523076923,0.476923077
80808,1611.066667,Grasslands,0.817369727,0.182630273,0.160812294,0.839187706,0.762541806,0.237458194,0.242375602,0.757624398,0.232253618,0.767746382,0.297454931,0.702545069,0.50990099,0.49009901,0.33773862,0.66226138,0.852491367,0.147508633,0.250388802,0.749611198,0.306389158,0.693610842,0.626357354,0.373642646,0.615992103,0.384007897,0.950827653,0.049172347,0.54807223,0.45192777
80809,1564.333333,Grasslands,0.884573304,0.115426696,0.152086907,0.847913093,0.791082803,0.208917197,0.379619261,0.620380739,0.207157605,0.792842395,0.195882026,0.804117974,0.445475638,0.554524362,0.377866401,0.622133599,0.804168952,0.195831048,0.291713326,0.708286674,0.238562092,0.761437908,0.69661675,0.30338325,0.641414141,0.358585859,0.934471366,0.065528634,0.471947195,0.528052805
80810,1069.933333,Grasslands,0.863782051,0.136217949,0.166248956,0.833751044,0.807763401,0.192236599,0.326923077,0.673076923,0.205673759,0.794326241,0.225306122,0.774693878,0.469189189,0.530810811,0.366261398,0.633738602,0.810636583,0.189363417,0.263980263,0.736019737,0.2544,0.7456,0.700889248,0.299110752,0.641618497,0.358381503,0.92776886,0.07223114,0.467417538,0.532582462
80811,281.3333333,Grasslands,0.836363636,0.163636364,0.084375,0.915625,0.811188811,0.188811189,0.314465409,0.685534591,0.208661417,0.791338583,0.267080745,0.732919255,0.439330544,0.560669456,0.343558282,0.656441718,0.863636364,0.136363636,0.294670846,0.705329154,0.212121212,0.787878788,0.689969605,0.310030395,0.636085627,0.363914373,0.914373089,0.085626911,0.49695122,0.50304878
80812,154.2666667,Grasslands,0.824468085,0.175531915,0.481927711,0.518072289,0.70212766,0.29787234,0.317073171,0.682926829,0.13836478,0.86163522,0.291891892,0.708108108,0.548672566,0.451327434,0.371681416,0.628318584,0.903225806,0.096774194,0.287292818,0.712707182,0.184210526,0.815789474,0.462765957,0.537234043,0.628415301,0.371584699,0.942105263,0.057894737,0.565217391,0.434782609
80813,1414.4,Grasslands,0.824455206,0.175544794,0.153125,0.846875,0.864566929,0.135433071,0.470238095,0.529761905,0.203389831,0.796610169,0.233662145,0.766337855,0.431185362,0.568814638,0.365555556,0.634444444,0.790400972,0.209599028,0.273631841,0.726368159,0.265983112,0.734016888,0.663814181,0.336185819,0.615955473,0.384044527,0.916969697,0.083030303,0.432908318,0.567091682
80814,2756.666667,Grasslands,0.844937671,0.155062329,0.224314503,0.775685497,0.767166535,0.232833465,0.283703704,0.716296296,0.239403454,0.760596546,0.192604006,0.807395994,0.490566038,0.509433962,0.388198758,0.611801242,0.828239609,0.171760391,0.302244704,0.697755296,0.266206483,0.733793517,0.683092085,0.316907915,0.617848259,0.382151741,0.918927156,0.081072844,0.480927678,0.519072322
80815,513.6,Grasslands,0.881773399,0.118226601,0.10880829,0.89119171,0.846511628,0.153488372,0.464419476,0.535580524,0.164882227,0.835117773,0.219798658,0.780201342,0.455399061,0.544600939,0.401785714,0.598214286,0.804276316,0.195723684,0.268907563,0.731092437,0.211570248,0.788429752,0.6921797,0.3078203,0.684121622,0.315878378,0.968543046,0.031456954,0.466887417,0.533112583
80816,696.4666667,Grasslands,0.88004896,0.11995104,0.133162612,0.866837388,0.86746988,0.13253012,0.417127072,0.582872928,0.173716012,0.826283988,0.228643216,0.771356784,0.484193012,0.515806988,0.405764967,0.594235033,0.802453988,0.197546012,0.256603774,0.743396226,0.216748768,0.783251232,0.647277228,0.352722772,0.65621079,0.34378921,0.944512947,0.055487053,0.477075589,0.522924411
80817,1264.266667,Grasslands,0.898777174,0.101222826,0.155429383,0.844570617,0.789074355,0.210925645,0.428943937,0.571056063,0.187969925,0.812030075,0.202090592,0.797909408,0.442512077,0.557487923,0.431490385,0.568509615,0.795625427,0.204374573,0.259103641,0.740896359,0.230455472,0.769544528,0.675675676,0.324324324,0.661087866,0.338912134,0.932238193,0.067761807,0.458847737,0.541152263
80818,947.6,Grasslands,0.789566755,0.210433245,0.175162187,0.824837813,0.840220386,0.159779614,0.237068966,0.762931034,0.227424749,0.772575251,0.261261261,0.738738739,0.424170616,0.575829384,0.254201681,0.745798319,0.830837004,0.169162996,0.295748614,0.704251386,0.274406332,0.725593668,0.6886121,0.3113879,0.598737601,0.401262399,0.919611307,0.080388693,0.494252874,0.505747126
80901,453.5333333,Grasslands,0.843629344,0.156370656,0.152941176,0.847058824,0.917695473,0.082304527,0.508547009,0.491452991,0.223684211,0.776315789,0.258687259,0.741312741,0.354368932,0.645631068,0.315789474,0.684210526,0.747591522,0.252408478,0.286836935,0.713163065,0.290944123,0.709055877,0.68359375,0.31640625,0.650698603,0.349301397,0.885214008,0.114785992,0.458252427,0.541747573
80903,92,Grasslands,0.847619048,0.152380952,0.196078431,0.803921569,0.907407407,0.092592593,0.543478261,0.456521739,0.193548387,0.806451613,0.269230769,0.730769231,0.488372093,0.511627907,0.406779661,0.593220339,0.723809524,0.276190476,0.31372549,0.68627451,0.235849057,0.764150943,0.692307692,0.307692308,0.689320388,0.310679612,0.886792453,0.113207547,0.40952381,0.59047619
80904,70.66666667,Grasslands,0.725,0.275,0.441558442,0.558441558,0.564102564,0.435897436,0.382352941,0.617647059,0.175675676,0.824324324,0.3,0.7,0.444444444,0.555555556,0.19047619,0.80952381,0.725,0.275,0.384615385,0.615384615,0.1375,0.8625,0.75,0.25,0.581081081,0.418918919,0.85,0.15,0.525641026,0.474358974
80907,536.1333333,Grasslands,0.828200972,0.171799028,0.159539474,0.840460526,0.877697842,0.122302158,0.479245283,0.520754717,0.25,0.75,0.257425743,0.742574257,0.322645291,0.677354709,0.248603352,0.751396648,0.734527687,0.265472313,0.295379538,0.704620462,0.311290323,0.688709677,0.711947627,0.288052373,0.597643098,0.402356902,0.872964169,0.127035831,0.459415584,0.540584416
81001,945.5333333,Grasslands,0.883392226,0.116607774,0.094480823,0.905519177,0.801829268,0.198170732,0.4004329,0.5995671,0.175478065,0.824521935,0.224749773,0.775250227,0.455006337,0.544993663,0.36971831,0.63028169,0.817299206,0.182700794,0.288808664,0.711191336,0.201419698,0.798580302,0.669946333,0.330053667,0.655797101,0.344202899,0.962765957,0.037234043,0.505757307,0.494242693
81002,681.3333333,Grasslands,0.864364982,0.135635018,0.134020619,0.865979381,0.886227545,0.113772455,0.463855422,0.536144578,0.194524496,0.805475504,0.224310777,0.775689223,0.505982906,0.494017094,0.414868106,0.585131894,0.787730061,0.212269939,0.241854637,0.758145363,0.240648379,0.759351621,0.654135338,0.345864662,0.636588381,0.363411619,0.951851852,0.048148148,0.448019802,0.551980198
81003,1851.733333,Grasslands,0.766964286,0.233035714,0.075070822,0.924929178,0.686046512,0.313953488,0.515151515,0.484848485,0.255968906,0.744031094,0.181776346,0.818223654,0.449163449,0.550836551,0.268982229,0.731017771,0.797133901,0.202866099,0.307440337,0.692559663,0.29147571,0.70852429,0.691508582,0.308491418,0.584326306,0.415673694,0.855275023,0.144724977,0.519674355,0.480325645
81004,259.9333333,Grasslands,0.773700306,0.226299694,0.151291513,0.848708487,0.537037037,0.462962963,0.172839506,0.827160494,0.139830508,0.860169492,0.23890785,0.76109215,0.512195122,0.487804878,0.479674797,0.520325203,0.878787879,0.121212121,0.1625,0.8375,0.321428571,0.678571429,0.613496933,0.386503067,0.507598784,0.492401216,0.976047904,0.023952096,0.467065868,0.532934132
81006,1003.2,Grasslands,0.8775,0.1225,0.19173263,0.80826737,0.794573643,0.205426357,0.368530021,0.631469979,0.196356275,0.803643725,0.202199662,0.797800338,0.479804162,0.520195838,0.401372213,0.598627787,0.812241522,0.187758478,0.249158249,0.750841751,0.257071547,0.742928453,0.654652137,0.345347863,0.590947192,0.409052808,0.949461475,0.050538525,0.442880795,0.557119205
81008,218.1333333,Grasslands,0.810035842,0.189964158,0.307377049,0.692622951,0.586956522,0.413043478,0.128571429,0.871428571,0.167567568,0.832432432,0.403100775,0.596899225,0.550295858,0.449704142,0.301204819,0.698795181,0.892473118,0.107526882,0.182509506,0.817490494,0.250883392,0.749116608,0.550724638,0.449275362,0.717391304,0.282608696,0.960854093,0.039145907,0.646428571,0.353571429
81012,559.8666667,Grasslands,0.882089552,0.117910448,0.192616372,0.807383628,0.71942446,0.28057554,0.3359375,0.6640625,0.224043716,0.775956284,0.19389313,0.80610687,0.435416667,0.564583333,0.351515152,0.648484848,0.799107143,0.200892857,0.277945619,0.722054381,0.256296296,0.743703704,0.667669173,0.332330827,0.54857997,0.45142003,0.949778434,0.050221566,0.470414201,0.529585799
81013,823,Grasslands,0.68907563,0.31092437,0.174054054,0.825945946,0.89217759,0.10782241,0.411371237,0.588628763,0.254060325,0.745939675,0.258547009,0.741452991,0.474934037,0.525065963,0.307116105,0.692883895,0.807127883,0.192872117,0.299453552,0.700546448,0.23615465,0.76384535,0.662460568,0.337539432,0.637634409,0.362365591,0.851308901,0.148691099,0.405720339,0.594279661
81014,654.2,Grasslands,0.853566959,0.146433041,0.122282609,0.877717391,0.653543307,0.346456693,0.326460481,0.673539519,0.206951027,0.793048973,0.262755102,0.737244898,0.500963391,0.499036609,0.434375,0.565625,0.829839704,0.170160296,0.247104247,0.752895753,0.215880893,0.784119107,0.614609572,0.385390428,0.627182045,0.372817955,0.971534653,0.028465347,0.506203474,0.493796526
81015,321.5333333,Grasslands,0.850393701,0.149606299,0.113513514,0.886486486,0.893617021,0.106382979,0.443708609,0.556291391,0.248447205,0.751552795,0.23015873,0.76984127,0.548611111,0.451388889,0.419689119,0.580310881,0.823834197,0.176165803,0.284946237,0.715053763,0.204244032,0.795755968,0.645502646,0.354497354,0.635638298,0.364361702,0.944591029,0.055408971,0.505291005,0.494708995
81016,756.5333333,Grasslands,0.879424779,0.120575221,0.0625,0.9375,0.78778135,0.21221865,0.50656168,0.49343832,0.15915493,0.84084507,0.217491369,0.782508631,0.422647528,0.577352472,0.398268398,0.601731602,0.791805094,0.208194906,0.262443439,0.737556561,0.225842697,0.774157303,0.675675676,0.324324324,0.68202765,0.31797235,0.963087248,0.036912752,0.526315789,0.473684211
81017,3316.866667,Grasslands,0.761663286,0.238336714,0.102099738,0.897900262,0.799816345,0.200183655,0.498529412,0.501470588,0.251714882,0.748285118,0.208020699,0.791979301,0.426385583,0.573614417,0.27673546,0.72326454,0.792247276,0.207752724,0.27757449,0.72242551,0.273543752,0.726456248,0.678781674,0.321218326,0.60208605,0.39791395,0.863590005,0.136409995,0.492484076,0.507515924
81019,1273.333333,Grasslands,0.83124588,0.16875412,0.150308854,0.849691146,0.819861432,0.180138568,0.293442623,0.706557377,0.227731092,0.772268908,0.247153382,0.752846618,0.45646438,0.54353562,0.309859155,0.690140845,0.832677165,0.167322835,0.285135135,0.714864865,0.247694335,0.752305665,0.672859987,0.327140013,0.632817754,0.367182246,0.942763158,0.057236842,0.487145682,0.512854318
81020,790.8,Grasslands,0.866666667,0.133333333,0.136165577,0.863834423,0.883838384,0.116161616,0.439678284,0.560321716,0.204005006,0.795994994,0.208602151,0.791397849,0.489051095,0.510948905,0.409871245,0.590128755,0.800211416,0.199788584,0.275488069,0.724511931,0.228877005,0.771122995,0.679487179,0.320512821,0.625,0.375,0.938363443,0.061636557,0.463829787,0.536170213
81021,488.0666667,Grasslands,0.881154499,0.118845501,0.108455882,0.891544118,0.776699029,0.223300971,0.432773109,0.567226891,0.193227092,0.806772908,0.241319444,0.758680556,0.451612903,0.548387097,0.383561644,0.616438356,0.818950931,0.181049069,0.258865248,0.741134752,0.205831904,0.794168096,0.644827586,0.355172414,0.60950764,0.39049236,0.933333333,0.066666667,0.47766323,0.52233677
81022,798,Grasslands,0.814541623,0.185458377,0.145355191,0.854644809,0.784810127,0.215189873,0.412087912,0.587912088,0.254635352,0.745364648,0.204255319,0.795744681,0.473837209,0.526162791,0.31237721,0.68762279,0.790746583,0.209253417,0.296296296,0.703703704,0.228694714,0.771305286,0.680127524,0.319872476,0.589055794,0.410944206,0.910147992,0.089852008,0.471398305,0.528601695
81101,152.6,Tundra,0.945054945,0.054945055,0.033333333,0.966666667,0.5,0.5,0.252747253,0.747252747,0.111940299,0.888059701,0.087912088,0.912087912,0.609195402,0.390804598,0.508196721,0.491803279,0.815217391,0.184782609,0.376404494,0.623595506,0.082352941,0.917647059,0.720670391,0.279329609,0.855555556,0.144444444,0.983695652,0.016304348,0.467391304,0.532608696
81102,318.7333333,Tundra,0.851851852,0.148148148,0.038461538,0.961538462,0.657142857,0.342857143,0.494444444,0.505555556,0.119863014,0.880136986,0.165333333,0.834666667,0.431111111,0.568888889,0.377272727,0.622727273,0.727034121,0.272965879,0.263586957,0.736413043,0.190607735,0.809392265,0.713903743,0.286096257,0.692307692,0.307692308,0.960422164,0.039577836,0.496042216,0.503957784
81103,302.4666667,Tundra,0.826446281,0.173553719,0.028818444,0.971181556,0.674796748,0.325203252,0.4625,0.5375,0.116607774,0.883392226,0.165730337,0.834269663,0.465346535,0.534653465,0.455813953,0.544186047,0.728021978,0.271978022,0.236619718,0.763380282,0.144927536,0.855072464,0.642458101,0.357541899,0.785923754,0.214076246,0.966850829,0.033149171,0.531680441,0.468319559
81104,315.4,Tundra,0.871052632,0.128947368,0.027472527,0.972527473,0.609090909,0.390909091,0.444444444,0.555555556,0.113402062,0.886597938,0.159574468,0.840425532,0.462264151,0.537735849,0.456730769,0.543269231,0.742782152,0.257217848,0.289189189,0.710810811,0.165745856,0.834254144,0.713527851,0.286472149,0.718918919,0.281081081,0.976315789,0.023684211,0.493403694,0.506596306
81105,363.4,Tundra,0.860465116,0.139534884,0.065533981,0.934466019,0.654320988,0.345679012,0.551020408,0.448979592,0.148255814,0.851744186,0.169811321,0.830188679,0.394833948,0.605166052,0.42,0.58,0.769767442,0.230232558,0.253554502,0.746445498,0.229116945,0.770883055,0.678571429,0.321428571,0.663484487,0.336515513,0.936619718,0.063380282,0.471830986,0.528169014
81106,387.2,Tundra,0.888641425,0.111358575,0.091743119,0.908256881,0.593073593,0.406926407,0.397637795,0.602362205,0.172910663,0.827089337,0.128089888,0.871910112,0.471631206,0.528368794,0.494423792,0.505576208,0.759550562,0.240449438,0.267123288,0.732876712,0.205479452,0.794520548,0.705617978,0.294382022,0.698156682,0.301843318,0.944196429,0.055803571,0.463087248,0.536912752
81107,136.3333333,Tundra,0.808641975,0.191358025,0.018987342,0.981012658,0.68115942,0.31884058,0.446153846,0.553846154,0.075630252,0.924369748,0.111111111,0.888888889,0.428571429,0.571428571,0.37254902,0.62745098,0.751515152,0.248484848,0.295597484,0.704402516,0.119205298,0.880794702,0.66875,0.33125,0.785234899,0.214765101,0.938650307,0.061349693,0.503067485,0.496932515
81108,332.9333333,Tundra,0.855297158,0.144702842,0.039787798,0.960212202,0.655172414,0.344827586,0.427860697,0.572139303,0.145214521,0.854785479,0.145454545,0.854545455,0.476377953,0.523622047,0.42081448,0.57918552,0.744845361,0.255154639,0.284960422,0.715039578,0.221635884,0.778364116,0.715025907,0.284974093,0.676392573,0.323607427,0.936061381,0.063938619,0.505102041,0.494897959
81110,1504.8,Tundra,0.878615995,0.121384005,0.128654971,0.871345029,0.654566745,0.345433255,0.3566058,0.6433942,0.171208945,0.828791055,0.129255626,0.870744374,0.427203065,0.572796935,0.41991342,0.58008658,0.816989738,0.183010262,0.265652428,0.734347572,0.322376009,0.677623991,0.646991404,0.353008596,0.617169374,0.382830626,0.91529278,0.08470722,0.414342629,0.585657371
81111,613.6666667,Tundra,0.89373297,0.10626703,0.042459736,0.957540264,0.647058824,0.352941176,0.470588235,0.529411765,0.103508772,0.896491228,0.15,0.85,0.471604938,0.528395062,0.478571429,0.521428571,0.761904762,0.238095238,0.244444444,0.755555556,0.173669468,0.826330532,0.686813187,0.313186813,0.726760563,0.273239437,0.959183673,0.040816327,0.467391304,0.532608696
81112,518.9333333,Tundra,0.826298701,0.173701299,0.020100503,0.979899497,0.723404255,0.276595745,0.586715867,0.413284133,0.109090909,0.890909091,0.171096346,0.828903654,0.412532637,0.587467363,0.433510638,0.566489362,0.723127036,0.276872964,0.240863787,0.759136213,0.189509306,0.810490694,0.688118812,0.311881188,0.751736111,0.248263889,0.939344262,0.060655738,0.5,0.5
81113,126.0666667,Tundra,0.91503268,0.08496732,0.021126761,0.978873239,0.6,0.4,0.256097561,0.743902439,0.09009009,0.90990991,0.164473684,0.835526316,0.477272727,0.522727273,0.337837838,0.662162162,0.843137255,0.156862745,0.328947368,0.671052632,0.161971831,0.838028169,0.695364238,0.304635762,0.75,0.25,0.993506494,0.006493506,0.564935065,0.435064935
81114,349.2666667,Tundra,0.882640587,0.117359413,0.070351759,0.929648241,0.624309392,0.375690608,0.394230769,0.605769231,0.135483871,0.864516129,0.148148148,0.851851852,0.436293436,0.563706564,0.389344262,0.610655738,0.756097561,0.243902439,0.28,0.72,0.211586902,0.788413098,0.703703704,0.296296296,0.692111959,0.307888041,0.948780488,0.051219512,0.509756098,0.490243902
81201,2957.666667,Mediterranean Scrub,0.876130447,0.123869553,0.289793439,0.710206561,0.633928571,0.366071429,0.23515625,0.76484375,0.264298401,0.735701599,0.16371308,0.83628692,0.55627907,0.44372093,0.411660777,0.588339223,0.866778617,0.133221383,0.330916473,0.669083527,0.290948865,0.709051135,0.647042012,0.352957988,0.587987651,0.412012349,0.940816894,0.059183106,0.557977089,0.442022911
81202,414.6666667,Mediterranean Scrub,0.782696177,0.217303823,0.305494505,0.694505495,0.727272727,0.272727273,0.156756757,0.843243243,0.255050505,0.744949495,0.228865979,0.771134021,0.422018349,0.577981651,0.320754717,0.679245283,0.834343434,0.165656566,0.312236287,0.687763713,0.284274194,0.715725806,0.611451943,0.388548057,0.617954071,0.382045929,0.888438134,0.111561866,0.514403292,0.485596708
81203,1104.933333,Mediterranean Scrub,0.725954198,0.274045802,0.273905997,0.726094003,0.418972332,0.581027668,0.235588972,0.764411028,0.234194123,0.765805877,0.153250774,0.846749226,0.524293785,0.475706215,0.306501548,0.693498452,0.80546875,0.19453125,0.354166667,0.645833333,0.27740986,0.72259014,0.632511556,0.367488444,0.52,0.48,0.87928465,0.12071535,0.465490798,0.534509202
81204,1096.666667,Mediterranean Scrub,0.881407804,0.118592196,0.290605096,0.709394904,0.593090211,0.406909789,0.256323777,0.743676223,0.226284585,0.773715415,0.183164458,0.816835542,0.481527094,0.518472906,0.424855491,0.575144509,0.847707848,0.152292152,0.31141046,0.68858954,0.290867229,0.709132771,0.613979349,0.386020651,0.644094488,0.355905512,0.935582822,0.064417178,0.51124903,0.48875097
81205,941.9333333,Mediterranean Scrub,0.866264021,0.133735979,0.35009311,0.64990689,0.574193548,0.425806452,0.247395833,0.752604167,0.250273224,0.749726776,0.1660746,0.8339254,0.547033285,0.452966715,0.400343643,0.599656357,0.861607143,0.138392857,0.320219579,0.679780421,0.309810671,0.690189329,0.620036101,0.379963899,0.564400716,0.435599284,0.924347826,0.075652174,0.545294635,0.454705365
81206,616.4,Mediterranean Scrub,0.824933687,0.175066313,0.359195402,0.640804598,0.585062241,0.414937759,0.245833333,0.754166667,0.245315162,0.754684838,0.188267394,0.811732606,0.538297872,0.461702128,0.367875648,0.632124352,0.851239669,0.148760331,0.330042313,0.669957687,0.276821192,0.723178808,0.618918919,0.381081081,0.592847318,0.407152682,0.90412783,0.09587217,0.563611491,0.436388509
81207,2077.4,Mediterranean Scrub,0.875,0.125,0.407940663,0.592059337,0.617021277,0.382978723,0.270100503,0.729899497,0.225790514,0.774209486,0.207365893,0.792634107,0.543333333,0.456666667,0.410798122,0.589201878,0.849458049,0.150541951,0.305521472,0.694478528,0.257352941,0.742647059,0.608231104,0.391768896,0.613745981,0.386254019,0.937598116,0.062401884,0.535813217,0.464186783
81208,2511.4,Mediterranean Scrub,0.853499019,0.146500981,0.260105448,0.739894552,0.608082707,0.391917293,0.267011197,0.732988803,0.266637857,0.733362143,0.163189771,0.836810229,0.520402756,0.479597244,0.420516304,0.579483696,0.862811029,0.137188971,0.308353386,0.691646614,0.285714286,0.714285714,0.636582018,0.363417982,0.589077589,0.410922411,0.936821323,0.063178677,0.509333333,0.490666667
81209,4161.466667,Mediterranean Scrub,0.824063116,0.175936884,0.269288631,0.730711369,0.601102941,0.398897059,0.269207862,0.730792138,0.265861027,0.734138973,0.153784057,0.846215943,0.539423077,0.460576923,0.409614621,0.590385379,0.848832528,0.151167472,0.305200165,0.694799835,0.289874902,0.710125098,0.627341981,0.372658019,0.572061192,0.427938808,0.929821113,0.070178887,0.500401445,0.499598555
81210,1702,Mediterranean Scrub,0.849925706,0.150074294,0.255429162,0.744570838,0.685144124,0.314855876,0.254355401,0.745644599,0.249843456,0.750156544,0.179577465,0.820422535,0.476968796,0.523031204,0.397694524,0.602305476,0.837,0.163,0.313215401,0.686784599,0.303165183,0.696834817,0.638634047,0.361365953,0.596006144,0.403993856,0.904833084,0.095166916,0.518724696,0.481275304
81211,3249.6,Mediterranean Scrub,0.863519092,0.136480908,0.23212351,0.76787649,0.634570766,0.365429234,0.302515723,0.697484277,0.22193126,0.77806874,0.172567532,0.827432468,0.496540497,0.503459503,0.432953983,0.567046017,0.835073069,0.164926931,0.298259924,0.701740076,0.296870959,0.703129041,0.643957826,0.356042174,0.613570103,0.386429897,0.920445711,0.079554289,0.505252101,0.494747899
81212,708.2666667,Mediterranean Scrub,0.726315789,0.273684211,0.288461538,0.711538462,0.434615385,0.565384615,0.229665072,0.770334928,0.238571429,0.761428571,0.169249106,0.830750894,0.585069444,0.414930556,0.269585253,0.730414747,0.830508475,0.169491525,0.349168646,0.650831354,0.25984252,0.74015748,0.652941176,0.347058824,0.507728894,0.492271106,0.902272727,0.097727273,0.525504152,0.474495848
81213,346.4666667,Mediterranean Scrub,0.804295943,0.195704057,0.407008086,0.592991914,0.62962963,0.37037037,0.074468085,0.925531915,0.194357367,0.805642633,0.20531401,0.79468599,0.528985507,0.471014493,0.272321429,0.727678571,0.867830424,0.132169576,0.298578199,0.701421801,0.263038549,0.736961451,0.622009569,0.377990431,0.55450237,0.44549763,0.940639269,0.059360731,0.502325581,0.497674419
81214,1969.533333,Mediterranean Scrub,0.834160463,0.165839537,0.332554881,0.667445119,0.546325879,0.453674121,0.232365145,0.767634855,0.267973856,0.732026144,0.172897196,0.827102804,0.531799729,0.468200271,0.358818419,0.641181581,0.870157514,0.129842486,0.306017926,0.693982074,0.275140788,0.724859212,0.615027438,0.384972562,0.568643716,0.431356284,0.94048583,0.05951417,0.531825796,0.468174204
81215,5081.933333,Mediterranean Scrub,0.836129663,0.163870337,0.225099948,0.774900052,0.602558635,0.397441365,0.304029304,0.695970696,0.237263763,0.762736237,0.157476403,0.842523597,0.52719113,0.47280887,0.419587291,0.580412709,0.838901753,0.161098247,0.305821918,0.694178082,0.299610263,0.700389737,0.640115982,0.359884018,0.591622163,0.408377837,0.920078291,0.079921709,0.505472637,0.494527363
81216,2335.333333,Mediterranean Scrub,0.84964539,0.15035461,0.262743628,0.737256372,0.615942029,0.384057971,0.278458844,0.721541156,0.234052318,0.765947682,0.161243144,0.838756856,0.481997677,0.518002323,0.43024055,0.56975945,0.836608443,0.163391557,0.293530499,0.706469501,0.292674253,0.707325747,0.645927602,0.354072398,0.611479029,0.388520971,0.930629669,0.069370331,0.487495469,0.512504531
81217,2020.066667,Mediterranean Scrub,0.893231265,0.106768735,0.254988914,0.745011086,0.68956743,0.31043257,0.218,0.782,0.261406334,0.738593666,0.163282221,0.836717779,0.50931677,0.49068323,0.411444142,0.588555858,0.853918753,0.146081247,0.309847199,0.690152801,0.325141015,0.674858985,0.627484144,0.372515856,0.579835391,0.420164609,0.948833402,0.051166598,0.515375154,0.484624846
81218,946.8,Mediterranean Scrub,0.853463588,0.146536412,0.24929445,0.75070555,0.63963964,0.36036036,0.251533742,0.748466258,0.235095613,0.764904387,0.164855072,0.835144928,0.477777778,0.522222222,0.40192926,0.59807074,0.845184518,0.154815482,0.293900185,0.706099815,0.319432121,0.680567879,0.614402917,0.385597083,0.606557377,0.393442623,0.909982175,0.090017825,0.50631769,0.49368231
81219,824.9333333,Mediterranean Scrub,0.802208835,0.197791165,0.375661376,0.624338624,0.492877493,0.507122507,0.183946488,0.816053512,0.258838384,0.741161616,0.151731161,0.848268839,0.52,0.48,0.322772277,0.677227723,0.840248963,0.159751037,0.330912863,0.669087137,0.275247525,0.724752475,0.63130793,0.36869207,0.558521561,0.441478439,0.916500994,0.083499006,0.523316062,0.476683938
81220,1178.933333,Mediterranean Scrub,0.863265306,0.136734694,0.242857143,0.757142857,0.661237785,0.338762215,0.202863962,0.797136038,0.272084806,0.727915194,0.181437544,0.818562456,0.546482412,0.453517588,0.436046512,0.563953488,0.862758621,0.137241379,0.303761533,0.696238467,0.302543507,0.697456493,0.595189003,0.404810997,0.583448276,0.416551724,0.933833561,0.066166439,0.564261168,0.435738832
81221,3871.666667,Mediterranean Scrub,0.78597314,0.21402686,0.28163545,0.71836455,0.548581774,0.451418226,0.294235925,0.705764075,0.271862616,0.728137384,0.163636364,0.836363636,0.510609633,0.489390367,0.367886179,0.632113821,0.829156679,0.170843321,0.322264319,0.677735681,0.284372331,0.715627669,0.64993395,0.35006605,0.577894968,0.422105032,0.902297616,0.097702384,0.516637478,0.483362522
81222,2705.2,Mediterranean Scrub,0.847665848,0.152334152,0.282135794,0.717864206,0.596431606,0.403568394,0.288273616,0.711726384,0.226019417,0.773980583,0.167764189,0.832235811,0.526472044,0.473527956,0.439814815,0.560185185,0.835927771,0.164072229,0.304625199,0.695374801,0.292340555,0.707659445,0.632971939,0.367028061,0.609671302,0.390328698,0.923289353,0.076710647,0.523062441,0.476937559
81302,798.4,Deserts & Drylands,0.734475375,0.265524625,0.162995595,0.837004405,0.887671233,0.112328767,0.43902439,0.56097561,0.224969098,0.775030902,0.259698276,0.740301724,0.54851752,0.45148248,0.329243354,0.670756646,0.814300961,0.185699039,0.294444444,0.705555556,0.214592275,0.785407725,0.68824164,0.31175836,0.651035987,0.348964013,0.915236052,0.084763948,0.436422414,0.563577586
81303,885.0666667,Deserts & Drylands,0.780621572,0.219378428,0.402030457,0.597969543,0.570833333,0.429166667,0.256809339,0.743190661,0.248259861,0.751740139,0.189138577,0.810861423,0.611111111,0.388888889,0.362132353,0.637867647,0.847930703,0.152069297,0.307692308,0.692307692,0.213836478,0.786163522,0.660861595,0.339138405,0.581308411,0.418691589,0.940585009,0.059414991,0.521047708,0.478952292
81305,379.2,Deserts & Drylands,0.761797753,0.238202247,0.275362319,0.724637681,0.857142857,0.142857143,0.227027027,0.772972973,0.227513228,0.772486772,0.220454545,0.779545455,0.481012658,0.518987342,0.306772908,0.693227092,0.860045147,0.139954853,0.318181818,0.681818182,0.268456376,0.731543624,0.599547511,0.400452489,0.617511521,0.382488479,0.854214123,0.145785877,0.472727273,0.527272727
81306,265.9333333,Deserts & Drylands,0.832817337,0.167182663,0.468852459,0.531147541,0.75,0.25,0.222222222,0.777777778,0.164609053,0.835390947,0.212903226,0.787096774,0.531100478,0.468899522,0.404411765,0.595588235,0.885802469,0.114197531,0.24522293,0.75477707,0.21686747,0.78313253,0.62195122,0.37804878,0.644171779,0.355828221,0.96969697,0.03030303,0.492307692,0.507692308
81307,597.1333333,Deserts & Drylands,0.838526912,0.161473088,0.396423249,0.603576751,0.657458564,0.342541436,0.266949153,0.733050847,0.255536627,0.744463373,0.183098592,0.816901408,0.52259332,0.47740668,0.366754617,0.633245383,0.838255977,0.161744023,0.297687861,0.702312139,0.206085754,0.793914246,0.619047619,0.380952381,0.576487252,0.423512748,0.942976356,0.057023644,0.441795231,0.558204769
81308,370.2,Deserts & Drylands,0.829439252,0.170560748,0.349753695,0.650246305,0.820512821,0.179487179,0.308080808,0.691919192,0.197740113,0.802259887,0.154929577,0.845070423,0.523076923,0.476923077,0.394849785,0.605150215,0.791183295,0.208816705,0.278301887,0.721698113,0.232018561,0.767981439,0.700934579,0.299065421,0.617788462,0.382211538,0.923076923,0.076923077,0.37995338,0.62004662
81309,305.7333333,Deserts & Drylands,0.815789474,0.184210526,0.23796034,0.76203966,0.617647059,0.382352941,0.169642857,0.830357143,0.181818182,0.818181818,0.261627907,0.738372093,0.46350365,0.53649635,0.383458647,0.616541353,0.902631579,0.097368421,0.214092141,0.785907859,0.285714286,0.714285714,0.625329815,0.374670185,0.551724138,0.448275862,0.9765625,0.0234375,0.505208333,0.494791667
81310,403.4666667,Deserts & Drylands,0.753164557,0.246835443,0.25,0.75,0.822222222,0.177777778,0.229411765,0.770588235,0.21657754,0.78342246,0.266806723,0.733193277,0.512747875,0.487252125,0.25,0.75,0.853360489,0.146639511,0.304621849,0.695378151,0.243902439,0.756097561,0.737270876,0.262729124,0.63125,0.36875,0.932790224,0.067209776,0.492783505,0.507216495
81312,166.2,Deserts & Drylands,0.849246231,0.150753769,0.478723404,0.521276596,0.733333333,0.266666667,0.204819277,0.795180723,0.215277778,0.784722222,0.204081633,0.795918367,0.447761194,0.552238806,0.33,0.67,0.896551724,0.103448276,0.300518135,0.699481865,0.188118812,0.811881188,0.7,0.3,0.67839196,0.32160804,0.970588235,0.029411765,0.541871921,0.458128079
81313,439.3333333,Deserts & Drylands,0.725806452,0.274193548,0.277185501,0.722814499,0.677083333,0.322916667,0.183333333,0.816666667,0.203931204,0.796068796,0.268939394,0.731060606,0.545945946,0.454054054,0.25,0.75,0.886075949,0.113924051,0.230623819,0.769376181,0.247349823,0.752650177,0.604316547,0.395683453,0.611615245,0.388384755,0.951957295,0.048042705,0.565529623,0.434470377
81314,191.3333333,Deserts & Drylands,0.764705882,0.235294118,0.179723502,0.820276498,0.916666667,0.083333333,0.317647059,0.682352941,0.216494845,0.783505155,0.333333333,0.666666667,0.56684492,0.43315508,0.342857143,0.657142857,0.802690583,0.197309417,0.294392523,0.705607477,0.251141553,0.748858447,0.68018018,0.31981982,0.631818182,0.368181818,0.963636364,0.036363636,0.452054795,0.547945205
81315,108.4,Deserts & Drylands,0.761904762,0.238095238,0.165289256,0.834710744,0.916666667,0.083333333,0.404761905,0.595238095,0.205357143,0.794642857,0.325203252,0.674796748,0.568807339,0.431192661,0.362068966,0.637931034,0.811023622,0.188976378,0.316666667,0.683333333,0.261904762,0.738095238,0.650793651,0.349206349,0.632,0.368,0.952380952,0.047619048,0.408,0.592
81316,588,Deserts & Drylands,0.864864865,0.135135135,0.122754491,0.877245509,0.835555556,0.164444444,0.432055749,0.567944251,0.191605839,0.808394161,0.208516887,0.791483113,0.50695825,0.49304175,0.393063584,0.606936416,0.791726106,0.208273894,0.271137026,0.728862974,0.213256484,0.786743516,0.680057389,0.319942611,0.642752562,0.357247438,0.965665236,0.034334764,0.507868383,0.492131617
81317,1349.6,Deserts & Drylands,0.823235478,0.176764522,0.201948052,0.798051948,0.845559846,0.154440154,0.312080537,0.687919463,0.210526316,0.789473684,0.220893644,0.779106356,0.481361426,0.518638574,0.316688568,0.683311432,0.821473159,0.178526841,0.26962677,0.73037323,0.239252336,0.760747664,0.663949843,0.336050157,0.626047711,0.373952289,0.954460387,0.045539613,0.452900811,0.547099189
81318,215.8,Deserts & Drylands,0.77734375,0.22265625,0.144032922,0.855967078,0.804347826,0.195652174,0.273684211,0.726315789,0.251256281,0.748743719,0.23046875,0.76953125,0.533333333,0.466666667,0.273584906,0.726415094,0.833333333,0.166666667,0.28685259,0.71314741,0.263565891,0.736434109,0.723735409,0.276264591,0.623529412,0.376470588,0.949612403,0.050387597,0.465116279,0.534883721
81320,804.8,Deserts & Drylands,0.837462834,0.162537166,0.478213508,0.521786492,0.619512195,0.380487805,0.165413534,0.834586466,0.219736842,0.780263158,0.195674562,0.804325438,0.560477002,0.439522998,0.396995708,0.603004292,0.863492063,0.136507937,0.284384695,0.715615305,0.24852071,0.75147929,0.621840243,0.378159757,0.610997963,0.389002037,0.945382324,0.054617676,0.524340771,0.475659229
81321,309.4,Deserts & Drylands,0.717333333,0.282666667,0.338278932,0.661721068,0.588888889,0.411111111,0.209677419,0.790322581,0.24437299,0.75562701,0.228021978,0.771978022,0.688976378,0.311023622,0.302325581,0.697674419,0.858356941,0.141643059,0.289893617,0.710106383,0.212276215,0.787723785,0.646753247,0.353246753,0.631016043,0.368983957,0.950391645,0.049608355,0.541778976,0.458221024
81322,208.7333333,Deserts & Drylands,0.875502008,0.124497992,0.481171548,0.518828452,0.704918033,0.295081967,0.252427184,0.747572816,0.153846154,0.846153846,0.255144033,0.744855967,0.520467836,0.479532164,0.365217391,0.634782609,0.873015873,0.126984127,0.248979592,0.751020408,0.206225681,0.793774319,0.622047244,0.377952756,0.633466135,0.366533865,0.98046875,0.01953125,0.529644269,0.470355731
81323,134.2666667,Deserts & Drylands,0.79375,0.20625,0.496688742,0.503311258,0.64,0.36,0.234042553,0.765957447,0.220588235,0.779411765,0.152866242,0.847133758,0.652892562,0.347107438,0.288888889,0.711111111,0.824675325,0.175324675,0.414012739,0.585987261,0.198757764,0.801242236,0.704402516,0.295597484,0.64516129,0.35483871,0.906832298,0.093167702,0.548387097,0.451612903
81324,116.4666667,Deserts & Drylands,0.748148148,0.251851852,0.151515152,0.848484848,0.929824561,0.070175439,0.531914894,0.468085106,0.182539683,0.817460317,0.235294118,0.764705882,0.628571429,0.371428571,0.46969697,0.53030303,0.839416058,0.160583942,0.248062016,0.751937984,0.214814815,0.785185185,0.688888889,0.311111111,0.666666667,0.333333333,0.948529412,0.051470588,0.397058824,0.602941176
81325,352.1333333,Deserts & Drylands,0.683098592,0.316901408,0.276485788,0.723514212,0.520408163,0.479591837,0.166666667,0.833333333,0.287234043,0.712765957,0.175644028,0.824355972,0.685714286,0.314285714,0.281124498,0.718875502,0.828502415,0.171497585,0.327058824,0.672941176,0.184510251,0.815489749,0.666666667,0.333333333,0.543529412,0.456470588,0.929411765,0.070588235,0.519230769,0.480769231
81327,240.8666667,Deserts & Drylands,0.680851064,0.319148936,0.268939394,0.731060606,0.602150538,0.397849462,0.482142857,0.517857143,0.269230769,0.730769231,0.22614841,0.77385159,0.713592233,0.286407767,0.338383838,0.661616162,0.828571429,0.171428571,0.304659498,0.695340502,0.136363636,0.863636364,0.698245614,0.301754386,0.721014493,0.278985507,0.89122807,0.10877193,0.492857143,0.507142857
81328,150.2,Deserts & Drylands,0.642458101,0.357541899,0.33557047,0.66442953,0.56097561,0.43902439,0.171428571,0.828571429,0.193548387,0.806451613,0.237837838,0.762162162,0.68852459,0.31147541,0.285714286,0.714285714,0.861878453,0.138121547,0.302197802,0.697802198,0.223958333,0.776041667,0.632432432,0.367567568,0.561497326,0.438502674,0.940540541,0.059459459,0.516304348,0.483695652
81330,890.6,Deserts & Drylands,0.777564717,0.222435283,0.17357002,0.82642998,0.801120448,0.198879552,0.388746803,0.611253197,0.189038031,0.810961969,0.229445507,0.770554493,0.526774595,0.473225405,0.4,0.6,0.820512821,0.179487179,0.284729064,0.715270936,0.207816969,0.792183031,0.691275168,0.308724832,0.663751215,0.336248785,0.924026591,0.075973409,0.411820782,0.588179218
